Features;Individual Effect
age;-0.24040680780153362
race;-0.028222476728700915
sex;0.004023410683274614
hypertension;-0.0014737290754824606
hyperlipidemia;-0.029362004921160638
diabetes;-0.0747350468508012
coronary.artery.disease;0.019914487357652454
chf;-0.01017728327261283
cerebrovascular.disease;-0.0010034884576401257
hepatitis;-0.0020705539612435493
endstage.renal.disease;0.005835618851482269
chronic.kidney.disease;0.009899515880287924
asthma;-0.037169662986833
copd;0.00288789980956659
dementia;0.015967865828667844
cancer;-0.04650150807945713
