Features;Individual Effect
age:63.00;0.08212346119142197
race:white;-0.03945543850742432
sex:male;3.401728941047205e-05
hypertension:0.00;-0.02017392481255701
hyperlipidemia:0.00;-0.01370626714739083
diabetes:0.00;0.09178773135695091
coronary.artery.disease:0.00;0.008256902379985135
chf:0.00;-0.01422417613455632
cerebrovascular.disease:0.00;-0.015189523301332927
hepatitis:1.00;0.07545055477502308
endstage.renal.disease:0.00;0.03771599898668383
chronic.kidney.disease:0.00;-0.021930600517173115
asthma:0.00;0.0037854362418149306
copd:0.00;-0.04360861721062627
dementia:0.00;-0.0618438699763344
cancer:0.00;-0.016966158001913305
