Features;Individual Effect
age;0.0772199826191605
race;0.0034170419946141437
sex;0.03082645444569774
hypertension;-0.055136393373282674
hyperlipidemia;-0.0012266484347229472
diabetes;0.01651030283705452
coronary.artery.disease;0.08626964950129097
chf;0.05479743002594303
cerebrovascular.disease;0.04184663201675206
hepatitis;0.002872042196449879
endstage.renal.disease;-0.005020953174053431
chronic.kidney.disease;-0.007590097832335635
asthma;-0.0006069032167667892
copd;0.06123859694974047
dementia;-0.018961065393330263
cancer;-0.02116063189098576
