Features;Individual Effect
age:42.00;0.15538485371513627
race:white;-0.10309509038074081
sex:male;-0.07688840946526532
hypertension:0.00;-0.07605133374440469
hyperlipidemia:0.00;0.011779607165004237
diabetes:0.00;0.03398991337491242
coronary.artery.disease:1.00;-0.12385457380119722
chf:0.00;-0.03299516456698334
cerebrovascular.disease:0.00;0.038780779088562124
hepatitis:0.00;-0.0034248832758880035
endstage.renal.disease:0.00;-0.00834068100323395
chronic.kidney.disease:0.00;-0.036298907577415225
asthma:0.00;0.0008096139384716483
copd:0.00;-0.05038694939829913
dementia:0.00;-0.04657692845266587
cancer:0.00;0.04426491370989204
