Features;Individual Effect
age:80.00;-0.2094468177705768
race:white;0.021484543029946707
sex:male;-0.02227186069702549
hypertension:1.00;-0.039095977322613724
hyperlipidemia:0.00;-0.034005678644778194
diabetes:0.00;-0.07118055906486898
coronary.artery.disease:1.00;-0.08542495847682686
chf:1.00;0.05208057906727324
cerebrovascular.disease:0.00;-0.031010799923406964
hepatitis:0.00;-0.008196855307338097
endstage.renal.disease:0.00;-0.002771827517381726
chronic.kidney.disease:0.00;0.032193507810741206
asthma:0.00;-0.012742538334862791
copd:0.00;-0.028986686703475914
dementia:0.00;-0.010853424224803829
cancer:0.00;0.05732495860984308
