Features;Individual Effect
age:88.00;-0.0033503715047904004
race:hispanic;0.02904695523581116
sex:male;-0.06900105800680323
hypertension:1.00;0.045248984818993726
hyperlipidemia:0.00;-0.005702241889498288
diabetes:0.00;0.07275399279297057
coronary.artery.disease:0.00;0.11021173381864516
chf:0.00;-0.03484331188870332
cerebrovascular.disease:0.00;-0.011919742216956321
hepatitis:0.00;-0.0044934594947103335
endstage.renal.disease:0.00;0.02365824288504966
chronic.kidney.disease:0.00;0.019448633747491624
asthma:0.00;0.002429880756190224
copd:0.00;-0.023793292396734042
dementia:0.00;0.008481012214978025
cancer:0.00;0.046690979169749125
