Features;Individual Effect
age;0.18016839216710584
race;-0.018316726302606716
sex;0.017390275874854318
hypertension;0.07095716717268861
hyperlipidemia;0.02248035255533403
diabetes;0.02644787701780701
coronary.artery.disease;-0.13073995483063955
chf;0.07274374117559762
cerebrovascular.disease;-0.0365158797102423
hepatitis;-0.020599677337942143
endstage.renal.disease;-0.018579946584797113
chronic.kidney.disease;0.006096372878161864
asthma;-0.03994338844461757
copd;0.011997155575866735
dementia;0.014265167639017156
cancer;0.04768168768576307
