Features;Individual Effect
age;-0.1446712741778135
race;0.07508415801863799
sex;-0.017374566414052703
hypertension;0.0018743276803947287
hyperlipidemia;0.024856758939619396
diabetes;0.013473136691894195
coronary.artery.disease;0.023283757151040554
chf;-0.0775422415469538
cerebrovascular.disease;-0.01709876579388119
hepatitis;0.011564647943434442
endstage.renal.disease;-0.01723785472350118
chronic.kidney.disease;-0.026881206463721535
asthma;0.012230445210929782
copd;-0.005606254397090362
dementia;0.0799191092553184
cancer;-0.022590734576305376
