Features;Individual Effect
age:89.00;-0.33209336282594293
race:white;-0.050168346646754826
sex:male;-0.059739378303345955
hypertension:1.00;-0.03630114178146013
hyperlipidemia:0.00;-0.011643275378698721
diabetes:0.00;-0.013813310105361151
coronary.artery.disease:0.00;0.03471843955130592
chf:0.00;-0.028523195027941307
cerebrovascular.disease:0.00;0.026882408000662508
hepatitis:0.00;0.04881557272383661
endstage.renal.disease:0.00;0.001213941367321305
chronic.kidney.disease:0.00;-0.014494787269755314
asthma:0.00;0.015446526770973145
copd:0.00;0.007196493525675831
dementia:0.00;0.008636172360621894
cancer:0.00;0.012634517567018956
