Features;Individual Effect
age:58.00;0.1508165620034037
race:black;0.05241401503089117
sex:female;0.031125087963729953
hypertension:1.00;0.04119151804383689
hyperlipidemia:1.00;-0.0014022898350831148
diabetes:0.00;0.10112366608468173
coronary.artery.disease:1.00;-0.13771895142805346
chf:0.00;-0.0038802805196377355
cerebrovascular.disease:0.00;0.036340391992793465
hepatitis:0.00;-0.028265987800540494
endstage.renal.disease:0.00;0.0008194428885536856
chronic.kidney.disease:0.00;-0.01069504529210111
asthma:0.00;0.005276584709104451
copd:0.00;-0.007042737117310394
dementia:0.00;0.005673969598551418
cancer:0.00;-0.006713234739022411
