Features;Individual Effect
age;0.2702176498225124
race;0.029356544714196027
sex;0.03451030153946414
hypertension;0.011944136782787945
hyperlipidemia;-0.03814883887551205
diabetes;0.01344728000091636
coronary.artery.disease;0.04390447833012484
chf;0.0334650782469518
cerebrovascular.disease;0.020658068586896706
hepatitis;0.009105726833158722
endstage.renal.disease;-0.009936608132853311
chronic.kidney.disease;0.0017301509364303098
asthma;-0.003731112196874659
copd;0.01330881220431913
dementia;0.006591219990064208
cancer;0.03862896599832201
