Features;Individual Effect
age:76.00;-0.059027127118353166
race:black;0.05690049017202988
sex:female;0.05273195337564168
hypertension:1.00;0.010479806058543935
hyperlipidemia:0.00;0.022656510422110487
diabetes:0.00;0.08240881131923608
coronary.artery.disease:0.00;0.11349500324459205
chf:0.00;-0.055671196405762284
cerebrovascular.disease:0.00;-0.03603118491423807
hepatitis:0.00;-0.010646531723982621
endstage.renal.disease:0.00;-0.0017455733763322573
chronic.kidney.disease:0.00;0.006653964864331421
asthma:0.00;-0.0226905998912208
copd:0.00;-0.03260650389711523
dementia:0.00;-0.010673577372345665
cancer:0.00;0.04172847527221175
