Features;Individual Effect
age:76.00;-0.027617561856752612
race:black;0.10231110399616582
sex:male;-0.0025045986249948825
hypertension:0.00;0.05545523774514663
hyperlipidemia:0.00;0.03163023115596425
diabetes:0.00;0.04730830103858379
coronary.artery.disease:0.00;0.0670323494410476
chf:0.00;-0.001155840399079143
cerebrovascular.disease:0.00;-0.013649392004362444
hepatitis:0.00;-0.00370225404464114
endstage.renal.disease:0.00;-0.03269337413231
chronic.kidney.disease:0.00;0.03291752151018066
asthma:0.00;-0.06354404396973856
copd:0.00;-0.012748771039893692
dementia:0.00;0.028593919673764602
cancer:0.00;-0.0033692380467408994
