Features;Individual Effect
age:20.00;0.35758777805316716
race:white;-0.008473679590683868
sex:female;0.050821922499968725
hypertension:0.00;-0.016636431732998874
hyperlipidemia:0.00;-0.003812845586924975
diabetes:0.00;0.012312533939182715
coronary.artery.disease:0.00;0.051537487302213796
chf:0.00;-0.004557054850333037
cerebrovascular.disease:0.00;0.011010783308502206
hepatitis:0.00;-0.010450709907673356
endstage.renal.disease:0.00;-0.015123195016279564
chronic.kidney.disease:0.00;-0.008388103258088276
asthma:0.00;-0.02904729495260247
copd:0.00;0.04924119561143761
dementia:0.00;-0.0017733466958521989
cancer:0.00;0.0027516994012836186
