Features;Individual Effect
age;0.16431205661710985
race;0.13820219265860978
sex;0.07063877988445708
hypertension;0.005047914252175319
hyperlipidemia;-0.002578232477592139
diabetes;0.09806336900654006
coronary.artery.disease;-0.13275566388963417
chf;0.013939853649283514
cerebrovascular.disease;0.024717430064241652
hepatitis;-0.013002867182147167
endstage.renal.disease;0.056490595122053844
chronic.kidney.disease;-0.029172908448652717
asthma;-0.01750193896849868
copd;0.011222562467805668
dementia;-0.02510199231853503
cancer;-0.02857857919736395
