Features;Individual Effect
age:70.00;0.043356180999102704
race:black;0.014681386462821439
sex:male;-0.007664193743785384
hypertension:1.00;0.08444997171269418
hyperlipidemia:1.00;-0.021106912283501412
diabetes:1.00;0.04138257545068449
coronary.artery.disease:1.00;-0.049937779004188144
chf:1.00;0.07019227603982968
cerebrovascular.disease:0.00;0.010648842450987094
hepatitis:0.00;0.04603765945808148
endstage.renal.disease:1.00;0.05938678559992704
chronic.kidney.disease:1.00;0.07387049382180011
asthma:0.00;-0.00375726006764239
copd:0.00;-0.005042919290776146
dementia:0.00;0.001352423600718116
cancer:0.00;-0.023582613501707976
