Features;Individual Effect
age;-0.2487659056361662
race;0.005922913985372844
sex;-0.16363294618545798
hypertension;-0.046467018976198746
hyperlipidemia;-0.010072490956251146
diabetes;0.000289179802907236
coronary.artery.disease;0.04180777998133872
chf;0.017920318552370598
cerebrovascular.disease;0.01837873428133949
hepatitis;-0.04690153829046442
endstage.renal.disease;0.026172742020833167
chronic.kidney.disease;-0.08445713760415506
asthma;0.06360860955652757
copd;0.0102021488754436
dementia;0.006157116557768504
cancer;0.03185181814623633
