Features;Individual Effect
age:73.00;-0.06768120918932227
race:black;0.0753928487785403
sex:female;0.023824420212470554
hypertension:0.00;0.044127275476253267
hyperlipidemia:0.00;0.06775390126054744
diabetes:0.00;0.0011743107413104067
coronary.artery.disease:1.00;-0.10253641711319475
chf:1.00;0.08412872210134492
cerebrovascular.disease:0.00;-0.005813459690998859
hepatitis:0.00;-0.015403597777865072
endstage.renal.disease:0.00;-0.013327765321821752
chronic.kidney.disease:0.00;-0.006745717756402595
asthma:0.00;-0.034573892015204374
copd:0.00;0.0420268810920367
dementia:0.00;-0.010349034677182282
cancer:0.00;-0.026680699166584238
