Features;Individual Effect
age:89.00;-0.22074282975093074
race:white;-0.05179841453684711
sex:female;0.022508892084008063
hypertension:1.00;-0.012468701856088496
hyperlipidemia:1.00;-0.015598862206054366
diabetes:0.00;-0.020444792226690035
coronary.artery.disease:1.00;-0.07653523820023858
chf:0.00;-0.005614841642300625
cerebrovascular.disease:1.00;-0.08137403135566515
hepatitis:0.00;0.01086824063636178
endstage.renal.disease:0.00;-0.007240574798035561
chronic.kidney.disease:0.00;0.02447652300006016
asthma:0.00;0.014480157242864288
copd:0.00;0.03488300501770361
dementia:1.00;-0.024261466170438985
cancer:1.00;-0.0600739522580119
