Features;Individual Effect
age:66.00;-0.03837134579513543
race:white;0.04700662611124617
sex:female;0.022772144221157604
hypertension:1.00;-0.014687488056182588
hyperlipidemia:0.00;-0.006456052335371713
diabetes:0.00;-0.020701912714955927
coronary.artery.disease:0.00;0.03959445474383877
chf:1.00;-0.13207763905029948
cerebrovascular.disease:0.00;-0.07072437155904551
hepatitis:0.00;0.01962258427579779
endstage.renal.disease:0.00;0.020479991321899975
chronic.kidney.disease:0.00;-0.008825048103887905
asthma:1.00;-0.1418472107281101
copd:0.00;-0.04075828370095678
dementia:0.00;0.03964706214906071
cancer:0.00;0.0030495076940753704
