Features;Individual Effect
age;-0.13401111061025447
race;0.03308000341512213
sex;0.06796467487003645
hypertension;-0.007811757318849056
hyperlipidemia;-0.01597691428748032
diabetes;-0.017453257951718662
coronary.artery.disease;-0.20782625656181392
chf;-0.0023673959919830196
cerebrovascular.disease;-0.013315803453463516
hepatitis;0.0062202287493925215
endstage.renal.disease;-0.06240332865055092
chronic.kidney.disease;-0.019895257495243013
asthma;0.03470910966562371
copd;0.019378113364887612
dementia;-0.08227318417379428
cancer;0.0004756786756696142
