Features;Individual Effect
age;-0.20434085977493158
race;-0.022298321693756028
sex;0.01602619396412516
hypertension;0.0015446296471289863
hyperlipidemia;-0.04913724903622252
diabetes;-0.06531899150417794
coronary.artery.disease;0.003119433700181017
chf;0.03195536588590496
cerebrovascular.disease;-0.10254132692834385
hepatitis;0.020004571621230108
endstage.renal.disease;0.025516425787409428
chronic.kidney.disease;0.009509918930829359
asthma;0.017567822853907584
copd;-0.013937972939498878
dementia;-0.026750498076638065
cancer;0.011645474200960609
