Features;Individual Effect
age;-0.21417680678337342
race;-0.045458999858085394
sex;0.003574619032826673
hypertension;-0.03055425722155826
hyperlipidemia;-0.030283741927338736
diabetes;-0.030018757776185394
coronary.artery.disease;0.01117155568388651
chf;-0.01743273518003194
cerebrovascular.disease;0.0181686620428204
hepatitis;-0.031613550509620864
endstage.renal.disease;-0.015095937121490384
chronic.kidney.disease;-0.02604436724563458
asthma;0.014463533203602837
copd;-0.03866043250338412
dementia;0.032027735320505145
cancer;-0.04252238699864499
