Features;Individual Effect
age;-0.04909883014625753
race;0.009684399605036448
sex;0.09521152279708635
hypertension;0.03260169630628448
hyperlipidemia;0.04522907268743076
diabetes;-0.03651051645516207
coronary.artery.disease;0.053784962227086695
chf;-0.01275812856667954
cerebrovascular.disease;-0.015292172962145491
hepatitis;0.0006831322872677126
endstage.renal.disease;0.021572255723624634
chronic.kidney.disease;0.030114171910022882
asthma;0.029813056574459998
copd;0.010397964591191355
dementia;-0.014910281565111653
cancer;0.017248179410006323
