Features;Individual Effect
age:75.00;-0.10545720420139411
race:white;0.03254188160216927
sex:male;-0.038773462915755376
hypertension:1.00;0.047483766661275774
hyperlipidemia:0.00;-0.007941303298612923
diabetes:1.00;0.01633059279406387
coronary.artery.disease:1.00;-0.06514811969287963
chf:1.00;0.09856098446742391
cerebrovascular.disease:0.00;0.027333272189968595
hepatitis:0.00;-0.047367234591831654
endstage.renal.disease:0.00;-0.007308645039534566
chronic.kidney.disease:1.00;0.09778190207825874
asthma:0.00;-0.006913875846936108
copd:0.00;0.008266647323503
dementia:0.00;0.012185527524699353
cancer:0.00;0.005278133531759037
