Features;Individual Effect
age:67.00;0.06800672090222434
race:white;-0.0061996539554687105
sex:female;0.10414406748317086
hypertension:0.00;0.046455946768929855
hyperlipidemia:0.00;-0.04303476920688304
diabetes:1.00;0.03765058719343383
coronary.artery.disease:1.00;-0.14182541552258912
chf:0.00;-0.021444405646150057
cerebrovascular.disease:0.00;-0.014079720141459171
hepatitis:0.00;-0.06051395968116456
endstage.renal.disease:0.00;-0.034955854907795875
chronic.kidney.disease:0.00;0.006863137953190771
asthma:0.00;0.002903927004574692
copd:0.00;-0.030530851454545635
dementia:0.00;0.03374079436883189
cancer:0.00;-0.005803747053291092
