Features;Individual Effect
age:48.00;0.20668869299019985
race:black;0.05802212808072518
sex:male;0.0006584837450569828
hypertension:0.00;0.048198305993810434
hyperlipidemia:0.00;0.006079134527666116
diabetes:0.00;0.07481947671067049
coronary.artery.disease:0.00;0.03223604955413905
chf:0.00;-0.02459958191568538
cerebrovascular.disease:0.00;0.016736013107948984
hepatitis:0.00;-0.006561847422868448
endstage.renal.disease:0.00;-0.025511496641805187
chronic.kidney.disease:0.00;-0.008296330457450287
asthma:0.00;0.018431141852079745
copd:0.00;0.0040641620492036755
dementia:0.00;0.02094287053949671
cancer:0.00;0.014022757913262752
