Features;Individual Effect
age;0.12442944996712574
race;-0.0278064254263298
sex;0.03538239778220785
hypertension;0.017310162007397878
hyperlipidemia;0.006612220000227965
diabetes;0.040489322986778244
coronary.artery.disease;0.03675515346436811
chf;-0.018400914357153776
cerebrovascular.disease;-0.04905248650808564
hepatitis;-0.053271235740950544
endstage.renal.disease;-0.010795585655327932
chronic.kidney.disease;-0.010471006415481422
asthma;-0.0031490204161893805
copd;0.02459378347091711
dementia;0.04039563875317202
cancer;0.022301446046049583
