Features;Individual Effect
age;-0.1688496566904818
race;0.023189731102337602
sex;-0.05649819501443038
hypertension;-0.05558132649230296
hyperlipidemia;0.010160479918099801
diabetes;0.010844764187308654
coronary.artery.disease;3.913096166177816e-05
chf;-0.034766901800966706
cerebrovascular.disease;0.02250097689582899
hepatitis;-0.008394186808113591
endstage.renal.disease;0.014209311125291483
chronic.kidney.disease;-0.01708645126611204
asthma;0.01764034003074295
copd;0.05319343169799811
dementia;0.022632153270237453
cancer;-0.10724985807167327
