Features;Individual Effect
age:85.00;-0.25629596182046344
race:white;-0.00873339445718526
sex:female;-0.07316276217660318
hypertension:0.00;-0.05472798493654213
hyperlipidemia:0.00;-7.487430746531791e-05
diabetes:0.00;-0.011278401862611365
coronary.artery.disease:0.00;0.011845518562857501
chf:0.00;-0.018561363631547537
cerebrovascular.disease:0.00;0.00918388184519933
hepatitis:0.00;0.023766971647160438
endstage.renal.disease:0.00;-0.004529532601746844
chronic.kidney.disease:0.00;0.04086949940157435
asthma:0.00;0.009524364022913318
copd:0.00;-0.0035229965301127597
dementia:0.00;-0.010840362796448346
cancer:1.00;-0.09861559449495044
