Features;Individual Effect
age;-0.23726909752548014
race;-0.0035114104556141757
sex;-0.026852182899894446
hypertension;0.022571231559101405
hyperlipidemia;0.01275260827664271
diabetes;-0.03858440276561906
coronary.artery.disease;0.07182774982392014
chf;-0.008753931322345417
cerebrovascular.disease;0.00842069349931902
hepatitis;0.02410229888301807
endstage.renal.disease;0.00043249665559778547
chronic.kidney.disease;-0.01483034726205301
asthma;-0.053515652395593895
copd;0.034294190915977796
dementia;-0.006225657124807504
cancer;0.005588629728542839
