Features;Individual Effect
age;-0.029236317251135013
race;-0.01667032776734772
sex;-0.04280056056818389
hypertension;0.035011011879425076
hyperlipidemia;0.010436291112027466
diabetes;0.01116174247983582
coronary.artery.disease;-0.00839621310739718
chf;-0.07731779800972927
cerebrovascular.disease;0.015914845985669446
hepatitis;0.005995937337124776
endstage.renal.disease;0.022951776681535873
chronic.kidney.disease;0.00390452009834605
asthma;-0.023226594028627597
copd;0.007070575301856584
dementia;-0.15671948413127945
cancer;0.005818188361868896
