Features;Individual Effect
age;-0.14513006474094606
race;0.03262976654702042
sex;-0.08445841993798306
hypertension;0.03491201934508498
hyperlipidemia;-0.03686447076796263
diabetes;-0.05152631662533215
coronary.artery.disease;0.04539841617490197
chf;0.05615795470206915
cerebrovascular.disease;-0.05505323579081704
hepatitis;-0.15396901475961516
endstage.renal.disease;-0.03812400891482261
chronic.kidney.disease;-0.010462170078003017
asthma;0.025889457789869633
copd;-0.013246511798280024
dementia;0.0034850398241778636
cancer;0.029545417252252237
