Features;Individual Effect
age;-0.04586444548236042
race;-0.10013406365755892
sex;-0.08060099043976426
hypertension;-0.02911384326372169
hyperlipidemia;0.025312169715345747
diabetes;0.029675035070818666
coronary.artery.disease;0.06210057995868001
chf;-0.04559154152786975
cerebrovascular.disease;0.050603923064257914
hepatitis;-0.030070843456187893
endstage.renal.disease;0.0689837231077867
chronic.kidney.disease;0.0007842699920948965
asthma;-0.016955485223571196
copd;0.019580684309537053
dementia;0.005567509827981747
cancer;-0.0059693981749964105
