Features;Individual Effect
age;0.28061533625060836
race;0.07162069033197196
sex;0.04973147661524505
hypertension;0.012629244580411989
hyperlipidemia;0.004648353510442023
diabetes;0.00881762799853966
coronary.artery.disease;0.06842540511818045
chf;0.006608818998120741
cerebrovascular.disease;-0.0016124057344592269
hepatitis;0.046567762216873226
endstage.renal.disease;-0.002602526649377712
chronic.kidney.disease;-0.035103574959454854
asthma;-0.03312941095786043
copd;0.0010025854045779548
dementia;-0.04210071992821456
cancer;0.026504440102185535
