Features;Individual Effect
age;-0.14494449218459318
race;-0.08837181813982141
sex;0.03738358200323171
hypertension;-0.014566710988160252
hyperlipidemia;-0.04763725622276595
diabetes;0.019782024576179967
coronary.artery.disease;-0.19920313858742034
chf;0.00029374966676485453
cerebrovascular.disease;0.004637803147230106
hepatitis;0.00042912928480505486
endstage.renal.disease;-0.0062893116399386495
chronic.kidney.disease;0.0034771719482454763
asthma;0.006567728721210114
copd;0.03143981581104334
dementia;-0.12818604322150587
cancer;0.001964900745519152
