Features;Individual Effect
age;-0.18939928736181902
race;-0.04345950788765336
sex;0.04603108226780944
hypertension;0.03792688274313549
hyperlipidemia;-0.02832698179341437
diabetes;0.006393382993639546
coronary.artery.disease;0.09202387161208961
chf;-0.014552093831145743
cerebrovascular.disease;0.0020199067771989416
hepatitis;0.030944350416749904
endstage.renal.disease;-0.0005242203815678686
chronic.kidney.disease;0.013947669913951995
asthma;-0.0005279643379046972
copd;0.009471834802241716
dementia;0.013925596406435765
cancer;0.034535920831818966
