Features;Individual Effect
age:69.00;-0.07060248182006672
race:white;-0.08609660393984772
sex:male;-0.009697956401307644
hypertension:1.00;0.07989104367565673
hyperlipidemia:0.00;0.022305703800836598
diabetes:1.00;-0.007487688916755966
coronary.artery.disease:1.00;-0.19627031235144468
chf:0.00;-0.02391219152907196
cerebrovascular.disease:0.00;-0.03769715990168583
hepatitis:0.00;0.019473833779137993
endstage.renal.disease:0.00;0.032694608208664586
chronic.kidney.disease:0.00;-0.01021037591508242
asthma:0.00;0.024793686286102134
copd:0.00;-0.01990408528096328
dementia:0.00;0.025093144344249994
cancer:0.00;0.01225116791558038
