Features;Individual Effect
age:72.00;-0.09307867330669548
race:black;0.00403642655962632
sex:female;0.039043179600860095
hypertension:1.00;-0.004258382825223917
hyperlipidemia:1.00;-0.013901456774384958
diabetes:1.00;-0.00857608579276878
coronary.artery.disease:0.00;0.0294750641739603
chf:0.00;-0.0724441405448581
cerebrovascular.disease:0.00;0.026650861530191958
hepatitis:0.00;0.012125482244841
endstage.renal.disease:0.00;0.005725825096896566
chronic.kidney.disease:0.00;0.015977634249381686
asthma:0.00;-0.04948694880954074
copd:0.00;0.004526906518443771
dementia:0.00;0.025241398647331686
cancer:1.00;-0.16795953735416233
