Features;Individual Effect
age;-0.26771593852970166
race;-0.03146072880184999
sex;0.033579243665028215
hypertension;0.034041221513833694
hyperlipidemia;-0.01738589141907872
diabetes;-0.09342053164787238
coronary.artery.disease;0.05436757767222409
chf;-0.04175883609262955
cerebrovascular.disease;-0.034987225286070664
hepatitis;-0.008671467883230718
endstage.renal.disease;-6.39226697293771e-06
chronic.kidney.disease;0.012090515936997379
asthma;-0.042381715673172476
copd;0.022886036412672672
dementia;0.05766063519246867
cancer;-0.015471705436349962
