Features;Individual Effect
age;-0.020028100726348
race;-0.005443939638714666
sex;-0.06081788165290174
hypertension;0.015750129968685633
hyperlipidemia;0.005890425002981786
diabetes;-0.026209474061065482
coronary.artery.disease;-0.05913306287925785
chf;-0.07879019748033053
cerebrovascular.disease;0.0005413139424398535
hepatitis;0.025082972115657874
endstage.renal.disease;0.035271607855696704
chronic.kidney.disease;-0.015519277833966087
asthma;0.028474126442501163
copd;0.0156441062456205
dementia;0.013435582219641157
cancer;-0.12482335894090352
