Features;Individual Effect
age:89.00;0.020286967689519944
race:black;0.05182477706092504
sex:female;0.10391052408808098
hypertension:0.00;0.05711875614354578
hyperlipidemia:1.00;0.013836068625641913
diabetes:0.00;0.03981511237434522
coronary.artery.disease:1.00;-0.04191484714206155
chf:0.00;-0.03948836289062614
cerebrovascular.disease:0.00;-0.023489644904973767
hepatitis:0.00;-0.003705615407416322
endstage.renal.disease:0.00;-0.017771483819875623
chronic.kidney.disease:0.00;0.007291923569162084
asthma:0.00;0.0006243036039105497
copd:0.00;0.03869763254029951
dementia:0.00;0.047301014539222606
cancer:0.00;-0.0033565604372361134
