Features;Individual Effect
age:91.00;-0.2521402879894849
race:black;-0.000792029938262967
sex:male;-0.07110610601868395
hypertension:1.00;0.012049908864382196
hyperlipidemia:1.00;-0.02388480856184677
diabetes:1.00;-0.04681953570547878
coronary.artery.disease:0.00;-0.05001890281572963
chf:0.00;-0.057908647148807474
cerebrovascular.disease:0.00;0.010719316008736168
hepatitis:0.00;0.05108643366879377
endstage.renal.disease:0.00;-0.00040168403271888253
chronic.kidney.disease:1.00;-0.06939680225277343
asthma:0.00;0.015005654010235629
copd:0.00;-0.02862455694323061
dementia:0.00;-0.006218001126741042
cancer:0.00;0.054267153583519676
