Features;Individual Effect
age;0.21427434076811872
race;-0.02373128765956499
sex;-0.08159032833422787
hypertension;-0.061963453210636364
hyperlipidemia;0.06711930474129411
diabetes;0.05359544698271668
coronary.artery.disease;0.06712850085709816
chf;5.5037048005372215e-05
cerebrovascular.disease;-0.015881301442171418
hepatitis;-0.015641626989785457
endstage.renal.disease;-0.015777491187301335
chronic.kidney.disease;-0.02747802857886852
asthma;-0.013366123888504128
copd;-0.004273437652872969
dementia;0.048314495698733466
cancer;0.010005760288164751
