Features;Individual Effect
age;-0.02347731406248753
race;0.017873326320604642
sex;0.07549872933183174
hypertension;0.03710583307004216
hyperlipidemia;0.027814613336415387
diabetes;0.03898984044022383
coronary.artery.disease;0.12332718530775262
chf;0.039060504767587656
cerebrovascular.disease;-0.03657083826088421
hepatitis;-0.01655061313673124
endstage.renal.disease;-0.04674550081479146
chronic.kidney.disease;0.0030522428775440775
asthma;0.01497991088927951
copd;0.015792011574990286
dementia;-0.059003611477448446
cancer;-0.009823951468318878
