Features;Individual Effect
age;-0.1584941101867872
race;0.021148562681519333
sex;-0.021009225470610775
hypertension;-0.0003505094746108434
hyperlipidemia;-0.028862429171455085
diabetes;0.01679698656074146
coronary.artery.disease;-0.05852982797717359
chf;0.02926351804078716
cerebrovascular.disease;0.040103771939151996
hepatitis;0.0002815556256828499
endstage.renal.disease;-0.043767534583517134
chronic.kidney.disease;0.0022271357716844766
asthma;-0.026448323878439827
copd;0.06670701948465685
dementia;0.00618563821755526
cancer;-0.029411603063300228
