Features;Individual Effect
age;0.24252708224956293
race;0.07374170735829547
sex;0.09806223228454967
hypertension;-0.0470481684572126
hyperlipidemia;-0.0017424315200144785
diabetes;-0.02462605088648925
coronary.artery.disease;0.09766137497328145
chf;0.025610807601957948
cerebrovascular.disease;0.01222971069584941
hepatitis;0.020993776425075567
endstage.renal.disease;0.015642626809347675
chronic.kidney.disease;0.010438897317141007
asthma;-0.00079645907513054
copd;-0.05098604797066814
dementia;0.005282738400827082
cancer;0.00315877313691499
