Features;Individual Effect
age:58.00;0.18207200235924476
race:black;0.028567867615141157
sex:male;-0.006533033029678132
hypertension:1.00;0.025598359450250813
hyperlipidemia:1.00;0.06301723357493906
diabetes:0.00;0.059186562070443996
coronary.artery.disease:0.00;0.00815699445725893
chf:0.00;0.02322180197295714
cerebrovascular.disease:0.00;0.054730319187601614
hepatitis:0.00;-0.044007872576774194
endstage.renal.disease:0.00;-0.017278442401609067
chronic.kidney.disease:0.00;0.004835951046696176
asthma:0.00;0.0060816187666588375
copd:0.00;0.00855189544028832
dementia:0.00;-0.022782150150284945
cancer:0.00;0.053701234321594196
