Features;Individual Effect
age;0.058579277689737176
race;-0.06759584243274692
sex;-0.06667853276125191
hypertension;-0.0841607758969829
hyperlipidemia;0.008943874680308536
diabetes;0.0018322483148437985
coronary.artery.disease;-0.23088532424035565
chf;-0.037563541919998035
cerebrovascular.disease;0.007538063467340407
hepatitis;-0.002076296426059346
endstage.renal.disease;0.00950760373093689
chronic.kidney.disease;0.02527116138795344
asthma;0.01571410551278697
copd;-0.0033658064988510497
dementia;0.018363111233057533
cancer;-0.026180486415669002
