Features;Individual Effect
age:59.00;0.24905136357826374
race:black;0.02065165673736297
sex:female;-0.007494953396402899
hypertension:1.00;-0.003146634177294178
hyperlipidemia:0.00;-0.05504914910943416
diabetes:0.00;0.049673253402817905
coronary.artery.disease:0.00;0.07158172446401943
chf:0.00;0.029245720093418172
cerebrovascular.disease:0.00;0.033172663710553246
hepatitis:0.00;0.0011282299485687354
endstage.renal.disease:0.00;0.01956617248327957
chronic.kidney.disease:0.00;-0.007634519950079917
asthma:0.00;-0.006725498404742958
copd:0.00;-0.03263040868433854
dementia:0.00;0.0014405498756472086
cancer:0.00;0.00024496327450881407
