Features;Individual Effect
age;0.03580625945972087
race;-0.17401765433534555
sex;-0.10894490981834723
hypertension;-0.04765763820144073
hyperlipidemia;-0.020939884562167672
diabetes;0.02236424983736089
coronary.artery.disease;0.0631683247851498
chf;-0.029556201458615018
cerebrovascular.disease;0.00220337047181636
hepatitis;-0.013595713399907651
endstage.renal.disease;0.005850144236347596
chronic.kidney.disease;-0.01877427141865958
asthma;0.012772155662633178
copd;-0.029292422126019034
dementia;-0.0002782477459890506
cancer;-0.0019642554341620794
