Features;Individual Effect
age:86.00;-0.18701682486703655
race:white;-0.021574777699649807
sex:male;-0.055297816199983044
hypertension:1.00;0.04348287507378075
hyperlipidemia:0.00;-0.005774811799558332
diabetes:0.00;-0.015083827226233316
coronary.artery.disease:1.00;-0.07653895801407984
chf:1.00;0.033024799958760245
cerebrovascular.disease:0.00;0.0514050810234328
hepatitis:0.00;0.000994090480134744
endstage.renal.disease:0.00;0.012583033410394604
chronic.kidney.disease:0.00;-0.0175763457515589
asthma:0.00;-0.04008830897966334
copd:0.00;-0.009881074458751698
dementia:1.00;-0.08687431337655568
cancer:0.00;-0.045505693019442336
