Features;Individual Effect
age;-0.13464985860609938
race;0.02001921523022128
sex;0.08663077079427006
hypertension;0.11777398887623214
hyperlipidemia;0.013766359161115606
diabetes;0.052626612656770065
coronary.artery.disease;0.06405818827542326
chf;-0.0610234040668648
cerebrovascular.disease;0.008934929909091501
hepatitis;-0.010184568425233291
endstage.renal.disease;-0.049149577039178556
chronic.kidney.disease;0.0529654328894329
asthma;-0.013890752190424637
copd;0.009707132321932996
dementia;0.013578555322794696
cancer;0.01819589629082819
