Features;Individual Effect
age:56.00;0.23469456369603864
race:white;-0.008731705063140818
sex:male;-0.012718124371142631
hypertension:0.00;-0.013105875271274586
hyperlipidemia:0.00;-0.028942297447105754
diabetes:0.00;0.04947828790356994
coronary.artery.disease:1.00;-0.16871365943489922
chf:0.00;-0.0464788914406116
cerebrovascular.disease:0.00;0.017542524152240724
hepatitis:0.00;-0.008498424298717196
endstage.renal.disease:0.00;-0.0574037557112166
chronic.kidney.disease:0.00;0.022228726403006403
asthma:0.00;0.024187327251419186
copd:0.00;-0.0369227216849926
dementia:0.00;-0.02102208115304733
cancer:0.00;0.024922091625981777
