Features;Individual Effect
age:57.00;-0.027427163051468112
race:black;-0.08533074166869856
sex:female;0.007947327119078931
hypertension:1.00;0.009733479498897645
hyperlipidemia:0.00;-0.039151477931052565
diabetes:1.00;-0.0797408322469497
coronary.artery.disease:0.00;0.03229275463072427
chf:0.00;0.022944154070562748
cerebrovascular.disease:0.00;0.03340531896616601
hepatitis:0.00;-0.011190922257094192
endstage.renal.disease:0.00;-0.021568056610490334
chronic.kidney.disease:0.00;-0.01892905635088985
asthma:1.00;-0.05387986039586023
copd:0.00;0.019393063778945126
dementia:0.00;0.015538541707846406
cancer:0.00;-7.330705713620711e-05
