Features;Individual Effect
age;0.281320254261962
race;-0.000858303610023297
sex;-0.015131747091576882
hypertension;0.05896474311254024
hyperlipidemia;0.06984152862121805
diabetes;-0.0036569983564583445
coronary.artery.disease;-0.011931523317783434
chf;-0.03208154221447444
cerebrovascular.disease;-0.015374844099287313
hepatitis;0.0012812728956969176
endstage.renal.disease;-0.01183516750640733
chronic.kidney.disease;0.03620769508455461
asthma;0.012250542172868816
copd;-0.004100146614182482
dementia;-0.018521565588171
cancer;-0.0028707654980532687
