Features;Individual Effect
age;-0.22718320960410762
race;-0.08856306491303961
sex;-0.062074902923936
hypertension;-0.0019647452463603735
hyperlipidemia;-0.007965370986909904
diabetes;-0.02041088706953931
coronary.artery.disease;0.044053520549035635
chf;0.048092827932071584
cerebrovascular.disease;-0.04212549283040781
hepatitis;0.016649278119037856
endstage.renal.disease;0.008048076513182154
chronic.kidney.disease;-0.05717163575555774
asthma;-0.005772241436498623
copd;0.015413781404615134
dementia;-0.014200752044436363
cancer;0.006615039250416788
