Features;Individual Effect
age;-0.23418607624926044
race;0.018594894322877812
sex;-0.017351812044820395
hypertension;-0.007717493620947112
hyperlipidemia;-0.013139915496255806
diabetes;-0.06833695748536227
coronary.artery.disease;-0.00038456916266283066
chf;0.02358225330383141
cerebrovascular.disease;-0.04745691906869058
hepatitis;0.023062147352444676
endstage.renal.disease;0.023050575366816303
chronic.kidney.disease;-0.0658227349036654
asthma;-0.0005480022526036599
copd;-0.02928504208404501
dementia;-0.032162751276948294
cancer;0.028097780232950006
