Features;Individual Effect
age:76.00;-0.17901142960192315
race:white;-0.0028462118184904087
sex:female;0.05901961177591177
hypertension:1.00;-0.007734832710557964
hyperlipidemia:1.00;-0.0352082048931685
diabetes:0.00;0.024144125428973914
coronary.artery.disease:0.00;0.040997303692357066
chf:0.00;-0.05764362754560934
cerebrovascular.disease:1.00;-0.13466236635514234
hepatitis:0.00;-0.023118153978381087
endstage.renal.disease:0.00;0.015085993322535407
chronic.kidney.disease:0.00;0.023906203329923045
asthma:1.00;0.03309671342031592
copd:0.00;0.00013795195065636253
dementia:0.00;0.004070108812603758
cancer:0.00;0.011006240915444464
