Features;Individual Effect
age;-0.1016053891379705
race;-0.03769647143484654
sex;-0.0651639797234024
hypertension;-0.09240628283519586
hyperlipidemia;0.005595310659661897
diabetes;-0.05293629683093044
coronary.artery.disease;0.049841039153402864
chf;0.009275685276304832
cerebrovascular.disease;0.025371434069377845
hepatitis;0.02018524516769592
endstage.renal.disease;-0.022390346158025418
chronic.kidney.disease;0.03946118150999716
asthma;-0.019715978004129928
copd;0.018540603221681502
dementia;-0.07267122959502512
cancer;0.020521285552628794
