Features;Individual Effect
age;-0.1806228980278406
race;-0.02895960495962987
sex;-0.010508135324660146
hypertension;-0.025902585629337345
hyperlipidemia;-0.01838180789450075
diabetes;-0.009149672738385375
coronary.artery.disease;0.03699800541694582
chf;0.013870112502025128
cerebrovascular.disease;-0.11717471875462938
hepatitis;-0.009482251362182836
endstage.renal.disease;-0.003011855034749841
chronic.kidney.disease;0.05642431995385789
asthma;-0.028532231142192874
copd;0.0658481041495903
dementia;0.016255309567667353
cancer;-0.02530894609700307
