Features;Individual Effect
age;0.3039485865268285
race;-0.010091447798632563
sex;0.02520781107916731
hypertension;-0.019063795983034204
hyperlipidemia;0.022119639840299778
diabetes;-0.020725300202448657
coronary.artery.disease;0.06106657535962849
chf;-0.02065990182064246
cerebrovascular.disease;0.01587423010754427
hepatitis;0.020989396516889355
endstage.renal.disease;0.0021185807245630312
chronic.kidney.disease;-0.010594621962263937
asthma;0.018869702467259067
copd;-0.062452696376869614
dementia;-0.0030757698914122104
cancer;0.05028349380746524
