Features;Individual Effect
age:89.00;-0.21190058361889477
race:white;-0.04999310868445363
sex:female;0.07546526166170113
hypertension:0.00;0.07067632363919894
hyperlipidemia:0.00;0.008567432436556357
diabetes:0.00;-0.03808987525605597
coronary.artery.disease:0.00;0.04847414454659474
chf:0.00;0.013601934013596903
cerebrovascular.disease:0.00;0.016512364255534515
hepatitis:0.00;0.01810927756519566
endstage.renal.disease:0.00;0.017843693796706507
chronic.kidney.disease:0.00;-0.0028971546367090525
asthma:0.00;0.024039799213915802
copd:0.00;-0.04438128867157488
dementia:0.00;0.02830822103706006
cancer:0.00;-0.00782496390532413
