Features;Individual Effect
age;-0.22594161115024458
race;-0.02293707507418321
sex;-0.0016131928462475706
hypertension;0.010286522856332823
hyperlipidemia;-0.01287223196595309
diabetes;-0.006859387009782397
coronary.artery.disease;0.04229621238141747
chf;-0.022473927154335806
cerebrovascular.disease;0.006396718715532141
hepatitis;-0.04951501631807798
endstage.renal.disease;0.014394209862464279
chronic.kidney.disease;-0.03530310740337304
asthma;-0.011355001261600267
copd;0.009367397147147752
dementia;0.02020467173267098
cancer;0.014710372387527135
