Features;Individual Effect
age;-0.1422156304408232
race;-0.08003758478674629
sex;0.09197904127042318
hypertension;0.04893324894394567
hyperlipidemia;0.024196218056022623
diabetes;-0.015319893532911851
coronary.artery.disease;0.0911129404492455
chf;-0.013194735392170287
cerebrovascular.disease;0.002096057678261898
hepatitis;0.027740313460494846
endstage.renal.disease;-0.006686491012937321
chronic.kidney.disease;-0.00861328251737827
asthma;-0.06148858548690066
copd;-0.013332237431025334
dementia;0.017140438182394364
cancer;-0.01164656474967355
