Features;Individual Effect
age:73.00;-0.16468706286757687
race:black;-0.05009387323075703
sex:female;0.0016983546474204879
hypertension:0.00;-0.050217717459677846
hyperlipidemia:0.00;0.017837136611521844
diabetes:1.00;-0.03475981854926221
coronary.artery.disease:0.00;0.03377209186980998
chf:0.00;0.01154006876364648
cerebrovascular.disease:0.00;-0.07367780694766252
hepatitis:0.00;-0.0008764377077811782
endstage.renal.disease:0.00;-0.02883300260443652
chronic.kidney.disease:0.00;0.01147401356931826
asthma:0.00;0.039316748841404604
copd:0.00;0.014803938689426286
dementia:1.00;-0.1267318577241842
cancer:0.00;-0.006870098932079814
