Features;Individual Effect
age:45.00;0.28663710266004017
race:other;-0.02663792469420066
sex:male;0.07213277085109887
hypertension:0.00;-0.01978739360214541
hyperlipidemia:0.00;-0.02139243293007672
diabetes:0.00;0.043045564812499035
coronary.artery.disease:1.00;-0.12460183948215146
chf:0.00;-0.0637313115943424
cerebrovascular.disease:0.00;0.026694816850863702
hepatitis:0.00;-0.02546022393661806
endstage.renal.disease:0.00;0.058039195367208876
chronic.kidney.disease:0.00;-0.015671214302512282
asthma:0.00;-0.031795092062308995
copd:0.00;-0.009405275741107489
dementia:0.00;0.02112610855631907
cancer:0.00;0.04609411557777545
