Features;Individual Effect
age:28.00;0.40823171175275424
race:other;-0.036814575883082484
sex:female;0.00033167425312043315
hypertension:0.00;-0.017406745733336483
hyperlipidemia:0.00;-0.013674665840053753
diabetes:0.00;0.012940948889276903
coronary.artery.disease:1.00;-0.0751927420016846
chf:1.00;-0.004355352335305855
cerebrovascular.disease:0.00;-0.025060519914892027
hepatitis:0.00;0.028963217516167032
endstage.renal.disease:0.00;0.01024212778702304
chronic.kidney.disease:0.00;0.03110644461828222
asthma:0.00;0.005432956378903977
copd:0.00;0.01072330237997578
dementia:0.00;0.002351591957747763
cancer:0.00;0.031007160934142762
