Features;Individual Effect
age:82.00;-0.061418766865767
race:white;0.008868681339283202
sex:male;-0.04060422557534812
hypertension:1.00;-0.013581331944036807
hyperlipidemia:1.00;0.08153634727088774
diabetes:1.00;-0.008623635327379446
coronary.artery.disease:0.00;0.10798310030929004
chf:0.00;-0.02447668860794305
cerebrovascular.disease:0.00;-0.0017976170668413394
hepatitis:0.00;-0.00772946688768256
endstage.renal.disease:0.00;-0.022904096440244548
chronic.kidney.disease:0.00;0.01903590431939397
asthma:0.00;0.05269725646396623
copd:0.00;-0.04637148059250323
dementia:0.00;-0.0006741512798074493
cancer:0.00;0.041298051758690106
