Features;Individual Effect
age;0.05248789274449423
race;0.0040971902914736305
sex;0.0017455082502394765
hypertension;0.019539925613594227
hyperlipidemia;-0.022684598503251323
diabetes;0.0813172334666599
coronary.artery.disease;0.1014349418555601
chf;-0.004719673611048265
cerebrovascular.disease;-0.04739333151890429
hepatitis;-0.001549422175597552
endstage.renal.disease;0.0565116404474094
chronic.kidney.disease;-0.0072138673961506476
asthma;0.015560872394439576
copd;-0.020835126092143386
dementia;-0.02743834841398199
cancer;-0.02229089660880309
