Features;Individual Effect
age:88.00;-0.12337184829452569
race:white;0.02007083908822488
sex:male;-0.05229041129085277
hypertension:1.00;-0.011299048463101513
hyperlipidemia:1.00;-0.022997068074902156
diabetes:0.00;-0.014638178338233512
coronary.artery.disease:1.00;-0.08098543394727628
chf:1.00;0.013022307608166368
cerebrovascular.disease:0.00;-0.060548677988845875
hepatitis:0.00;-0.032187961530320476
endstage.renal.disease:0.00;0.00040747360359233214
chronic.kidney.disease:0.00;0.046703407258704595
asthma:0.00;0.03471171234597553
copd:1.00;0.0492009960709984
dementia:0.00;0.06617900280294883
cancer:1.00;-0.06351212501223463
