Features;Individual Effect
age:89.00;-0.2550463119945202
race:asian;-0.037413679077421935
sex:male;-0.10703252009296813
hypertension:1.00;0.026532834820879127
hyperlipidemia:0.00;0.05769193835966588
diabetes:1.00;-0.009353581769436325
coronary.artery.disease:0.00;0.031986504262985535
chf:0.00;-0.01782827825067961
cerebrovascular.disease:0.00;-0.009593611515679262
hepatitis:0.00;-0.06481670705377446
endstage.renal.disease:0.00;0.0013243254838416
chronic.kidney.disease:1.00;-0.07092168990636133
asthma:0.00;0.02085312214057496
copd:0.00;-0.005301421920365035
dementia:1.00;-0.01438602928197819
cancer:0.00;0.012570344861677012
