Features;Individual Effect
age;-0.1843313542140627
race;-0.020261517988582126
sex;0.021198093693998003
hypertension;0.044785051507699514
hyperlipidemia;0.04853008190822993
diabetes;0.013477758244062638
coronary.artery.disease;-0.06404759051451966
chf;0.05246303502197049
cerebrovascular.disease;-0.020442892976428664
hepatitis;0.0003260056285038538
endstage.renal.disease;-0.01126733065632768
chronic.kidney.disease;-0.019330751782962396
asthma;0.00865631689138645
copd;-0.008993670253089336
dementia;0.06753233596676847
cancer;-0.02942336957867932
