Features;Individual Effect
age:53.00;0.2310852099502922
race:black;-0.02377039123364841
sex:female;0.08978830242311317
hypertension:1.00;0.0009646481559195882
hyperlipidemia:0.00;-0.04570824781085256
diabetes:1.00;-0.0471415748356408
coronary.artery.disease:0.00;0.06857080774649042
chf:0.00;0.0025356187594348283
cerebrovascular.disease:0.00;0.021911902991301548
hepatitis:0.00;-0.00862304720054788
endstage.renal.disease:1.00;-0.03877589809471658
chronic.kidney.disease:0.00;-0.02324091978872762
asthma:0.00;0.007525921885310714
copd:0.00;0.016908434430649117
dementia:0.00;0.01311343100862008
cancer:0.00;-0.01910815944475703
