Features;Individual Effect
age;0.07558683229645093
race;0.03404337689247231
sex;0.11682249311895516
hypertension;0.0026942917862338954
hyperlipidemia;-0.024044931159353182
diabetes;0.008532703474245637
coronary.artery.disease;-0.11350565124426308
chf;0.006784661901194339
cerebrovascular.disease;-0.014849208202921182
hepatitis;0.020140192735406473
endstage.renal.disease;-0.016042432148559466
chronic.kidney.disease;0.03715276296046935
asthma;-0.029201687057128604
copd;-0.0446238604093709
dementia;0.05798528043288642
cancer;0.13300267036160926
