Features;Individual Effect
age:34.00;0.22256671180317628
race:asian;-0.029424243031954622
sex:male;-0.04158347490338484
hypertension:0.00;-0.09217646460680358
hyperlipidemia:0.00;-0.056475439411935
diabetes:0.00;0.044089014198589224
coronary.artery.disease:1.00;-0.24204061568192625
chf:0.00;-0.02163886907370793
cerebrovascular.disease:0.00;0.003756808066483444
hepatitis:0.00;-0.004718528002300312
endstage.renal.disease:0.00;0.03914132708963314
chronic.kidney.disease:0.00;0.01638220379680339
asthma:0.00;-0.02373127224055961
copd:0.00;0.018270570240695682
dementia:0.00;-0.03771499910547856
cancer:0.00;0.026581312578868633
