Features;Individual Effect
age;-0.021827327631320538
race;-0.025228135193674756
sex;0.014388617491032655
hypertension;-0.04613599651323083
hyperlipidemia;0.02614051122772973
diabetes;0.01010038983228316
coronary.artery.disease;-0.1964083409789563
chf;-0.01726444956018336
cerebrovascular.disease;0.03633534477090773
hepatitis;-0.009480170735941006
endstage.renal.disease;-0.026463265887683676
chronic.kidney.disease;0.018737473580408448
asthma;0.004048649753695056
copd;-0.0315849222941154
dementia;-0.09791945805148823
cancer;0.007791611571252348
