Features;Individual Effect
age:76.00;-0.04563334011804242
race:black;0.0459574509869764
sex:male;-0.06570885317802311
hypertension:1.00;0.03730664550443438
hyperlipidemia:0.00;0.02061181456465895
diabetes:1.00;0.00895969800586353
coronary.artery.disease:0.00;0.04381073341053163
chf:1.00;0.07641677513622509
cerebrovascular.disease:0.00;0.006450183702918756
hepatitis:0.00;-0.015721669234029893
endstage.renal.disease:0.00;0.000735556172065787
chronic.kidney.disease:0.00;-0.0074431254950188715
asthma:0.00;0.010604397414047513
copd:0.00;-0.02702440675707751
dementia:0.00;0.031096071656158714
cancer:0.00;-0.0281150809356334
