Features;Individual Effect
age;-0.04243293845826625
race;0.03354148277887997
sex;0.062144192396920026
hypertension;0.05408112597104228
hyperlipidemia;0.10179026495974093
diabetes;0.007288995875999266
coronary.artery.disease;0.06616143110295507
chf;-0.009950724668404218
cerebrovascular.disease;-0.0077392416305767445
hepatitis;0.0009503600300652393
endstage.renal.disease;-0.020862569631376907
chronic.kidney.disease;0.00704799403616348
asthma;0.042392392069664574
copd;0.010327423756145912
dementia;0.017109868666264037
cancer;0.031367677219309505
