Features;Individual Effect
age:64.00;0.0582066234766099
race:other;-0.05700680005134309
sex:male;-0.09512979922595016
hypertension:0.00;-0.05749630468545708
hyperlipidemia:0.00;-0.045594008210887424
diabetes:1.00;-0.05765982821743758
coronary.artery.disease:1.00;-0.14444503474013065
chf:0.00;0.03175208859614809
cerebrovascular.disease:0.00;0.02702202996072723
hepatitis:0.00;0.01736819145256694
endstage.renal.disease:0.00;-0.047775517021317326
chronic.kidney.disease:0.00;0.06339282848095248
asthma:0.00;0.0067950814787196764
copd:0.00;0.0017998566336644359
dementia:0.00;-0.032942230321558824
cancer:0.00;-0.007570662408968833
