Features;Individual Effect
age:77.00;-0.2140237194655338
race:black;0.12266905741668202
sex:female;0.06044508908518231
hypertension:1.00;0.0003739299748436731
hyperlipidemia:0.00;0.01692343871468061
diabetes:0.00;-0.03767899376228369
coronary.artery.disease:1.00;-0.24975974655804148
chf:0.00;0.010731363060770393
cerebrovascular.disease:0.00;0.01453239068539485
hepatitis:0.00;0.03298801536154804
endstage.renal.disease:0.00;0.013189994953848625
chronic.kidney.disease:0.00;0.005764102996679791
asthma:0.00;-0.0175033243520438
copd:0.00;0.00463811298335981
dementia:0.00;-0.011160861963429414
cancer:0.00;0.05348608328274347
