Features;Individual Effect
age;0.13182708217432518
race;0.03800000203787133
sex;-0.0711083953057793
hypertension;-0.09004493098500291
hyperlipidemia;0.007129909035009806
diabetes;0.004905624428938918
coronary.artery.disease;0.06703288160862589
chf;0.0567966559711475
cerebrovascular.disease;0.009897731519075265
hepatitis;0.005062461767436576
endstage.renal.disease;0.046664148817322025
chronic.kidney.disease;-0.003924287644570968
asthma;-0.021071241070053988
copd;-0.02332770496736285
dementia;-0.0022966171007655304
cancer;0.007900351119345082
