Features;Individual Effect
age:62.00;0.10880227582468327
race:white;0.01645949777744153
sex:female;0.14688846985828846
hypertension:0.00;0.010878183029525238
hyperlipidemia:0.00;-0.00923844710526655
diabetes:0.00;0.05404352003822598
coronary.artery.disease:1.00;-0.06440689866592667
chf:0.00;0.020927154609308996
cerebrovascular.disease:0.00;0.009992466011374152
hepatitis:0.00;-0.00759060618218254
endstage.renal.disease:0.00;-0.04730777379395454
chronic.kidney.disease:0.00;-0.00849124742642352
asthma:0.00;-0.030517271310065326
copd:0.00;-0.05979926509697345
dementia:0.00;-0.007360084721623059
cancer:1.00;0.14237044827517706
