Features;Individual Effect
age;-0.18990716646874642
race;-0.019243854830108646
sex;-0.034913786233897855
hypertension;0.025152620325568947
hyperlipidemia;-0.029376020205381024
diabetes;0.03071090957265088
coronary.artery.disease;-0.23565067784915789
chf;-0.02541421721925118
cerebrovascular.disease;0.06568247077810385
hepatitis;-0.04785024056303836
endstage.renal.disease;0.02479337814887591
chronic.kidney.disease;0.0617550361347397
asthma;-0.03910714364291858
copd;0.001966204919020803
dementia;0.003640847532783202
cancer;0.003164011011017414
