Features;Individual Effect
age:81.00;-0.040191524213313796
race:black;0.0993433910603204
sex:female;0.09680466578348765
hypertension:1.00;0.025538748289079222
hyperlipidemia:1.00;0.036811077784785436
diabetes:1.00;0.04933935104196053
coronary.artery.disease:1.00;-0.0916085833703221
chf:0.00;0.014908054334457809
cerebrovascular.disease:0.00;0.01332625899625646
hepatitis:0.00;-0.007551705512636744
endstage.renal.disease:0.00;-0.017911736320085227
chronic.kidney.disease:0.00;0.01454639938058825
asthma:0.00;0.010704572696192051
copd:0.00;-0.027674146183156674
dementia:0.00;0.025399648066651383
cancer:0.00;0.04261732605648081
