Features;Individual Effect
age:90.00;-0.17429929733483776
race:black;0.05287267454823197
sex:female;0.022429631065298224
hypertension:0.00;0.0620007040404059
hyperlipidemia:0.00;-0.040659697567495046
diabetes:0.00;0.01852472801637786
coronary.artery.disease:0.00;0.03184778911284258
chf:0.00;0.01120529925732954
cerebrovascular.disease:0.00;-0.022584073392520703
hepatitis:0.00;0.03400280617407242
endstage.renal.disease:0.00;-0.0010122211375274866
chronic.kidney.disease:0.00;-0.0004162506920148655
asthma:0.00;0.0016128643761986958
copd:0.00;0.005189002480429104
dementia:0.00;0.043153036111795384
cancer:0.00;0.03898693927792164
