Features;Individual Effect
age;-0.1804965868328377
race;-0.0453997368508995
sex;0.11413896800868481
hypertension;-0.03034557659792783
hyperlipidemia;-0.03653202772841376
diabetes;0.045551151434228845
coronary.artery.disease;0.025103672243893753
chf;-0.055324299122432724
cerebrovascular.disease;-0.004609769263939871
hepatitis;0.049685215425589103
endstage.renal.disease;0.0045429774329643294
chronic.kidney.disease;-0.008469460511428061
asthma;0.023311146812870852
copd;0.00041444756812647823
dementia;-0.009178507246135972
cancer;-0.0063129038532392726
