Features;Individual Effect
age:58.00;0.014743896712925487
race:white;-0.04541631769494042
sex:female;0.028575246820817184
hypertension:0.00;-0.0031541497731043568
hyperlipidemia:0.00;-0.09936359343548247
diabetes:0.00;-0.005288413709786107
coronary.artery.disease:1.00;-0.15474309405409076
chf:0.00;-0.001774153774227398
cerebrovascular.disease:0.00;0.0014596224235321961
hepatitis:0.00;-0.02698482828382504
endstage.renal.disease:0.00;-0.021783480483441305
chronic.kidney.disease:0.00;-0.011190247604948775
asthma:0.00;-0.006059212530180606
copd:0.00;0.04376865873894757
dementia:1.00;-0.10425384005714149
cancer:0.00;0.005671303725766165
