Features;Individual Effect
age;0.08514609447749598
race;0.09769145115394791
sex;-0.034232628802350874
hypertension;-0.011575006597324793
hyperlipidemia;0.0038826233710195987
diabetes;0.07746527882443999
coronary.artery.disease;0.05788600561906727
chf;0.006911292699456506
cerebrovascular.disease;0.07029792895078167
hepatitis;-0.028090697591164483
endstage.renal.disease;0.0024015328036323808
chronic.kidney.disease;0.035864135315189505
asthma;-0.010647159607150299
copd;-0.009831928163041667
dementia;0.011587257112943197
cancer;0.017613321102352655
