Features;Individual Effect
age;0.07171696086071586
race;-0.12564009402353588
sex;-0.12306699886510448
hypertension;-0.041921564770964696
hyperlipidemia;0.018139932096707646
diabetes;0.011205655474084253
coronary.artery.disease;-0.031691409730092435
chf;-0.06854470662834199
cerebrovascular.disease;0.024057614373649006
hepatitis;0.034900458671449155
endstage.renal.disease;0.020188002305455414
chronic.kidney.disease;0.0010344142344542312
asthma;0.009676540432397317
copd;0.02331693208739001
dementia;0.025206583961154383
cancer;0.005076671424799881
