Features;Individual Effect
age:89.00;-0.13775235748033993
race:white;-0.011813856120325497
sex:female;0.00848615030825446
hypertension:1.00;0.01151696090933858
hyperlipidemia:0.00;0.027495546601939813
diabetes:1.00;0.03621417102601936
coronary.artery.disease:0.00;0.029471886625440945
chf:0.00;0.03511320379394889
cerebrovascular.disease:0.00;-0.030572646394906346
hepatitis:0.00;-0.00733758017114768
endstage.renal.disease:0.00;0.02127610801201671
chronic.kidney.disease:0.00;-0.0055915228605824124
asthma:0.00;0.03962735804845391
copd:0.00;0.013083660990877226
dementia:1.00;-0.07802703921601756
cancer:1.00;-0.19540090257797804
