Features;Individual Effect
age;-0.23925429458634329
race;-0.008933030807378492
sex;-0.026764450944016353
hypertension;-0.049714915351795626
hyperlipidemia;0.028079653423467445
diabetes;0.012574278288426161
coronary.artery.disease;-0.10733896065331718
chf;-0.09561247307022411
cerebrovascular.disease;0.0346396367211423
hepatitis;0.022901318507779867
endstage.renal.disease;-0.012949306094499393
chronic.kidney.disease;-0.0328943259897642
asthma;0.07764456372377662
copd;-0.024502544763887725
dementia;0.017327560653483388
cancer;-0.017932988171164975
