Features;Individual Effect
age;0.2161909045651227
race;-0.041287614514126186
sex;-0.01602160312671869
hypertension;-0.005739351257340848
hyperlipidemia;-0.01313806889584122
diabetes;0.03133161851855573
coronary.artery.disease;-0.06161789425872633
chf;0.11334697266845829
cerebrovascular.disease;-0.02280655633381177
hepatitis;0.043725061671726684
endstage.renal.disease;0.023662159002040092
chronic.kidney.disease;-0.028702843992741346
asthma;-0.0030999545658217257
copd;0.04465248961840103
dementia;-0.004053254011755011
cancer;-0.03062046513389048
