Features;Individual Effect
age:89.00;-0.21166962345370002
race:asian;0.0224867998993797
sex:female;0.025440743869377357
hypertension:1.00;0.0033677587035102017
hyperlipidemia:1.00;0.020755564562659357
diabetes:0.00;-0.051167431574578495
coronary.artery.disease:1.00;-0.10629682138837775
chf:1.00;-0.05225038631304876
cerebrovascular.disease:0.00;0.026475190506796118
hepatitis:0.00;0.006342157021559048
endstage.renal.disease:0.00;-0.010685914245248467
chronic.kidney.disease:0.00;0.005755616971891864
asthma:0.00;-0.009045412332912704
copd:0.00;-0.019722010980861213
dementia:0.00;-0.005714867166669467
cancer:0.00;-0.0266325989341471
