Features;Individual Effect
age;-0.16143001249355632
race;0.005754077654414682
sex;-0.020063703802787644
hypertension;-0.02243103386444628
hyperlipidemia;-0.019475822901274666
diabetes;-0.021105806228218598
coronary.artery.disease;-0.15914570710046205
chf;0.04461706956540895
cerebrovascular.disease;0.006496772520196459
hepatitis;-0.010537336215689268
endstage.renal.disease;-0.0004465504821654382
chronic.kidney.disease;-0.0017167992420502928
asthma;0.00988611266554875
copd;-0.013126113290179363
dementia;0.013838738946929226
cancer;0.01774245430673675
