Features;Individual Effect
age:76.00;-0.1050186256349268
race:white;-0.10543483671119516
sex:female;-0.05048894168194659
hypertension:0.00;0.033360003503780725
hyperlipidemia:0.00;0.010646594284541656
diabetes:0.00;0.040643606703795895
coronary.artery.disease:1.00;-0.1130243648918855
chf:1.00;0.027055945869418653
cerebrovascular.disease:0.00;-0.0009162281115885212
hepatitis:0.00;0.0021688091449984723
endstage.renal.disease:0.00;0.010669300063333234
chronic.kidney.disease:0.00;0.0042929074682857005
asthma:0.00;-0.0638585926954157
copd:0.00;-0.02465970388066631
dementia:0.00;0.01114405861166528
cancer:0.00;0.004566775595033233
