Features;Individual Effect
age:85.00;-0.10477192722286095
race:white;0.0014829914592652121
sex:female;-0.007674496833834631
hypertension:1.00;-0.00507112740004851
hyperlipidemia:0.00;0.00124234558853914
diabetes:1.00;0.010471720911805283
coronary.artery.disease:1.00;-0.07146094493030286
chf:1.00;0.010395978148998983
cerebrovascular.disease:0.00;-0.0043237762016244494
hepatitis:0.00;-0.015564636250308133
endstage.renal.disease:0.00;0.0002013806198598242
chronic.kidney.disease:1.00;-0.0016236112379530033
asthma:0.00;0.0058550627029181155
copd:0.00;-0.008709276082396066
dementia:0.00;3.338210667722455e-05
cancer:1.00;-0.09884957131764174
