Features;Individual Effect
age;0.3340070319380473
race;-0.027656502420377906
sex;0.02392144905780271
hypertension;0.031095424378982064
hyperlipidemia;-8.243728405115465e-05
diabetes;0.007868920683496391
coronary.artery.disease;0.11008702894035806
chf;-0.015587465789956437
cerebrovascular.disease;-0.005025500574777821
hepatitis;0.003455298851206017
endstage.renal.disease;-0.03977671100391209
chronic.kidney.disease;0.010944411172157097
asthma;-0.005340524400859686
copd;-0.003033313785240805
dementia;0.009887934735578505
cancer;-0.0022405340249285624
