Features;Individual Effect
age:87.00;-0.10617977161043432
race:black;0.09085643033653217
sex:male;0.013007388738136304
hypertension:0.00;0.01202659282278305
hyperlipidemia:0.00;0.016713256224607096
diabetes:0.00;0.06259487198813304
coronary.artery.disease:0.00;0.05932717934596221
chf:0.00;0.017339900875602873
cerebrovascular.disease:0.00;0.027456297722085923
hepatitis:0.00;0.0013132233606064567
endstage.renal.disease:0.00;-0.007852564810561506
chronic.kidney.disease:0.00;0.03689791569087854
asthma:0.00;0.022280106535951298
copd:0.00;0.03415400520088195
dementia:0.00;0.03974303849584303
cancer:0.00;0.0009089114309352719
