Features;Individual Effect
age;0.1592700882295876
race;0.02690534897654924
sex;0.022319596649605224
hypertension;0.08066567392872821
hyperlipidemia;0.022463345004804815
diabetes;-0.014857254632415707
coronary.artery.disease;0.04078727620856193
chf;0.11113304460608396
cerebrovascular.disease;-0.0009421703983025081
hepatitis;0.001558146713961428
endstage.renal.disease;-0.0386470771055549
chronic.kidney.disease;-0.027161812086051257
asthma;-0.0026769045338382834
copd;-0.012148193299904388
dementia;0.029108972676375047
cancer;-0.02701370909092078
