Features;Individual Effect
age:71.00;-0.059590194840390895
race:white;0.02052331843960936
sex:male;-0.03960944180819526
hypertension:0.00;-0.03262351108842311
hyperlipidemia:0.00;0.019575587690109905
diabetes:0.00;0.03679514442822159
coronary.artery.disease:1.00;-0.17781911667974803
chf:0.00;-0.01910461596608287
cerebrovascular.disease:0.00;-0.003241277027201341
hepatitis:0.00;-0.02697562552197618
endstage.renal.disease:0.00;-0.006851172902924878
chronic.kidney.disease:0.00;0.007277885088915519
asthma:0.00;0.0046639218083385555
copd:0.00;0.021111197563740025
dementia:1.00;-0.12431483016042584
cancer:0.00;-0.03788213489627833
