Features;Individual Effect
age:57.00;-0.0067138739873259315
race:black;0.025008008824718476
sex:male;-0.05604398712139939
hypertension:0.00;-0.02616664369568211
hyperlipidemia:0.00;-0.05990772185253185
diabetes:1.00;-0.1765307075622132
coronary.artery.disease:0.00;0.07269627410022592
chf:0.00;-0.04160775660584865
cerebrovascular.disease:0.00;-0.013619394933917728
hepatitis:0.00;0.05048944484877541
endstage.renal.disease:1.00;0.00034424968700280494
chronic.kidney.disease:0.00;-0.012751547086759019
asthma:0.00;0.0005320266403112655
copd:0.00;0.007920179655523201
dementia:0.00;0.014001978070437248
cancer:0.00;0.03425733276907366
