Features;Individual Effect
age:70.00;-0.048835038032230216
race:white;-0.0014566713461920816
sex:female;0.031136169825964337
hypertension:0.00;-0.022753374362197577
hyperlipidemia:0.00;-0.0022106961476013823
diabetes:1.00;-0.018867733909199467
coronary.artery.disease:1.00;-0.17409251159327085
chf:0.00;-0.03583020301991661
cerebrovascular.disease:0.00;0.004937486747077745
hepatitis:0.00;0.007075170636762926
endstage.renal.disease:0.00;0.01648622261222856
chronic.kidney.disease:0.00;-0.0004434058619725012
asthma:0.00;-0.08736030037722221
copd:0.00;-0.07254691978876227
dementia:0.00;0.04399149858480701
cancer:0.00;0.0237698511192783
