Features;Individual Effect
age:36.00;0.3073465022733892
race:asian;0.04351559857073508
sex:female;0.007653089144632913
hypertension:1.00;0.035400944940733134
hyperlipidemia:1.00;0.02422662863532867
diabetes:0.00;-0.007556931026597347
coronary.artery.disease:1.00;-0.08942020885435713
chf:0.00;-0.06020040719634736
cerebrovascular.disease:0.00;-0.018967338065097844
hepatitis:0.00;-0.01525791995986455
endstage.renal.disease:1.00;-0.005758968417280604
chronic.kidney.disease:0.00;0.01653710846702002
asthma:0.00;0.059719568731466825
copd:0.00;-0.01494863840906729
dementia:0.00;0.01476872252479304
cancer:0.00;0.021850765908625846
