Features;Individual Effect
age:64.00;-0.03909720495383365
race:black;0.08970368672388251
sex:male;-0.0721106864672397
hypertension:0.00;-0.041057248677217335
hyperlipidemia:0.00;-0.03948910126565774
diabetes:0.00;0.06144876887130531
coronary.artery.disease:0.00;0.07284955966036936
chf:0.00;0.019167483941506226
cerebrovascular.disease:0.00;-0.0001493041340083663
hepatitis:0.00;0.01720371156150727
endstage.renal.disease:0.00;0.01885933010466469
chronic.kidney.disease:0.00;0.0516771196709368
asthma:0.00;-0.03409110741116363
copd:0.00;-0.019387657364656488
dementia:0.00;0.011796235170521252
cancer:0.00;0.011512832693910048
