Features;Individual Effect
age;-0.1938657792450627
race;0.0021837163604685947
sex;-0.010077226464022909
hypertension;-0.03706957875137317
hyperlipidemia;0.018733329375459407
diabetes;0.04691248257095648
coronary.artery.disease;0.07663726217080465
chf;0.01606347474749652
cerebrovascular.disease;0.006993276416771413
hepatitis;0.03029151173042728
endstage.renal.disease;-0.04716917218222607
chronic.kidney.disease;0.02854932074956696
asthma;0.024209397231155116
copd;-0.056786702035736575
dementia;0.01604267255783618
cancer;0.017752068773828476
