Features;Individual Effect
age;0.32223548943465413
race;-0.013809927598562796
sex;0.092962184088054
hypertension;-0.03337510128949065
hyperlipidemia;-0.04900255614804203
diabetes;-0.019701753692972765
coronary.artery.disease;0.07095883565311002
chf;0.02268381021406172
cerebrovascular.disease;0.03751645514736474
hepatitis;-0.0006371253130941293
endstage.renal.disease;-0.028790005206513307
chronic.kidney.disease;0.014775302752986514
asthma;-0.04825351804460046
copd;0.011088674750488485
dementia;0.04277101584205836
cancer;0.04723944290885378
