Features;Individual Effect
age;0.36844456670359277
race;-0.00655015849322289
sex;-0.07033279775013289
hypertension;-0.0075850132489878016
hyperlipidemia;0.017994541032586006
diabetes;0.04723395082329285
coronary.artery.disease;0.07140698213774341
chf;-0.02391111901957615
cerebrovascular.disease;0.023948808559671637
hepatitis;-0.004855236037459739
endstage.renal.disease;-0.016359357828413933
chronic.kidney.disease;0.0690329223270843
asthma;0.0030366358794192555
copd;0.032128295129057474
dementia;-0.03683704427426754
cancer;0.024800197360692465
