Features;Individual Effect
age;-0.09258190127600643
race;0.05607783927537742
sex;0.05558460124587615
hypertension;-0.01890041709844477
hyperlipidemia;0.003559883591550409
diabetes;0.005048420904046662
coronary.artery.disease;0.07644527951984278
chf;0.03091054096950396
cerebrovascular.disease;-0.023525385860107575
hepatitis;-0.026347759631369736
endstage.renal.disease;-0.002063686138397223
chronic.kidney.disease;-0.006584703287921673
asthma;0.04477334645182961
copd;-0.048323480351560366
dementia;0.06662165325804442
cancer;0.005740696458565241
