Features;Individual Effect
age:81.00;-0.2904523996804044
race:black;-0.0437918709282374
sex:male;-0.09388687476545154
hypertension:1.00;-0.08240117725725683
hyperlipidemia:0.00;0.04031274403082871
diabetes:1.00;-0.07363200363188174
coronary.artery.disease:0.00;0.036460813125817976
chf:0.00;-0.010080749199047716
cerebrovascular.disease:0.00;0.08081712475949411
hepatitis:0.00;0.036419286196345144
endstage.renal.disease:0.00;-0.09356901104100751
chronic.kidney.disease:0.00;-0.006402675300851892
asthma:0.00;-0.04474006476309082
copd:0.00;0.03963105574620453
dementia:0.00;-0.01675070724754786
cancer:0.00;0.018124466621702685
