Features;Individual Effect
age;-0.17326670733488714
race;0.014837095699494783
sex;0.0432715380016815
hypertension;-0.0047629232836494265
hyperlipidemia;-0.03013899077412573
diabetes;-0.020145347699073942
coronary.artery.disease;-0.07139694995924127
chf;-0.0009699670285228321
cerebrovascular.disease;-0.10220676082937183
hepatitis;0.006248877124279278
endstage.renal.disease;-0.029745048435410537
chronic.kidney.disease;0.03862037660922041
asthma;-0.0031108542910913226
copd;-0.011745187545518128
dementia;-0.032310951397660874
cancer;-0.057632041105132356
