Features;Individual Effect
age;0.3198060837083188
race;0.023885207126374184
sex;0.04570114233163099
hypertension;-0.016363752146541212
hyperlipidemia;-0.002778659042367024
diabetes;0.00637646236539902
coronary.artery.disease;-0.05721924828315297
chf;0.022315422767534406
cerebrovascular.disease;-0.03320703092521451
hepatitis;0.030007000092104597
endstage.renal.disease;-0.03975070272000211
chronic.kidney.disease;-0.012653904054772246
asthma;0.0003186995866107981
copd;0.007084131317201122
dementia;0.012219733687430488
cancer;-0.0018572528411263407
