Features;Individual Effect
age:78.00;-0.15201525422587034
race:black;-0.008137978159678753
sex:male;-0.07881673212784002
hypertension:1.00;-0.10195546168528702
hyperlipidemia:0.00;-0.02852331202108517
diabetes:0.00;-0.02719911181150024
coronary.artery.disease:0.00;0.09745131345188217
chf:0.00;-0.08942329743567384
cerebrovascular.disease:0.00;0.009643181679413033
hepatitis:0.00;0.04259159687493401
endstage.renal.disease:0.00;-0.019449065139627887
chronic.kidney.disease:0.00;-0.013295318490663306
asthma:0.00;-0.03035693580110364
copd:0.00;9.922959965589367e-05
dementia:0.00;0.015467906214679396
cancer:0.00;0.004537376215053965
