Features;Individual Effect
age;-0.19592901937334856
race;-0.03413122772596207
sex;0.11874782459414615
hypertension;0.1175408925248118
hyperlipidemia;0.006704427014155832
diabetes;-0.0157391519154056
coronary.artery.disease;0.02075011452694959
chf;0.0039057308700577347
cerebrovascular.disease;0.0037253222674554338
hepatitis;0.0034074088953254898
endstage.renal.disease;-0.004525601418675661
chronic.kidney.disease;0.00867026533541772
asthma;-0.0007144713393454393
copd;0.007677209929344277
dementia;0.006666472184263202
cancer;-0.03776398438285059
