Features;Individual Effect
age:86.00;-0.28885642630844416
race:black;-0.001308967677250552
sex:male;-0.05301916402234795
hypertension:0.00;-0.05405614803129459
hyperlipidemia:1.00;-0.00737582812829162
diabetes:0.00;0.016409080313829427
coronary.artery.disease:0.00;0.028874113431803256
chf:0.00;0.0367687601695908
cerebrovascular.disease:0.00;-0.05145284734672942
hepatitis:0.00;0.016390920074908603
endstage.renal.disease:0.00;-0.019773402404600703
chronic.kidney.disease:0.00;-0.04042250638260228
asthma:0.00;0.03190142164788835
copd:0.00;0.009217335117786857
dementia:0.00;-0.0076507772656135235
cancer:0.00;0.01807580422911113
