Features;Individual Effect
age;0.25367460689693344
race;-0.02903257835988571
sex;0.027895973841701515
hypertension;0.010805393356623044
hyperlipidemia;-0.002683500342403153
diabetes;-0.013726459702931305
coronary.artery.disease;0.056683405448855105
chf;0.019191224351742343
cerebrovascular.disease;-0.04244798619064253
hepatitis;-0.02795130947497515
endstage.renal.disease;0.02606281956410402
chronic.kidney.disease;0.012793035602922649
asthma;0.010538937639133996
copd;0.00517917543358456
dementia;0.033785123889923246
cancer;0.022778692274332598
