Features;Individual Effect
age;-0.01053376737632476
race;0.008396717475080254
sex;-0.06992227650696473
hypertension;0.0566722187478581
hyperlipidemia;-0.002808524387754776
diabetes;-0.006381512361798266
coronary.artery.disease;0.046890028729939956
chf;-0.015392583986861223
cerebrovascular.disease;0.037073641778970386
hepatitis;0.006331461089735759
endstage.renal.disease;0.01603729370176104
chronic.kidney.disease;-0.02119067367797598
asthma;0.010479698021328272
copd;-0.006965165920784173
dementia;-0.004684538233930215
cancer;0.016465651989816914
