Features;Individual Effect
age;0.17418054097299682
race;-0.026038545482051863
sex;-0.028991786562752964
hypertension;-0.00862421776423064
hyperlipidemia;0.041626738237739505
diabetes;0.037773759701051055
coronary.artery.disease;0.10294536781767752
chf;0.021995819629438928
cerebrovascular.disease;-0.0137723391149502
hepatitis;-0.023436034392212896
endstage.renal.disease;-0.021147149333782443
chronic.kidney.disease;-0.015214808859467938
asthma;-0.00033128900799154256
copd;-0.00299119733830267
dementia;0.00469240829084281
cancer;0.0010333853208235539
