Features;Individual Effect
age:82.00;-0.13915462641492513
race:black;-0.031647378783186686
sex:male;-0.13473705292211888
hypertension:0.00;-0.08478159770349156
hyperlipidemia:1.00;-0.011668904130297631
diabetes:1.00;-0.03553374460929906
coronary.artery.disease:0.00;-0.037784554913295645
chf:0.00;0.005901116729067055
cerebrovascular.disease:0.00;0.026722232103196786
hepatitis:0.00;0.0035097483203017574
endstage.renal.disease:0.00;0.006563458344339308
chronic.kidney.disease:0.00;0.02459437374107903
asthma:0.00;0.02212423198503642
copd:0.00;-0.04437332393665307
dementia:0.00;0.010379590874440712
cancer:0.00;-0.03257472729778499
