Features;Individual Effect
age;0.19257345989427238
race;0.05565630368401959
sex;-0.024931025590926508
hypertension;-0.021319442269808277
hyperlipidemia;0.04888985632130538
diabetes;0.03498412727990099
coronary.artery.disease;0.06039924731182615
chf;0.022167472558659355
cerebrovascular.disease;0.0019521029115586175
hepatitis;-0.00687379142636714
endstage.renal.disease;0.03448272476637365
chronic.kidney.disease;0.01613167312720839
asthma;0.014687796336712461
copd;-0.01809947852976233
dementia;0.00048076853051182145
cancer;0.010172476924972022
