Features;Individual Effect
age:50.00;0.18423238066995212
race:other;-0.03172978397328642
sex:male;0.04598676872805212
hypertension:1.00;0.03797687989595485
hyperlipidemia:0.00;0.026772869565426276
diabetes:0.00;0.03210196795711935
coronary.artery.disease:1.00;-0.1259575706226416
chf:0.00;-0.033652789575434945
cerebrovascular.disease:0.00;0.015110646041173358
hepatitis:0.00;0.03454646040707066
endstage.renal.disease:0.00;-0.07431951298640714
chronic.kidney.disease:0.00;0.009707081599609669
asthma:0.00;0.016354271318479184
copd:0.00;-0.001482070584191893
dementia:0.00;-0.014364682992459495
cancer:0.00;-0.006537888182281473
