Features;Individual Effect
age;-0.19078387108676373
race;-0.08779892534335043
sex;0.07926426871316267
hypertension;0.0416139914598732
hyperlipidemia;0.019759023774059248
diabetes;-0.017723338183286495
coronary.artery.disease;0.08485260383193167
chf;0.023916539101869992
cerebrovascular.disease;0.005309674537651266
hepatitis;-0.008635359877049217
endstage.renal.disease;-0.0024666315868531186
chronic.kidney.disease;0.05745198867130625
asthma;0.009805458403834143
copd;0.009952348879153009
dementia;0.022492267019769113
cancer;0.016646546215689416
