Features;Individual Effect
age;-0.04392098037575767
race;0.004182422118344381
sex;-0.06592387628024445
hypertension;-0.012512507505340862
hyperlipidemia;-0.013291595278868347
diabetes;-0.03709724919907538
coronary.artery.disease;-0.09855166565613707
chf;-0.016009055846075402
cerebrovascular.disease;-0.02359486252567397
hepatitis;-0.10395186968445155
endstage.renal.disease;-0.052157405142037726
chronic.kidney.disease;0.025673504393805266
asthma;-0.012148164324836539
copd;0.0693655332253906
dementia;-0.0013677909073415411
cancer;0.030840869867227897
