Features;Individual Effect
age:60.00;0.15989244105002362
race:black;0.02662810658179351
sex:male;-0.036955862062679416
hypertension:1.00;0.002683777759993249
hyperlipidemia:0.00;-0.050848012391734525
diabetes:0.00;0.07487533330702673
coronary.artery.disease:0.00;0.044249311418128184
chf:0.00;0.02607677439304737
cerebrovascular.disease:0.00;0.005593451228648374
hepatitis:0.00;0.015584500021888692
endstage.renal.disease:0.00;0.03079733370212645
chronic.kidney.disease:0.00;-0.017026181461492866
asthma:1.00;0.050105367007809126
copd:0.00;-0.06818421954037367
dementia:0.00;0.008924487674193087
cancer:0.00;-0.001304654629491248
