Features;Individual Effect
age;-0.19175240996936402
race;-0.03310753960651249
sex;0.023811052748613552
hypertension;0.0371805101438882
hyperlipidemia;0.033834865784650794
diabetes;0.030605313978461966
coronary.artery.disease;0.004512317262355233
chf;0.11708887405290623
cerebrovascular.disease;3.199216290516527e-05
hepatitis;0.01042625283677722
endstage.renal.disease;0.003274337919230375
chronic.kidney.disease;-0.015806207070478334
asthma;-0.010440039181919795
copd;-0.021944399364131513
dementia;0.00786809511656783
cancer;-0.0021064380291260826
