Features;Individual Effect
age;0.03507030118350774
race;0.06300839739247614
sex;-0.004023787090874642
hypertension;0.0321175739093551
hyperlipidemia;-0.017479541576508197
diabetes;0.023364738183631877
coronary.artery.disease;-0.02298532534777367
chf;0.0302616262897294
cerebrovascular.disease;0.040648618810358854
hepatitis;0.03728607321137728
endstage.renal.disease;0.09032901299245415
chronic.kidney.disease;0.07160669192341432
asthma;-0.02706346972438637
copd;0.021104590867843255
dementia;0.02056149719306127
cancer;0.0012360805386383775
