Features;Individual Effect
age;-0.1765157373615936
race;-0.014220523376294187
sex;-0.05769627760254506
hypertension;0.022831083672113086
hyperlipidemia;-0.0006138783497457272
diabetes;-0.017559740253242005
coronary.artery.disease;-0.08872207689139057
chf;0.0670693728301343
cerebrovascular.disease;-0.04561206715725205
hepatitis;0.06951306669371624
endstage.renal.disease;0.044613316616962315
chronic.kidney.disease;-0.0020823613276357575
asthma;-0.016357038563774136
copd;0.02164976508583967
dementia;-0.05668804642187446
cancer;0.015802087375499662
