Features;Individual Effect
age;-0.2310013576308553
race;0.009592193651246188
sex;0.040365712972045546
hypertension;-0.023380340566306473
hyperlipidemia;-0.0021447613835600034
diabetes;-0.02222011077835523
coronary.artery.disease;-0.01975007525961795
chf;-0.021921482104689274
cerebrovascular.disease;0.028524608831538185
hepatitis;0.013583357312702705
endstage.renal.disease;-0.011253595908453913
chronic.kidney.disease;0.010653727704071954
asthma;0.03709675650116908
copd;-0.030352524968552792
dementia;-0.044100215597753234
cancer;-6.870826102317655e-05
