Features;Individual Effect
age;-0.06316458897922557
race;0.01636385096298038
sex;-0.030049659978735148
hypertension;0.019673226836753634
hyperlipidemia;0.02100480175126731
diabetes;-0.008918270549487725
coronary.artery.disease;0.017426241842585774
chf;-0.018817062805218117
cerebrovascular.disease;0.06451982380969153
hepatitis;-0.034158550658248604
endstage.renal.disease;-0.005105993642019945
chronic.kidney.disease;0.0013012973580915684
asthma;-0.0180356647192901
copd;-0.2074613003390957
dementia;0.000550711947494017
cancer;0.01758223726966966
