Features;Individual Effect
age:65.00;0.13827734792445454
race:asian;0.1302061359655393
sex:male;-0.03670021782956966
hypertension:1.00;0.013963895899735713
hyperlipidemia:1.00;0.02285259258213815
diabetes:1.00;-0.011148692292525606
coronary.artery.disease:1.00;-0.07243940780905356
chf:0.00;0.038354821308639944
cerebrovascular.disease:0.00;-0.04581098400825051
hepatitis:0.00;-0.03705009420347744
endstage.renal.disease:0.00;-0.0036207970837656735
chronic.kidney.disease:0.00;0.013525268677436907
asthma:0.00;0.012097049081783117
copd:0.00;0.0050904977261504655
dementia:0.00;0.006235307151662272
cancer:0.00;-0.019560900988648648
