Features;Individual Effect
age:41.00;0.20165771865891927
race:black;0.03264723313033565
sex:male;-0.06696390509171732
hypertension:1.00;0.03824034846436177
hyperlipidemia:1.00;-0.050900901370930056
diabetes:1.00;0.04300656735794711
coronary.artery.disease:0.00;-0.00702803396296949
chf:1.00;0.051660905803499815
cerebrovascular.disease:0.00;-0.010358099058053905
hepatitis:0.00;-0.04157120648540153
endstage.renal.disease:0.00;0.002689019870901666
chronic.kidney.disease:1.00;0.017642107371198368
asthma:0.00;-0.006671751720554406
copd:0.00;0.040934900234897834
dementia:0.00;0.026948266792480878
cancer:0.00;0.003813630401239467
