Features;Individual Effect
age:42.00;0.2838510210294429
race:other;0.04817054358970617
sex:male;0.0232346140182725
hypertension:1.00;0.007215006105709302
hyperlipidemia:1.00;0.05195123078799965
diabetes:0.00;0.02194676681915811
coronary.artery.disease:1.00;-0.03262754725323812
chf:1.00;0.052468944599351294
cerebrovascular.disease:0.00;0.024039199947417277
hepatitis:0.00;-0.013811757971607844
endstage.renal.disease:0.00;0.039570066190199524
chronic.kidney.disease:0.00;0.0033880235734811345
asthma:1.00;-0.0501907417635965
copd:0.00;-0.002698697726982842
dementia:0.00;0.0030821740746781474
cancer:0.00;-0.05838807342435779
