Features;Individual Effect
age:88.00;-0.15647513881616998
race:white;-0.11425115654325599
sex:male;-0.14434064740310812
hypertension:0.00;-0.07814723794937176
hyperlipidemia:0.00;-0.0018270597069651937
diabetes:0.00;0.032406201817935194
coronary.artery.disease:0.00;0.05626355159074958
chf:0.00;-0.023932047891444277
cerebrovascular.disease:0.00;-0.0007869758728577952
hepatitis:0.00;0.03364991594053179
endstage.renal.disease:0.00;0.03378159283303441
chronic.kidney.disease:0.00;-0.018871727601108716
asthma:0.00;-0.021754147448700117
copd:0.00;-0.0019511926723396467
dementia:1.00;-0.13652267764725606
cancer:0.00;0.02352131038079052
