Features;Individual Effect
age:80.00;-0.19624441061481135
race:black;0.020136582724384445
sex:female;0.06714130648797498
hypertension:1.00;-0.09457743946882655
hyperlipidemia:0.00;-0.03273022213574497
diabetes:0.00;-0.023399588900729032
coronary.artery.disease:0.00;0.025686715298004065
chf:0.00;-0.025757025098960898
cerebrovascular.disease:0.00;-0.0219549296184422
hepatitis:0.00;-0.050604024711051444
endstage.renal.disease:0.00;-0.01677972821947151
chronic.kidney.disease:0.00;-0.008961974635225908
asthma:0.00;0.0162040830489563
copd:0.00;-0.051051679745618486
dementia:0.00;0.002206116326920934
cancer:0.00;0.010271266326729433
