Features;Individual Effect
age;0.105526054958432
race;-0.009668849358582532
sex;0.06185461602068761
hypertension;-0.0015184616955450647
hyperlipidemia;-0.0163925270574664
diabetes;0.04363404304834374
coronary.artery.disease;-0.002880973101729545
chf;0.034039558128930975
cerebrovascular.disease;-0.04808581068885162
hepatitis;-0.10362280303112706
endstage.renal.disease;0.0013730078982420943
chronic.kidney.disease;-0.054171148286614915
asthma;0.016896476581643883
copd;-0.01807780762953616
dementia;0.053409930661633076
cancer;-0.21222042995542456
