Features;Individual Effect
age:73.00;-0.07814015402162058
race:white;-0.011722449792892171
sex:male;-0.02396001923158865
hypertension:1.00;0.022308955270064983
hyperlipidemia:0.00;-0.009943702258528943
diabetes:1.00;-0.04001805108962718
coronary.artery.disease:1.00;-0.15313358162192528
chf:0.00;0.0060507938470745395
cerebrovascular.disease:0.00;-0.01737778783021735
hepatitis:0.00;0.003948878576928919
endstage.renal.disease:0.00;-0.018655610960967135
chronic.kidney.disease:0.00;0.027434049030694352
asthma:1.00;0.023384328342388808
copd:1.00;0.03943489629443661
dementia:0.00;-0.022127885683402577
cancer:0.00;0.0052792436590151995
