Features;Individual Effect
age;0.21908956996897105
race;0.028661898983225964
sex;0.06648460366856976
hypertension;0.014226880746378533
hyperlipidemia;0.008857065223021597
diabetes;-0.024457201486224267
coronary.artery.disease;0.06982623628995645
chf;0.014497967458970454
cerebrovascular.disease;0.016905968564619317
hepatitis;-0.01122379711419011
endstage.renal.disease;0.031597205134758354
chronic.kidney.disease;-0.010531825539083526
asthma;0.013520945944265013
copd;0.044855375180618606
dementia;0.014845350748992243
cancer;0.038993718413705185
