Features;Individual Effect
age:48.00;0.2284823911276317
race:black;0.09491507812925709
sex:male;-0.0067496208957735365
hypertension:0.00;-0.022775178794826424
hyperlipidemia:0.00;-0.06582435559354227
diabetes:1.00;-0.11377366063420381
coronary.artery.disease:1.00;0.015838912573181187
chf:0.00;0.013858681299635533
cerebrovascular.disease:0.00;0.027639191362339412
hepatitis:0.00;0.0027317949984263182
endstage.renal.disease:0.00;0.01784891247210605
chronic.kidney.disease:0.00;-0.02074444994159451
asthma:0.00;-0.043144114584942474
copd:0.00;0.030476751726556207
dementia:0.00;0.007397609260312398
cancer:0.00;-0.029826994900556816
