Features;Individual Effect
age;-0.06248418499610959
race;-0.03377537033506992
sex;-0.08654901285458481
hypertension;0.03697396606989474
hyperlipidemia;-0.025357550139944618
diabetes;0.028406891011597525
coronary.artery.disease;-0.1577896094482225
chf;0.005958708825266432
cerebrovascular.disease;-0.0237002566574998
hepatitis;0.016225109955745304
endstage.renal.disease;0.016492909319752128
chronic.kidney.disease;0.0167282031879335
asthma;0.02318164637714791
copd;0.046939682861487114
dementia;0.0030447837043994994
cancer;0.0027787183828641253
