Features;Individual Effect
age:70.00;0.06987596939588966
race:black;-0.04419672326714115
sex:male;-0.05280455968228125
hypertension:1.00;0.08860381290263088
hyperlipidemia:0.00;0.04920757506373866
diabetes:1.00;-0.008731903661662106
coronary.artery.disease:0.00;0.025622173681262565
chf:0.00;0.00027582626666876114
cerebrovascular.disease:0.00;0.003291032703860179
hepatitis:0.00;-0.007488250149905399
endstage.renal.disease:0.00;0.007665912117876596
chronic.kidney.disease:0.00;-0.0022745014803469276
asthma:0.00;0.0008111726490177304
copd:0.00;0.02011106337451448
dementia:0.00;0.0006628732039156951
cancer:0.00;0.01398676208024745
