Features;Individual Effect
age;-0.11867277400353707
race;-0.020233352489877704
sex;0.02052953707821897
hypertension;-0.01680794349273629
hyperlipidemia;-0.018127848128457684
diabetes;-0.01582414946352149
coronary.artery.disease;0.01289049856496456
chf;-0.02334909757292346
cerebrovascular.disease;-0.14223853465379865
hepatitis;-0.01417593404374268
endstage.renal.disease;-0.0031126352914798983
chronic.kidney.disease;0.018701253445188807
asthma;0.03251568479169841
copd;-0.024678248842495285
dementia;0.0036819363975237242
cancer;0.004601023726804114
