Features;Individual Effect
age:53.00;0.1895669207810376
race:black;0.06302826780488281
sex:male;-0.04957238031152468
hypertension:0.00;-0.03220773312789219
hyperlipidemia:0.00;-0.01692547560655555
diabetes:0.00;0.0896821676233281
coronary.artery.disease:0.00;0.04213309845496162
chf:0.00;-0.022286041526218495
cerebrovascular.disease:0.00;-0.0435693742320435
hepatitis:0.00;0.017460214788090414
endstage.renal.disease:0.00;0.07658721225941267
chronic.kidney.disease:0.00;-0.029160845564951767
asthma:0.00;0.007784849110501093
copd:0.00;0.031429440501909586
dementia:0.00;-0.07064208130961538
cancer:0.00;0.06019831864606094
