Features;Individual Effect
age:89.00;-0.10833314075201389
race:white;0.020977975441860183
sex:female;0.024790032030923066
hypertension:1.00;0.028963774014216237
hyperlipidemia:1.00;0.020727757718998745
diabetes:1.00;0.032771842904836215
coronary.artery.disease:0.00;0.06166545951280403
chf:0.00;-0.014131505373061674
cerebrovascular.disease:1.00;-0.019458421172148056
hepatitis:0.00;0.08262985237918398
endstage.renal.disease:0.00;0.036182456452537336
chronic.kidney.disease:0.00;0.02158197929724518
asthma:0.00;0.02713950986714364
copd:0.00;0.0077859565005874345
dementia:1.00;0.02373580204877093
cancer:0.00;-0.06515626081028411
