Features;Individual Effect
age;-0.11306058514216247
race;0.0129053273276417
sex;-0.037752733354563806
hypertension;0.026727094501726403
hyperlipidemia;0.011116389798661409
diabetes;0.008359687511950549
coronary.artery.disease;-0.05019300901927925
chf;0.09895238024921679
cerebrovascular.disease;0.07384774554507095
hepatitis;-0.025493103184778904
endstage.renal.disease;-0.0067746869909131365
chronic.kidney.disease;0.06726417057303553
asthma;-0.034984911742602626
copd;0.03683446696223081
dementia;-0.0004497538849088361
cancer;0.002996713445389123
