Features;Individual Effect
age:50.00;0.07896921293381752
race:black;0.04155895227190341
sex:female;0.08686679849409085
hypertension:0.00;-0.0003768701706338036
hyperlipidemia:0.00;0.01153898420688254
diabetes:1.00;-0.05399975888551773
coronary.artery.disease:0.00;0.03794744472429318
chf:0.00;-0.017079972072198628
cerebrovascular.disease:0.00;-0.036497672623028984
hepatitis:0.00;-0.02265813547634024
endstage.renal.disease:1.00;0.04452861342403268
chronic.kidney.disease:0.00;-0.01675004747900103
asthma:0.00;-0.003286087015639587
copd:0.00;0.015792790450957106
dementia:0.00;0.030625403138646215
cancer:0.00;0.0005446433653545132
