Features;Individual Effect
age:60.00;0.1238550380304634
race:black;-0.003247453570215428
sex:female;0.11880147763149881
hypertension:0.00;0.03860303535607054
hyperlipidemia:0.00;-0.0009374074206166365
diabetes:0.00;0.07384319940438094
coronary.artery.disease:0.00;0.061614522922146496
chf:1.00;-0.0435150238615887
cerebrovascular.disease:0.00;0.028304244031177365
hepatitis:0.00;-0.013231383293834394
endstage.renal.disease:0.00;0.010057052988867502
chronic.kidney.disease:0.00;-0.033066853294856424
asthma:0.00;0.05246577558799774
copd:0.00;0.0055709272766704815
dementia:0.00;0.005712592154107229
cancer:0.00;0.025003388529656098
