Features;Individual Effect
age:72.00;-0.021150588272175943
race:black;-0.025357417851027606
sex:male;0.010264517467027143
hypertension:1.00;0.009134882834550497
hyperlipidemia:0.00;-0.07718682647949077
diabetes:1.00;-0.009877851697211185
coronary.artery.disease:0.00;0.06509579242813573
chf:0.00;0.035969614832273365
cerebrovascular.disease:0.00;0.029743154167097618
hepatitis:0.00;0.010235894675873191
endstage.renal.disease:1.00;0.017355110491940672
chronic.kidney.disease:0.00;0.004779915401183734
asthma:0.00;0.004122350443087671
copd:0.00;0.02080611081236093
dementia:0.00;-0.014230871809851768
cancer:0.00;-0.00022497664733301504
