Features;Individual Effect
age:55.00;0.33696427794663847
race:black;0.047164479981434915
sex:male;-0.06061232198457051
hypertension:1.00;0.10501793640613682
hyperlipidemia:0.00;0.026819790379160286
diabetes:1.00;-0.027018128541829074
coronary.artery.disease:0.00;0.029744635795426296
chf:0.00;0.0073073145292517315
cerebrovascular.disease:0.00;-0.03767528618289867
hepatitis:0.00;0.039183378620457655
endstage.renal.disease:0.00;-0.0915265399943153
chronic.kidney.disease:0.00;-0.006313320123823471
asthma:0.00;0.01613046559842536
copd:0.00;-0.00484244505806344
dementia:0.00;0.0020950231013104927
cancer:0.00;-0.034619708031047025
