Features;Individual Effect
age;-0.015301985801010097
race;0.004590889649962154
sex;-0.030740835840523794
hypertension;0.015522707372128314
hyperlipidemia;-0.13700437667854182
diabetes;-0.05078420303392259
coronary.artery.disease;0.06347413566245545
chf;-0.13913642100415793
cerebrovascular.disease;0.018398437879080243
hepatitis;0.004236930733188059
endstage.renal.disease;0.008881269761243685
chronic.kidney.disease;-0.009709343239930671
asthma;0.0011175460291697106
copd;0.005885550287676976
dementia;-0.006212936669519101
cancer;0.051269581576866646
