Features;Individual Effect
age;-0.22717254944425774
race;-0.027319144912909307
sex;0.03395469206801953
hypertension;-0.09775749545354834
hyperlipidemia;-0.059449186849673444
diabetes;-0.003932907355284784
coronary.artery.disease;0.026490027747412638
chf;-0.0076288385625878745
cerebrovascular.disease;0.01030197070461609
hepatitis;0.03382121132528316
endstage.renal.disease;-0.0062391578452940105
chronic.kidney.disease;-0.002170643319367496
asthma;-0.008037104940641042
copd;-0.014533429804154323
dementia;-0.007278342077663808
cancer;-0.06535709361783691
