Features;Individual Effect
age;0.13818536977881704
race;0.005505206788151057
sex;0.0430859902652793
hypertension;0.024813762112947245
hyperlipidemia;0.017665524242881807
diabetes;0.06796505050950613
coronary.artery.disease;0.010169840236043807
chf;0.03068066564776787
cerebrovascular.disease;0.0023148416969233677
hepatitis;-0.0124987362612757
endstage.renal.disease;-0.01462086688308266
chronic.kidney.disease;0.01739392590798293
asthma;0.007162366941659065
copd;0.020027547615741097
dementia;0.03342502677511393
cancer;-0.03712416795948089
