Features;Individual Effect
age;-0.21226767833224014
race;0.055339214285830746
sex;0.04086965838146052
hypertension;-0.014614240088094019
hyperlipidemia;-0.13437727449200126
diabetes;-0.02260937744782269
coronary.artery.disease;-0.11065769750595915
chf;0.009638598281662863
cerebrovascular.disease;0.03091904993287279
hepatitis;0.03306384083474346
endstage.renal.disease;-0.035177238838755065
chronic.kidney.disease;0.0170248217811615
asthma;0.005196745021003874
copd;0.024556108233139026
dementia;0.007911792171263246
cancer;0.019740409419639164
