Features;Individual Effect
age;-0.07324951629425719
race;-0.08797452054892423
sex;-0.04088984097511501
hypertension;-0.1207691274433549
hyperlipidemia;0.022229118172068435
diabetes;0.02592808246480289
coronary.artery.disease;0.06040590036652549
chf;-0.016650323122871895
cerebrovascular.disease;-0.0059246950311444176
hepatitis;-0.027167705461898242
endstage.renal.disease;-0.017309971448557518
chronic.kidney.disease;0.01373514745740836
asthma;-0.0065517240620014475
copd;0.026214123575108318
dementia;0.0011201035513535781
cancer;-0.03213574940322217
