Features;Individual Effect
age;0.017661771579094827
race;-0.062348521048990885
sex;-0.060409510121846546
hypertension;-0.0796545278804968
hyperlipidemia;-0.06551915243680176
diabetes;0.0063600219953541225
coronary.artery.disease;0.03553869186633446
chf;0.01772215537779443
cerebrovascular.disease;-0.005035667272600762
hepatitis;0.03955118949247788
endstage.renal.disease;-0.031601611523073184
chronic.kidney.disease;0.04585365105565947
asthma;0.03586069950633696
copd;-0.013026081459614867
dementia;-0.023297488863051743
cancer;0.011394089518338719
