Features;Individual Effect
age;-0.17556314580504426
race;0.13836103950654632
sex;0.03823345357327951
hypertension;0.0499009970999877
hyperlipidemia;0.038390797973029876
diabetes;-0.011987863423408296
coronary.artery.disease;0.03509682516620219
chf;0.01109567624546308
cerebrovascular.disease;0.0050792828078446844
hepatitis;0.026402505890118576
endstage.renal.disease;-0.029905851559454133
chronic.kidney.disease;-0.013492892035854971
asthma;-0.005562568121683924
copd;0.016776478855064822
dementia;0.06503226298173068
cancer;-0.04067717450083447
