Features;Individual Effect
age;-0.14802479640685234
race;-0.056606751265870156
sex;-0.08254374613838913
hypertension;-0.06941763638742682
hyperlipidemia;0.007154629756953579
diabetes;0.012169339397962966
coronary.artery.disease;-0.027076875563542848
chf;-0.0029604724168243307
cerebrovascular.disease;0.023172739222546354
hepatitis;0.011934206239223324
endstage.renal.disease;0.011612050717598472
chronic.kidney.disease;-0.011492510902061295
asthma;-0.009018848878457792
copd;0.012062823703134093
dementia;-0.04794398761699445
cancer;0.02696820704461326
