Features;Individual Effect
age:67.00;0.09844620882715299
race:black;0.06353596798545799
sex:male;0.023046124004014606
hypertension:0.00;-0.010735874853133664
hyperlipidemia:0.00;0.000927561781656594
diabetes:0.00;0.05021518112322253
coronary.artery.disease:0.00;0.14091045424433263
chf:0.00;0.013659196080586637
cerebrovascular.disease:0.00;-0.010874758808145882
hepatitis:0.00;0.01491676895389329
endstage.renal.disease:0.00;-0.019868281824606832
chronic.kidney.disease:0.00;-0.028617852272812574
asthma:0.00;0.005542787029311647
copd:0.00;0.016908845190146203
dementia:0.00;-0.01896048111479247
cancer:0.00;0.018580065951692187
