Features;Individual Effect
age;0.07104517784394791
race;0.02929174369279757
sex;0.0700521549820235
hypertension;0.08315171075908563
hyperlipidemia;0.051534894498583186
diabetes;-0.03268010298136283
coronary.artery.disease;0.06169054642930013
chf;-0.02105900921601133
cerebrovascular.disease;0.0002895551519326977
hepatitis;-0.013073301881561888
endstage.renal.disease;-0.005583138606122678
chronic.kidney.disease;0.061302660689072544
asthma;-0.05709861006361956
copd;-0.04799617672613932
dementia;0.045772756670212605
cancer;-0.0568133948328728
