Features;Individual Effect
age:60.00;0.12977775951936968
race:black;0.08574011444178017
sex:female;0.06394790920799132
hypertension:0.00;-0.024100950878198038
hyperlipidemia:0.00;-0.027571756139130692
diabetes:0.00;0.05111694471149124
coronary.artery.disease:0.00;0.07330461296644125
chf:0.00;0.034895057955334485
cerebrovascular.disease:0.00;-0.022628289597744
hepatitis:0.00;-0.021440945092298214
endstage.renal.disease:0.00;-0.05060394845176358
chronic.kidney.disease:0.00;-0.010571149447047103
asthma:0.00;-0.025189231920376746
copd:0.00;0.06307917033257722
dementia:0.00;0.00782148739470798
cancer:0.00;0.051413993329116434
