Features;Individual Effect
age;-0.19298404790587143
race;0.05111787031490646
sex;-0.07643734603840446
hypertension;-0.01273522246015227
hyperlipidemia;0.005403606398581014
diabetes;-0.02172690681406344
coronary.artery.disease;-0.20832061368165108
chf;-0.03675158650790731
cerebrovascular.disease;0.012839803981183912
hepatitis;-0.034694564024346376
endstage.renal.disease;0.01416580187778303
chronic.kidney.disease;-0.06873611395830491
asthma;0.0076226174053597336
copd;-0.0030330610338381507
dementia;0.01592104848655402
cancer;0.0555006531361603
