Features;Individual Effect
age;-0.01792637588706364
race;-0.039742353768461594
sex;-0.05399790859380449
hypertension;0.0012040567367556584
hyperlipidemia;-0.17700246510823398
diabetes;-0.0020313857826319524
coronary.artery.disease;-0.06321963106849528
chf;-0.05912598745396527
cerebrovascular.disease;-0.008542812169158226
hepatitis;-0.01338488609080447
endstage.renal.disease;-0.019575852937262772
chronic.kidney.disease;-0.0029164908137922496
asthma;0.039285963853808246
copd;-0.008409090419124726
dementia;0.021952394812196387
cancer;0.007997140471645507
