Features;Individual Effect
age:36.00;0.3335420306210436
race:asian;0.017057538508944606
sex:male;-0.006679849275518821
hypertension:1.00;0.02713892925819911
hyperlipidemia:0.00;-0.026942671807807028
diabetes:0.00;0.027238605768572524
coronary.artery.disease:1.00;-0.11637857805017207
chf:0.00;-0.016001074430474264
cerebrovascular.disease:0.00;-0.009915007911482223
hepatitis:0.00;-0.02152775303178937
endstage.renal.disease:0.00;-0.013175317616715618
chronic.kidney.disease:0.00;-0.010033122115959608
asthma:0.00;-0.022216501144240976
copd:0.00;-0.007204586329582984
dementia:0.00;0.013901298923466768
cancer:0.00;0.00936371089336325
