Features;Individual Effect
age;0.06570073169610093
race;-0.030969174096216107
sex;-0.031450729944580126
hypertension;-0.02182251726100012
hyperlipidemia;0.009190473779861407
diabetes;0.028950904806687848
coronary.artery.disease;0.06274308049183942
chf;-0.02216867625987922
cerebrovascular.disease;0.024319774005183703
hepatitis;0.0546114707616363
endstage.renal.disease;-0.01170699977271734
chronic.kidney.disease;-0.012387437956423296
asthma;-0.009017409848203756
copd;-0.009523568173497917
dementia;0.05177779643812057
cancer;-0.037325694027565866
