Features;Individual Effect
age:28.00;0.33175029868035605
race:white;0.002748851644523702
sex:female;0.014572640545672684
hypertension:0.00;-0.0347107954992934
hyperlipidemia:0.00;0.0003590808398150668
diabetes:0.00;0.08230120865799825
coronary.artery.disease:0.00;0.047348789505672076
chf:0.00;0.0002950443812780902
cerebrovascular.disease:0.00;-0.0239499051671063
hepatitis:0.00;-0.010227534963639743
endstage.renal.disease:0.00;-0.012063875687223887
chronic.kidney.disease:0.00;0.03326325324568694
asthma:0.00;-0.009954101575408806
copd:0.00;0.004879356491907872
dementia:0.00;0.04769252241737799
cancer:0.00;0.005208984879142278
