Features;Individual Effect
age:55.00;0.22983263882223653
race:white;0.025059570017856636
sex:male;0.02719212953878956
hypertension:1.00;0.04947658007973628
hyperlipidemia:1.00;0.09436876032473823
diabetes:0.00;-0.004889120973730202
coronary.artery.disease:1.00;-0.08709606233062445
chf:0.00;0.02590649019778879
cerebrovascular.disease:0.00;-0.024177582866546914
hepatitis:0.00;-0.039053040784644104
endstage.renal.disease:0.00;-0.024868351609394795
chronic.kidney.disease:0.00;0.019795890500831206
asthma:0.00;0.009223333026367832
copd:0.00;0.0014059601120157677
dementia:0.00;-0.042966433178823996
cancer:0.00;0.0009508865099650387
