Features;Individual Effect
age:75.00;-0.09159814028385892
race:white;0.005032119836673399
sex:male;-0.004202041636014354
hypertension:0.00;0.0559490760859611
hyperlipidemia:0.00;-0.0013324371118026597
diabetes:0.00;0.0020686306085125773
coronary.artery.disease:1.00;0.02200157648252308
chf:1.00;0.16913790655099747
cerebrovascular.disease:0.00;-0.0030538705682858387
hepatitis:0.00;0.0643134691757318
endstage.renal.disease:0.00;-0.029135071146728198
chronic.kidney.disease:0.00;-0.005460472672951015
asthma:0.00;0.06290936941390372
copd:0.00;0.019438026931584057
dementia:0.00;-0.04717432038160443
cancer:0.00;-0.030311712521320085
