Features;Individual Effect
age;-0.06101881832964633
race;0.08520173006604682
sex;0.07899173516457345
hypertension;0.07973869064389989
hyperlipidemia;-0.01231450054058996
diabetes;0.040633765103520736
coronary.artery.disease;0.0341062343704991
chf;0.0534297127789749
cerebrovascular.disease;0.0271354768317909
hepatitis;0.002362161818093199
endstage.renal.disease;0.01348737928325177
chronic.kidney.disease;0.013510257262127071
asthma;-0.03937474794216393
copd;0.013251896877595818
dementia;0.020894847061072384
cancer;-0.031352777892933906
