Features;Individual Effect
age:89.00;-0.14410411134389983
race:white;-0.03956903534062225
sex:female;0.04149955192142679
hypertension:0.00;0.009549698673530988
hyperlipidemia:0.00;-0.00759818034271055
diabetes:0.00;0.007900241456946365
coronary.artery.disease:0.00;0.03925114239718883
chf:0.00;-0.0064936411340495
cerebrovascular.disease:1.00;-0.10538444478120812
hepatitis:0.00;0.032783098613022574
endstage.renal.disease:0.00;-0.0008514482013064015
chronic.kidney.disease:0.00;-0.005203706489021675
asthma:0.00;0.01180591625136287
copd:0.00;0.0499224196852197
dementia:1.00;-0.07118313549381984
cancer:0.00;0.010654792752728952
