Features;Individual Effect
age;-0.11857107120278611
race;-0.04597864437724136
sex;-0.09499806930058952
hypertension;-0.10525885512435659
hyperlipidemia;0.0007059402379924959
diabetes;-0.041534825560763294
coronary.artery.disease;-0.025224524222059896
chf;0.02091843540262313
cerebrovascular.disease;-0.01690465261804134
hepatitis;0.02498589513635387
endstage.renal.disease;-0.036320603051146476
chronic.kidney.disease;0.021205528601583742
asthma;0.015322417927116416
copd;2.131339706440069e-05
dementia;0.026128568347543474
cancer;0.0012064206844454237
