Features;Individual Effect
age:75.00;-0.2069299695403251
race:white;-0.05212693938970898
sex:male;-0.09619030801469572
hypertension:0.00;-0.06689403301327837
hyperlipidemia:0.00;0.02177682617740892
diabetes:0.00;0.04080099105833978
coronary.artery.disease:0.00;0.051291135712459156
chf:0.00;-0.004669333599189477
cerebrovascular.disease:0.00;0.022005014566736595
hepatitis:0.00;0.0008607610914370834
endstage.renal.disease:0.00;0.03955217831538485
chronic.kidney.disease:0.00;-0.007704381487023869
asthma:0.00;0.011188276314483611
copd:0.00;-0.007536206536519778
dementia:0.00;0.004743299707964596
cancer:0.00;-0.031279867590004055
