Features;Individual Effect
age:82.00;-0.08477317465065706
race:asian;0.11153995058195057
sex:male;0.030367914144429214
hypertension:1.00;-0.001456695236842949
hyperlipidemia:0.00;-0.009526887715811672
diabetes:0.00;-0.012979900980407605
coronary.artery.disease:0.00;0.04134193657997255
chf:0.00;0.03111395743293079
cerebrovascular.disease:0.00;0.01922238488556651
hepatitis:0.00;-0.005172734929933205
endstage.renal.disease:0.00;-0.004874540933761003
chronic.kidney.disease:0.00;0.026510252931268186
asthma:0.00;-0.0016092823150987007
copd:0.00;0.009967131949225706
dementia:1.00;0.04863305879932737
cancer:0.00;0.01790060406287371
