Features;Individual Effect
age:64.00;0.1683438182200486
race:white;-0.010277603299746238
sex:male;0.01508758407592349
hypertension:1.00;0.0776498205345095
hyperlipidemia:0.00;-0.07809516051696279
diabetes:0.00;-0.0008646443492318226
coronary.artery.disease:1.00;-0.15789460163680277
chf:0.00;-0.01681094866240465
cerebrovascular.disease:0.00;-0.006633629912834917
hepatitis:0.00;0.004680315461456776
endstage.renal.disease:0.00;0.03927533868376114
chronic.kidney.disease:0.00;0.055068586109042174
asthma:0.00;0.02404100096995614
copd:0.00;0.0001813631800583037
dementia:0.00;0.041570290083548816
cancer:0.00;-0.03281549063260328
