Features;Individual Effect
age:89.00;-0.16162511193991208
race:white;-0.046277442257632
sex:female;0.06958352162652583
hypertension:1.00;-0.027936203251478962
hyperlipidemia:0.00;-0.039992233547895654
diabetes:1.00;-0.03670425972087953
coronary.artery.disease:1.00;-0.1491056608485908
chf:0.00;-0.014253179322517663
cerebrovascular.disease:0.00;0.05524465610873696
hepatitis:0.00;-0.06603705134676707
endstage.renal.disease:0.00;0.018867024212275898
chronic.kidney.disease:0.00;-0.07314922851659009
asthma:0.00;0.031179150330574664
copd:0.00;0.017444068104023193
dementia:0.00;-0.002448127371290229
cancer:0.00;0.004251089786574538
