Features;Individual Effect
age:64.00;0.04052832333121005
race:black;-0.013143480298215125
sex:male;-0.013349324612155012
hypertension:1.00;0.06550576389836824
hyperlipidemia:0.00;-0.04239854313224035
diabetes:0.00;0.04965523466162089
coronary.artery.disease:0.00;0.11500670489042886
chf:0.00;0.05385302429727108
cerebrovascular.disease:0.00;-0.005089730662083773
hepatitis:0.00;-0.024826973553210237
endstage.renal.disease:0.00;0.012645276576056477
chronic.kidney.disease:0.00;-0.005058881145856795
asthma:0.00;0.015397665127611464
copd:0.00;-0.011590479637192029
dementia:0.00;-0.010938587318842556
cancer:0.00;0.00806058610250963
