Features;Individual Effect
age;0.1536383581501644
race;0.01789506796235773
sex;-0.06148384791508354
hypertension;0.06777723608472604
hyperlipidemia;-0.05246705509524267
diabetes;0.12177677758363163
coronary.artery.disease;0.06670326334951929
chf;0.013410987503078824
cerebrovascular.disease;0.004055784872689828
hepatitis;-0.008974831615703343
endstage.renal.disease;-0.026197131458881938
chronic.kidney.disease;-0.008100127811884269
asthma;0.013793525329918434
copd;0.017242861332197025
dementia;-0.029814985517805658
cancer;0.002829056303085017
