Features;Individual Effect
age:59.00;0.07121477083879076
race:black;0.013720305301450976
sex:male;-0.05321429967474168
hypertension:0.00;-0.02368207169463915
hyperlipidemia:0.00;-0.004353570839296534
diabetes:1.00;-0.036871103279126724
coronary.artery.disease:0.00;0.050922464932883424
chf:0.00;-0.02753913555005857
cerebrovascular.disease:0.00;-0.013494245143754361
hepatitis:0.00;-0.007280575663457433
endstage.renal.disease:0.00;-0.009440447107698953
chronic.kidney.disease:0.00;-0.0003424291246407335
asthma:0.00;-0.005561177500512892
copd:1.00;0.12890688396896
dementia:0.00;-0.008376217180742794
cancer:0.00;0.012672557859505208
