Features;Individual Effect
age:33.00;0.3792060274995144
race:black;0.09046691838902673
sex:male;-0.013134789516169589
hypertension:0.00;-0.040082743253529424
hyperlipidemia:0.00;-0.017386820874665983
diabetes:0.00;0.04650332475278716
coronary.artery.disease:1.00;-0.10416639226845452
chf:0.00;-0.052123668961523976
cerebrovascular.disease:0.00;0.043120806764423786
hepatitis:0.00;-0.04173533079931807
endstage.renal.disease:0.00;-0.024383267947673603
chronic.kidney.disease:0.00;-0.014761858954046018
asthma:0.00;0.04710149552607219
copd:0.00;-0.025656014108663267
dementia:0.00;0.016358101332402775
cancer:0.00;0.027438285074896186
