Features;Individual Effect
age:62.00;0.024397344146322174
race:white;-0.05857839890256854
sex:male;-0.013253012993641941
hypertension:0.00;-0.0842938396176687
hyperlipidemia:0.00;-0.029547614465546438
diabetes:0.00;0.0190742622013622
coronary.artery.disease:1.00;-0.15557892253505434
chf:0.00;-0.06104979407090803
cerebrovascular.disease:0.00;0.028309566583118388
hepatitis:0.00;-0.0025172168471176287
endstage.renal.disease:0.00;-0.008924504852216741
chronic.kidney.disease:0.00;-0.08226008822727976
asthma:0.00;-0.02171160974289471
copd:0.00;-0.007534159461726239
dementia:0.00;0.021017924065395634
cancer:0.00;-0.0034572872265991386
