Features;Individual Effect
age;-0.19448598667990913
race;0.056692635384766404
sex;0.03671840768280503
hypertension;0.07115363241687504
hyperlipidemia;-0.007647551396629197
diabetes;0.026458330389448146
coronary.artery.disease;0.05929254853641937
chf;0.007765494437199896
cerebrovascular.disease;0.04968303406631247
hepatitis;0.009384968893504812
endstage.renal.disease;0.0014040130131443528
chronic.kidney.disease;0.015294013346338455
asthma;0.0011224792816999507
copd;-0.017739210305953535
dementia;-0.011304304894518412
cancer;-0.010745474619774063
