Features;Individual Effect
age;-0.004065862773973517
race;-0.030028320521127076
sex;-0.06436997775663565
hypertension;-0.03887025347279202
hyperlipidemia;0.007459634763987387
diabetes;-0.2000492599817411
coronary.artery.disease;-0.02248024750625234
chf;0.007322959259354885
cerebrovascular.disease;0.05741391562639381
hepatitis;-0.004384496972182232
endstage.renal.disease;-0.0036409042910338953
chronic.kidney.disease;-0.014635313664799098
asthma;-0.013871960672037721
copd;0.014301668068337305
dementia;0.04639780757551017
cancer;0.020699512614345005
