Features;Individual Effect
age:87.00;-0.07645447285956582
race:white;0.016752948614405322
sex:male;0.01158696627772827
hypertension:1.00;0.022166632341079847
hyperlipidemia:1.00;0.06713826222262627
diabetes:0.00;0.012893459071208039
coronary.artery.disease:1.00;-0.016466131132671123
chf:1.00;0.019312412187992928
cerebrovascular.disease:0.00;-0.021156698546710134
hepatitis:0.00;-0.01310806057542221
endstage.renal.disease:0.00;-0.023002959278599827
chronic.kidney.disease:0.00;0.0012020343650356105
asthma:1.00;0.1344849679161732
copd:1.00;0.08627777478973189
dementia:1.00;-0.07138120153808147
cancer:0.00;-0.021641923236543188
