Features;Individual Effect
age:21.00;0.3351926988346712
race:white;-0.04734747662989258
sex:female;0.03767593526979317
hypertension:0.00;0.03929331044262232
hyperlipidemia:0.00;-0.0036755188796831584
diabetes:0.00;0.022078142451465377
coronary.artery.disease:0.00;0.06253543948998379
chf:0.00;0.019275200572486786
cerebrovascular.disease:0.00;-0.0012177610945826145
hepatitis:0.00;0.0009012330603079409
endstage.renal.disease:0.00;0.009081265348971745
chronic.kidney.disease:0.00;-0.0018067959360858598
asthma:0.00;-0.025399836062008206
copd:0.00;0.004854326340962947
dementia:0.00;0.060344397075208514
cancer:0.00;0.021439914303277324
