Features;Individual Effect
age;0.02325114014295317
race;0.1148974756669011
sex;-0.033134582222516536
hypertension;0.026884095145303752
hyperlipidemia;-0.00984148397097137
diabetes;0.07194535047333137
coronary.artery.disease;0.1103571416138984
chf;0.011548149831861122
cerebrovascular.disease;0.006373129182537476
hepatitis;-0.0016915908575194302
endstage.renal.disease;0.030186888302780313
chronic.kidney.disease;0.048652152945768176
asthma;0.008487481750379826
copd;-0.026410265490089374
dementia;0.006084242669493652
cancer;-0.00393427414563928
