Features;Individual Effect
age:36.00;0.29148355834228357
race:asian;0.027229110859764292
sex:male;-0.01790602191460085
hypertension:0.00;-0.004341172943475063
hyperlipidemia:0.00;0.038532362511937514
diabetes:0.00;0.03431106885536729
coronary.artery.disease:0.00;0.05652302932387182
chf:0.00;-0.008680242596025817
cerebrovascular.disease:0.00;0.03476506427792129
hepatitis:0.00;-0.03000637224760259
endstage.renal.disease:0.00;-0.0050815880849968045
chronic.kidney.disease:0.00;0.029754174823113134
asthma:0.00;-0.012755028168856736
copd:0.00;0.013294760750276594
dementia:0.00;-0.022927990283571544
cancer:0.00;-0.017946376419756622
