Features;Individual Effect
age;-0.0366858935818288
race;-0.044074674167330324
sex;0.0008700498278149255
hypertension;-0.038408398911783374
hyperlipidemia;-0.009319370367211519
diabetes;-0.053983250638129594
coronary.artery.disease;-0.18413596843571475
chf;-0.03776690916915803
cerebrovascular.disease;-0.006409153113162355
hepatitis;-0.02304104366889201
endstage.renal.disease;0.015466763764321961
chronic.kidney.disease;-0.020490651846680717
asthma;-0.006065946627200721
copd;-0.013095373550107155
dementia;-0.03408085055418975
cancer;-0.017007482296806133
