Features;Individual Effect
age;0.03406116844112594
race;0.014551486267279284
sex;0.030360683316317638
hypertension;0.035925657429684704
hyperlipidemia;-0.023580325623394963
diabetes;-0.0691981348112151
coronary.artery.disease;0.04030784118611139
chf;-0.005037395156579546
cerebrovascular.disease;-0.038808405580063696
hepatitis;0.02898699774578481
endstage.renal.disease;0.04412221965726557
chronic.kidney.disease;0.0013003283516805231
asthma;0.011177181829987963
copd;-0.039764493853084386
dementia;0.026286391282796823
cancer;-0.0022665781249455877
