Features;Individual Effect
age;-0.14806026337682002
race;0.012437078878141621
sex;-0.04176746960312658
hypertension;0.03576977525828419
hyperlipidemia;0.03588710004725472
diabetes;0.019369695331545582
coronary.artery.disease;0.037020356285892606
chf;0.0003838280602341473
cerebrovascular.disease;0.03656445222136023
hepatitis;0.05832397853065526
endstage.renal.disease;-0.030983442388550258
chronic.kidney.disease;0.030922577815089745
asthma;-0.030557426756003776
copd;0.020424798103987594
dementia;-0.0785014097655528
cancer;-0.185265987721791
