Features;Individual Effect
age:45.00;0.20670523302397872
race:black;0.018222868433568802
sex:male;-0.02513036084366492
hypertension:1.00;0.01706082929228718
hyperlipidemia:0.00;-0.03232644351940331
diabetes:1.00;0.00757768292839037
coronary.artery.disease:0.00;0.04911112471889774
chf:1.00;0.11550795135632913
cerebrovascular.disease:1.00;-0.024473245954173127
hepatitis:0.00;0.017437670161219044
endstage.renal.disease:0.00;0.02239966742114996
chronic.kidney.disease:0.00;0.009397697931656021
asthma:0.00;-0.029987957657959044
copd:0.00;0.01012135877420356
dementia:0.00;-0.01708033253832077
cancer:0.00;-0.02555873822705787
