Features;Individual Effect
age:78.00;-0.03730449236254882
race:white;0.0021571045076712314
sex:female;0.11441245536372903
hypertension:0.00;-0.046254410806310015
hyperlipidemia:0.00;0.009379558499579346
diabetes:1.00;0.00027180064710949706
coronary.artery.disease:0.00;-0.03425820429345343
chf:1.00;0.0039095143288042766
cerebrovascular.disease:0.00;0.02194479589529258
hepatitis:0.00;0.009467856735487518
endstage.renal.disease:0.00;0.02823855271353394
chronic.kidney.disease:0.00;-0.001371302067659728
asthma:1.00;0.08614835678820137
copd:1.00;0.050022727021430936
dementia:0.00;0.007078736009092512
cancer:1.00;-0.028390659537807075
