Features;Individual Effect
age:89.00;-0.14682709893116377
race:white;-0.030295139273222763
sex:male;-0.05193673517210257
hypertension:1.00;-0.0039415198204629
hyperlipidemia:1.00;0.09451744520109212
diabetes:0.00;0.016657628333143784
coronary.artery.disease:1.00;-0.07097660840007164
chf:0.00;-0.025215067004082128
cerebrovascular.disease:0.00;0.010655925356498721
hepatitis:0.00;-0.04056909986507431
endstage.renal.disease:0.00;-0.014477057150164672
chronic.kidney.disease:0.00;0.006841987663959119
asthma:0.00;0.00039792196075026307
copd:1.00;0.05640461283710052
dementia:0.00;0.03698384339835813
cancer:1.00;-0.07225851938406314
