Features;Individual Effect
age;-0.18600907769159677
race;-0.00033163230228883817
sex;-0.04875107656571874
hypertension;0.020672289098740904
hyperlipidemia;0.005739721826449681
diabetes;-0.030739085154635012
coronary.artery.disease;-0.11085295714218044
chf;-0.021768175504090333
cerebrovascular.disease;0.017919757133958897
hepatitis;0.02605563825420807
endstage.renal.disease;0.0029895334392840145
chronic.kidney.disease;0.0019550072306522056
asthma;-0.00012418213458541272
copd;0.007303267989270104
dementia;-0.0023098172772178264
cancer;-0.01813536096448555
