Features;Individual Effect
age;0.3529533874858045
race;-0.01105406030005808
sex;0.012145728407899225
hypertension;0.006268669602077968
hyperlipidemia;-0.051531857724933954
diabetes;0.011429525383908467
coronary.artery.disease;-0.11283397297707076
chf;0.0038570003914199825
cerebrovascular.disease;-0.03165678590685873
hepatitis;0.015161149052230241
endstage.renal.disease;0.02302686110026085
chronic.kidney.disease;0.030229427885535134
asthma;-0.024025856178963263
copd;-0.018262869096938732
dementia;0.015444263540273125
cancer;-0.015639677958936157
