Features;Individual Effect
age:80.00;-0.3301927768886111
race:white;-0.05921224897721805
sex:male;-0.08017527308584263
hypertension:1.00;-0.008296610162351784
hyperlipidemia:0.00;0.0031859912899908777
diabetes:0.00;-0.02656741336332845
coronary.artery.disease:0.00;0.09422658660682862
chf:0.00;-0.008399919860170107
cerebrovascular.disease:0.00;-0.029436084535303837
hepatitis:0.00;0.023366241487639057
endstage.renal.disease:0.00;-0.005323812907756232
chronic.kidney.disease:0.00;0.03918548799302596
asthma:0.00;0.05098798964851191
copd:0.00;-0.009570606877877625
dementia:0.00;0.03840731805585034
cancer:0.00;-0.011511460410177459
