Features;Individual Effect
age;0.3643006197068237
race;-0.028409831543507916
sex;0.04296002659270793
hypertension;0.011941273761194521
hyperlipidemia;0.00010301785707521219
diabetes;0.01971642988197585
coronary.artery.disease;0.0646798803214464
chf;0.015116253866186412
cerebrovascular.disease;-0.02987597647806565
hepatitis;-0.0008469217184038209
endstage.renal.disease;-0.009512550795728663
chronic.kidney.disease;0.013519729777217942
asthma;0.0033199774504158027
copd;-0.004065814248967271
dementia;-0.003535883391574966
cancer;0.042914285484989406
