Features;Individual Effect
age;0.35574590357079733
race;-0.030976113233267752
sex;-0.005142355058940658
hypertension;0.03137798277900307
hyperlipidemia;0.0026066133456450697
diabetes;0.013307939871559586
coronary.artery.disease;0.06568792304326557
chf;-0.0021485748123099436
cerebrovascular.disease;0.022188183678969242
hepatitis;-0.003225727236896648
endstage.renal.disease;-0.01959410026045443
chronic.kidney.disease;-0.004816246738119631
asthma;0.0022640593538709643
copd;-0.01911160183924453
dementia;-0.01518875640162672
cancer;0.006837319358264724
