Features;Individual Effect
age;0.2883103277510639
race;0.060478743398713765
sex;0.037342951815557954
hypertension;0.0632897438594423
hyperlipidemia;-0.00567828668220181
diabetes;-0.021439998070556632
coronary.artery.disease;-0.01490367032869954
chf;0.0005458474451347159
cerebrovascular.disease;0.06862066088206473
hepatitis;-0.005302181800605193
endstage.renal.disease;0.004902414653921314
chronic.kidney.disease;-0.017078142143716838
asthma;0.0010848949915769936
copd;0.011315235230138497
dementia;0.0019354674088316766
cancer;0.015389797485863296
