Features;Individual Effect
age:59.00;-0.09415271840361755
race:white;-0.026159556314746785
sex:male;-0.06102849160796666
hypertension:1.00;0.031243021562141406
hyperlipidemia:1.00;-0.04539163957178893
diabetes:1.00;-0.011922783320519024
coronary.artery.disease:0.00;-0.020948344503368837
chf:1.00;-0.1129677941201293
cerebrovascular.disease:0.00;0.02413632789502118
hepatitis:0.00;0.013998706706999396
endstage.renal.disease:0.00;0.04791197144953154
chronic.kidney.disease:0.00;-0.0007283240934660463
asthma:0.00;-0.0018826907229988893
copd:0.00;0.04514312364938664
dementia:0.00;-0.002054912343982118
cancer:0.00;-0.04163218342375166
