Features;Individual Effect
age:49.00;0.16631398128132238
race:black;0.006408236809508139
sex:female;0.051695209258766264
hypertension:1.00;0.009399218763355751
hyperlipidemia:0.00;0.06279832431202055
diabetes:0.00;-0.0008553746657817985
coronary.artery.disease:0.00;0.01791163162413892
chf:0.00;-0.05307381457597513
cerebrovascular.disease:0.00;0.029287082084495684
hepatitis:0.00;-0.007379163023524914
endstage.renal.disease:0.00;-0.00831000622400993
chronic.kidney.disease:1.00;-0.0467473975835651
asthma:0.00;0.01664309761788673
copd:0.00;0.033647728486879705
dementia:0.00;-0.026131857510999053
cancer:0.00;0.03545452973586418
