Features;Individual Effect
age:77.00;-0.1406152265455563
race:black;0.004670932421664116
sex:male;-0.07703976383122764
hypertension:1.00;0.0031052611724775494
hyperlipidemia:0.00;-0.0017464038033339901
diabetes:0.00;-0.03651730215820055
coronary.artery.disease:1.00;-0.24375317309035588
chf:0.00;0.016395273442357805
cerebrovascular.disease:0.00;0.0458032305674021
hepatitis:0.00;0.01385816501606798
endstage.renal.disease:1.00;-0.01642132805981198
chronic.kidney.disease:0.00;0.013244216449191892
asthma:0.00;-0.004319216023176292
copd:0.00;0.006067687605518974
dementia:0.00;0.004481558314540867
cancer:0.00;0.04966094183251406
