Features;Individual Effect
age;-0.0970728735313963
race;0.01389767806883121
sex;0.05639615627848452
hypertension;0.006798365925114586
hyperlipidemia;0.056425411480976774
diabetes;-0.013088123734132692
coronary.artery.disease;0.009287061954846448
chf;-0.02771207773936622
cerebrovascular.disease;0.02382699490854942
hepatitis;-0.06268058708289326
endstage.renal.disease;-0.02537163718310495
chronic.kidney.disease;0.01323677292916591
asthma;-0.03658292982950493
copd;-0.013599192057951206
dementia;0.00486502400110253
cancer;0.03422846235103217
