Features;Individual Effect
age:78.00;-0.20255202520094465
race:white;0.0013160337385691723
sex:male;-0.05276793612901963
hypertension:1.00;0.044535578415258174
hyperlipidemia:0.00;0.0062892780626485
diabetes:1.00;-0.009966679101813664
coronary.artery.disease:1.00;-0.1372700679739405
chf:0.00;-0.027419703850106183
cerebrovascular.disease:0.00;-0.01706155305845867
hepatitis:0.00;0.009206356534027472
endstage.renal.disease:0.00;-0.009995683341028152
chronic.kidney.disease:0.00;-0.055781550426757934
asthma:0.00;-0.00036603358580939924
copd:0.00;-0.00810656430657675
dementia:0.00;0.005140731916750288
cancer:0.00;0.007534590725240653
