Features;Individual Effect
age:65.00;0.04654778859363321
race:white;0.01707370547027564
sex:female;0.0398337866634878
hypertension:0.00;-0.047745077167213504
hyperlipidemia:0.00;0.03543792655111486
diabetes:0.00;-0.013906277371255202
coronary.artery.disease:1.00;-0.03340864510273881
chf:0.00;-0.04547330480575152
cerebrovascular.disease:0.00;-0.014149623210958896
hepatitis:0.00;-0.01695827086024901
endstage.renal.disease:0.00;-0.02282237974169532
chronic.kidney.disease:0.00;0.0014611974985241725
asthma:0.00;0.06412112366726834
copd:1.00;0.023743066033295665
dementia:0.00;0.052575790377191775
cancer:1.00;0.10550622710516434
