Features;Individual Effect
age:78.00;-0.06510087455985167
race:black;-0.012315808526595112
sex:male;-0.1013808045715848
hypertension:0.00;-0.00957764671810443
hyperlipidemia:0.00;0.018376048702072816
diabetes:0.00;-0.026083405847239925
coronary.artery.disease:0.00;0.026561553233820347
chf:0.00;0.042633409051194227
cerebrovascular.disease:0.00;0.014280216693323541
hepatitis:0.00;-0.007553939578658471
endstage.renal.disease:0.00;-0.018181345862185876
chronic.kidney.disease:0.00;0.036962217315499694
asthma:0.00;0.020253503078075958
copd:0.00;0.011284448060503723
dementia:0.00;-0.03458679608136467
cancer:1.00;-0.18776834257933733
