Features;Individual Effect
age:83.00;-0.04458994340693647
race:black;0.032094425836248185
sex:female;0.10693271020653847
hypertension:0.00;0.059201747842242775
hyperlipidemia:0.00;-0.03354071951231624
diabetes:0.00;0.020729519911869825
coronary.artery.disease:0.00;0.057688374921388175
chf:0.00;-0.018793637337105984
cerebrovascular.disease:0.00;-0.07778274505243621
hepatitis:0.00;-0.03664776029119966
endstage.renal.disease:0.00;-0.007608873277295243
chronic.kidney.disease:0.00;0.021085190029150956
asthma:0.00;-0.004724393789405326
copd:0.00;0.006534854037008294
dementia:0.00;-0.02132323776549028
cancer:0.00;0.032857704885556054
