Features;Individual Effect
age;-0.177852898063722
race;0.05503972119406912
sex;-0.03767913201369606
hypertension;-0.05911060174551104
hyperlipidemia;6.866922759237479e-05
diabetes;-0.012117286881455165
coronary.artery.disease;-0.19245460823790494
chf;-0.05385067255204685
cerebrovascular.disease;0.021570413351837216
hepatitis;0.016520444054265712
endstage.renal.disease;-0.04569621194609085
chronic.kidney.disease;0.006166813639721849
asthma;-0.0052037922608810065
copd;0.0038672041476539238
dementia;0.005334844130961601
cancer;0.06706238164422398
