Features;Individual Effect
age;-0.062267136072666186
race;-0.05857996961292104
sex;-0.046274405761682805
hypertension;0.0038717780039804126
hyperlipidemia;-0.0028885259491024176
diabetes;-0.029639439105656945
coronary.artery.disease;-0.20559094350115775
chf;-0.03501716148454884
cerebrovascular.disease;-0.036050162818008935
hepatitis;-0.020106710417971484
endstage.renal.disease;-0.0001541023366209357
chronic.kidney.disease;0.034036821529934556
asthma;-0.01689908672782956
copd;-0.0056758370262815355
dementia;-0.01802555050296778
cancer;-0.0026279585910728917
