Features;Individual Effect
age;-0.054350490303230185
race;-0.006708158657646263
sex;-0.030155122915770282
hypertension;0.004089674068254752
hyperlipidemia;0.016359927511699922
diabetes;-0.042895266422558566
coronary.artery.disease;-0.08280310009077504
chf;-0.0291139167548373
cerebrovascular.disease;0.001102268611531931
hepatitis;-0.03779872400935834
endstage.renal.disease;-0.021068153282481013
chronic.kidney.disease;0.006985682823262692
asthma;0.021256803012984177
copd;0.04826993994298431
dementia;0.00938302380771604
cancer;0.02233324974601523
