Features;Individual Effect
age:67.00;0.02521155767077661
race:white;-0.05673402511683324
sex:male;-0.0566106843450454
hypertension:0.00;-0.038251634314229836
hyperlipidemia:0.00;0.018867810029562997
diabetes:0.00;0.07699244671970246
coronary.artery.disease:0.00;0.08050127404477399
chf:0.00;0.02326665696982285
cerebrovascular.disease:0.00;-0.009178826923936912
hepatitis:0.00;-0.05816608106411889
endstage.renal.disease:0.00;0.01031681096977419
chronic.kidney.disease:0.00;0.042920518743936986
asthma:0.00;0.013429625838561127
copd:0.00;0.021235945095636075
dementia:0.00;-0.008558762835594612
cancer:0.00;0.006765855841177868
