Features;Individual Effect
age:27.00;0.39803015276881376
race:white;-0.021922326973529405
sex:male;-0.04789051836897886
hypertension:0.00;-0.003965821511736136
hyperlipidemia:0.00;0.003350450064279201
diabetes:0.00;0.06123349084820353
coronary.artery.disease:0.00;0.04730356792918632
chf:0.00;-0.01398982088472421
cerebrovascular.disease:0.00;0.016912816252822878
hepatitis:0.00;-0.036226534010652685
endstage.renal.disease:0.00;-0.009334266878072007
chronic.kidney.disease:0.00;0.016904215777776142
asthma:0.00;-0.016500152248800047
copd:0.00;-0.0031065823645204742
dementia:0.00;0.028124998577133332
cancer:0.00;0.006523267278375384
