Features;Individual Effect
age;-0.21044842644318373
race;-0.024973356501757027
sex;-0.051942573629312754
hypertension;-0.04322959791489339
hyperlipidemia;-0.04083839098982674
diabetes;-0.027728854704761597
coronary.artery.disease;-0.010620393516630196
chf;-0.024846353887245202
cerebrovascular.disease;-0.0033784303722640234
hepatitis;0.0448721351191111
endstage.renal.disease;-0.02745596030295167
chronic.kidney.disease;-0.08990928513017528
asthma;-0.01659896627955143
copd;0.008352266541163902
dementia;0.014804169665008748
cancer;0.01326965503067741
