Features;Individual Effect
age:60.00;-0.06709800669233547
race:white;-0.026060955658941194
sex:female;0.09992042962837107
hypertension:0.00;-0.13141363641581377
hyperlipidemia:0.00;0.010718151761201687
diabetes:1.00;-0.1158020653051347
coronary.artery.disease:0.00;0.04009145700115267
chf:0.00;0.010548469125864178
cerebrovascular.disease:0.00;0.015541425596385388
hepatitis:0.00;0.008627453323523042
endstage.renal.disease:0.00;-0.05010535445182979
chronic.kidney.disease:0.00;0.01417427401562045
asthma:0.00;-0.010994190764788855
copd:0.00;0.01575893134400773
dementia:0.00;-0.00791589465202733
cancer:0.00;0.021735702685555164
