Features;Individual Effect
age;-0.24884752445794076
race;0.011944887782310376
sex;-0.10263891663215016
hypertension;-0.03529924459070414
hyperlipidemia;0.007244770410102585
diabetes;0.02202854798336294
coronary.artery.disease;0.04755720624838066
chf;-0.05030117253363914
cerebrovascular.disease;-0.04750990304689139
hepatitis;0.020659514544277773
endstage.renal.disease;0.02145044166868188
chronic.kidney.disease;-0.002319100855649604
asthma;0.022323903474278445
copd;0.010571653829514263
dementia;0.02887841761964512
cancer;-0.03303400874068112
