Features;Individual Effect
age;-0.24413729764608885
race;-0.013549787215653721
sex;0.07680860848928582
hypertension;-0.005209905349892462
hyperlipidemia;-0.007672827156556237
diabetes;0.01086777857220177
coronary.artery.disease;0.0443679682293762
chf;-0.015391397229159512
cerebrovascular.disease;0.022625449955545506
hepatitis;0.0256229182661527
endstage.renal.disease;0.005739637893237211
chronic.kidney.disease;-0.005526170085843574
asthma;-0.012402132693763883
copd;0.017967066707106134
dementia;0.01734135294065551
cancer;0.01079373888242521
