Features;Individual Effect
age:50.00;0.14878136343677525
race:white;0.05931239076414092
sex:male;-0.028324193386966717
hypertension:1.00;0.06367716931715248
hyperlipidemia:0.00;0.048130124831589384
diabetes:1.00;-0.007373172366940132
coronary.artery.disease:0.00;0.03989568233545357
chf:1.00;0.07651145984138337
cerebrovascular.disease:0.00;0.01081883977942456
hepatitis:0.00;-0.01348103387267148
endstage.renal.disease:0.00;-0.021190012559853217
chronic.kidney.disease:0.00;-0.009683903667537089
asthma:0.00;-0.033290659619381345
copd:0.00;0.00014454021733045774
dementia:0.00;0.018984046116846245
cancer:0.00;0.016221562425835508
