Features;Individual Effect
age;-0.05721425860634358
race;0.05621982104912233
sex;-0.06920607873635458
hypertension;-0.048406159130129134
hyperlipidemia;0.009985442267537647
diabetes;0.029867255149137184
coronary.artery.disease;0.106707332142129
chf;-0.03086133853137493
cerebrovascular.disease;0.05445007786695781
hepatitis;-0.00467140807374105
endstage.renal.disease;0.017563990321568686
chronic.kidney.disease;-0.012335636116865792
asthma;0.0195480337478446
copd;-0.007250126333188615
dementia;0.03472856701122381
cancer;0.011645747622518188
