Features;Individual Effect
age;-0.32530082384379344
race;0.029744363648953213
sex;-0.07399847740413797
hypertension;-0.07547010220083432
hyperlipidemia;0.006596977513898483
diabetes;-0.0025992791280543583
coronary.artery.disease;0.02722860535973873
chf;-0.008036190251754843
cerebrovascular.disease;-0.0037601462130083746
hepatitis;-0.07323178745652394
endstage.renal.disease;0.031485936759198654
chronic.kidney.disease;0.017058469435702946
asthma;0.053869976385175974
copd;-0.014339226650100026
dementia;0.014257710699829281
cancer;0.029703039156052116
