Features;Individual Effect
age;-0.23881787562457218
race;-0.02612396071872415
sex;-0.008783428625516444
hypertension;-0.04973946732155082
hyperlipidemia;-0.03699156269547768
diabetes;0.0070942310502759495
coronary.artery.disease;-0.0655297560643179
chf;-0.02941169208557701
cerebrovascular.disease;0.029328452314268588
hepatitis;0.03241447750104858
endstage.renal.disease;0.001521850857743784
chronic.kidney.disease;-0.00226971194196938
asthma;-0.052859930551768214
copd;-0.04074417028232804
dementia;0.07795041864265516
cancer;-0.007126485382303482
