Features;Individual Effect
age:75.00;-0.25256644318413507
race:asian;0.005757884582676748
sex:female;0.04503448868751053
hypertension:0.00;-0.03232669513191583
hyperlipidemia:1.00;-0.09476315975406316
diabetes:1.00;-0.0550671730172423
coronary.artery.disease:0.00;0.015421377357537326
chf:0.00;0.021675603730585094
cerebrovascular.disease:0.00;0.006302428803221881
hepatitis:0.00;0.05732933009109304
endstage.renal.disease:0.00;0.01291260979663954
chronic.kidney.disease:0.00;0.025603312750622734
asthma:0.00;0.006673881799999582
copd:0.00;0.00925129215429737
dementia:0.00;-0.0076018270286782865
cancer:0.00;0.018622705928596547
