Features;Individual Effect
age:65.00;-0.01340511712921379
race:white;0.023683003513664896
sex:male;-0.04331102582054045
hypertension:1.00;0.021393852435196183
hyperlipidemia:1.00;0.02464764075479037
diabetes:1.00;-0.060507319205897
coronary.artery.disease:1.00;-0.0757590300304437
chf:1.00;-0.12229407170337557
cerebrovascular.disease:0.00;0.016228715267552037
hepatitis:0.00;0.04479551873952803
endstage.renal.disease:0.00;-0.004967073532652898
chronic.kidney.disease:0.00;0.01845114379395677
asthma:0.00;0.0157780902107851
copd:0.00;-0.03557803559648887
dementia:0.00;-0.05859098359810401
cancer:0.00;0.013772150345974883
