Features;Individual Effect
age;0.03140322631392546
race;0.042130785969140966
sex;-0.05278569373341302
hypertension;-0.0015657898020273175
hyperlipidemia;0.020085525441312792
diabetes;0.040214770051895096
coronary.artery.disease;-0.011127160846567053
chf;0.036296209130691454
cerebrovascular.disease;-0.0003169537962194463
hepatitis;0.08201064282469482
endstage.renal.disease;0.05464437406084309
chronic.kidney.disease;0.07856990402330233
asthma;-0.012680782930730508
copd;0.035301420145816
dementia;-0.03186894314694455
cancer;0.024123367294035355
