Features;Individual Effect
age:49.00;-0.050617263481465946
race:black;-0.03638245288922235
sex:male;-0.10015200741597761
hypertension:1.00;-0.016508221584304657
hyperlipidemia:1.00;-0.16947737594082454
diabetes:0.00;0.005078712469169754
coronary.artery.disease:0.00;-0.013854495494318947
chf:0.00;0.028502148165054284
cerebrovascular.disease:0.00;0.021626692658305278
hepatitis:0.00;-0.09570950681487722
endstage.renal.disease:0.00;0.009053129362169076
chronic.kidney.disease:0.00;-0.017299822628009602
asthma:0.00;0.007511011136022212
copd:0.00;0.016427244756546878
dementia:0.00;0.03537460951745883
cancer:0.00;0.062007871168515076
