Features;Individual Effect
age;-0.06996224046158303
race;0.028102263749937906
sex;0.08300431585561518
hypertension;-0.006748058173027118
hyperlipidemia;0.0390709507100019
diabetes;0.04364009723045677
coronary.artery.disease;0.04233421937129571
chf;0.038079121049862164
cerebrovascular.disease;0.042488445969401864
hepatitis;0.003782622470254432
endstage.renal.disease;0.009935478074659339
chronic.kidney.disease;-0.003965996003360343
asthma;-0.04074250704074933
copd;0.02232034058816457
dementia;0.06657581105465755
cancer;0.0016991283915742394
