Features;Individual Effect
age;0.06985965257204939
race;0.004106534193613773
sex;-0.006854394894773677
hypertension;0.07362021717701984
hyperlipidemia;0.034918068739526506
diabetes;-0.035480292799569234
coronary.artery.disease;0.012432479749290199
chf;0.0393676709923889
cerebrovascular.disease;0.00016320481309600385
hepatitis;-0.005040558468538046
endstage.renal.disease;-0.008515620512911574
chronic.kidney.disease;0.013129383791943724
asthma;0.05637988494363862
copd;0.04667815529779889
dementia;0.0019098432785294838
cancer;0.036466518228912684
