Features;Individual Effect
age;0.23053812041190538
race;0.12883943549470794
sex;-0.03998321520643707
hypertension;0.004438123906096391
hyperlipidemia;-0.041396275369734614
diabetes;-0.08834716650240225
coronary.artery.disease;0.021487342553760416
chf;-0.03706750562483229
cerebrovascular.disease;0.03048734527020107
hepatitis;0.034273453040585565
endstage.renal.disease;-0.011192703701043406
chronic.kidney.disease;-0.031396172944698125
asthma;-0.008005176304448254
copd;-0.046105902534008134
dementia;-0.02081011179119303
cancer;0.04746465695231605
