Features;Individual Effect
age;0.2863748083941874
race;0.01981601584149858
sex;-0.023836642400058526
hypertension;-0.020267569968884597
hyperlipidemia;0.04306118185669604
diabetes;-0.007352993375382599
coronary.artery.disease;0.031365693018175114
chf;-0.05194420705299327
cerebrovascular.disease;-0.04075262789103661
hepatitis;0.05204366661176162
endstage.renal.disease;-0.04382169492575982
chronic.kidney.disease;0.020702444283921803
asthma;0.011790515366620485
copd;0.018114240938008133
dementia;0.0381258683110916
cancer;-0.00520895812733769
