Features;Individual Effect
age;-0.11618010909133003
race;0.11564169528875191
sex;0.14192457441683748
hypertension;0.01059027002661065
hyperlipidemia;0.020729662620133885
diabetes;0.049397799825308626
coronary.artery.disease;0.06988895373824697
chf;-0.050274484854666596
cerebrovascular.disease;-0.032221679924335465
hepatitis;0.015758609943485748
endstage.renal.disease;-0.026934203338055317
chronic.kidney.disease;-0.015476485164029982
asthma;-0.003460716452555461
copd;-0.031694754329564846
dementia;-0.00031649771668079696
cancer;0.041638133427915155
