Features;Individual Effect
age;-0.015042988030708223
race;0.12370303658892864
sex;0.08773461357085724
hypertension;0.05516831667717233
hyperlipidemia;0.09167741170960331
diabetes;0.022074848676002852
coronary.artery.disease;-0.04238995932099897
chf;-0.025922577984976422
cerebrovascular.disease;0.006848206611370641
hepatitis;-0.032451512503669545
endstage.renal.disease;0.01207720515238083
chronic.kidney.disease;0.003685037644641752
asthma;-0.016204904075883764
copd;-0.011469388430804833
dementia;-0.0007649167476076052
cancer;-0.009934985930690414
