Features;Individual Effect
age:70.00;0.02202470717276693
race:black;0.06841667453175923
sex:female;0.05423740440249902
hypertension:1.00;0.01854394583296779
hyperlipidemia:0.00;0.0126400996589156
diabetes:0.00;-0.00313419491636497
coronary.artery.disease:1.00;-0.0487365637629224
chf:0.00;-0.025629749336716093
cerebrovascular.disease:0.00;-0.002461166109858446
hepatitis:0.00;-0.028931330754994333
endstage.renal.disease:0.00;0.02500691375035808
chronic.kidney.disease:0.00;-0.002380135701059799
asthma:0.00;-0.013728029987375013
copd:0.00;0.019410674233895434
dementia:0.00;-0.006539505299730545
cancer:0.00;-0.015325789650312147
