Features;Individual Effect
age:89.00;-0.25159325536645366
race:white;-0.06005839893298677
sex:male;-0.05772228459521171
hypertension:0.00;0.020712768396768083
hyperlipidemia:0.00;-0.006984382291783633
diabetes:0.00;0.027270307210737952
coronary.artery.disease:0.00;-0.01803504729605498
chf:0.00;-0.0006839113540757363
cerebrovascular.disease:0.00;0.017400004226613634
hepatitis:0.00;-0.0006241261961559101
endstage.renal.disease:0.00;0.043127395743702966
chronic.kidney.disease:0.00;-0.04514755405108194
asthma:0.00;-0.0078681400198635
copd:1.00;0.008562665718235107
dementia:0.00;0.013890650245946816
cancer:0.00;-0.01690894912812069
