Features;Individual Effect
age;-0.25332760426660084
race;-0.07873940537743473
sex;-0.13105326864395733
hypertension;0.01249680873506711
hyperlipidemia;-0.01323363288755552
diabetes;0.04843330441258506
coronary.artery.disease;0.031319618146054946
chf;0.0019289121167799135
cerebrovascular.disease;0.009591296453329977
hepatitis;0.020560946339091436
endstage.renal.disease;-0.047910892462153
chronic.kidney.disease;-0.007689115158468986
asthma;0.016192980774352175
copd;0.009717164815581967
dementia;0.02688511012531136
cancer;0.008397062075479137
