Features;Individual Effect
age;-0.2751632641025453
race;-0.05847290987238675
sex;-0.08957689101969502
hypertension;0.040970375404495565
hyperlipidemia;-0.01586237312466391
diabetes;0.03960362929463285
coronary.artery.disease;0.03843049279095124
chf;-0.005631466748787586
cerebrovascular.disease;-0.019868626121848584
hepatitis;0.018133614997775598
endstage.renal.disease;0.07300072601826929
chronic.kidney.disease;-0.0036057740470199443
asthma;-0.02884626301006478
copd;-0.0042644845758728275
dementia;0.005242097669707669
cancer;-0.021138256802328042
