Features;Individual Effect
age;0.2532485903740041
race;0.018966038073223918
sex;0.015347423501792835
hypertension;0.001307341310691084
hyperlipidemia;0.003439908352139861
diabetes;0.005561878827956704
coronary.artery.disease;0.1132521102144995
chf;0.005753046978180463
cerebrovascular.disease;0.026094231167934856
hepatitis;0.01993515822400381
endstage.renal.disease;0.004057671062821821
chronic.kidney.disease;-0.0090836015776114
asthma;0.019436583937617016
copd;0.009515436386624568
dementia;-0.0015193737396305487
cancer;0.031641564431218086
