Features;Individual Effect
age:84.00;-0.3068188639146439
race:asian;-0.09417865325875885
sex:male;-0.04143536790994397
hypertension:0.00;-0.005614573035410308
hyperlipidemia:0.00;0.000581616075477711
diabetes:0.00;0.033422324102176604
coronary.artery.disease:0.00;0.08655465076025423
chf:0.00;0.03285559328679168
cerebrovascular.disease:0.00;-0.01402214739692335
hepatitis:0.00;-0.009706226151478026
endstage.renal.disease:0.00;-0.005133839165610955
chronic.kidney.disease:0.00;0.03213255431988842
asthma:0.00;0.002744814570453223
copd:0.00;0.01942529899992918
dementia:0.00;0.05478114789114682
cancer:0.00;0.06974845297598938
