Features;Individual Effect
age;-0.11997496072514546
race;0.014060585476115255
sex;0.009036060914896789
hypertension;-0.025953901274590012
hyperlipidemia;0.032430405277924554
diabetes;-0.015033459880205876
coronary.artery.disease;-0.1390856682187774
chf;0.011874116236702974
cerebrovascular.disease;-0.025101586170882616
hepatitis;0.003620716669050398
endstage.renal.disease;-0.020546522016161216
chronic.kidney.disease;0.0016006198645928445
asthma;0.01339227347378843
copd;0.04486025005678572
dementia;-0.0507326032456408
cancer;-0.0015007248669371242
