Features;Individual Effect
age;0.2358084398244456
race;0.004600473329029464
sex;0.0935275688854292
hypertension;0.0032932704064128106
hyperlipidemia;-0.05321398714745014
diabetes;-0.0071184633728813285
coronary.artery.disease;0.06858222229238427
chf;0.007648394060641963
cerebrovascular.disease;0.04919677861070911
hepatitis;-0.009311439606149885
endstage.renal.disease;0.006175081234952019
chronic.kidney.disease;-0.011957114032540997
asthma;-0.010972133101659955
copd;0.005301774230829866
dementia;0.043816176509076196
cancer;-0.012696327467339407
