Features;Individual Effect
age;0.10427859299816668
race;-0.016581003853025716
sex;-0.03174059136812623
hypertension;-0.08052794450626802
hyperlipidemia;0.015114454786050037
diabetes;-0.08072193399869122
coronary.artery.disease;0.018643945591636284
chf;0.04034646720944987
cerebrovascular.disease;-0.02966587434750135
hepatitis;0.0044827330501330115
endstage.renal.disease;0.006540566750072349
chronic.kidney.disease;-0.022130722885317665
asthma;-0.04716790416398105
copd;-0.0322731321350886
dementia;-0.00681726089255788
cancer;-0.17804323357066038
