Features;Individual Effect
age:89.00;-0.09547825279070025
race:white;-0.0021478359760247756
sex:female;0.09800818695777405
hypertension:1.00;0.04531356921370019
hyperlipidemia:0.00;-0.0418407662056839
diabetes:1.00;0.12516954718688675
coronary.artery.disease:0.00;0.062178256541077045
chf:1.00;-0.00482132740911588
cerebrovascular.disease:0.00;0.00861926337768118
hepatitis:0.00;0.015250286044889773
endstage.renal.disease:0.00;0.01971056270378834
chronic.kidney.disease:0.00;-0.01024266535335374
asthma:0.00;-0.01750462601726105
copd:0.00;-0.003923479741632575
dementia:0.00;0.027120270769888977
cancer:0.00;0.047653499932462845
