Features;Individual Effect
age:81.00;-0.18692069112245094
race:white;0.01501120840702282
sex:female;0.0474978263679671
hypertension:1.00;-0.017569630185058898
hyperlipidemia:1.00;-0.013586095553595676
diabetes:0.00;0.016475603443846867
coronary.artery.disease:1.00;-0.1815412651944202
chf:0.00;-0.009963737462422639
cerebrovascular.disease:0.00;0.034891965720683774
hepatitis:0.00;-0.00704393352143107
endstage.renal.disease:0.00;-0.027090730018268044
chronic.kidney.disease:0.00;0.013946936642375216
asthma:0.00;-0.0069122550896170715
copd:0.00;-0.060349512212112814
dementia:0.00;0.008927602318162576
cancer:0.00;0.011098887665694664
