Features;Individual Effect
age;0.26189888945585416
race;0.00204586824640987
sex;-0.03155655080449327
hypertension;-0.007319778019208947
hyperlipidemia;-0.03277629315924083
diabetes;0.05973106170637483
coronary.artery.disease;0.01972950102628291
chf;-0.03398131401569119
cerebrovascular.disease;0.00534735826455117
hepatitis;0.013245458743069333
endstage.renal.disease;0.01269368926989113
chronic.kidney.disease;0.03187562089564444
asthma;-0.03887889095884967
copd;0.024448012162183563
dementia;-0.004699705790634587
cancer;0.011706593800322882
