Features;Individual Effect
age:58.00;0.17025200517698072
race:black;0.04310236066907823
sex:male;-0.0719325348429245
hypertension:1.00;0.008882492492457192
hyperlipidemia:1.00;0.013262273360572757
diabetes:1.00;-0.004855664652870545
coronary.artery.disease:0.00;0.03044254940070908
chf:0.00;0.04647056319051945
cerebrovascular.disease:0.00;0.005852909382737732
hepatitis:0.00;-0.007039742414680054
endstage.renal.disease:0.00;0.027492128269422003
chronic.kidney.disease:1.00;-0.0031188186612657962
asthma:0.00;-0.010686497800951907
copd:0.00;-0.05899840378619885
dementia:0.00;-0.0021263603390343534
cancer:0.00;0.008480387409981355
