Features;Individual Effect
age:75.00;-0.2023611873825
race:black;-0.045183689046234904
sex:female;0.027153075499940955
hypertension:1.00;-0.00716263004349492
hyperlipidemia:0.00;-0.0399726718156067
diabetes:1.00;-0.05689012849400585
coronary.artery.disease:0.00;0.05562928141778843
chf:0.00;-0.041574792541418756
cerebrovascular.disease:0.00;0.045907932324779015
hepatitis:0.00;-0.03266992033897994
endstage.renal.disease:0.00;0.057018221437123845
chronic.kidney.disease:0.00;-0.0002622089272400971
asthma:0.00;0.004620249703718025
copd:0.00;-0.027794657276111065
dementia:0.00;0.034837972831483675
cancer:1.00;-0.08741411156064813
