Features;Individual Effect
age;-0.12385620984198811
race;0.04716353302645297
sex;0.043212362083867716
hypertension;-0.003897417496061116
hyperlipidemia;-0.04038008146584973
diabetes;0.011839784474738704
coronary.artery.disease;0.03404571572962929
chf;-0.014991155951774124
cerebrovascular.disease;0.022141237848129467
hepatitis;0.019323512213087903
endstage.renal.disease;0.0332419993642847
chronic.kidney.disease;-0.012558825850679523
asthma;-0.014082823513117449
copd;0.0073581894348512845
dementia;0.010243899233251506
cancer;0.0181520458010042
