Features;Individual Effect
age:32.00;0.3483497900985534
race:white;-0.0207489376681495
sex:female;0.03936038111966153
hypertension:0.00;-0.0027534333926289268
hyperlipidemia:0.00;-0.03393213056099362
diabetes:0.00;0.020458291162825507
coronary.artery.disease:0.00;0.08402271707565274
chf:0.00;-0.0077453556533948415
cerebrovascular.disease:0.00;0.008844316348240816
hepatitis:0.00;-0.0012977288861968047
endstage.renal.disease:0.00;-0.03793161190527736
chronic.kidney.disease:0.00;-0.003893499607987159
asthma:0.00;0.0027417160943237623
copd:0.00;-0.00989087309824069
dementia:0.00;0.052279121494335404
cancer:0.00;0.0027679019852513784
