Features;Individual Effect
age:58.00;0.20497362787808163
race:black;-0.004875724508352511
sex:male;-0.045941821727323834
hypertension:1.00;-0.020285479965654607
hyperlipidemia:1.00;0.04840191634639794
diabetes:0.00;0.07379168116576114
coronary.artery.disease:0.00;0.02724972192013207
chf:0.00;0.04320931942080499
cerebrovascular.disease:0.00;0.025800094200586994
hepatitis:0.00;0.03337336223071864
endstage.renal.disease:0.00;-0.001613165505035095
chronic.kidney.disease:0.00;0.04515139178194691
asthma:0.00;-0.000585389287486214
copd:0.00;-0.03762714955904025
dementia:0.00;0.004966571173041251
cancer:0.00;-0.0057785405274863744
