Features;Individual Effect
age:82.00;-0.162258092367165
race:black;-0.012195777044710393
sex:male;-0.023047948531538996
hypertension:1.00;-0.029276110277911924
hyperlipidemia:0.00;-0.008596537639123422
diabetes:0.00;0.03884389403663399
coronary.artery.disease:0.00;0.05865177501065896
chf:0.00;-0.004459497604214717
cerebrovascular.disease:0.00;0.007070631753116406
hepatitis:0.00;-0.03732670682853139
endstage.renal.disease:0.00;0.00534498015729375
chronic.kidney.disease:0.00;0.009347086501002976
asthma:0.00;0.006526504532192557
copd:0.00;0.013887962628243818
dementia:0.00;0.0022840455816959906
cancer:0.00;-0.009276460319250682
