Features;Individual Effect
age;0.18540055049905804
race;-0.027455052096068702
sex;0.042171789306656195
hypertension;-0.02482187753233893
hyperlipidemia;0.08734005841481832
diabetes;0.06095920507360912
coronary.artery.disease;0.06792261861923596
chf;0.010740811896466532
cerebrovascular.disease;-0.026699268116907524
hepatitis;0.004188464512106075
endstage.renal.disease;0.010271137230263284
chronic.kidney.disease;-0.003156214928348473
asthma;-0.014866293185697505
copd;-0.0012853878263045446
dementia;0.007485413682540569
cancer;-0.0011099748151906317
