Features;Individual Effect
age:63.00;0.08836777482959167
race:white;-0.02856758053802864
sex:female;0.07724972498900487
hypertension:0.00;0.08772689251684732
hyperlipidemia:1.00;0.07852367751032553
diabetes:1.00;0.045284812198554014
coronary.artery.disease:1.00;-0.11314850768643954
chf:0.00;0.012525905423479058
cerebrovascular.disease:0.00;0.0754046960334161
hepatitis:0.00;-0.03270194352496806
endstage.renal.disease:0.00;-0.032907133497946085
chronic.kidney.disease:0.00;-0.005887046897903141
asthma:0.00;-0.03780128304291838
copd:0.00;-0.01771714212043466
dementia:0.00;0.026379902880930086
cancer:0.00;0.04310231243923573
