Features;Individual Effect
age:43.00;0.26510821580946103
race:white;-0.011710472190952628
sex:female;0.05627797816667389
hypertension:1.00;0.006377278010489799
hyperlipidemia:0.00;-0.045971158304107806
diabetes:0.00;0.025755266915317272
coronary.artery.disease:0.00;0.06252231054742907
chf:0.00;-0.010327641098180834
cerebrovascular.disease:0.00;0.03307318459956297
hepatitis:0.00;-0.0012003454326914914
endstage.renal.disease:0.00;-0.00886121301420989
chronic.kidney.disease:0.00;0.05145437673265284
asthma:0.00;-0.008652984112197558
copd:0.00;-0.05734128527400659
dementia:0.00;0.009506841346948468
cancer:0.00;0.02339043614550063
