Features;Individual Effect
age:89.00;-0.12991981950669423
race:white;-0.0028105515255963526
sex:female;-0.008827476146201718
hypertension:1.00;0.0150674447562799
hyperlipidemia:1.00;0.021262374597956154
diabetes:1.00;-0.016111492922428826
coronary.artery.disease:1.00;-0.20249636338399005
chf:0.00;0.014383854699312594
cerebrovascular.disease:0.00;0.021487629600235245
hepatitis:0.00;0.008334799061379666
endstage.renal.disease:0.00;-0.024569016410781276
chronic.kidney.disease:0.00;-0.03284729625849907
asthma:0.00;0.015119978979870028
copd:0.00;0.031676981912014
dementia:1.00;0.018258816736140764
cancer:0.00;-0.0063402950472743694
