Features;Individual Effect
age;0.27011888367981535
race;0.037505406746156905
sex;-0.04328569580555573
hypertension;0.02638314633923859
hyperlipidemia;0.018849003853333712
diabetes;-0.022677325625605607
coronary.artery.disease;-0.053294729812825806
chf;0.0613214043858594
cerebrovascular.disease;-0.015174578280806934
hepatitis;-0.013333661904823973
endstage.renal.disease;0.018317796262936958
chronic.kidney.disease;-0.01966379709974218
asthma;-0.04771465643544476
copd;-0.003990535948179043
dementia;-0.005147927763966472
cancer;0.029703317145144553
