Features;Individual Effect
age;0.256128162599556
race;0.03126619388792229
sex;0.03385484569313739
hypertension;0.06418511668104498
hyperlipidemia;-0.0026703744291638985
diabetes;0.09432401130341757
coronary.artery.disease;0.034442078625342924
chf;0.005215452620549628
cerebrovascular.disease;0.00939957345298892
hepatitis;0.0049903137216691755
endstage.renal.disease;-0.029888820553176564
chronic.kidney.disease;0.033236320815972886
asthma;-0.016956309656501533
copd;0.01208789527897854
dementia;-0.04338849186609563
cancer;0.004679374737767129
