Features;Individual Effect
age;-0.1735328124903906
race;0.007534390667110993
sex;-0.06395232238405965
hypertension;-0.09130658527777841
hyperlipidemia;-0.04568429505000374
diabetes;0.011206544072393016
coronary.artery.disease;0.08519019578589873
chf;-0.025383296766202955
cerebrovascular.disease;-0.009918064828358188
hepatitis;-0.00505476621355211
endstage.renal.disease;0.01016968950993796
chronic.kidney.disease;-0.04158757552824683
asthma;-0.0018395133896481966
copd;0.014750179685276067
dementia;-0.07758501652539876
cancer;0.007310949735156901
