Features;Individual Effect
age:77.00;-0.15728265251535564
race:white;-0.021291836090482068
sex:female;0.04101946713306277
hypertension:1.00;-0.032305178492504125
hyperlipidemia:1.00;-0.00754549150156034
diabetes:1.00;0.014944924601801706
coronary.artery.disease:0.00;0.02192109858141909
chf:1.00;0.014765186915434015
cerebrovascular.disease:0.00;0.014999593573310925
hepatitis:0.00;-0.007349294934541681
endstage.renal.disease:0.00;-0.027568867648415925
chronic.kidney.disease:0.00;-0.006683765072494016
asthma:0.00;0.008695409953742945
copd:0.00;0.0013570382798474678
dementia:1.00;-0.09312753752227185
cancer:1.00;-0.09990967104708494
