Features;Individual Effect
age:89.00;-0.2168985453475939
race:white;-0.08013223292418654
sex:female;-0.04662908955767721
hypertension:1.00;0.018816188091391756
hyperlipidemia:1.00;0.007187502221919943
diabetes:1.00;0.0263396268361707
coronary.artery.disease:1.00;-0.11774037462861646
chf:1.00;-0.0029309386889484444
cerebrovascular.disease:0.00;0.014282146604523396
hepatitis:0.00;0.004310766241101837
endstage.renal.disease:0.00;0.011249314245041789
chronic.kidney.disease:0.00;0.016587732001970158
asthma:0.00;-0.0008296623750260086
copd:0.00;-0.025211709088298603
dementia:0.00;0.013885106577800125
cancer:0.00;-0.0004076693102942723
