Features;Individual Effect
age;-0.09283116017849771
race;-0.027605113350175542
sex;-0.009618887448683272
hypertension;-0.04702282157669344
hyperlipidemia;0.0004553075430633151
diabetes;-0.04098078287166919
coronary.artery.disease;-0.27637853452291267
chf;-0.036858333224859624
cerebrovascular.disease;0.006813426077439826
hepatitis;0.015595076392824554
endstage.renal.disease;0.019667074757939725
chronic.kidney.disease;0.007626321129123266
asthma;0.002948374774870286
copd;0.03307882972241038
dementia;0.0075172346034403925
cancer;-0.05150585749799074
