Features;Individual Effect
age;-0.08666751904896464
race;-0.04749589195294243
sex;0.048981760423179456
hypertension;-0.04321543412548457
hyperlipidemia;-0.018994874940405186
diabetes;-0.06644816417900193
coronary.artery.disease;0.03075901210244481
chf;-0.06558877494751844
cerebrovascular.disease;0.009006972717946846
hepatitis;0.01863660421219396
endstage.renal.disease;-0.019429042083949927
chronic.kidney.disease;-0.028486213183678142
asthma;-0.07652109621911869
copd;-0.08372991510617872
dementia;0.035163952192373754
cancer;-0.01722225615030994
