Features;Individual Effect
age:84.00;-0.10552386590964288
race:white;-0.00019440815661972422
sex:female;0.022411959400675193
hypertension:1.00;-0.025422715501387153
hyperlipidemia:0.00;-0.008975405155593918
diabetes:0.00;-0.001578833910400407
coronary.artery.disease:1.00;-0.015346224418760535
chf:1.00;0.032282109916988766
cerebrovascular.disease:0.00;-0.04571325172791246
hepatitis:0.00;-0.007908042172037694
endstage.renal.disease:0.00;0.01403434567363817
chronic.kidney.disease:0.00;0.006511404835401299
asthma:0.00;-0.00808381818501495
copd:1.00;0.13309038531002856
dementia:0.00;0.012059212979815395
cancer:0.00;-0.009788925669020627
