Features;Individual Effect
age;-0.1662218494309943
race;-0.04333313035748372
sex;0.03425283725636927
hypertension;-0.09454392603665476
hyperlipidemia;-0.002823466716914868
diabetes;-0.04720501490262731
coronary.artery.disease;0.08343980979484938
chf;0.01449641444334138
cerebrovascular.disease;-0.011836233417135945
hepatitis;0.042952859106218
endstage.renal.disease;-0.01369476947134941
chronic.kidney.disease;0.015472704372533723
asthma;-0.017399667367177695
copd;0.00559326203377852
dementia;-0.12495234436172623
cancer;0.029429231459567017
