Features;Individual Effect
age:68.00;-0.039263700680823806
race:white;-0.02763750137898721
sex:male;0.020977451615099698
hypertension:1.00;0.03849029839566677
hyperlipidemia:0.00;0.004189669541260304
diabetes:0.00;-0.019662473228237096
coronary.artery.disease:1.00;-0.1632675984963453
chf:0.00;-0.0622740452299374
cerebrovascular.disease:1.00;-0.07106212871022921
hepatitis:0.00;0.0033419561999692045
endstage.renal.disease:0.00;-0.005039499022806796
chronic.kidney.disease:0.00;-0.0334460109846041
asthma:0.00;-0.0043189641998685815
copd:0.00;0.0036651362345447025
dementia:0.00;0.016412987790816243
cancer:0.00;0.01937889645287531
