Features;Individual Effect
age;0.19605621913513446
race;0.003331641023451789
sex;0.043178017593712766
hypertension;0.008842281737728126
hyperlipidemia;-0.0036935266097844503
diabetes;0.03761900302857723
coronary.artery.disease;0.06515345814131941
chf;-0.004341155496713284
cerebrovascular.disease;0.05274789903628503
hepatitis;0.017453897814426737
endstage.renal.disease;-0.011859260422358063
chronic.kidney.disease;-0.003616821455552678
asthma;-0.009377343296796533
copd;-0.008868355491827448
dementia;-0.016132536606585354
cancer;-0.03801102516280027
