Features;Individual Effect
age;0.20193786164907943
race;-0.06307519076532121
sex;-0.048026604657021424
hypertension;-0.019923851473735956
hyperlipidemia;-0.09559061040842758
diabetes;0.018802321863575562
coronary.artery.disease;-0.22449444204709237
chf;0.02195818187875548
cerebrovascular.disease;0.02752752343913876
hepatitis;0.020325816587752385
endstage.renal.disease;0.018901269643921012
chronic.kidney.disease;-0.019416905033992262
asthma;0.04727051446770944
copd;0.02801182516094186
dementia;0.008421765236663943
cancer;-0.041041421765925526
