Features;Individual Effect
age;0.25200168780415255
race;0.006452760637650386
sex;-0.001735851713177504
hypertension;0.0205210480120309
hyperlipidemia;0.029318159630024744
diabetes;-0.030426947292966078
coronary.artery.disease;-0.02922841766568661
chf;0.07703698109636617
cerebrovascular.disease;-0.031320413321477704
hepatitis;-0.039349973221752585
endstage.renal.disease;0.05652591613969839
chronic.kidney.disease;0.006792002893317019
asthma;0.00899706166171313
copd;-0.0419606063629082
dementia;0.011806645769377355
cancer;0.025275905490840217
