Features;Individual Effect
age;-0.0964710878913703
race;0.005934859248728705
sex;-0.04703179297618956
hypertension;0.012931464560112566
hyperlipidemia;0.05153935446445404
diabetes;-0.024750607387458944
coronary.artery.disease;-0.03491535151081114
chf;-0.04132325879822516
cerebrovascular.disease;-0.04289113241155589
hepatitis;0.003293259289465139
endstage.renal.disease;-0.042724500100950885
chronic.kidney.disease;0.012380074892731411
asthma;0.018538958985386274
copd;-0.016091302785594216
dementia;0.052321154192931436
cancer;0.004800985732991823
