Features;Individual Effect
age;-0.2180027174993419
race;0.016614635267290196
sex;0.02752592538466529
hypertension;-0.020477740634675036
hyperlipidemia;0.019721876386289063
diabetes;-0.015366825111535191
coronary.artery.disease;-0.12727551361960815
chf;-0.055270291682455716
cerebrovascular.disease;0.024456960524313977
hepatitis;-0.007679943387566813
endstage.renal.disease;0.00477711455556326
chronic.kidney.disease;0.009093739299429469
asthma;0.023021395199715102
copd;-0.02043525019154195
dementia;-0.023418884877286196
cancer;0.00033201752191585384
