Features;Individual Effect
age:46.00;0.24934651509386024
race:black;0.05340171704713275
sex:male;-0.008471710601955638
hypertension:0.00;-0.0017067805207791054
hyperlipidemia:0.00;0.02607908707353858
diabetes:0.00;0.060881719403367424
coronary.artery.disease:0.00;0.0687152797973706
chf:0.00;0.006113197145058945
cerebrovascular.disease:0.00;-0.0019254355878776733
hepatitis:0.00;-0.016462278323049362
endstage.renal.disease:1.00;0.0041691775593547045
chronic.kidney.disease:0.00;-0.047393601208965366
asthma:0.00;0.0017392140618200241
copd:0.00;0.03918464899375829
dementia:0.00;0.026395604112286114
cancer:0.00;0.007777649120772967
