Features;Individual Effect
age:92.00;-0.34661769655037056
race:black;-0.01185965223943515
sex:female;0.017141049511761843
hypertension:1.00;-0.12448274587366827
hyperlipidemia:0.00;-0.019122437405983853
diabetes:0.00;-0.011429901602170792
coronary.artery.disease:0.00;0.0016793350620455082
chf:0.00;-0.006530560163242131
cerebrovascular.disease:0.00;-0.013058244912946361
hepatitis:0.00;-0.0005314339886824202
endstage.renal.disease:0.00;-0.004648911843053832
chronic.kidney.disease:0.00;0.003513035491225197
asthma:0.00;0.031333245121221896
copd:0.00;-0.03446085921009628
dementia:0.00;0.024672350083419683
cancer:0.00;-0.06591202306009732
