Features;Individual Effect
age;0.13232275811127597
race;0.02725061742434371
sex;0.011921333400547372
hypertension;0.07025652478362181
hyperlipidemia;-0.010143496877629304
diabetes;0.02438909392584493
coronary.artery.disease;0.04647969196721176
chf;0.03858504808374666
cerebrovascular.disease;0.005662644816232824
hepatitis;-0.020600271026781056
endstage.renal.disease;0.022012206233022465
chronic.kidney.disease;0.003133078245961511
asthma;0.015515646566919783
copd;-0.017163236881611116
dementia;0.007277244553886734
cancer;0.02815148176889087
