Features;Individual Effect
age;0.007628762380650717
race;0.00033165319963617684
sex;0.020234173686334407
hypertension;0.023014435626066736
hyperlipidemia;0.003897781738952108
diabetes;0.011789298563113339
coronary.artery.disease;-0.007875333702286958
chf;0.0024145834869384523
cerebrovascular.disease;-0.0077240239815633055
hepatitis;-0.007366791433463796
endstage.renal.disease;-0.012934053533591821
chronic.kidney.disease;0.021388557994722866
asthma;0.00065562069034854
copd;0.01299530168400643
dementia;-0.013391831950081074
cancer;0.03909421969719196
