Features;Individual Effect
age:86.00;-0.2615879820149764
race:black;0.027095631499242354
sex:female;0.05420799279662372
hypertension:0.00;-0.011140157888592283
hyperlipidemia:0.00;-0.004701995912265073
diabetes:0.00;-0.06809723340076176
coronary.artery.disease:0.00;-0.004490650457770329
chf:1.00;0.026802313225677665
cerebrovascular.disease:0.00;-0.026291406687996628
hepatitis:0.00;0.02324823914176693
endstage.renal.disease:0.00;0.025105587364493136
chronic.kidney.disease:0.00;-0.017610446918713947
asthma:0.00;-0.0061177224789189955
copd:0.00;0.024440588828768192
dementia:0.00;0.01487302197273761
cancer:0.00;0.012269966141123367
