Features;Individual Effect
age:53.00;0.20529244553350284
race:black;0.21021003212691344
sex:male;-0.01899573202116192
hypertension:0.00;-0.0037487993880277667
hyperlipidemia:0.00;-0.034944065188321834
diabetes:0.00;0.027588696552154672
coronary.artery.disease:1.00;-0.11668679107725843
chf:0.00;-0.01416045783512293
cerebrovascular.disease:0.00;-0.001494766697913666
hepatitis:0.00;0.010392230469889813
endstage.renal.disease:0.00;0.0016442423682048249
chronic.kidney.disease:0.00;0.007835929262086545
asthma:0.00;-0.007105245837005801
copd:0.00;-0.06445247042266036
dementia:0.00;0.00895823618994774
cancer:0.00;-0.024770248512236012
