Features;Individual Effect
age;-0.2021856911878671
race;0.016874957966685776
sex;0.037130776553690584
hypertension;-0.04148815309631835
hyperlipidemia;-0.13102908830221988
diabetes;-0.05069628047591504
coronary.artery.disease;0.040466971821059794
chf;-0.012188396501772914
cerebrovascular.disease;0.014097712256238576
hepatitis;-0.004375475333314684
endstage.renal.disease;0.02766520922010121
chronic.kidney.disease;0.04603580115404784
asthma;0.02646721820556561
copd;-0.00741172836575725
dementia;-0.03844996506036573
cancer;0.01908847857786062
