Features;Individual Effect
age;-0.21343951015541957
race;-0.04562059179035148
sex;-0.019963589057586033
hypertension;-0.04639330008344925
hyperlipidemia;-0.016607588068167405
diabetes;-0.038430514463314955
coronary.artery.disease;-0.07600914389369079
chf;0.05539479148381755
cerebrovascular.disease;0.0055900909448459365
hepatitis;0.008539041118158456
endstage.renal.disease;-0.004797880398938166
chronic.kidney.disease;0.026511190660387374
asthma;0.01849425066910127
copd;-0.028554213074293427
dementia;-0.008682655200071561
cancer;0.0012066379974256178
