Features;Individual Effect
age:65.00;0.1449718371943986
race:white;0.014306600035626345
sex:male;0.009590935822514572
hypertension:1.00;0.027254927545497843
hyperlipidemia:0.00;-0.012429363618985166
diabetes:1.00;-0.006524218230139801
coronary.artery.disease:1.00;-0.033264228284745276
chf:0.00;-0.00030458705030636003
cerebrovascular.disease:1.00;0.00866350851239393
hepatitis:0.00;-0.03142954911663664
endstage.renal.disease:0.00;0.005565393874834787
chronic.kidney.disease:1.00;0.10724146624697978
asthma:0.00;0.04676267734884149
copd:0.00;-0.010176453678389
dementia:0.00;-0.009972752702144684
cancer:0.00;0.022411786994818703
