Features;Individual Effect
age:74.00;-0.1457066616909436
race:asian;0.05398984592286397
sex:male;-0.07756123276910805
hypertension:0.00;-0.044111013333294105
hyperlipidemia:1.00;0.026996333449602145
diabetes:0.00;-0.01879085837816517
coronary.artery.disease:0.00;0.004787490149093254
chf:1.00;-0.03151243437935329
cerebrovascular.disease:0.00;-0.012530264549275494
hepatitis:0.00;0.004905644868408061
endstage.renal.disease:0.00;0.018165948556455504
chronic.kidney.disease:0.00;-0.025524209807653096
asthma:0.00;-0.002436617588838105
copd:0.00;-0.016807725374157
dementia:0.00;0.002869768065633157
cancer:1.00;-0.13109110002959978
