Features;Individual Effect
age;0.21256878958188508
race;0.045178620452360714
sex;0.11122793995009818
hypertension;-0.04043513372362786
hyperlipidemia;0.0001459812139744908
diabetes;-0.028916713117447534
coronary.artery.disease;0.1334541316609102
chf;-0.010491441994925754
cerebrovascular.disease;-0.05657841212002251
hepatitis;0.005213181671813338
endstage.renal.disease;-0.016026767660876934
chronic.kidney.disease;0.03952538979232373
asthma;-0.022897327689667034
copd;0.00771204077987394
dementia;-0.008873819754872454
cancer;0.0005998189681973784
