Features;Individual Effect
age:87.00;-0.16613873140428562
race:white;-0.08472981776388953
sex:female;0.03238466968053234
hypertension:0.00;-0.0018695330349217595
hyperlipidemia:0.00;-0.011912468311426838
diabetes:0.00;-0.012424206987926966
coronary.artery.disease:1.00;-0.1458477788740944
chf:0.00;0.004012871653419535
cerebrovascular.disease:0.00;-0.03621808359508403
hepatitis:0.00;-0.031356043022311895
endstage.renal.disease:0.00;-0.0437225617866424
chronic.kidney.disease:0.00;0.01761319913763936
asthma:0.00;0.008116695745553695
copd:0.00;-0.008094231980123212
dementia:0.00;0.00521114317605656
cancer:0.00;-0.004531381604210627
