Features;Individual Effect
age:88.00;-0.17514697828546943
race:white;-0.004380420013948599
sex:male;-0.09142368811493086
hypertension:1.00;0.04878272214425759
hyperlipidemia:1.00;0.013290112063374753
diabetes:0.00;0.0018029215224650988
coronary.artery.disease:0.00;0.084080589319277
chf:0.00;0.02623214648023165
cerebrovascular.disease:0.00;0.017894533253277507
hepatitis:0.00;-0.001201156331166819
endstage.renal.disease:0.00;-0.017093457330269974
chronic.kidney.disease:0.00;0.031686449870280756
asthma:0.00;-0.012986937503536659
copd:0.00;-0.007284661733895696
dementia:1.00;-0.07482988104446464
cancer:0.00;-0.02318353121423698
