Features;Individual Effect
age:73.00;-0.10540381824857722
race:black;-0.014395973199867379
sex:female;-0.03410731536489309
hypertension:1.00;0.039281613546643876
hyperlipidemia:1.00;-0.02965353236034226
diabetes:1.00;-0.08819717573919632
coronary.artery.disease:0.00;-0.029043683289709982
chf:0.00;-0.059435347375399156
cerebrovascular.disease:0.00;-0.008166739343624928
hepatitis:0.00;-0.036498368984244266
endstage.renal.disease:0.00;0.008572886226715358
chronic.kidney.disease:0.00;0.0205487203481341
asthma:0.00;0.03718280921758177
copd:0.00;0.008525724323537008
dementia:0.00;-0.0018786565261696316
cancer:0.00;0.05508936148705787
