Features;Individual Effect
age;-0.17238325893818263
race;-0.11566257102394499
sex;0.045063367301040214
hypertension;-0.01319479898209049
hyperlipidemia;0.015787358133756722
diabetes;0.004301191379413802
coronary.artery.disease;-0.17121191415278475
chf;0.004983051865024027
cerebrovascular.disease;0.02309212137183978
hepatitis;0.012622055358862329
endstage.renal.disease;-0.03949347424574737
chronic.kidney.disease;-0.009555192018888728
asthma;-0.02143067756102226
copd;-0.020049289516334876
dementia;0.0007354612138409863
cancer;-0.01697602047892472
