Features;Individual Effect
age;-0.02955925253835169
race;-0.020225386136210985
sex;-0.034799214495673345
hypertension;0.011515347791266544
hyperlipidemia;0.021080652508890588
diabetes;-0.021343346161233807
coronary.artery.disease;-0.08412964892318653
chf;0.03865250569525635
cerebrovascular.disease;-0.058930264190417525
hepatitis;-0.0033463944539495892
endstage.renal.disease;0.01516371787335901
chronic.kidney.disease;0.036929998224677726
asthma;0.01841156906871925
copd;0.01865134844892174
dementia;0.05602360104022622
cancer;-0.05017239734963468
