Features;Individual Effect
age;-0.21822500635916178
race;-0.06642484794882647
sex;0.083318087392387
hypertension;0.07139686203557871
hyperlipidemia;0.007371691384801088
diabetes;0.021308802208381508
coronary.artery.disease;0.07992608442475033
chf;0.061680018055210964
cerebrovascular.disease;0.04313430741146733
hepatitis;0.0032347382349933416
endstage.renal.disease;0.01034658332709625
chronic.kidney.disease;-0.03836287882568035
asthma;0.01955740261919534
copd;0.05392925862510937
dementia;-0.07310840833622385
cancer;-0.014632121317483184
