Features;Individual Effect
age:89.00;-0.20386977837160955
race:white;-0.02873257947215968
sex:female;0.04575711459926574
hypertension:1.00;0.007933665285611858
hyperlipidemia:1.00;-0.014683098417148883
diabetes:0.00;-0.02902457058538779
coronary.artery.disease:1.00;-0.02848722470756744
chf:1.00;-0.09827800295411732
cerebrovascular.disease:0.00;0.01948018599819574
hepatitis:0.00;-0.04623154305378391
endstage.renal.disease:0.00;0.0180981528296615
chronic.kidney.disease:0.00;-0.010992410718466333
asthma:0.00;-0.019316539698785117
copd:0.00;0.042784732869702566
dementia:1.00;-0.0238307211353269
cancer:0.00;0.00972842352755958
