Features;Individual Effect
age:72.00;0.060598510393051225
race:black;0.05916588545025357
sex:male;-0.052904926432152485
hypertension:0.00;0.04926722487606322
hyperlipidemia:0.00;-0.004505451684883501
diabetes:0.00;0.05784771529539222
coronary.artery.disease:0.00;0.09414820629045012
chf:0.00;0.07667319786140313
cerebrovascular.disease:0.00;0.02881314946707768
hepatitis:0.00;-0.033413818128643885
endstage.renal.disease:0.00;0.00043359273141495985
chronic.kidney.disease:0.00;-0.008928955808634585
asthma:0.00;-0.027930870850259058
copd:0.00;-0.0018188659585991508
dementia:0.00;0.04995682551704021
cancer:0.00;0.0030012365969300826
