Features;Individual Effect
age;-0.22961057718443234
race;-0.03624753270674974
sex;-0.1348374832834898
hypertension;-0.022761616776976735
hyperlipidemia;-0.02608422716531235
diabetes;0.010497407661753024
coronary.artery.disease;0.04022647108512517
chf;-0.01994982867566615
cerebrovascular.disease;0.0008457507393689091
hepatitis;0.023414363444794726
endstage.renal.disease;-0.023153679417997758
chronic.kidney.disease;-0.027676650905564013
asthma;-0.008539786313995702
copd;-0.013476563583201567
dementia;-0.009290273457519517
cancer;-0.029152776493654966
