Features;Individual Effect
age:36.00;0.24816792018623796
race:asian;0.14278182430115538
sex:male;-0.046201641458611005
hypertension:1.00;-0.005184862805633288
hyperlipidemia:0.00;0.003837522784516323
diabetes:1.00;-0.040761541066226634
coronary.artery.disease:0.00;0.055116002708418446
chf:0.00;-0.008180287012113492
cerebrovascular.disease:0.00;0.015195718929172465
hepatitis:0.00;0.015120133171473357
endstage.renal.disease:0.00;-0.022910837796069602
chronic.kidney.disease:0.00;-0.03689653038341297
asthma:0.00;0.000726329664227747
copd:0.00;0.033982016522241254
dementia:0.00;0.00031919493990856945
cancer:0.00;0.013974414131480744
