Features;Individual Effect
age:89.00;-0.11490642053251135
race:asian;0.09532668216747339
sex:male;-0.029550263511084834
hypertension:1.00;0.033481731376198656
hyperlipidemia:0.00;-0.0034683589396417615
diabetes:0.00;0.008032141710250778
coronary.artery.disease:0.00;0.04995764163643242
chf:0.00;0.019068280523153583
cerebrovascular.disease:1.00;0.026866751759320455
hepatitis:0.00;0.02526213559938762
endstage.renal.disease:0.00;-0.04140190515687222
chronic.kidney.disease:0.00;-0.013763368127573783
asthma:0.00;-0.016984914724025663
copd:0.00;-0.009122385711955353
dementia:1.00;0.03557161384039793
cancer:0.00;0.041033919468484184
