Features;Individual Effect
age:59.00;0.04708772803112849
race:black;0.048023578637061304
sex:male;-0.09427476013602645
hypertension:0.00;-0.04279529423629172
hyperlipidemia:0.00;-0.01279139294248827
diabetes:0.00;0.04764518187877351
coronary.artery.disease:0.00;0.07092137739732914
chf:0.00;0.03162318905480458
cerebrovascular.disease:0.00;-0.017019790292969402
hepatitis:0.00;-0.014341553759051755
endstage.renal.disease:0.00;-0.02827031940562272
chronic.kidney.disease:0.00;0.005251863100270791
asthma:1.00;0.15181867491405307
copd:0.00;-0.05986586895827923
dementia:0.00;0.05925374633955796
cancer:0.00;0.044550492166638686
