Features;Individual Effect
age;-0.2114207269939474
race;0.006135469974559035
sex;-0.0295918207392016
hypertension;0.03041095034930024
hyperlipidemia;0.03507344587677953
diabetes;-0.008156378636975131
coronary.artery.disease;-0.051038850592827534
chf;-0.02891144450644914
cerebrovascular.disease;-0.0036986395482383663
hepatitis;0.004512079715856635
endstage.renal.disease;-0.0003536828229318712
chronic.kidney.disease;0.010049445945502824
asthma;-0.026753193478926247
copd;-0.03052159483231842
dementia;-0.0038534240196285716
cancer;-0.0974035399905695
