Features;Individual Effect
age:89.00;-0.19677463214209856
race:white;-0.003206604071135929
sex:male;0.011301692246718932
hypertension:1.00;0.004877489995038755
hyperlipidemia:1.00;0.042456029054128964
diabetes:1.00;0.06879926580758239
coronary.artery.disease:1.00;-0.1037464294791858
chf:1.00;0.050936798804970505
cerebrovascular.disease:0.00;0.015364135829281367
hepatitis:0.00;0.023071557115055187
endstage.renal.disease:0.00;-0.005458963602118185
chronic.kidney.disease:0.00;0.006768356104219616
asthma:0.00;0.03577273801393666
copd:0.00;-0.0003925725175092645
dementia:0.00;-0.02664609277706583
cancer:0.00;0.0017965144435627997
