Features;Individual Effect
age;0.04830097841553248
race;0.0457543050764458
sex;0.029276621183837552
hypertension;0.03839828418332899
hyperlipidemia;-0.03817518996646081
diabetes;0.07316844435918395
coronary.artery.disease;-0.12436563971976894
chf;0.05749089948295423
cerebrovascular.disease;0.0010072283137350316
hepatitis;-0.021067630184337632
endstage.renal.disease;-0.0039055436164696297
chronic.kidney.disease;0.008240025128273902
asthma;0.02456577612711898
copd;-0.012201548854753042
dementia;-0.0031539682037560954
cancer;-0.03829793007567794
