Features;Individual Effect
age:63.00;-0.041961075692930186
race:white;-0.044008580615684134
sex:male;-0.035075036387443234
hypertension:0.00;-0.05055696040132216
hyperlipidemia:1.00;-0.030329290683417835
diabetes:0.00;0.003064140309229829
coronary.artery.disease:0.00;0.043838218422149695
chf:0.00;0.0056777092032177755
cerebrovascular.disease:0.00;0.02281218950201906
hepatitis:0.00;-0.0394424656644897
endstage.renal.disease:0.00;-0.0038863374665537263
chronic.kidney.disease:0.00;-0.0061570594366871165
asthma:1.00;-0.051642667377494206
copd:1.00;0.03290347289384164
dementia:0.00;0.0146434343640173
cancer:0.00;-0.0552493103595863
