Features;Individual Effect
age:65.00;0.12703160472459613
race:other;0.03585766823708754
sex:male;-0.002186358272958766
hypertension:1.00;0.04241573799210932
hyperlipidemia:1.00;0.014260437077339845
diabetes:0.00;0.04976682160896754
coronary.artery.disease:0.00;0.031600982907239616
chf:0.00;0.07884952002121584
cerebrovascular.disease:0.00;0.011774345944469862
hepatitis:0.00;-0.020339029971695212
endstage.renal.disease:0.00;0.04141641353377804
chronic.kidney.disease:0.00;-0.005119930688697632
asthma:0.00;0.014696985992339501
copd:0.00;0.030712453013101226
dementia:0.00;-0.015445389215908701
cancer:0.00;-0.01981584563265658
