Features;Individual Effect
age;-0.12125210613076581
race;-0.022786691420979478
sex;0.026250083799643744
hypertension;0.0269270040806064
hyperlipidemia;-0.03328004711632373
diabetes;-0.011457357138212432
coronary.artery.disease;-0.06590171743894038
chf;-0.0019050324252400525
cerebrovascular.disease;0.025418173450814804
hepatitis;-0.018413227796863735
endstage.renal.disease;-0.0490022957226792
chronic.kidney.disease;-0.12755898557364118
asthma;0.0388644228881848
copd;0.0015896112373705914
dementia;0.000509021832701061
cancer;0.05046669832133724
