Features;Individual Effect
age;0.010142241880900257
race;0.03397484463025155
sex;-0.04411282144809131
hypertension;0.015332487407622695
hyperlipidemia;-0.048910593748318146
diabetes;-0.05584200646987782
coronary.artery.disease;-0.17277726870786417
chf;-0.054477167480762
cerebrovascular.disease;0.0630490182072232
hepatitis;-0.02211961511834797
endstage.renal.disease;-0.05537737101214857
chronic.kidney.disease;-0.039191842644023915
asthma;0.014505914196409024
copd;0.017405892041021824
dementia;-0.00045527109402623833
cancer;0.008615134184074837
