Features;Individual Effect
age;-0.12643167175440345
race;0.07165058531752601
sex;0.10907005184124224
hypertension;0.0030574102724165476
hyperlipidemia;0.014346944296306719
diabetes;0.021960903460535298
coronary.artery.disease;0.016290170899118495
chf;-0.03776433922464236
cerebrovascular.disease;0.015765226916991847
hepatitis;-0.01705798260269205
endstage.renal.disease;-0.015146934509726862
chronic.kidney.disease;0.01039124947309545
asthma;0.003998056066834985
copd;-0.026521405190451187
dementia;-0.007841073810860608
cancer;0.005512131228258246
