Features;Individual Effect
age;-0.04358236400566962
race;0.037388984980886344
sex;0.1741032924644874
hypertension;-0.04058573349549374
hyperlipidemia;0.010464289546616046
diabetes;0.05948755724842318
coronary.artery.disease;0.07979168899216466
chf;-0.01616253470319748
cerebrovascular.disease;-0.020781198303510454
hepatitis;0.01282745186403611
endstage.renal.disease;-0.03769175280763576
chronic.kidney.disease;0.009913614467114102
asthma;0.0234112955554656
copd;-0.008668934416925327
dementia;0.00577913127735747
cancer;0.04825797249166662
