Features;Individual Effect
age;-0.05286559534847965
race;0.014216457517289033
sex;-0.04728214791371913
hypertension;-0.07020932780516426
hyperlipidemia;-0.005120854006398819
diabetes;-0.14123285459013207
coronary.artery.disease;0.05382239463243148
chf;-0.02546227949711091
cerebrovascular.disease;0.004426969286302124
hepatitis;-0.00685445595934886
endstage.renal.disease;-0.025316596501215673
chronic.kidney.disease;0.014746711403902634
asthma;-0.04083621771599983
copd;0.009045192477659515
dementia;0.025370660653603216
cancer;0.07807165168681665
