Features;Individual Effect
age;0.01860769970421336
race;-0.01792606079904064
sex;-0.015205316285894034
hypertension;-0.06923447790246696
hyperlipidemia;-0.04526088753261231
diabetes;0.020164263897998927
coronary.artery.disease;0.040186718585350535
chf;-0.004402156978763344
cerebrovascular.disease;0.021366356554768207
hepatitis;-0.0011051233680087254
endstage.renal.disease;-0.17822651924861468
chronic.kidney.disease;-0.0015598146909612167
asthma;0.02199916531270195
copd;0.035839193927842024
dementia;0.04718146536091635
cancer;-0.013372981245491458
