Features;Individual Effect
age:71.00;0.1109628240058314
race:other;0.003070642005674073
sex:male;0.03826764200197978
hypertension:0.00;-0.027859467802226215
hyperlipidemia:0.00;0.0010162274528506742
diabetes:0.00;0.036784208997178804
coronary.artery.disease:1.00;-0.051887470201456266
chf:0.00;-0.05482341087435301
cerebrovascular.disease:0.00;-0.04915158014341158
hepatitis:0.00;-0.0020738602825534124
endstage.renal.disease:0.00;0.056072384455462414
chronic.kidney.disease:0.00;-0.007096272453813779
asthma:0.00;0.005568071352137491
copd:0.00;-0.006216895234466752
dementia:0.00;-0.017167455189195345
cancer:0.00;0.03444348575457594
