Features;Individual Effect
age;-0.14570143705095473
race;0.034198434942775746
sex;-0.0018085037574559863
hypertension;-0.11256324009852875
hyperlipidemia;0.012358215402345918
diabetes;0.04832593592008508
coronary.artery.disease;0.051419273097277715
chf;0.005406784962764685
cerebrovascular.disease;0.03800606672282548
hepatitis;-0.029362558464550298
endstage.renal.disease;-0.006867859105247617
chronic.kidney.disease;-0.02276646444333611
asthma;-0.006394403638634104
copd;-0.010523126537057554
dementia;0.026645925417608136
cancer;0.036741878489327987
