Features;Individual Effect
age;0.28431243078483287
race;-0.029618822582733375
sex;-0.05120732074036838
hypertension;0.003290263152989404
hyperlipidemia;-0.052758782626161044
diabetes;0.014530027335955667
coronary.artery.disease;0.006353386834893971
chf;0.05566284826878061
cerebrovascular.disease;0.03501907121423743
hepatitis;0.0317624181586038
endstage.renal.disease;-0.015845042423540623
chronic.kidney.disease;-0.0005604424045204124
asthma;-0.036840984977724554
copd;-0.026494323238105515
dementia;0.029698296922779786
cancer;0.02167600979390678
