Features;Individual Effect
age:78.00;-0.07692975397827623
race:white;-0.030522261063104607
sex:female;0.07033100066167032
hypertension:1.00;0.015577989091011551
hyperlipidemia:1.00;0.07809250022778295
diabetes:1.00;0.0014054069656617193
coronary.artery.disease:1.00;-0.08088653478886164
chf:1.00;0.1275501223148353
cerebrovascular.disease:0.00;-0.009769231985789264
hepatitis:0.00;-0.025316918503360576
endstage.renal.disease:0.00;-0.01236456826577127
chronic.kidney.disease:0.00;-0.010687453597223628
asthma:0.00;-0.0017164625021415052
copd:0.00;-0.0428324375480868
dementia:0.00;0.03739860584270404
cancer:0.00;0.0014459214300587733
