Features;Individual Effect
age:81.00;0.09060308613092198
race:white;-0.028872441594981382
sex:female;0.09300151189420111
hypertension:0.00;0.052297370322927916
hyperlipidemia:0.00;0.08461170696039952
diabetes:0.00;-0.002986944004315005
coronary.artery.disease:1.00;-0.10555657674201002
chf:0.00;0.011718500056457797
cerebrovascular.disease:0.00;-0.02377199597841498
hepatitis:0.00;-0.06605055033235051
endstage.renal.disease:0.00;-0.010524878330590196
chronic.kidney.disease:0.00;-0.02079588838798175
asthma:0.00;-0.06576204691751636
copd:0.00;-0.021032296244629545
dementia:0.00;-0.01262123160072906
cancer:0.00;0.0720903611182477
