Features;Individual Effect
age:63.00;0.09464948722591061
race:black;0.01358415184043193
sex:female;0.06132352769483019
hypertension:1.00;-0.02006089908351115
hyperlipidemia:0.00;-0.005357362864460838
diabetes:1.00;-0.0066225319040465695
coronary.artery.disease:0.00;0.0365306192057107
chf:0.00;0.019076177849066518
cerebrovascular.disease:1.00;-0.055541666694018284
hepatitis:0.00;0.03238046075330891
endstage.renal.disease:0.00;0.05463612677414467
chronic.kidney.disease:0.00;-0.019992063603593964
asthma:0.00;-0.014947341599402145
copd:0.00;-0.027625024194908813
dementia:0.00;-0.006380302896650823
cancer:0.00;-0.011769853085711802
