Features;Individual Effect
age;-0.12185848066781231
race;-0.04595324206386668
sex;0.03237300176699826
hypertension;0.021146552786795596
hyperlipidemia;0.06967367486131376
diabetes;0.039188396391104476
coronary.artery.disease;-0.1274203538389633
chf;0.0772316850794003
cerebrovascular.disease;0.017274835843693943
hepatitis;-0.04169583614938479
endstage.renal.disease;0.0033569516988094473
chronic.kidney.disease;-0.04155656753639534
asthma;-0.001323423830857197
copd;0.03851368814611114
dementia;0.015180523621702725
cancer;-0.008086036678095945
