Features;Individual Effect
age;0.1422606157811898
race;-0.07533926709797364
sex;-0.09302684959942845
hypertension;-0.1270317018524098
hyperlipidemia;-0.012365713933927908
diabetes;-0.12698588464810945
coronary.artery.disease;-0.1567029020523378
chf;-0.03746472978198174
cerebrovascular.disease;-0.0032815865355965423
hepatitis;-0.05097811096178196
endstage.renal.disease;0.00992574496616764
chronic.kidney.disease;-0.002932388197468279
asthma;0.027881112826174892
copd;0.06942089046876834
dementia;-0.009831215900357751
cancer;-0.00505608271505506
