Features;Individual Effect
age:52.00;0.25862243097750104
race:black;0.002055646098772023
sex:male;-0.08674374084289335
hypertension:1.00;0.1796339706395593
hyperlipidemia:0.00;0.015263630138016364
diabetes:1.00;-0.045948731894443554
coronary.artery.disease:0.00;0.08008812882103833
chf:0.00;0.005493301405771257
cerebrovascular.disease:0.00;0.01340597709813137
hepatitis:0.00;-0.047353498021496424
endstage.renal.disease:0.00;0.0046631696646324316
chronic.kidney.disease:0.00;0.002102587519505942
asthma:0.00;0.00658669797478169
copd:0.00;-0.0029438740114037234
dementia:0.00;-0.010586151287045282
cancer:0.00;-0.004768532014403001
