Features;Individual Effect
age:44.00;0.2671379478333184
race:black;0.010699471172009416
sex:female;0.10422577432373581
hypertension:0.00;-0.07269025863318826
hyperlipidemia:0.00;-0.019689259843675033
diabetes:1.00;-0.05328800441707541
coronary.artery.disease:0.00;0.10630024513031724
chf:0.00;-0.03756169908364258
cerebrovascular.disease:0.00;-0.007556044992934994
hepatitis:0.00;0.007835079815373095
endstage.renal.disease:0.00;0.035088395174884005
chronic.kidney.disease:0.00;-0.02714922112570276
asthma:0.00;0.048262842584442356
copd:0.00;-0.02002209047254737
dementia:0.00;0.008130116302642442
cancer:0.00;0.017183798625169014
