Features;Individual Effect
age;-0.09548154699689186
race;-0.013092101237580644
sex;0.002741423184891058
hypertension;0.033573216554423996
hyperlipidemia;0.07646468631478123
diabetes;-0.025539097516440807
coronary.artery.disease;-0.030344446409812167
chf;-0.007036089006401992
cerebrovascular.disease;-0.0045763459625124845
hepatitis;-0.021234476035541138
endstage.renal.disease;-0.0031163439445836784
chronic.kidney.disease;0.009875255999324567
asthma;0.10617481146199194
copd;0.09605881739426513
dementia;-0.0629564816146628
cancer;-0.008972728339369164
