Features;Individual Effect
age;0.15193018730063726
race;0.007752672079833718
sex;-0.034959343393618614
hypertension;0.043410796034241764
hyperlipidemia;0.0050556630381538015
diabetes;0.03933746073596299
coronary.artery.disease;-0.010962286950420093
chf;-0.03510557164210662
cerebrovascular.disease;0.009639435423225401
hepatitis;-0.015129111094685932
endstage.renal.disease;0.012836477479781916
chronic.kidney.disease;0.07276332862361437
asthma;-0.015753367447719956
copd;-0.0012902225788991913
dementia;-0.022723587825478106
cancer;0.08246745202359246
