Features;Individual Effect
age:83.00;-0.12178429440085961
race:black;-0.010134681042843506
sex:female;0.0700944829191275
hypertension:1.00;-0.05300623657467205
hyperlipidemia:1.00;0.03978685840158294
diabetes:1.00;-0.006969151942483527
coronary.artery.disease:1.00;-0.08546943860055561
chf:1.00;0.02032330885515341
cerebrovascular.disease:0.00;0.002506134340720086
hepatitis:0.00;0.02167889378290512
endstage.renal.disease:0.00;0.05131247184450384
chronic.kidney.disease:0.00;-0.0023000790868976323
asthma:0.00;-0.044138744426539325
copd:0.00;-0.03178608960861794
dementia:0.00;0.024837269603946083
cancer:1.00;-0.11616481498352986
