Features;Individual Effect
age;-0.12172727723351649
race;-0.024264151807021808
sex;-0.09350734271944358
hypertension;0.031236773486880406
hyperlipidemia;-0.008008992386223584
diabetes;0.004148180791219348
coronary.artery.disease;-0.1296495825044921
chf;-0.01212049546582445
cerebrovascular.disease;-0.009029701336848679
hepatitis;-0.03840651757413015
endstage.renal.disease;0.01900959247333912
chronic.kidney.disease;0.004573130282063825
asthma;-0.039908436769955494
copd;0.008373551798510334
dementia;0.01554395970885452
cancer;0.012271909043903972
