Features;Individual Effect
age:48.00;0.18311620263819703
race:asian;0.04189972714698517
sex:male;-0.045125328762401745
hypertension:1.00;0.009650394800838787
hyperlipidemia:0.00;-0.03559310243886215
diabetes:1.00;-0.019047329365389425
coronary.artery.disease:0.00;0.042706287277366584
chf:0.00;0.03980409464093324
cerebrovascular.disease:0.00;-0.02178790365200572
hepatitis:0.00;0.018822300134639088
endstage.renal.disease:0.00;0.0010322310800205993
chronic.kidney.disease:0.00;-0.0008188820311749861
asthma:0.00;-0.006297314467970603
copd:0.00;0.015595142305034356
dementia:0.00;-0.009815390103099465
cancer:0.00;0.05916592227014828
