Features;Individual Effect
age:52.00;0.24049051751698694
race:black;0.07981304378076676
sex:female;0.025517164997355
hypertension:1.00;-0.012725609269574719
hyperlipidemia:0.00;0.010375000493666044
diabetes:0.00;-0.00924824596658055
coronary.artery.disease:0.00;0.0015162168076775194
chf:0.00;0.016008582994829282
cerebrovascular.disease:0.00;0.0332666575870395
hepatitis:0.00;-0.04995910162094092
endstage.renal.disease:0.00;0.04661187265816302
chronic.kidney.disease:0.00;0.006086226340548898
asthma:0.00;0.03679295371433348
copd:0.00;-0.07377386690948491
dementia:0.00;-0.007630769047111432
cancer:0.00;0.038951685904237594
