Features;Individual Effect
age;0.4149930895958625
race;-0.008231358062510956
sex;-0.0296462412794471
hypertension;-0.005490107817742155
hyperlipidemia;0.006638331246137117
diabetes;0.023034983107870187
coronary.artery.disease;-0.09807589292145742
chf;0.021551037989930685
cerebrovascular.disease;0.01715016949214671
hepatitis;0.007910978027018416
endstage.renal.disease;-0.0020095605635988448
chronic.kidney.disease;0.0027570141071175604
asthma;0.04926028821753574
copd;0.009226113957891245
dementia;0.01666709573594357
cancer;0.007973395106007641
