Features;Individual Effect
age;0.1541094220172627
race;-0.047583266237389794
sex;0.01634235635469757
hypertension;0.0014873627066282705
hyperlipidemia;0.04935539103455819
diabetes;0.012022336930459208
coronary.artery.disease;-0.1538092867473722
chf;0.08146292973071612
cerebrovascular.disease;0.0003286523163382026
hepatitis;0.011960333978561107
endstage.renal.disease;-0.0006200917520402319
chronic.kidney.disease;-0.04152456081132151
asthma;0.04315459944681875
copd;-0.018195136590802637
dementia;-0.018140094863670166
cancer;0.0036453439136665978
