Features;Individual Effect
age:44.00;0.20273949863203933
race:white;-0.02707983522133042
sex:female;0.11494894430196669
hypertension:0.00;-0.0042234099801957865
hyperlipidemia:0.00;-0.020556405975668556
diabetes:0.00;0.027245695574428738
coronary.artery.disease:0.00;0.07658710267600506
chf:0.00;0.01762291135912907
cerebrovascular.disease:0.00;-0.020647406180616293
hepatitis:0.00;-0.03366762305287411
endstage.renal.disease:0.00;0.03436147420334781
chronic.kidney.disease:0.00;-0.017979742997671883
asthma:0.00;-0.009625818115950691
copd:0.00;0.0009672235811392185
dementia:0.00;-0.008365046782770846
cancer:0.00;0.031166981665528008
