Features;Individual Effect
age:77.00;-0.17523267578381743
race:white;-0.011197897989819442
sex:male;-0.1366423417917478
hypertension:1.00;0.038479958401551856
hyperlipidemia:1.00;-0.009892184837088602
diabetes:1.00;-0.05534592694549214
coronary.artery.disease:1.00;-0.07123643936798787
chf:1.00;0.06702346646208165
cerebrovascular.disease:0.00;0.03463190688112229
hepatitis:0.00;0.03627005433938721
endstage.renal.disease:0.00;0.04083575495277205
chronic.kidney.disease:0.00;-0.0070653682455835065
asthma:0.00;-0.043019885038029566
copd:0.00;-0.011722933408508492
dementia:0.00;0.033548636430378045
cancer:0.00;0.014752162449754483
