Features;Individual Effect
age;-0.12868243386948497
race;0.0026170111909215032
sex;-0.04206742715652408
hypertension;-0.037588485285567505
hyperlipidemia;0.07877578046003347
diabetes;-0.008598260799839379
coronary.artery.disease;-0.14332284484724386
chf;-0.021806072060916396
cerebrovascular.disease;-0.005995526486864711
hepatitis;0.02919795709942884
endstage.renal.disease;0.0038391474970628295
chronic.kidney.disease;0.026997184420387378
asthma;-0.020235511545173168
copd;0.03180203643517062
dementia;-0.00014935675927353273
cancer;-0.08768945816593214
