Features;Individual Effect
age;0.1642289730178359
race;0.010702597113238534
sex;-0.04357726819843347
hypertension;0.040481956049148074
hyperlipidemia;0.028661660361787827
diabetes;-0.024868045839035083
coronary.artery.disease;0.03072376989774494
chf;-0.03146832334403792
cerebrovascular.disease;0.0727989981006809
hepatitis;0.03628703093055669
endstage.renal.disease;-0.04932167885749044
chronic.kidney.disease;0.03765360908487847
asthma;-0.03273855881365027
copd;-0.0014901702859158534
dementia;-0.019546721820033752
cancer;-0.024947922127051946
