Features;Individual Effect
age;0.042758332909164
race;-0.034296591596004955
sex;-0.061388376298653194
hypertension;0.009701923625449076
hyperlipidemia;0.0012210448795505618
diabetes;-0.04781885500469173
coronary.artery.disease;-0.022862042029218505
chf;-0.10245297941811146
cerebrovascular.disease;-0.08241301658770123
hepatitis;0.005231682888734827
endstage.renal.disease;0.010907555332004909
chronic.kidney.disease;-0.0027454344583177203
asthma;-0.015161014276884557
copd;0.029678743754276378
dementia;0.06363451144558765
cancer;0.010020962710336357
