Features;Individual Effect
age;-0.12178035582221378
race;-0.03580959078231318
sex;-0.029660681111956348
hypertension;0.012746544380112673
hyperlipidemia;0.02955124912827846
diabetes;-0.006997315250979318
coronary.artery.disease;-0.09559550280728157
chf;0.013225634833084862
cerebrovascular.disease;-0.030004144871436086
hepatitis;-0.011183166607899246
endstage.renal.disease;-0.024000648661128256
chronic.kidney.disease;0.008289629292655372
asthma;0.0011041051197806379
copd;-0.019295593851186097
dementia;-0.0714247970472838
cancer;0.008801251677617972
