Features;Individual Effect
age;0.33481428028515775
race;-0.008436442561461109
sex;0.02360566252940608
hypertension;-0.01631972254915893
hyperlipidemia;0.04404316016427417
diabetes;0.05767787499329656
coronary.artery.disease;0.05600031057340782
chf;0.006211895357336135
cerebrovascular.disease;-0.016118070481727698
hepatitis;-0.03472067984732893
endstage.renal.disease;0.018712193095415188
chronic.kidney.disease;0.034455564002381374
asthma;0.014605113830199629
copd;0.00781744574932598
dementia;0.013638600488734831
cancer;-0.02768162062912681
