Features;Individual Effect
age;-0.053742706007396494
race;0.08475100505268428
sex;0.07955834290710995
hypertension;0.006791932704659196
hyperlipidemia;0.0768018028231441
diabetes;0.06168347782688391
coronary.artery.disease;0.06101576214962827
chf;0.003433877238694462
cerebrovascular.disease;-0.028439853554764284
hepatitis;-0.005751972421701931
endstage.renal.disease;-0.008005777725731703
chronic.kidney.disease;0.0013052280786694306
asthma;0.037331308265192896
copd;0.0014323683328048911
dementia;-0.013276778400873865
cancer;-0.014795534754090477
