Features;Individual Effect
age:89.00;-0.3040277288842606
race:white;-0.05103665910553621
sex:female;-0.028713545964552778
hypertension:1.00;-0.006086886016227658
hyperlipidemia:1.00;0.021819945144105325
diabetes:1.00;-0.025252172508480244
coronary.artery.disease:1.00;-0.09705548376700575
chf:1.00;0.011734845862421791
cerebrovascular.disease:0.00;-0.020620385543422586
hepatitis:0.00;0.023215668104669053
endstage.renal.disease:0.00;0.007478633849817723
chronic.kidney.disease:0.00;0.024192337239402107
asthma:0.00;0.0029856468264464406
copd:0.00;0.00447715261922044
dementia:0.00;0.012408508304216963
cancer:0.00;-0.0077081011338242765
