Features;Individual Effect
age;-0.2336392445740286
race;-0.042965858427809984
sex;0.016296168415560676
hypertension;0.006693667220551834
hyperlipidemia;-0.01814116105801754
diabetes;-0.012500972004855386
coronary.artery.disease;-0.0677403490376012
chf;-0.06316605133355614
cerebrovascular.disease;0.000809662576199216
hepatitis;0.04610652073086813
endstage.renal.disease;0.0007246433334188972
chronic.kidney.disease;-0.0327644429359991
asthma;0.010656946892662542
copd;0.01619439258306799
dementia;-0.043798831405682526
cancer;-0.016176952555690023
