Features;Individual Effect
age:62.00;-0.004896274484205345
race:white;-0.08040813440384298
sex:female;0.06166200562628465
hypertension:0.00;0.01819835635473551
hyperlipidemia:0.00;-0.061082301058565235
diabetes:1.00;-0.0600976080425919
coronary.artery.disease:1.00;-0.13365854096600865
chf:0.00;-0.0113117572432231
cerebrovascular.disease:0.00;-0.0027089151025748714
hepatitis:0.00;-0.018582695926284233
endstage.renal.disease:0.00;-0.028734137320092626
chronic.kidney.disease:0.00;0.011724336048157202
asthma:1.00;-0.026334739069258747
copd:0.00;0.011017196412801553
dementia:0.00;0.024966513872091804
cancer:0.00;-0.003840131104315511
