Features;Individual Effect
age;-0.1451421789812253
race;-0.0051336879075858585
sex;0.03323628350021826
hypertension;-0.000400676570715415
hyperlipidemia;0.0043481397525156965
diabetes;-0.016872726846408448
coronary.artery.disease;-0.09916037474091507
chf;0.023405969602617815
cerebrovascular.disease;0.02520061608254317
hepatitis;0.05027555622720336
endstage.renal.disease;-0.03341874624718252
chronic.kidney.disease;0.039979010714649384
asthma;-0.000837320218643558
copd;0.01987077532998928
dementia;-0.05668053196712405
cancer;-0.1088760482392905
