Features;Individual Effect
age;-0.21840508291838812
race;-0.12965046719443596
sex;-0.05560414560074364
hypertension;-0.051567328893049894
hyperlipidemia;-0.008992471329936455
diabetes;0.020288044302206758
coronary.artery.disease;0.06729608798646342
chf;0.003933581975741944
cerebrovascular.disease;-0.0035570909227112604
hepatitis;0.04676525762341515
endstage.renal.disease;0.04975922324553439
chronic.kidney.disease;-0.03571628216269518
asthma;0.0018617591752926078
copd;7.758330655926321e-05
dementia;0.03546425287795611
cancer;-0.006715019158814291
