Features;Individual Effect
age;0.23215570968830265
race;-0.04888336835706633
sex;-0.05539556105231408
hypertension;-0.02795405700053099
hyperlipidemia;0.004875859567136542
diabetes;0.020116007820886392
coronary.artery.disease;0.029065559072598036
chf;0.18474005878950608
cerebrovascular.disease;-0.029401517694037548
hepatitis;-0.013137568518533729
endstage.renal.disease;-0.013705289067348289
chronic.kidney.disease;-0.005157845961758048
asthma;0.0074034437528315185
copd;0.05278049213297056
dementia;0.0004580692708075684
cancer;0.00663297724056655
