Features;Individual Effect
age:89.00;-0.20666496946236013
race:white;-0.05721200949741484
sex:female;0.13137629404268383
hypertension:0.00;0.06790601443184044
hyperlipidemia:0.00;0.012720828584076685
diabetes:0.00;-0.011702339465382303
coronary.artery.disease:0.00;0.0444529931976561
chf:0.00;0.017647397956973326
cerebrovascular.disease:0.00;0.03773084812384285
hepatitis:0.00;-0.007176129882755007
endstage.renal.disease:0.00;0.00026498358475346656
chronic.kidney.disease:0.00;-0.0016676588052202306
asthma:0.00;0.001807796766746384
copd:0.00;-0.024348741938160858
dementia:0.00;0.01736515987501086
cancer:0.00;-0.0001851877430290257
