Features;Individual Effect
age;0.31867053783133137
race;0.031839250852423756
sex;0.031100934712948287
hypertension;-0.019554360447849084
hyperlipidemia;0.01467657576668213
diabetes;0.015659850837378822
coronary.artery.disease;0.05533975881516247
chf;0.011098893496116587
cerebrovascular.disease;0.011990112558805097
hepatitis;-0.018864489523199322
endstage.renal.disease;0.004255993208543219
chronic.kidney.disease;0.016832658982126564
asthma;0.015964227289014622
copd;-0.021240872281483778
dementia;-0.03527132704735231
cancer;0.07622280195767264
