Features;Individual Effect
age:45.00;0.2404339460143237
race:hispanic;0.15245806814692375
sex:male;-0.014879603432757068
hypertension:1.00;0.07633889256414794
hyperlipidemia:0.00;-0.04509110176730706
diabetes:1.00;-0.08610586229646565
coronary.artery.disease:0.00;0.020803259010049865
chf:0.00;-0.013381513881695409
cerebrovascular.disease:0.00;0.0028400383221366433
hepatitis:0.00;-0.021856685872298394
endstage.renal.disease:0.00;-0.036764663809786394
chronic.kidney.disease:0.00;0.005062862425902433
asthma:0.00;0.03440959828951502
copd:0.00;-0.013213469023723376
dementia:0.00;-0.0356474297978819
cancer:0.00;-0.0016268303786693833
