Features;Individual Effect
age;-0.1303266301685125
race;-0.11905535691472463
sex;0.018246285359969996
hypertension;0.01888503584056199
hyperlipidemia;0.03152794630225668
diabetes;0.003076747081272039
coronary.artery.disease;0.03300636625880303
chf;-0.03928409589695056
cerebrovascular.disease;0.022010225771529588
hepatitis;0.029316032370971773
endstage.renal.disease;0.03126039480253128
chronic.kidney.disease;0.014062249250969067
asthma;-0.004608102253996112
copd;0.01962380681774913
dementia;0.019540407043774653
cancer;0.06544124190161038
