Features;Individual Effect
age;-0.01896576068626213
race;-0.019290906699075093
sex;-0.08758728074913306
hypertension;0.009890533832013956
hyperlipidemia;0.057311108554069366
diabetes;0.0012283937448048278
coronary.artery.disease;0.011756821826813015
chf;0.026761618422926577
cerebrovascular.disease;-0.024898000222882875
hepatitis;-0.027855328657497083
endstage.renal.disease;-0.004688465115473751
chronic.kidney.disease;-0.010390134678916908
asthma;0.04954945018650939
copd;0.010239346403909822
dementia;0.026010710820809545
cancer;0.032715193652811565
