Features;Individual Effect
age:57.00;-0.021153614757504335
race:black;-0.0717196053560929
sex:male;-0.06956618434890044
hypertension:1.00;-0.098505110502074
hyperlipidemia:0.00;-0.004782037932494711
diabetes:0.00;0.052296309651233004
coronary.artery.disease:0.00;0.0606373593833308
chf:0.00;-0.011567721960171784
cerebrovascular.disease:0.00;-0.01056771592455668
hepatitis:0.00;0.04032645012509883
endstage.renal.disease:0.00;0.014077055548208834
chronic.kidney.disease:0.00;0.026532808293301294
asthma:0.00;-0.035858872634853795
copd:0.00;0.013146255752976666
dementia:0.00;0.017575402244767453
cancer:0.00;0.01854966560266805
