Features;Individual Effect
age;0.010952414771264782
race;0.09461452792965916
sex;-0.09514963341181051
hypertension;-0.05678828121813449
hyperlipidemia;-0.0034247962483611033
diabetes;-0.00235011981866658
coronary.artery.disease;-0.01757215048174963
chf;0.012852125473515448
cerebrovascular.disease;0.00491057744778153
hepatitis;0.01470630558600225
endstage.renal.disease;-0.015908240748901004
chronic.kidney.disease;0.029726134202545766
asthma;0.009515348035360607
copd;0.04487429001292899
dementia;0.01853751368905652
cancer;0.04851567224615341
