Features;Individual Effect
age;-0.13146734830881088
race;0.0060257575773030175
sex;-0.009126733830804963
hypertension;-0.010760265824050045
hyperlipidemia;0.013676542874777231
diabetes;-0.007685834220189721
coronary.artery.disease;-0.10042894831640545
chf;0.03212720182504007
cerebrovascular.disease;-0.10113903649460082
hepatitis;0.03977372556913345
endstage.renal.disease;-0.03454663439528185
chronic.kidney.disease;-0.015285297447910975
asthma;0.012408745933706233
copd;-0.007745673693940978
dementia;0.004205103240086886
cancer;5.781481198133959e-05
