Features;Individual Effect
age;-0.1164878550137471
race;-0.04724485835075924
sex;0.04635616145310377
hypertension;-0.028386171375354027
hyperlipidemia;0.0137720703536107
diabetes;0.0017623488230775232
coronary.artery.disease;-0.14782195786827346
chf;-0.03539898845085901
cerebrovascular.disease;0.008338312500989115
hepatitis;-0.0027398326159337044
endstage.renal.disease;0.04035868719497445
chronic.kidney.disease;-0.02403238364620497
asthma;-0.06312284385645052
copd;0.020042903166916513
dementia;-0.038569295387625595
cancer;-0.011774554542381162
