Features;Individual Effect
age;-0.06111830755432154
race;0.009446789762479021
sex;-0.025722935998755022
hypertension;0.04552639909460341
hyperlipidemia;-0.047463796140762966
diabetes;-0.031873561898441205
coronary.artery.disease;0.049773221874046675
chf;0.008151455549457669
cerebrovascular.disease;-0.025435318866883362
hepatitis;0.04993046583773288
endstage.renal.disease;0.025724165627760698
chronic.kidney.disease;0.06550790680283139
asthma;-0.07286397143866599
copd;-0.059387991839405754
dementia;0.015782231530008718
cancer;0.012226816170137277
