Features;Individual Effect
age:62.00;0.03992897042849977
race:white;-0.027949743042872698
sex:male;-0.053388158034457615
hypertension:0.00;-0.01070737319356178
hyperlipidemia:0.00;-0.03167138247142806
diabetes:0.00;0.008066849275453342
coronary.artery.disease:1.00;-0.02912203404846972
chf:1.00;0.17308154592730807
cerebrovascular.disease:0.00;-0.023970246817295492
hepatitis:0.00;-0.03450117090592649
endstage.renal.disease:0.00;-0.00292679071598137
chronic.kidney.disease:0.00;-0.011263618215742378
asthma:0.00;0.025848539046290732
copd:0.00;0.004863893256009409
dementia:0.00;0.0061384965064864485
cancer:0.00;0.027344071961638114
