Features;Individual Effect
age:68.00;0.02748016706485784
race:asian;0.05833278009890996
sex:female;0.06996788739099519
hypertension:1.00;-0.04539901685527739
hyperlipidemia:0.00;-0.031355366532475976
diabetes:1.00;0.046810780551036886
coronary.artery.disease:1.00;-0.11810417763366733
chf:1.00;0.07086104299573541
cerebrovascular.disease:0.00;0.015183984178459321
hepatitis:0.00;0.04855553095685987
endstage.renal.disease:0.00;0.0026820913863532907
chronic.kidney.disease:0.00;-0.008903755800930672
asthma:0.00;-0.0024183941052152783
copd:0.00;-0.0037610034837683923
dementia:0.00;0.004224498183902879
cancer:0.00;0.05034953213623693
