Features;Individual Effect
age;-0.26477158593703165
race;0.003260914332048212
sex;-0.12075461469302094
hypertension;-0.017365400218563455
hyperlipidemia;-0.008452884410524502
diabetes;-0.024135792075575944
coronary.artery.disease;0.033133653606188446
chf;-0.01423856028319067
cerebrovascular.disease;0.005370948501522628
hepatitis;-0.03143487557854152
endstage.renal.disease;-0.019911644977289644
chronic.kidney.disease;0.011208252813647894
asthma;-0.009869216883827256
copd;0.04058212280237642
dementia;-0.021313768117742042
cancer;-0.04095075326088582
