Features;Individual Effect
age:71.00;0.05064338878490881
race:black;0.02774008873085592
sex:male;0.008022045517015576
hypertension:1.00;0.09343268555413842
hyperlipidemia:1.00;0.05563650969941792
diabetes:1.00;0.01664303011647443
coronary.artery.disease:0.00;0.10696990888251792
chf:0.00;0.014101846220830766
cerebrovascular.disease:0.00;-0.012948473859106207
hepatitis:0.00;-0.011062556741001234
endstage.renal.disease:0.00;-0.031864531167302285
chronic.kidney.disease:0.00;0.0052572468640503574
asthma:0.00;-0.012771494125198757
copd:0.00;-0.044224678902308044
dementia:0.00;0.018882578622803882
cancer:1.00;-0.11306848201675151
