Features;Individual Effect
age:89.00;-0.22023298158893304
race:white;-0.04290226194386098
sex:female;-0.0357867859393492
hypertension:1.00;-0.051308266060778984
hyperlipidemia:0.00;0.018925944566828275
diabetes:0.00;-0.04482887798449728
coronary.artery.disease:1.00;-0.1071708236877054
chf:1.00;0.05050405245122047
cerebrovascular.disease:0.00;0.016868119381433434
hepatitis:0.00;-0.0008927730754130225
endstage.renal.disease:0.00;0.005541744719169097
chronic.kidney.disease:0.00;-0.013477279739242957
asthma:0.00;0.006287278606390929
copd:0.00;0.022290078968128804
dementia:0.00;0.021127942882540652
cancer:0.00;-0.008097321560497637
