Features;Individual Effect
age:35.00;0.2400612360524803
race:black;0.007628719098250846
sex:male;-0.04271497420624188
hypertension:1.00;0.0049773681015564085
hyperlipidemia:0.00;-0.006285517109511264
diabetes:1.00;-0.05010659679124503
coronary.artery.disease:0.00;0.008317315537262858
chf:0.00;0.03895911513858467
cerebrovascular.disease:0.00;0.03322383127079992
hepatitis:1.00;-0.054989799964913495
endstage.renal.disease:1.00;0.08349547169685709
chronic.kidney.disease:0.00;-0.028744859964640962
asthma:0.00;-3.2021182601998975e-05
copd:0.00;-0.004467520056780493
dementia:0.00;0.001479742111692909
cancer:0.00;-6.017890769936633e-07
