Features;Individual Effect
age;0.1835063138381003
race;0.035727597192643026
sex;0.01835208988097057
hypertension;0.04323143313585344
hyperlipidemia;-0.018947876322339033
diabetes;0.0885334708610521
coronary.artery.disease;0.058145850711914956
chf;0.05467161089297856
cerebrovascular.disease;-0.012010202846723182
hepatitis;-0.0170705994433196
endstage.renal.disease;0.0030728741037242754
chronic.kidney.disease;0.00909466727782726
asthma;-0.006794978334139553
copd;-0.01598477728537314
dementia;0.012249100355066541
cancer;0.014164632000337865
