Features;Individual Effect
age;-0.05655024550327926
race;-0.029585637033329636
sex;0.0009864154443880238
hypertension;0.01187650711222622
hyperlipidemia;0.001615461725717235
diabetes;-0.019238124783803975
coronary.artery.disease;-0.14278265935796575
chf;-0.002172665384828184
cerebrovascular.disease;-0.054345980659606614
hepatitis;-0.02016963748501479
endstage.renal.disease;-0.03326716467821768
chronic.kidney.disease;0.006938875158530866
asthma;0.009819012287060142
copd;0.0007398803928454246
dementia;0.03624223542941808
cancer;0.0046759663421652095
