Features;Individual Effect
age:89.00;-0.25074036923539345
race:white;-0.03694180528621002
sex:male;-0.08575996534272881
hypertension:0.00;0.031650412217991794
hyperlipidemia:0.00;-0.034432348392019994
diabetes:0.00;-0.05521943257925187
coronary.artery.disease:0.00;0.018769366958152404
chf:0.00;0.007145312377937002
cerebrovascular.disease:0.00;0.06084939227365386
hepatitis:0.00;0.036524829534954846
endstage.renal.disease:0.00;-0.016196324604667654
chronic.kidney.disease:0.00;-0.0012336111209867943
asthma:0.00;0.006749884234412201
copd:0.00;0.016779184631933862
dementia:0.00;-0.016210981752507195
cancer:0.00;0.006815730177824324
