Features;Individual Effect
age:72.00;0.0585890953448369
race:black;0.06829074254360196
sex:female;0.021138788928940673
hypertension:0.00;0.04052243003458934
hyperlipidemia:0.00;-0.01649809517182643
diabetes:0.00;0.10350983093591513
coronary.artery.disease:0.00;0.08614755898997926
chf:0.00;-0.011023941243552247
cerebrovascular.disease:0.00;-0.0190932517787933
hepatitis:0.00;-0.006893978296838663
endstage.renal.disease:0.00;-0.0284569758176554
chronic.kidney.disease:0.00;-0.030604084259755283
asthma:0.00;-0.0184109395895991
copd:0.00;-0.015981380762556473
dementia:0.00;0.044666589327003015
cancer:0.00;0.02921890437228642
