Features;Individual Effect
age:61.00;0.04399301022135078
race:black;-0.018857928599392604
sex:male;-0.06457278735280722
hypertension:1.00;0.028767087880657877
hyperlipidemia:0.00;0.011804290679100238
diabetes:1.00;-0.02693851475566013
coronary.artery.disease:0.00;0.06305771093800257
chf:0.00;-0.0013350037469473525
cerebrovascular.disease:0.00;0.024474484090851276
hepatitis:0.00;-0.04141096548167212
endstage.renal.disease:0.00;0.041966879745151245
chronic.kidney.disease:0.00;-0.0068146543802563315
asthma:0.00;-0.00885015046140057
copd:0.00;0.02137788049777345
dementia:0.00;0.006720068055514221
cancer:0.00;0.012113755524410068
