Features;Individual Effect
age;0.41543063987475776
race;0.026381880781536804
sex;-0.01599343671757638
hypertension;-0.024124664548771997
hyperlipidemia;-0.018005532880691424
diabetes;0.04596606511118059
coronary.artery.disease;0.038801397637440366
chf;0.038727980616101554
cerebrovascular.disease;-0.025851994698424866
hepatitis;0.015756950872655183
endstage.renal.disease;0.014270461731346057
chronic.kidney.disease;0.001165303392423253
asthma;-0.009111609555754258
copd;-0.01123142060179923
dementia;-0.004818487581274438
cancer;-0.014112289793072748
