Features;Individual Effect
age;0.22125291126755442
race;0.17578119320905108
sex;-0.005384735451427286
hypertension;-0.006345664964699335
hyperlipidemia;0.009481534059506844
diabetes;0.04898855684412069
coronary.artery.disease;-0.1572172676078085
chf;-0.022481032308570986
cerebrovascular.disease;-0.01827595938404799
hepatitis;0.02295398652688313
endstage.renal.disease;-0.006300134695344482
chronic.kidney.disease;-0.029891907753491424
asthma;-0.012612578603645265
copd;0.0012455314460289302
dementia;0.01876937242512332
cancer;0.029834963948730746
