Features;Individual Effect
age;-0.06878727410957126
race;-0.08864146357862007
sex;-0.00738838018349626
hypertension;0.007059486403095165
hyperlipidemia;-0.009648591954462663
diabetes;-0.013027555060626684
coronary.artery.disease;0.03301943763170438
chf;-0.0872846298186555
cerebrovascular.disease;0.03577952346381804
hepatitis;0.011046560068777245
endstage.renal.disease;0.04041588150111849
chronic.kidney.disease;-0.08162319892244407
asthma;-0.027957232258638456
copd;-0.10472536745868596
dementia;0.010982004484505217
cancer;0.04024822742029956
