Features;Individual Effect
age;-0.09913239636519075
race;0.07211683131477586
sex;0.01623541953614882
hypertension;0.016335333921979736
hyperlipidemia;-0.032746917577109944
diabetes;0.025188281967610925
coronary.artery.disease;0.08849322876812593
chf;-0.01382926800465201
cerebrovascular.disease;-0.032212483017896684
hepatitis;0.025272256364391427
endstage.renal.disease;0.021882974991383617
chronic.kidney.disease;0.0014853388185084235
asthma;-0.013158725006546843
copd;-0.04264377504325155
dementia;0.016299569612437663
cancer;-0.03076148632764746
