Features;Individual Effect
age;0.059110353960532665
race;-0.0047611970183772945
sex;-0.021484138815403682
hypertension;-0.004085838254482698
hyperlipidemia;-0.026640346970921013
diabetes;-0.07310906080545622
coronary.artery.disease;-0.229181365555238
chf;-0.006833048483642006
cerebrovascular.disease;-0.037053602635928676
hepatitis;0.053244846279795956
endstage.renal.disease;0.04259297177199877
chronic.kidney.disease;-0.0020562269945882186
asthma;-0.03233236250164534
copd;0.022418359908691572
dementia;0.0037358709614175173
cancer;-0.0009928511434001662
