Features;Individual Effect
age;-0.14062898457919812
race;0.0005601651581505079
sex;0.06381527350415003
hypertension;0.0003191590935676461
hyperlipidemia;0.0038493609442760077
diabetes;-0.04913401502367827
coronary.artery.disease;0.0380615303340623
chf;-0.0032678688804396736
cerebrovascular.disease;0.004647635878702244
hepatitis;0.006814771797222754
endstage.renal.disease;-0.014291358142602364
chronic.kidney.disease;-0.0051177680998663825
asthma;0.013935238739825183
copd;4.5821855065710654e-05
dementia;-0.09622803995452311
cancer;-0.15997519474723787
