Features;Individual Effect
age:89.00;-0.13246325706548484
race:black;-0.04404686813847912
sex:female;-0.0024393599184879943
hypertension:1.00;-0.003203082268460177
hyperlipidemia:1.00;-0.0008460319289974351
diabetes:1.00;0.0016695451933778239
coronary.artery.disease:0.00;0.0866778352450571
chf:0.00;0.010309550315391892
cerebrovascular.disease:1.00;-0.11345637089573228
hepatitis:0.00;0.007571531855442322
endstage.renal.disease:0.00;0.03766953993122531
chronic.kidney.disease:0.00;-0.0006445642906237788
asthma:0.00;-0.012052250037670334
copd:0.00;-0.05246366541974247
dementia:1.00;0.082133482671855
cancer:0.00;-0.01695552987402709
