Features;Individual Effect
age;-0.17733267893179475
race;-0.08054318145041274
sex;-0.08156908436898672
hypertension;-0.03279869600055152
hyperlipidemia;0.007236158533928901
diabetes;-0.13101028328175376
coronary.artery.disease;0.048863370945800705
chf;-0.020203076895215215
cerebrovascular.disease;0.0021212221041067222
hepatitis;0.01511412556760644
endstage.renal.disease;-0.004693984608122884
chronic.kidney.disease;-0.006046846629017152
asthma;0.012292853111122833
copd;-0.008885311953216825
dementia;-0.0038177337713733994
cancer;-0.04548681992694981
