Features;Individual Effect
age:83.00;-0.1760573990542066
race:white;-0.03577729374886332
sex:male;-0.031371355869153635
hypertension:1.00;-0.003943121554998593
hyperlipidemia:1.00;-0.054699271289338706
diabetes:1.00;0.007903044689910765
coronary.artery.disease:1.00;-0.10409810672306631
chf:0.00;-0.02712518657780311
cerebrovascular.disease:0.00;0.04581753990259323
hepatitis:0.00;-0.03352920987094235
endstage.renal.disease:0.00;0.0005081222786458978
chronic.kidney.disease:1.00;-0.033910747897361176
asthma:0.00;0.02814553927277078
copd:0.00;0.004268583667710279
dementia:0.00;0.02551966874139103
cancer:0.00;-0.03825790579824971
