Features;Individual Effect
age:89.00;-0.2619773078612295
race:white;-0.10128866426431608
sex:male;-0.0985594780753187
hypertension:0.00;0.01593341821373047
hyperlipidemia:0.00;-0.0380069766852182
diabetes:0.00;0.03144348899963892
coronary.artery.disease:0.00;0.05549230456393073
chf:0.00;-0.026500071895223333
cerebrovascular.disease:0.00;-0.033478269873700055
hepatitis:0.00;-0.0034199945000360187
endstage.renal.disease:0.00;-0.00019357545166613643
chronic.kidney.disease:0.00;0.043153719682710166
asthma:0.00;0.021405076048567742
copd:0.00;0.01723817955674703
dementia:0.00;0.01747716665004403
cancer:0.00;0.029543642849793498
