Features;Individual Effect
age;-0.19431492430484443
race;-0.03876820944951528
sex;0.05341437518744869
hypertension;-0.042565545968852814
hyperlipidemia;0.042903389183097704
diabetes;0.02462176379069389
coronary.artery.disease;0.08869190714049928
chf;0.014000357589070861
cerebrovascular.disease;-0.0015078993910913104
hepatitis;0.026807279744850455
endstage.renal.disease;-0.0008952690223443631
chronic.kidney.disease;-0.013171861045001829
asthma;-0.013202442937271401
copd;-0.030335360771817987
dementia;-0.2345354209541602
cancer;-0.0030081203809243767
