Features;Individual Effect
age:26.00;0.3675670149992879
race:asian;0.07794603172505987
sex:female;0.10167971074299624
hypertension:0.00;-0.0398324642043806
hyperlipidemia:0.00;-0.03738619416050038
diabetes:1.00;-0.0046211423251019245
coronary.artery.disease:1.00;-0.12592044397269017
chf:0.00;0.0036334409100304502
cerebrovascular.disease:0.00;-0.0075099321572155014
hepatitis:0.00;-0.035865726255866814
endstage.renal.disease:0.00;-0.03820327076245937
chronic.kidney.disease:0.00;0.02745303894592478
asthma:0.00;0.014288448942980208
copd:0.00;-0.03612982475161982
dementia:0.00;0.005198462198678932
cancer:0.00;0.006054254525561919
