Features;Individual Effect
age;0.23224643617521276
race;0.07157292881668881
sex;-0.07262918677247127
hypertension;-0.06608635985567846
hyperlipidemia;0.031550326334004
diabetes;-0.1457703516244353
coronary.artery.disease;0.05670142389136711
chf;0.03857595237635177
cerebrovascular.disease;0.011964066020224947
hepatitis;0.019234541375066968
endstage.renal.disease;0.03443672375656227
chronic.kidney.disease;-0.04644905632468754
asthma;0.006738072376141864
copd;0.0069520839012786485
dementia;-0.022995812248402983
cancer;0.013801881442000077
