Features;Individual Effect
age;-0.021652332473878586
race;-0.08101299068241248
sex;-0.12208777782703112
hypertension;0.009408636673323846
hyperlipidemia;-0.04806432085262085
diabetes;-0.16151873186434784
coronary.artery.disease;0.014529061513806632
chf;-0.04019638304670597
cerebrovascular.disease;0.030897078849732744
hepatitis;0.009980955952718619
endstage.renal.disease;0.009534731683723166
chronic.kidney.disease;0.008456148327275238
asthma;0.020334247250752384
copd;-0.0057112970875366695
dementia;-0.030575189079033196
cancer;0.0068563499543700945
