Features;Individual Effect
age:67.00;-0.04855218753424977
race:white;-0.06475458728533635
sex:male;-0.037768308251217936
hypertension:0.00;-0.02480451521078555
hyperlipidemia:0.00;0.003566322010951674
diabetes:0.00;0.008336685866629265
coronary.artery.disease:1.00;-0.2695460229088853
chf:0.00;-0.054657406277303894
cerebrovascular.disease:0.00;-0.033509313588320586
hepatitis:0.00;0.005900239915390251
endstage.renal.disease:0.00;0.019556558833376855
chronic.kidney.disease:0.00;-0.004367659848972617
asthma:0.00;0.05603315605006755
copd:0.00;-0.014489716260516367
dementia:0.00;0.009517406220641643
cancer:0.00;-0.001766846983315709
