Features;Individual Effect
age:69.00;-0.04073211141927069
race:black;0.07117844562656037
sex:female;0.04699547298593236
hypertension:0.00;0.010641630096765182
hyperlipidemia:0.00;0.045420358663239624
diabetes:0.00;0.03328542816644707
coronary.artery.disease:0.00;0.060080279301858434
chf:0.00;-0.04496800254285209
cerebrovascular.disease:0.00;0.014139952774787003
hepatitis:0.00;0.006703644624125919
endstage.renal.disease:0.00;-0.01992414281715219
chronic.kidney.disease:0.00;-0.0034990658956672374
asthma:0.00;0.051188977050007925
copd:0.00;-0.013938543763846605
dementia:0.00;-0.011393873453960104
cancer:0.00;-0.006743508612595647
