Features;Individual Effect
age;0.00680759218929701
race;0.05353671812004733
sex;0.0852062863394375
hypertension;0.0403752173338449
hyperlipidemia;0.0148637892179262
diabetes;0.10311378405605037
coronary.artery.disease;0.06244205798254053
chf;0.012346365220961216
cerebrovascular.disease;0.038362335177823385
hepatitis;0.005786495235686393
endstage.renal.disease;-0.04347177672010758
chronic.kidney.disease;-0.014436640293188342
asthma;-0.001052104109985786
copd;-0.02587779934247425
dementia;0.00653624031007782
cancer;0.04533641127409224
