Features;Individual Effect
age:70.00;0.10922377674769876
race:black;0.034431138892117664
sex:female;0.044373944998152184
hypertension:1.00;0.05358071312412779
hyperlipidemia:0.00;0.03660396639461218
diabetes:1.00;0.011602385919352243
coronary.artery.disease:0.00;0.09445674430367973
chf:0.00;-0.029853452452670175
cerebrovascular.disease:0.00;0.03862864776248037
hepatitis:0.00;-0.0010078325325545909
endstage.renal.disease:0.00;-0.03750422596276436
chronic.kidney.disease:0.00;-0.07969532537811455
asthma:0.00;-0.025812752752132295
copd:0.00;0.05694696971955299
dementia:0.00;0.018846007328075204
cancer:0.00;-0.051007352439216475
