Features;Individual Effect
age;-0.06013086071932659
race;0.053152416827310645
sex;0.054522776764492936
hypertension;-0.006084840713051695
hyperlipidemia;0.0485328737281748
diabetes;0.06089973945054336
coronary.artery.disease;0.06701956050788868
chf;-0.009754390543305201
cerebrovascular.disease;-0.036209039026265995
hepatitis;0.03934242265810918
endstage.renal.disease;-0.01851379732484354
chronic.kidney.disease;-0.04941294766601591
asthma;0.06747121594008505
copd;0.04825687836990635
dementia;-0.017943023854784156
cancer;-0.009074415744030406
