Features;Individual Effect
age;-0.07178228607220195
race;-0.005381570529086371
sex;-0.009201803711642994
hypertension;0.05512020438568328
hyperlipidemia;0.07552713254672527
diabetes;-0.018826534190982
coronary.artery.disease;-0.02803310202715586
chf;0.1498287929682109
cerebrovascular.disease;-0.03717866925877586
hepatitis;-0.017969136251657435
endstage.renal.disease;0.02279113578824482
chronic.kidney.disease;0.002769523633249925
asthma;-0.04522128168521769
copd;0.0025371920857849657
dementia;-0.05116217766958097
cancer;0.028004041174343894
