Features;Individual Effect
age:63.00;0.022617823806302843
race:other;-0.04546808160388911
sex:male;-0.11302006882645944
hypertension:1.00;-0.0030198568688274453
hyperlipidemia:1.00;0.06352258730947498
diabetes:0.00;0.004885492582579733
coronary.artery.disease:1.00;-0.18171340040090236
chf:0.00;-0.011990611575161996
cerebrovascular.disease:0.00;0.008005326761571473
hepatitis:0.00;0.012276796172241245
endstage.renal.disease:0.00;-0.008417782610200361
chronic.kidney.disease:0.00;0.041317756946110354
asthma:0.00;0.008518364444556385
copd:0.00;0.0075471081533407015
dementia:0.00;0.019488190632271824
cancer:1.00;-0.11927784211065011
