Features;Individual Effect
age;0.18705949078239137
race;-0.018001891082682388
sex;-0.03870644202101781
hypertension;0.1279243004397507
hyperlipidemia;0.034713566361948237
diabetes;0.05568429212593136
coronary.artery.disease;0.08008780671079394
chf;0.00330186633484531
cerebrovascular.disease;0.013205503710767678
hepatitis;0.01675886058249796
endstage.renal.disease;-0.04296225454445881
chronic.kidney.disease;-0.005194086217959078
asthma;-0.01284143229196895
copd;0.005182472373187032
dementia;0.034072601024718846
cancer;0.01566245110805245
