Features;Individual Effect
age:37.00;0.31928297377870857
race:white;-0.007800315427764469
sex:female;0.038530232096807934
hypertension:1.00;-0.025666173631411184
hyperlipidemia:0.00;0.02252722281263234
diabetes:0.00;0.0016620427853769534
coronary.artery.disease:0.00;0.019714320524402702
chf:0.00;-0.008666503641515073
cerebrovascular.disease:0.00;-0.03431141524890631
hepatitis:0.00;0.028505269953804074
endstage.renal.disease:0.00;-0.009122703415924409
chronic.kidney.disease:0.00;-0.05579540280952946
asthma:0.00;-0.006158571807630203
copd:0.00;0.015510991051108217
dementia:0.00;-0.007821621060593423
cancer:0.00;0.049338725920512534
