Features;Individual Effect
age;0.07173083330727419
race;-0.06877920365562752
sex;0.12284837363882156
hypertension;0.0699495646263119
hyperlipidemia;-0.013372898940453988
diabetes;0.09213010719272446
coronary.artery.disease;0.0516437477215855
chf;0.046497793378562656
cerebrovascular.disease;-0.029389560604852812
hepatitis;0.05568658497463956
endstage.renal.disease;-0.05941143287365108
chronic.kidney.disease;-0.01693834592137909
asthma;0.009749548999889246
copd;-0.008306311106176068
dementia;0.0008667295426397928
cancer;-0.028457681601495723
