Features;Individual Effect
age:33.00;0.2874549831383714
race:white;-0.034519564528488964
sex:female;0.06903007759051168
hypertension:0.00;-0.03885668813734084
hyperlipidemia:0.00;0.054170742375660635
diabetes:0.00;0.01835312544914635
coronary.artery.disease:0.00;0.07591906188360893
chf:0.00;0.005357876023346631
cerebrovascular.disease:0.00;0.01401157918458126
hepatitis:0.00;0.004595655947695322
endstage.renal.disease:0.00;-0.008437222310054626
chronic.kidney.disease:0.00;0.02791476233348331
asthma:0.00;-0.0025131230245246483
copd:0.00;0.006420778369820334
dementia:0.00;-0.027983577654480618
cancer:0.00;0.026084164946349145
