Features;Individual Effect
age;0.02742057142430168
race;0.09980401498813267
sex;0.03494207404879308
hypertension;0.025092773029253886
hyperlipidemia;-0.00027618528088713123
diabetes;-0.03411746589164735
coronary.artery.disease;-0.057777670057727576
chf;-0.015237109908620948
cerebrovascular.disease;0.043165002907804076
hepatitis;0.016460701291557744
endstage.renal.disease;0.023545017782496923
chronic.kidney.disease;-0.006772200105382587
asthma;-0.020082621622286682
copd;-0.024300723450850707
dementia;0.004992015245310032
cancer;0.012037823438650206
