Features;Individual Effect
age:89.00;-0.15334399922469313
race:white;0.030690337883533626
sex:male;0.005715694025406122
hypertension:1.00;0.06333805472011231
hyperlipidemia:1.00;0.11524635519918043
diabetes:1.00;0.03769449436500748
coronary.artery.disease:1.00;-0.12147462258831286
chf:1.00;0.03222810241717726
cerebrovascular.disease:0.00;-0.0346404979343299
hepatitis:0.00;-0.010611734696575262
endstage.renal.disease:0.00;0.008377247076704904
chronic.kidney.disease:0.00;0.019523941540926616
asthma:0.00;0.02100164924952333
copd:0.00;-0.07510091008082173
dementia:0.00;0.020781739626265457
cancer:0.00;-0.006239513850289835
