Features;Individual Effect
age;-0.1489578048051597
race;-0.0792447383902823
sex;-0.00121327361953745
hypertension;0.04899620963753192
hyperlipidemia;0.009185469937320216
diabetes;-0.015225427319096648
coronary.artery.disease;-0.16366709703697369
chf;-0.032502134363518204
cerebrovascular.disease;0.018366427918451708
hepatitis;-0.0012249233796408077
endstage.renal.disease;-0.03606846139587122
chronic.kidney.disease;-0.003972088978531869
asthma;-0.03836736863170096
copd;-0.013101534716555962
dementia;0.03417181866995494
cancer;-0.026532338266354535
