Features;Individual Effect
age:66.00;0.1676514610167136
race:white;-0.03690413893768073
sex:female;0.06695036794264618
hypertension:0.00;0.0024479801636622094
hyperlipidemia:0.00;-0.03454319690106497
diabetes:0.00;0.019742398275103698
coronary.artery.disease:0.00;0.012743542771644563
chf:0.00;0.005641646289622606
cerebrovascular.disease:0.00;-0.015020612256975562
hepatitis:0.00;-0.015474239617890946
endstage.renal.disease:0.00;0.03810168480498156
chronic.kidney.disease:0.00;-0.041416718522676046
asthma:0.00;0.042193417442417946
copd:0.00;-0.009830158434255928
dementia:0.00;-0.006123619398155339
cancer:1.00;-0.10238588646727491
