Features;Individual Effect
age;0.1869142834603979
race;0.023759910148852606
sex;0.03030835674934554
hypertension;0.02613652230935845
hyperlipidemia;0.023727739888763037
diabetes;0.023809576688053804
coronary.artery.disease;0.04397642926342611
chf;0.03615096810756558
cerebrovascular.disease;0.028039829861282513
hepatitis;0.0013097896162825792
endstage.renal.disease;0.005235491956869329
chronic.kidney.disease;-0.00019637912132030796
asthma;0.10029132046175254
copd;-0.04718048252259374
dementia;-0.04874023263601694
cancer;0.01830371466036815
