Features;Individual Effect
age;-0.09156355283089113
race;-0.03924428956850117
sex;0.0675788655603143
hypertension;0.0564815792154777
hyperlipidemia;0.0626899178927797
diabetes;0.04991384020985401
coronary.artery.disease;0.014923589077334537
chf;-0.0062258987708812205
cerebrovascular.disease;-0.01498882382431563
hepatitis;0.035247639966528556
endstage.renal.disease;0.00019544377198828233
chronic.kidney.disease;-0.014707017158253894
asthma;-0.003026510904129604
copd;0.009313340016884438
dementia;0.017180853358862696
cancer;0.027233878574355372
