Features;Individual Effect
age;-0.0979676754038612
race;-0.009977497436206108
sex;0.06460803254582038
hypertension;-0.15272745492408363
hyperlipidemia;-0.031824803134859636
diabetes;-0.23396469733534464
coronary.artery.disease;0.027417427341498664
chf;-0.0004895535514919426
cerebrovascular.disease;0.03649617002117078
hepatitis;-0.009804101877824923
endstage.renal.disease;0.018420261751147037
chronic.kidney.disease;0.03366070098842063
asthma;0.03281291175283768
copd;-0.019297322906603374
dementia;0.00424810667314429
cancer;0.0390292735349852
