Features;Individual Effect
age;0.23587095613955467
race;0.06422876143153383
sex;-0.05905170385161146
hypertension;-0.009733288559361054
hyperlipidemia;0.046963673339244984
diabetes;0.06863760611760057
coronary.artery.disease;0.07988258319190085
chf;0.0011654596079031763
cerebrovascular.disease;0.007638533758398965
hepatitis;-0.024960403738801137
endstage.renal.disease;-0.010942429537351066
chronic.kidney.disease;0.011242893195089528
asthma;0.06294832272309278
copd;0.017722665349523218
dementia;0.0020083670635440455
cancer;0.01698609293072819
