Features;Individual Effect
age;-0.12642791796122774
race;0.02100984325571305
sex;0.03449949397113111
hypertension;-0.02741036781604024
hyperlipidemia;0.006427402490558488
diabetes;-0.0007591113538936278
coronary.artery.disease;-0.10724468248161471
chf;-0.005556382980097986
cerebrovascular.disease;-0.03994190447707513
hepatitis;0.0022544632811172067
endstage.renal.disease;0.0063436966348131025
chronic.kidney.disease;-0.0871439838045073
asthma;0.04085792485374283
copd;0.04426782992611258
dementia;0.01860721754432609
cancer;-0.06373418714116341
