Features;Individual Effect
age:27.00;0.2664088580133229
race:black;0.03114596389839392
sex:female;0.0462035632198972
hypertension:0.00;0.02920376002534533
hyperlipidemia:0.00;-0.023420230988377366
diabetes:0.00;0.023615149215681173
coronary.artery.disease:0.00;0.040897748747438845
chf:0.00;-0.01749249528100499
cerebrovascular.disease:0.00;0.025388438411134796
hepatitis:0.00;-0.004113527282583719
endstage.renal.disease:0.00;-0.0046072440528194016
chronic.kidney.disease:0.00;0.006910815673295555
asthma:0.00;0.02006854530818704
copd:0.00;0.017911859921317923
dementia:0.00;0.03758231278880057
cancer:0.00;-0.006575208422712732
