Features;Individual Effect
age;0.1154993130573538
race;0.007434605919238141
sex;0.0974163747414106
hypertension;0.039499267859193866
hyperlipidemia;0.011218457521339051
diabetes;0.06239886073774978
coronary.artery.disease;0.023086113321083415
chf;-0.0019552792755169884
cerebrovascular.disease;0.04038750862540466
hepatitis;-0.0377863602202463
endstage.renal.disease;-0.008639329606120072
chronic.kidney.disease;0.032936254989362854
asthma;-0.0004806200762840756
copd;-0.008223652214508707
dementia;0.008523561143656806
cancer;-0.010155035594352234
