Features;Individual Effect
age:66.00;0.0927646704912474
race:black;-0.023188870148372162
sex:female;-0.018145941583394446
hypertension:1.00;0.024063106217383917
hyperlipidemia:0.00;0.007058702924908105
diabetes:1.00;0.03490251254815483
coronary.artery.disease:0.00;0.0898277399251977
chf:0.00;-0.018210952228271755
cerebrovascular.disease:0.00;0.006599955393527963
hepatitis:0.00;-0.008475431324598558
endstage.renal.disease:0.00;-0.003944133740348415
chronic.kidney.disease:0.00;0.00046067785597765946
asthma:0.00;0.003029427778395986
copd:0.00;0.001463599923009686
dementia:0.00;0.053938308546547964
cancer:0.00;-0.037909459754709156
