Features;Individual Effect
age:78.00;-0.13572827631889423
race:black;-0.022745380417477187
sex:male;-0.071032879559349
hypertension:1.00;-0.046749202187744164
hyperlipidemia:1.00;-0.02219251875048707
diabetes:0.00;-0.0558138488486561
coronary.artery.disease:1.00;-0.16677015244017313
chf:0.00;-0.009288495228466776
cerebrovascular.disease:0.00;-0.024600427069280825
hepatitis:0.00;-0.006274505235364113
endstage.renal.disease:0.00;-0.017219783629287683
chronic.kidney.disease:0.00;0.01182691894149884
asthma:0.00;0.033628292375215474
copd:0.00;0.025875897473542766
dementia:0.00;0.06234434933285403
cancer:0.00;-0.00869971103864104
