Features;Individual Effect
age:68.00;0.03959224153394372
race:white;-1.9868616477389245e-05
sex:male;0.02416099898272472
hypertension:1.00;0.04281542204247617
hyperlipidemia:1.00;0.09575061769447463
diabetes:1.00;0.0527129784296262
coronary.artery.disease:0.00;0.06278922818452101
chf:0.00;-0.002281787693204808
cerebrovascular.disease:0.00;0.006241432593559349
hepatitis:0.00;0.0012992481813109674
endstage.renal.disease:0.00;-0.0483058411133516
chronic.kidney.disease:0.00;-0.01841329841324953
asthma:0.00;0.013711316919535461
copd:1.00;0.059854481879551516
dementia:0.00;-0.047026476322768046
cancer:1.00;0.018732670274638062
