Features;Individual Effect
age:67.00;0.04561398934474381
race:white;-0.015607870041775204
sex:male;-0.07032197304666798
hypertension:0.00;-0.11235289245393106
hyperlipidemia:0.00;-0.047522614351298426
diabetes:1.00;-0.09046283744134241
coronary.artery.disease:0.00;0.04720304601921302
chf:0.00;-0.008827084935639988
cerebrovascular.disease:0.00;-0.003110841640699984
hepatitis:0.00;-0.007049237026279739
endstage.renal.disease:0.00;-0.02801950754086986
chronic.kidney.disease:0.00;0.043014376644949115
asthma:0.00;-0.056546119491528025
copd:0.00;0.03786675890954186
dementia:0.00;0.03837136898594598
cancer:0.00;0.012387524642211118
