Features;Individual Effect
age;-0.04650389447365185
race;-0.04350368003035085
sex;-0.08738390149210794
hypertension;-0.08022629495003594
hyperlipidemia;-0.049585661657147964
diabetes;0.008094778603149243
coronary.artery.disease;0.027587633679495523
chf;0.005136135553243507
cerebrovascular.disease;-0.05180642975707316
hepatitis;0.034295518137468936
endstage.renal.disease;-0.0027254406416038664
chronic.kidney.disease;0.011085134525709646
asthma;-0.037773435350221235
copd;-0.07413640419708363
dementia;-0.018833189525165144
cancer;-0.009743163206944478
