Features;Individual Effect
age;-0.13873659945898936
race;-0.037385241588189386
sex;0.038947318947531874
hypertension;0.03034663101382467
hyperlipidemia;-0.03954034293554266
diabetes;-0.015722743485238527
coronary.artery.disease;-0.007914295352015835
chf;0.04554340817518045
cerebrovascular.disease;0.002096679721480078
hepatitis;0.024554668112664216
endstage.renal.disease;-0.008464777835462603
chronic.kidney.disease;0.006622984804134822
asthma;-0.03373081475107395
copd;-0.005230787450330488
dementia;0.03749169246495262
cancer;0.05582455242074212
