Features;Individual Effect
age;0.15425545799684354
race;-0.052307546652938006
sex;0.08767849342829781
hypertension;0.08246410712492087
hyperlipidemia;-0.003179206919979229
diabetes;-0.07210131719703261
coronary.artery.disease;0.03325339269255394
chf;0.014881501753636617
cerebrovascular.disease;-0.009320674405853852
hepatitis;-0.00830450751533638
endstage.renal.disease;0.0011075087569992637
chronic.kidney.disease;-0.022070937807267616
asthma;0.0014311039975452174
copd;0.05133588751500073
dementia;0.040958833889750176
cancer;0.007157250857709625
