Features;Individual Effect
age;0.014775282608589912
race;0.04381052622867171
sex;-0.0135533462706545
hypertension;0.08823104510669315
hyperlipidemia;0.0062689674634305685
diabetes;-0.013485743830889088
coronary.artery.disease;0.07675343887635691
chf;-0.05231712716721058
cerebrovascular.disease;0.0698116999256153
hepatitis;-0.031040466830771433
endstage.renal.disease;0.00503146358545525
chronic.kidney.disease;-0.04003977222073549
asthma;0.007441244259170483
copd;0.008510344159666597
dementia;0.030145505262781855
cancer;-0.0028748412529131847
