Features;Individual Effect
age:71.00;-0.022860656512610922
race:asian;-0.008612753246404592
sex:male;-0.1050962790127988
hypertension:0.00;0.0037235917584192146
hyperlipidemia:0.00;0.0021584776413402975
diabetes:0.00;-0.043544451621621794
coronary.artery.disease:1.00;-0.00902684584858658
chf:1.00;-0.03183479205070864
cerebrovascular.disease:0.00;0.0020007674679718857
hepatitis:0.00;0.015648545065384645
endstage.renal.disease:0.00;0.012479078962722694
chronic.kidney.disease:0.00;0.017861128981453256
asthma:0.00;0.05148636279302904
copd:0.00;-0.06006864950804081
dementia:0.00;0.024954196063791054
cancer:1.00;-0.11854948841885907
