Features;Individual Effect
age;0.12375901704611637
race;0.025844893278854933
sex;-0.005818639719421967
hypertension;0.08084618029089782
hyperlipidemia;-0.014997629840315522
diabetes;-0.06700818506004148
coronary.artery.disease;0.1026732099733939
chf;-0.06355015315572507
cerebrovascular.disease;0.0008143392007484629
hepatitis;-0.027170282492145557
endstage.renal.disease;-0.02257388781616992
chronic.kidney.disease;0.06426407341635437
asthma;0.007668175424663047
copd;0.021748893309341082
dementia;-0.024067788714607546
cancer;-0.011760768898874433
