Features;Individual Effect
age;-0.22625927056749087
race;-0.021530039512007475
sex;-0.08353818948992149
hypertension;0.022382977433538544
hyperlipidemia;-0.026069738600184376
diabetes;-0.0016482018315686908
coronary.artery.disease;0.06433463138985718
chf;-0.08832177254459025
cerebrovascular.disease;0.04725565162701398
hepatitis;0.03886394272657974
endstage.renal.disease;-0.0345023340404142
chronic.kidney.disease;0.0033451901238201777
asthma;-0.04118242180363649
copd;-0.018505170606370025
dementia;0.005336260997333359
cancer;0.01767507973050963
