Features;Individual Effect
age;0.31417251087859466
race;-0.012370409572533617
sex;0.02173498463172925
hypertension;-0.017690058674007914
hyperlipidemia;-0.011742370473160426
diabetes;-0.0033836861255392846
coronary.artery.disease;0.051398662210637214
chf;-0.0019365695834662878
cerebrovascular.disease;0.028880144239693577
hepatitis;0.013576620559479603
endstage.renal.disease;-0.0031343776843644412
chronic.kidney.disease;0.03656835580759539
asthma;-0.010807760658294538
copd;0.027048220665043612
dementia;0.0030636982520989065
cancer;0.0010697105906170585
