Features;Individual Effect
age;0.2212636192606911
race;0.009614620624545892
sex;0.022403294459625776
hypertension;-0.022621717654957282
hyperlipidemia;-0.025522265165833266
diabetes;0.013332218978932234
coronary.artery.disease;0.03026190445144749
chf;0.013011468812662397
cerebrovascular.disease;-0.027236004980617318
hepatitis;-0.02479098247648509
endstage.renal.disease;0.021013745813948072
chronic.kidney.disease;0.020524954961952523
asthma;0.0004258528869745693
copd;0.08134146790523192
dementia;0.031089281925617825
cancer;0.008627083021124946
