Features;Individual Effect
age;0.062400095217768015
race;-0.034563049086694164
sex;-0.057124757564272766
hypertension;0.06420628183711086
hyperlipidemia;-0.03488429386932896
diabetes;-0.005907759090079659
coronary.artery.disease;0.07081861124729773
chf;0.011701125278980196
cerebrovascular.disease;0.010681885478757012
hepatitis;0.013445787583471055
endstage.renal.disease;0.03444637279781607
chronic.kidney.disease;0.04002718410332458
asthma;-0.04800228701018215
copd;-0.002432411825674638
dementia;-0.00712406553733346
cancer;-0.007984078499327646
