Features;Individual Effect
age;0.08918714946680668
race;-0.07286273042222452
sex;-0.07141270859876293
hypertension;0.04224847771481749
hyperlipidemia;-0.024909959635331134
diabetes;-0.025669079066967245
coronary.artery.disease;-0.17187807470595892
chf;-0.031082128097655606
cerebrovascular.disease;0.0412690780040708
hepatitis;0.018534471608302967
endstage.renal.disease;0.014700954528700558
chronic.kidney.disease;-0.03550390133779585
asthma;-0.08106363583645153
copd;0.03076428240395765
dementia;0.009876665952331776
cancer;0.02083379485098954
