Features;Individual Effect
age;-0.026925859961435795
race;-0.03250552898266424
sex;0.05594995659923757
hypertension;-0.011677177320606769
hyperlipidemia;0.011792589144249443
diabetes;-0.009995567733710109
coronary.artery.disease;0.08713848067609399
chf;0.08152288025558446
cerebrovascular.disease;0.02490669402180718
hepatitis;-0.007069811075224187
endstage.renal.disease;-0.030001325127227536
chronic.kidney.disease;-0.0029139873602313203
asthma;0.04020562449510343
copd;0.09825554615918236
dementia;0.01117609951626598
cancer;-0.003944194985880134
