Features;Individual Effect
age;-0.027184305487472814
race;0.003392057114967262
sex;0.05598125992918987
hypertension;-0.035659339785511376
hyperlipidemia;0.05874275451379289
diabetes;0.018342378816389195
coronary.artery.disease;0.05857348837314232
chf;0.007758714867637568
cerebrovascular.disease;0.021640547335161395
hepatitis;0.0037662925190810586
endstage.renal.disease;0.0009162485225849941
chronic.kidney.disease;-0.05739709094956368
asthma;0.06875600206742917
copd;0.04040945151198781
dementia;0.015142912335125384
cancer;-0.03201074607564196
