Features;Individual Effect
age;-0.3688443261572674
race;0.017471927259269562
sex;-0.014811020943427112
hypertension;-0.08977510043129662
hyperlipidemia;-0.010960715973774411
diabetes;0.024915703113573693
coronary.artery.disease;0.007865670435548946
chf;0.021901682101827438
cerebrovascular.disease;-0.019412139810557075
hepatitis;0.019335318411759145
endstage.renal.disease;-0.003430538520118897
chronic.kidney.disease;-0.02570032159455663
asthma;-0.019844510720488755
copd;0.029199113406551624
dementia;6.11693280960536e-05
cancer;0.04837037902580694
