Features;Individual Effect
age;-0.18332676311875304
race;-0.06169648416956003
sex;0.021416862836202363
hypertension;-0.041724430276727516
hyperlipidemia;-0.048668748120266545
diabetes;0.03695201610321004
coronary.artery.disease;-0.15915492632531286
chf;-0.0014329314545069305
cerebrovascular.disease;-0.07428069648494126
hepatitis;0.025135511185041495
endstage.renal.disease;0.02606009270595901
chronic.kidney.disease;0.0002074310548462431
asthma;-0.010813968401343806
copd;0.010191531138555688
dementia;0.0021476495715366424
cancer;0.022237146955808158
