Features;Individual Effect
age;-0.1536654847524262
race;0.08000946121640148
sex;0.049902349101036
hypertension;0.03869704756897957
hyperlipidemia;0.09867386898840452
diabetes;0.02980009120971284
coronary.artery.disease;0.06951556021364866
chf;-0.017480635062903645
cerebrovascular.disease;0.0016627152220768486
hepatitis;-0.0250347491956937
endstage.renal.disease;0.009767700820490225
chronic.kidney.disease;-0.02243631840870718
asthma;-0.04766004907842793
copd;-0.00746265673437169
dementia;-0.04769440995692116
cancer;-0.061067676385460484
