Features;Individual Effect
age;-0.08825444554572409
race;0.06012248966863239
sex;-0.008362771969163026
hypertension;-0.040908884798357685
hyperlipidemia;0.013155567493871794
diabetes;0.07257144590776718
coronary.artery.disease;0.033313086420097275
chf;-0.045611852128840655
cerebrovascular.disease;0.07465454061581532
hepatitis;-0.01096546435872181
endstage.renal.disease;0.005016770850784603
chronic.kidney.disease;-0.0056725554104471235
asthma;-0.013134047004825775
copd;0.011081900194548914
dementia;0.0003553917935118743
cancer;-0.0069503393236870804
