Features;Individual Effect
age;-0.048352899338341415
race;0.012387051221781457
sex;-0.04718853150794586
hypertension;0.009108206013843635
hyperlipidemia;-0.05397164729959069
diabetes;-0.07212347757458289
coronary.artery.disease;0.04387568199552989
chf;-0.001198084588527262
cerebrovascular.disease;-0.0074090127651997625
hepatitis;0.025367482023927974
endstage.renal.disease;-0.08787458398164427
chronic.kidney.disease;0.013826824208406006
asthma;0.016830113129554902
copd;-0.02138196129987517
dementia;-0.0018930179750899275
cancer;0.009021732155920162
