Features;Individual Effect
age;-0.19019663018403682
race;-0.009365079118218086
sex;-0.006917435428220909
hypertension;-0.026868347771109614
hyperlipidemia;-0.006587822834975452
diabetes;0.027009780234726083
coronary.artery.disease;0.026550156187171714
chf;-0.023878871316316205
cerebrovascular.disease;-0.009441928020971355
hepatitis;0.02923693685718062
endstage.renal.disease;-0.06971768027334778
chronic.kidney.disease;-0.006529619855281638
asthma;-0.011872914626105898
copd;-0.04418901610723556
dementia;-0.008404248902876665
cancer;0.04267049215446222
