Features;Individual Effect
age;-0.06413383690917274
race;0.012411248518823748
sex;0.043612440789432626
hypertension;0.030076970843700094
hyperlipidemia;0.058883702672455254
diabetes;0.024849705622095472
coronary.artery.disease;0.012344470466883226
chf;0.017364153243840434
cerebrovascular.disease;-0.009675267245724047
hepatitis;-0.03201782072014193
endstage.renal.disease;0.06423850887467893
chronic.kidney.disease;0.019952470358062697
asthma;0.05382082692491055
copd;-0.026431430103246473
dementia;-0.006833504749790217
cancer;0.00519320303554298
