Features;Individual Effect
age:68.00;0.13992875471669405
race:black;0.054864947344697684
sex:male;0.06309375720322385
hypertension:1.00;0.04474548049973992
hyperlipidemia:0.00;0.0236877664091781
diabetes:0.00;0.02660403976862985
coronary.artery.disease:0.00;0.0783245584503313
chf:0.00;0.004113998573695366
cerebrovascular.disease:0.00;-0.02269249962021281
hepatitis:0.00;-0.017746315496819032
endstage.renal.disease:0.00;-0.012198718112713645
chronic.kidney.disease:0.00;-0.016368472648092488
asthma:0.00;0.053701947136178034
copd:0.00;-0.008347163386183878
dementia:0.00;-0.012065525348154055
cancer:0.00;-0.01987062959002434
