Features;Individual Effect
age;-0.17382858228140927
race;-0.03968434441842804
sex;-0.15399211252954728
hypertension;-0.0491876718115736
hyperlipidemia;-0.013993938815235502
diabetes;-0.08657482091092437
coronary.artery.disease;-0.03228144267442653
chf;0.014326714620497807
cerebrovascular.disease;0.031209105343852142
hepatitis;0.011990568239569243
endstage.renal.disease;0.05100657946143258
chronic.kidney.disease;-0.03778563419419387
asthma;0.001832235915215974
copd;0.01513893818066979
dementia;0.012579248016385321
cancer;0.0077954454563159935
