Features;Individual Effect
age:63.00;0.0170527333311898
race:black;0.0197832931001641
sex:female;0.05703509849303023
hypertension:0.00;0.005326111398690687
hyperlipidemia:0.00;0.00303532899914318
diabetes:1.00;-0.07459105801631177
coronary.artery.disease:0.00;-0.00018220759929257887
chf:0.00;0.023447917961340436
cerebrovascular.disease:0.00;0.03298348228873156
hepatitis:0.00;-0.03264017425159874
endstage.renal.disease:0.00;0.03230197065745221
chronic.kidney.disease:0.00;0.011970365407817093
asthma:0.00;-0.03925953540044063
copd:1.00;-0.04420840174397782
dementia:0.00;-0.04567102957672753
cancer:0.00;0.050626282284867076
