Features;Individual Effect
age:37.00;0.2578248219182362
race:black;0.023257991483433396
sex:female;0.03610798093559984
hypertension:0.00;0.04544857183717816
hyperlipidemia:0.00;0.009837281901239751
diabetes:0.00;0.012135042630315363
coronary.artery.disease:0.00;0.02184893255193699
chf:0.00;0.007521261640314414
cerebrovascular.disease:0.00;-0.011532632877496962
hepatitis:0.00;-0.012891448025584125
endstage.renal.disease:0.00;0.02910828264996314
chronic.kidney.disease:0.00;0.02553522435203978
asthma:0.00;-0.016992862345336278
copd:0.00;-0.0009892669065918163
dementia:0.00;-0.007688198814605741
cancer:0.00;0.001547937361859748
