Features;Individual Effect
age:95.00;-0.29155362100990434
race:white;-0.1403254322547782
sex:female;0.03544010597750148
hypertension:0.00;0.020033369397116668
hyperlipidemia:0.00;-0.0032651276803202546
diabetes:0.00;-0.036000997393330125
coronary.artery.disease:0.00;0.04773645959567133
chf:0.00;0.03127987779384281
cerebrovascular.disease:0.00;-0.02893609506567648
hepatitis:0.00;0.00541243222213017
endstage.renal.disease:0.00;-0.019431432789338857
chronic.kidney.disease:0.00;-0.015812436170307045
asthma:0.00;-0.031281767700676866
copd:0.00;0.015375925141218764
dementia:0.00;0.05624203176965832
cancer:0.00;0.01955912113804055
