Features;Individual Effect
age:74.00;-0.14428450736566842
race:black;-0.010464956761493373
sex:female;0.07835990701517052
hypertension:1.00;-0.008053105175112565
hyperlipidemia:0.00;-0.05366364356110568
diabetes:0.00;-0.053567728543065164
coronary.artery.disease:0.00;0.08488919385557483
chf:0.00;-0.012469801071873655
cerebrovascular.disease:0.00;0.0029327832061044803
hepatitis:0.00;-0.019276269687641037
endstage.renal.disease:0.00;-0.039935176191478176
chronic.kidney.disease:0.00;0.003416954803584416
asthma:0.00;-0.003069927457319533
copd:0.00;0.018664873421915758
dementia:0.00;0.00027189979466620364
cancer:0.00;0.05320510246972231
