Features;Individual Effect
age;-0.0849874413720768
race;0.06006427349705201
sex;-0.13134416159633486
hypertension;0.056677041448730384
hyperlipidemia;0.0011457146706911623
diabetes;0.03704418882487878
coronary.artery.disease;0.044780662557134615
chf;0.0007829035966945373
cerebrovascular.disease;0.011032736185791675
hepatitis;0.046793295950757305
endstage.renal.disease;-0.015611148262063626
chronic.kidney.disease;-0.03303426642156863
asthma;-0.002633888630658123
copd;0.045422873513267355
dementia;0.023406736972490204
cancer;-0.3155543780642737
