Features;Individual Effect
age:76.00;-0.13232176735406606
race:white;-0.031362410428571186
sex:male;-0.07799571352374396
hypertension:0.00;-0.07252158068689973
hyperlipidemia:0.00;0.009478722871742153
diabetes:0.00;0.01772733440447774
coronary.artery.disease:0.00;-0.024267735583327035
chf:1.00;-0.07397932201698665
cerebrovascular.disease:0.00;0.0034903535026426513
hepatitis:0.00;0.027452238391737355
endstage.renal.disease:0.00;0.003152204883729238
chronic.kidney.disease:0.00;0.01930856653024466
asthma:0.00;0.008648188082969084
copd:0.00;0.013156468688097975
dementia:0.00;0.005937044795983653
cancer:1.00;-0.11841318833128724
