Features;Individual Effect
age;0.1745206760316411
race;0.08470843854630129
sex;-0.005367013551651659
hypertension;-0.012811514840163393
hyperlipidemia;0.009413371067175474
diabetes;0.040397581345929495
coronary.artery.disease;0.11564629934340837
chf;0.004566909318682789
cerebrovascular.disease;-0.020946633732198357
hepatitis;0.011735522553854343
endstage.renal.disease;-0.022272310065572353
chronic.kidney.disease;0.035715759941687346
asthma;-0.03877537492822894
copd;-0.013700954134592137
dementia;0.005310051833841655
cancer;0.07891939775592635
