Features;Individual Effect
age:89.00;-0.2564210797511449
race:white;-0.059204259268957976
sex:male;-0.03219048486713032
hypertension:1.00;0.013848716327350054
hyperlipidemia:0.00;-0.05219465832687984
diabetes:0.00;-0.044775067430543866
coronary.artery.disease:0.00;0.04501277683938259
chf:1.00;-0.02158230375870681
cerebrovascular.disease:0.00;0.0249622624289417
hepatitis:0.00;0.002663515429917076
endstage.renal.disease:0.00;-0.013232812306931442
chronic.kidney.disease:0.00;-0.023033556413941298
asthma:0.00;-0.0011315633511428495
copd:0.00;-0.03429032336975771
dementia:1.00;-0.06614054395667282
cancer:0.00;0.015459307663234785
