Features;Individual Effect
age;-0.20779823520177731
race;-0.03997212383344266
sex;-0.06296866553377828
hypertension;-0.00862612308686454
hyperlipidemia;-0.040329682723775316
diabetes;0.01266385791977582
coronary.artery.disease;0.05479059697034197
chf;-0.03388349288168335
cerebrovascular.disease;-0.007176431586676445
hepatitis;0.01528778341456502
endstage.renal.disease;-0.0014509509507825164
chronic.kidney.disease;0.003624058214925568
asthma;0.011567897453069503
copd;0.028137740408013596
dementia;0.011950102788530682
cancer;-0.0339527586418356
