Features;Individual Effect
age:70.00;0.08105295586093064
race:white;0.006626746217971546
sex:male;0.024699428799373625
hypertension:0.00;-0.014395452620508878
hyperlipidemia:0.00;-0.01895552048280882
diabetes:0.00;0.07828083422499328
coronary.artery.disease:1.00;-0.10412820429268486
chf:1.00;0.17124114757332315
cerebrovascular.disease:0.00;0.020048489722183052
hepatitis:0.00;-0.03721709106810568
endstage.renal.disease:0.00;-0.01066062027086386
chronic.kidney.disease:0.00;-0.012112523123044783
asthma:0.00;0.042148871798860746
copd:0.00;-0.06566466641023001
dementia:0.00;-0.014826453817572152
cancer:0.00;0.006394564344206399
