Features;Individual Effect
age:83.00;-0.040881489767675236
race:white;0.04130371504244233
sex:female;0.06012502561380724
hypertension:1.00;-0.04053922892904357
hyperlipidemia:0.00;0.05035515372706732
diabetes:0.00;-0.02020443434137053
coronary.artery.disease:0.00;0.03582283825665557
chf:0.00;0.015338513985829598
cerebrovascular.disease:0.00;0.07866780336423673
hepatitis:0.00;-0.032400052393685985
endstage.renal.disease:0.00;-0.031570625879834176
chronic.kidney.disease:0.00;0.03842520636217667
asthma:0.00;0.055155291929921024
copd:0.00;-0.009779527123096363
dementia:1.00;0.0027419579658148237
cancer:0.00;0.009763954008114802
