Features;Individual Effect
age;-0.10447442007511454
race;-0.03560466712784135
sex;-0.03965423901873728
hypertension;0.03247111663063099
hyperlipidemia;-0.014126953911045192
diabetes;-0.003801366680327378
coronary.artery.disease;0.08324036714415764
chf;0.012652938976219911
cerebrovascular.disease;0.06679156995812006
hepatitis;-0.0030279107888207374
endstage.renal.disease;0.009904767785650661
chronic.kidney.disease;-0.037114379767391875
asthma;0.02011964089607238
copd;0.016964799765163813
dementia;-0.0023626715472455473
cancer;-0.018119284938948644
