Features;Individual Effect
age:82.00;-0.1446507704199209
race:white;-0.10382781661872564
sex:female;-0.027598113142085594
hypertension:1.00;-0.007254913230511865
hyperlipidemia:1.00;0.03508269570832358
diabetes:1.00;0.0006392344302450642
coronary.artery.disease:1.00;-0.18026432530946515
chf:0.00;-0.054113513583949405
cerebrovascular.disease:0.00;0.04898693239246405
hepatitis:0.00;0.0044381895137519806
endstage.renal.disease:0.00;0.014832157766903012
chronic.kidney.disease:0.00;0.0189207433412278
asthma:0.00;0.0005906079578022819
copd:0.00;-0.003220310040749151
dementia:0.00;-0.002340104732865285
cancer:0.00;0.012034140982225404
