Features;Individual Effect
age:58.00;0.04414547791055194
race:black;-0.0344070511595969
sex:male;-0.029257223627960495
hypertension:1.00;0.046751933160924006
hyperlipidemia:0.00;-0.00495693998947303
diabetes:1.00;-0.005748933463199557
coronary.artery.disease:0.00;0.03792773708729398
chf:0.00;-0.034680960096139524
cerebrovascular.disease:0.00;-0.07335313583522116
hepatitis:0.00;-0.004310738728655348
endstage.renal.disease:0.00;0.0056366710693646314
chronic.kidney.disease:0.00;0.009668776288838315
asthma:0.00;-0.00800402940801923
copd:0.00;0.011545620371618886
dementia:0.00;0.004421489523502417
cancer:0.00;0.03905471618716119
