Features;Individual Effect
age;0.18620541465756094
race;0.036732352321810983
sex;0.04926051501252407
hypertension;-0.03916670921724934
hyperlipidemia;0.04841063640018483
diabetes;0.059103604878493005
coronary.artery.disease;-0.10077219981181705
chf;0.011019946528086926
cerebrovascular.disease;-0.029391323162041842
hepatitis;0.0233243863271851
endstage.renal.disease;0.0042906216254901125
chronic.kidney.disease;0.03842122832886651
asthma;0.022371546285056537
copd;0.011134587195833514
dementia;0.020363616811528207
cancer;0.007649342473860617
