Features;Individual Effect
age;-0.13250345792980148
race;-0.017959174688036095
sex;-0.02674693650583168
hypertension;0.0014879026288659083
hyperlipidemia;-0.014697369234291446
diabetes;0.05592287788777312
coronary.artery.disease;-0.11721625910218805
chf;0.06203927669132234
cerebrovascular.disease;-0.0016095112797679806
hepatitis;0.05156386537928341
endstage.renal.disease;0.01334377809745196
chronic.kidney.disease;0.000418665266213503
asthma;-0.008037925398937605
copd;-0.012477005970118166
dementia;-0.08996016140209234
cancer;0.010816038382544843
