Features;Individual Effect
age;0.05187350881378316
race;-0.0019944319391126675
sex;0.011752734119211086
hypertension;0.009828891971227542
hyperlipidemia;-0.012802773319543164
diabetes;-0.09034213981572234
coronary.artery.disease;-0.0005108009894464194
chf;-0.015207566646332734
cerebrovascular.disease;0.03855256099851047
hepatitis;0.02775718414077732
endstage.renal.disease;-0.04063183082594128
chronic.kidney.disease;0.012579601272839072
asthma;0.03457253966398918
copd;0.01544407417961383
dementia;0.003810505991224209
cancer;-0.26734044192906736
