Features;Individual Effect
age:61.00;0.10940456746417253
race:white;-0.06129075587543938
sex:female;0.06370131495738893
hypertension:1.00;0.06650475054196392
hyperlipidemia:0.00;0.0028737209861704003
diabetes:1.00;-0.0643476640984235
coronary.artery.disease:0.00;0.056008632957119636
chf:0.00;-0.043741768073841454
cerebrovascular.disease:0.00;0.02414359007870759
hepatitis:0.00;-0.0068268838182477445
endstage.renal.disease:0.00;0.011431419021221077
chronic.kidney.disease:0.00;0.0370558576365767
asthma:0.00;0.0347098130739967
copd:0.00;0.02668577808360895
dementia:0.00;0.03719853699841851
cancer:0.00;-0.007931863879327764
