Features;Individual Effect
age;-0.13373146957745954
race;-0.0869836811753402
sex;0.009276564574567922
hypertension;-0.04255546361582187
hyperlipidemia;-0.014110235055160816
diabetes;-0.06397037659139491
coronary.artery.disease;-0.08753383487408273
chf;-0.029378800939797056
cerebrovascular.disease;-0.003959060196580717
hepatitis;-0.00010523948252344484
endstage.renal.disease;-0.00320200854653159
chronic.kidney.disease;0.0002735283296078708
asthma;-0.02978246245921998
copd;0.013302130222792391
dementia;-0.009644044975076736
cancer;0.022563530079478897
