Features;Individual Effect
age:65.00;-0.009827293122122912
race:white;-0.024112715459007214
sex:female;-0.012679581512975532
hypertension:1.00;-0.017174783567644843
hyperlipidemia:0.00;-0.0003353553983838735
diabetes:0.00;-0.0785338692870387
coronary.artery.disease:1.00;-0.10094186243525644
chf:1.00;-0.11639062306748277
cerebrovascular.disease:0.00;0.025035280955896418
hepatitis:0.00;0.011076198329520226
endstage.renal.disease:0.00;-0.003200021157046238
chronic.kidney.disease:0.00;0.02289382985066656
asthma:1.00;-0.07265644719884616
copd:0.00;0.054611715026928756
dementia:0.00;-0.04080543129720554
cancer:0.00;-0.0004985494287454775
