Features;Individual Effect
age:71.00;-0.027479882464653195
race:black;-0.07253172903078567
sex:male;-0.06060958484486623
hypertension:1.00;-0.03231841312376095
hyperlipidemia:0.00;0.0017093440217143124
diabetes:0.00;0.002226324518119223
coronary.artery.disease:0.00;0.031240084388499713
chf:0.00;-0.017038375216463657
cerebrovascular.disease:0.00;-0.01702912044347472
hepatitis:0.00;0.02247249804127511
endstage.renal.disease:0.00;-0.057798261986535926
chronic.kidney.disease:0.00;-0.011068707886435322
asthma:0.00;-0.037872948584151786
copd:0.00;0.00961154477695813
dementia:0.00;0.005649356356812997
cancer:1.00;-0.1998502050660175
