Features;Individual Effect
age:86.00;-0.16446353746244446
race:asian;-0.019916626633325857
sex:female;0.04292936068893167
hypertension:1.00;-0.017850987417982286
hyperlipidemia:0.00;-0.054696484182365064
diabetes:0.00;-0.027604685073994956
coronary.artery.disease:1.00;-0.17402458265439186
chf:0.00;-0.0011358968412431003
cerebrovascular.disease:0.00;0.009339040821616955
hepatitis:0.00;-0.04724453681729718
endstage.renal.disease:0.00;-0.003341623268231326
chronic.kidney.disease:0.00;-0.005585920667589811
asthma:1.00;0.03720860077349952
copd:0.00;0.008491364041941993
dementia:0.00;0.022241245988625077
cancer:0.00;-0.024538115890995558
