Features;Individual Effect
age;0.05165137009250685
race;0.05133786566286136
sex;0.06749151085393569
hypertension;0.06076937942843389
hyperlipidemia;0.03229111192792543
diabetes;0.016076279849786292
coronary.artery.disease;0.06723523532745311
chf;-0.0058702942620711684
cerebrovascular.disease;-0.008928887007451196
hepatitis;0.0006577614748951369
endstage.renal.disease;-0.007421344494437685
chronic.kidney.disease;-0.006047578406786571
asthma;-0.015035612447202133
copd;0.0013565489601820475
dementia;-0.0016870595002089345
cancer;0.059408550733372985
