Features;Individual Effect
age:78.00;0.019106242125417332
race:black;0.07176494131032796
sex:male;-0.06193567269963586
hypertension:0.00;0.07225407047796568
hyperlipidemia:0.00;0.002523060381095177
diabetes:0.00;0.06074080324351798
coronary.artery.disease:0.00;0.11818125733892994
chf:0.00;-0.016332105271792532
cerebrovascular.disease:0.00;0.09403447460233827
hepatitis:0.00;0.00838007335770511
endstage.renal.disease:0.00;0.04284446453428767
chronic.kidney.disease:0.00;-0.019063107930206928
asthma:0.00;-0.03340528322580575
copd:0.00;-0.003237727002619699
dementia:0.00;0.03043096192034712
cancer:0.00;-0.010994577807992095
