Features;Individual Effect
age;0.16122559750116336
race;0.008787596752094111
sex;0.01866930349521956
hypertension;0.09470940082219341
hyperlipidemia;0.02690986530791069
diabetes;0.013508901347182547
coronary.artery.disease;-0.15581603946724318
chf;-0.01587663175307573
cerebrovascular.disease;-0.014997406474101947
hepatitis;-0.006638318016283677
endstage.renal.disease;0.0008746888261592788
chronic.kidney.disease;-0.005072747097443714
asthma;-0.012472916613078578
copd;0.056222701407626016
dementia;-0.022965909357045296
cancer;0.0018921699798153412
