Features;Individual Effect
age;-0.0327976426191458
race;0.05975678778428442
sex;-0.025742614484104316
hypertension;0.05090141387157626
hyperlipidemia;0.01994653086375313
diabetes;0.0048384948879629484
coronary.artery.disease;0.06714980030264997
chf;0.07718591785222231
cerebrovascular.disease;0.004992056756287663
hepatitis;-0.03547188827770846
endstage.renal.disease;-0.006136666204739363
chronic.kidney.disease;0.04164576106384452
asthma;0.0033720921313141507
copd;0.0046422081217688885
dementia;0.03350554214455294
cancer;0.009183426410865884
