Features;Individual Effect
age;-0.2203128059810412
race;-0.03953739992030983
sex;0.02164237184081202
hypertension;-0.02413381984578789
hyperlipidemia;-0.037071774009782024
diabetes;-0.039326943660774646
coronary.artery.disease;-0.16027545617682465
chf;-0.006775792191088828
cerebrovascular.disease;-0.0179900595316285
hepatitis;0.027165971705131336
endstage.renal.disease;-0.010162769408007612
chronic.kidney.disease;0.006889198961602602
asthma;0.02606948794490026
copd;-0.014533659584580992
dementia;-0.003306993493717072
cancer;0.012954717142542978
