Features;Individual Effect
age;-0.19004204154456744
race;-0.019936729573046368
sex;-0.04462135255381454
hypertension;0.03764463331960996
hyperlipidemia;-0.02920319842334301
diabetes;0.009348422323491645
coronary.artery.disease;-0.06502247038596755
chf;0.02496344236612248
cerebrovascular.disease;0.04342731680435534
hepatitis;0.011828410043779394
endstage.renal.disease;-0.03480202873084894
chronic.kidney.disease;-0.00906011631765612
asthma;-0.005582646322583023
copd;0.006650707954381144
dementia;-0.034276443540897705
cancer;0.06556310691587126
