Features;Individual Effect
age;0.07169651713219181
race;0.07769219020606333
sex;0.08695278989829798
hypertension;-0.011872177865745119
hyperlipidemia;0.005119179521062299
diabetes;-0.005077101094038965
coronary.artery.disease;0.09874164301849356
chf;0.013229678488559254
cerebrovascular.disease;0.001997895252344818
hepatitis;-0.002762493330145742
endstage.renal.disease;0.06844895434889506
chronic.kidney.disease;0.02272410156568697
asthma;0.012756980856974638
copd;0.034895291954347034
dementia;0.04450886982486403
cancer;-0.01640519407431599
