Features;Individual Effect
age:73.00;-0.11416769346055841
race:white;-0.004440637360803801
sex:male;-0.06051049554067342
hypertension:1.00;-0.03327236240745079
hyperlipidemia:1.00;-0.00978279001413429
diabetes:0.00;-0.0785969043241481
coronary.artery.disease:1.00;-0.14315805806837809
chf:0.00;-0.01208399949686946
cerebrovascular.disease:0.00;0.03946265455726696
hepatitis:0.00;0.035446101892630054
endstage.renal.disease:0.00;-0.009531491367572488
chronic.kidney.disease:0.00;-0.04556981461480551
asthma:0.00;0.013426250049714629
copd:0.00;0.006105288274423776
dementia:1.00;-0.041342863291205505
cancer:0.00;-0.025195961715755857
