Features;Individual Effect
age;-0.1201150953700938
race;0.03364736472015657
sex;0.045030985226893736
hypertension;0.046844474521446085
hyperlipidemia;-0.02534847406843881
diabetes;-0.05592161576563431
coronary.artery.disease;-0.17201559999318952
chf;-0.006633684283822561
cerebrovascular.disease;0.04165975960338274
hepatitis;0.030906598132192598
endstage.renal.disease;-0.006020108955026598
chronic.kidney.disease;-0.02574398097593051
asthma;-0.010176914577295505
copd;-0.028964486843734503
dementia;0.006960560070180185
cancer;0.0162385541711132
