Features;Individual Effect
age;-0.0399324795484312
race;-0.06310904838523872
sex;-0.07023747344962356
hypertension;0.022991759659356466
hyperlipidemia;-0.031276161588926474
diabetes;-0.11001736856998134
coronary.artery.disease;-0.001649214450135189
chf;-0.08584610861151439
cerebrovascular.disease;0.009291146692866747
hepatitis;-0.06531484406789492
endstage.renal.disease;0.015038723522629908
chronic.kidney.disease;0.0007704895291326223
asthma;-0.007303619520519337
copd;0.016959652365563
dementia;0.007992619932900742
cancer;0.01358072802623576
