Features;Individual Effect
age;-0.20790599346381644
race;-0.07163312311536177
sex;0.0301650209988143
hypertension;-0.03231588495645382
hyperlipidemia;0.016902019502726195
diabetes;-0.03278076560053098
coronary.artery.disease;-0.18125464201932776
chf;-0.023710834276810252
cerebrovascular.disease;0.0020155076153762636
hepatitis;-0.025368584729682044
endstage.renal.disease;0.03391956951968775
chronic.kidney.disease;0.01745400848012168
asthma;0.009080113683125536
copd;0.015082723401622467
dementia;0.002375064609017357
cancer;0.04189828365495511
