Features;Individual Effect
age;-0.07055015502325558
race;-0.07766505174379865
sex;-0.01760751928392882
hypertension;-0.14096764219291563
hyperlipidemia;-0.009306794604721412
diabetes;0.04969703960864699
coronary.artery.disease;0.05181409215595921
chf;-0.03435212699653436
cerebrovascular.disease;-0.004243281772205485
hepatitis;-0.0018010712986861778
endstage.renal.disease;0.0029486802120256943
chronic.kidney.disease;-0.04099864058648187
asthma;0.02310406278652467
copd;-0.013089957472182834
dementia;0.0036583786587516126
cancer;0.013508069366642849
