Features;Individual Effect
age:88.00;-0.2229710503509677
race:white;-0.024096398419601386
sex:male;-0.06459659058791495
hypertension:1.00;-0.030575339979525648
hyperlipidemia:0.00;0.0014863622646236873
diabetes:0.00;0.01895914595652576
coronary.artery.disease:0.00;0.019568118945153014
chf:1.00;-0.0764003292052224
cerebrovascular.disease:0.00;-0.0004300354271256218
hepatitis:0.00;0.009565275570036391
endstage.renal.disease:0.00;0.032308426730497254
chronic.kidney.disease:0.00;0.010724962816936218
asthma:0.00;-0.0659103846090962
copd:0.00;-0.02000542989264106
dementia:0.00;-0.057672738707116644
cancer:0.00;0.015688424201211693
