Features;Individual Effect
age:75.00;-0.20658893405460296
race:hispanic;-0.04079982943102749
sex:male;-0.059422276823734715
hypertension:0.00;-0.06548032845689024
hyperlipidemia:0.00;0.03192935150778254
diabetes:1.00;-0.11971402909576874
coronary.artery.disease:0.00;-0.00687157225733084
chf:0.00;0.038147405282769366
cerebrovascular.disease:0.00;-0.06580311199296895
hepatitis:0.00;-0.020029010995933426
endstage.renal.disease:0.00;-0.05574797848572695
chronic.kidney.disease:0.00;0.02367021115162992
asthma:0.00;0.027530432690315933
copd:0.00;-0.051065722698618324
dementia:0.00;0.005409635379784082
cancer:0.00;0.05015697089615821
