Features;Individual Effect
age:68.00;-0.04644737666573669
race:white;-0.037789042491611725
sex:male;-0.05433218040714921
hypertension:0.00;-0.03124190379189514
hyperlipidemia:0.00;-0.030675974602433247
diabetes:0.00;0.028430619910798857
coronary.artery.disease:0.00;0.03705937706588269
chf:0.00;0.012810938883423415
cerebrovascular.disease:0.00;-0.004385049843356066
hepatitis:0.00;-0.025055450679490762
endstage.renal.disease:0.00;-0.0005932220358861283
chronic.kidney.disease:0.00;-0.03767223976115258
asthma:0.00;0.0330132251554416
copd:0.00;-0.0483580657875783
dementia:0.00;0.037348529236843585
cancer:1.00;-0.055224817889470076
