Features;Individual Effect
age:63.00;-0.10465260869325942
race:white;-0.12303635095533616
sex:female;0.040876028265907735
hypertension:0.00;-0.025029592934702385
hyperlipidemia:0.00;-0.046463311062611715
diabetes:0.00;-0.015388409189748133
coronary.artery.disease:0.00;0.09658763195696213
chf:0.00;0.02299222284655704
cerebrovascular.disease:0.00;-0.023342642569030715
hepatitis:0.00;0.0045944445341162266
endstage.renal.disease:0.00;-0.01799109639841425
chronic.kidney.disease:0.00;0.03514144782473987
asthma:0.00;-0.03301997532303956
copd:0.00;-0.025993942315747275
dementia:0.00;-0.011015638236922136
cancer:0.00;-0.00770832741662443
