Features;Individual Effect
age:91.00;-0.10521454029018729
race:black;0.07613442371438721
sex:female;0.07461628004006103
hypertension:1.00;-0.10131890394469749
hyperlipidemia:0.00;-0.03318905272275154
diabetes:0.00;0.022624289603524975
coronary.artery.disease:0.00;0.02653625544451186
chf:0.00;0.035551823645893106
cerebrovascular.disease:0.00;0.005840306632061622
hepatitis:0.00;0.017120359432716246
endstage.renal.disease:0.00;0.028359875086273682
chronic.kidney.disease:0.00;0.0045062255319341556
asthma:0.00;-0.04277691019540497
copd:0.00;0.006024252637276961
dementia:0.00;-0.004775740638310048
cancer:0.00;0.04547576836630348
