Features;Individual Effect
age;-0.20526677861018364
race;-0.015799149953719116
sex;-0.0215716944418349
hypertension;-0.02153419954661825
hyperlipidemia;-0.06811141098894181
diabetes;-0.0002887945591223823
coronary.artery.disease;0.012236876513130485
chf;-0.003298629804206396
cerebrovascular.disease;0.014459325136984297
hepatitis;0.011290205394630817
endstage.renal.disease;0.009096805862366117
chronic.kidney.disease;-0.047138821970047276
asthma;-0.019578953262494363
copd;0.0062211065242291225
dementia;-0.013644868385746682
cancer;0.010451106256660682
