Features;Individual Effect
age:89.00;-0.23184792486740485
race:black;0.06142641769189152
sex:female;0.05442908285009832
hypertension:1.00;-0.11846397574718398
hyperlipidemia:0.00;-0.05196916505954137
diabetes:0.00;-0.027309781187010957
coronary.artery.disease:0.00;0.010435471702620623
chf:0.00;-0.03589936431242571
cerebrovascular.disease:0.00;0.045817919035013234
hepatitis:0.00;0.03192723828695037
endstage.renal.disease:0.00;0.01608313049829547
chronic.kidney.disease:0.00;0.03961226138288901
asthma:0.00;-0.02538322024669385
copd:0.00;-0.016186125516086
dementia:0.00;-0.002822393430208167
cancer:0.00;0.022304052090850637
