Features;Individual Effect
age;0.22612702047091152
race;-0.04573048705382597
sex;-0.043967743113814045
hypertension;0.021157604524992192
hyperlipidemia;0.0524231252025189
diabetes;-0.03222202026433421
coronary.artery.disease;0.02572834105423745
chf;0.0924992349774122
cerebrovascular.disease;-0.0435741175673048
hepatitis;0.0024280866696268725
endstage.renal.disease;0.013064230850267857
chronic.kidney.disease;-0.008649858287734218
asthma;0.004605684480620483
copd;0.0047964837554342575
dementia;0.035431903613243165
cancer;0.03497439872437298
