Features;Individual Effect
age;-0.14637180278250503
race;0.10269630416665843
sex;0.0031765129351432574
hypertension;-0.046270313870151694
hyperlipidemia;0.02327852022573824
diabetes;-0.0025057040495799453
coronary.artery.disease;-0.014537082811558105
chf;-0.004330167419912
cerebrovascular.disease;0.06159559339442459
hepatitis;0.0061423439806019
endstage.renal.disease;0.006111801197174985
chronic.kidney.disease;-0.004793616858438876
asthma;-0.03302770568870149
copd;0.017808851587157178
dementia;-0.002412066562189244
cancer;0.04185572204002329
