Features;Individual Effect
age:83.00;-0.11689879451095493
race:other;-0.0513351311180001
sex:male;-0.06077624292858254
hypertension:0.00;-0.04347522087910494
hyperlipidemia:0.00;-0.022380045878594552
diabetes:1.00;-0.068535030018521
coronary.artery.disease:0.00;0.02613759699614119
chf:0.00;0.013492385012942993
cerebrovascular.disease:0.00;0.04516459536174759
hepatitis:0.00;-0.018513708550185883
endstage.renal.disease:0.00;0.027483410611540835
chronic.kidney.disease:0.00;-0.059984486589126945
asthma:0.00;0.010611659767351646
copd:1.00;-0.018579637204909554
dementia:1.00;-0.10731639042641669
cancer:0.00;0.02318936034329596
