Features;Individual Effect
age;-0.22288049187727024
race;-0.03096549192745421
sex;-0.09088752065812347
hypertension;-0.010653232046568623
hyperlipidemia;-0.02294581104436049
diabetes;0.011318436248795583
coronary.artery.disease;0.003032795148147612
chf;-0.03708727057451586
cerebrovascular.disease;0.020511501639873305
hepatitis;0.043508254866518235
endstage.renal.disease;-0.015982919167561043
chronic.kidney.disease;0.005339513524757523
asthma;0.004860258060486122
copd;0.007328826642165422
dementia;0.025408846031137244
cancer;-0.07464110068738443
