Features;Individual Effect
age;-0.1499313205815685
race;0.011096973269720194
sex;0.01478063535354199
hypertension;0.029712133980456464
hyperlipidemia;0.011575372508891808
diabetes;0.01353752012721245
coronary.artery.disease;-0.04406665422596155
chf;-0.02492136921283998
cerebrovascular.disease;0.012206301119972916
hepatitis;-0.006337383899033958
endstage.renal.disease;-0.06302189287727088
chronic.kidney.disease;-0.06661019269632362
asthma;0.012342818934837017
copd;-0.016825496032410202
dementia;-0.08157701290044637
cancer;0.0324184550389282
