Features;Individual Effect
age:40.00;0.04914806179831352
race:hispanic;-0.05021047419782855
sex:male;-0.15021870257482323
hypertension:1.00;0.02419641854219261
hyperlipidemia:0.00;-0.04153973811713646
diabetes:1.00;-0.165549003014493
coronary.artery.disease:0.00;-0.001217016824755418
chf:0.00;-0.04577686983309451
cerebrovascular.disease:0.00;0.007128783260977455
hepatitis:0.00;0.007900670146328777
endstage.renal.disease:0.00;-0.01312338824846902
chronic.kidney.disease:0.00;0.03078805647325814
asthma:0.00;0.018380846025168332
copd:0.00;-0.008414325476267318
dementia:0.00;0.019108438548708622
cancer:0.00;0.021280971377231915
