Features;Individual Effect
age:63.00;-0.033415140815558145
race:other;-0.06457503612985853
sex:female;0.12160854285692639
hypertension:0.00;0.0030897763072178404
hyperlipidemia:0.00;0.03504740153059555
diabetes:0.00;-0.03563193939718093
coronary.artery.disease:0.00;0.034708400553070305
chf:0.00;-0.02198728943337713
cerebrovascular.disease:0.00;-0.007155076095856264
hepatitis:0.00;-0.049314675319034544
endstage.renal.disease:0.00;0.034739639345590385
chronic.kidney.disease:0.00;-0.02266387361819665
asthma:0.00;-0.003319741454034738
copd:0.00;-0.010642647829249901
dementia:0.00;-0.008163189284556513
cancer:0.00;-0.014470471181233317
