Features;Individual Effect
age:67.00;0.022891321180103136
race:black;0.002149660813398707
sex:male;-0.0056924551457927
hypertension:1.00;-0.07928787419693296
hyperlipidemia:0.00;0.047966972265933557
diabetes:1.00;-0.012216334853331538
coronary.artery.disease:0.00;0.012637392601907289
chf:0.00;-0.007377121630484958
cerebrovascular.disease:1.00;-0.22178636656434436
hepatitis:0.00;0.04086068145381298
endstage.renal.disease:0.00;-0.0007534280421803933
chronic.kidney.disease:0.00;-0.007590405041958598
asthma:0.00;-0.03251364762822465
copd:0.00;0.013626874991135523
dementia:0.00;0.016330459587684663
cancer:0.00;-0.03694141830656464
