Features;Individual Effect
age;-0.194813009290572
race;0.0027937135013986966
sex;0.02918350586533204
hypertension;-0.0035487208760044287
hyperlipidemia;0.0044913520930608035
diabetes;-0.1657347629945593
coronary.artery.disease;0.020292880024159583
chf;-0.041691922442119674
cerebrovascular.disease;0.012287604829157923
hepatitis;-0.005335636304105114
endstage.renal.disease;-0.001945670591497044
chronic.kidney.disease;0.011780030306667263
asthma;-0.008828873445242436
copd;-0.009318131173083
dementia;-0.007158156150024368
cancer;0.016996053812413644
