Features;Individual Effect
age;0.10816239978242441
race;-0.02732460165677283
sex;0.11238909312493293
hypertension;0.023140542052120266
hyperlipidemia;-0.025402669299199803
diabetes;-0.059958182977316136
coronary.artery.disease;0.04662790003681451
chf;-0.0037323298503103763
cerebrovascular.disease;0.011868623940926628
hepatitis;0.027358134344686286
endstage.renal.disease;0.010083564015275593
chronic.kidney.disease;-0.010329193330575696
asthma;-0.0011748375328154033
copd;-0.008281011100016116
dementia;0.007853040837619238
cancer;0.014908156303344574
