Features;Individual Effect
age:52.00;0.1759332223386137
race:other;0.056431894929462295
sex:male;-0.0618890772674675
hypertension:0.00;-0.015794267061121452
hyperlipidemia:0.00;0.011532493267818602
diabetes:1.00;-0.053608765282856505
coronary.artery.disease:0.00;0.06222720203013388
chf:1.00;0.09118856934431747
cerebrovascular.disease:0.00;0.030724212821840742
hepatitis:0.00;-0.026525355560807498
endstage.renal.disease:0.00;0.024246090106967447
chronic.kidney.disease:0.00;-0.011307919410965036
asthma:0.00;-0.002395351309482133
copd:0.00;-0.0326607095246135
dementia:0.00;-0.061842854459369254
cancer:0.00;0.009516665133598124
