Features;Individual Effect
age;0.005563025735431877
race;-0.015164993987946657
sex;-0.00799043907587621
hypertension;-0.06466038761122184
hyperlipidemia;-0.012931293766132022
diabetes;-0.0183817775084883
coronary.artery.disease;-0.2682458046994218
chf;-0.03410214615605191
cerebrovascular.disease;0.019616371602840105
hepatitis;-0.04453077952246125
endstage.renal.disease;-0.00673431585651699
chronic.kidney.disease;-0.029745995824091997
asthma;0.009474070702223204
copd;-0.01839771354343404
dementia;0.00517043718971465
cancer;-0.04787536848342759
