Features;Individual Effect
age;0.2222698227271124
race;-0.00995737976069462
sex;0.09270261987171835
hypertension;0.007470479290208733
hyperlipidemia;-0.00245140375930813
diabetes;0.051899322802915815
coronary.artery.disease;0.07754397296900878
chf;0.030750822746737842
cerebrovascular.disease;0.022581034152651273
hepatitis;-0.057263474459609
endstage.renal.disease;-0.007254002619846888
chronic.kidney.disease;0.00415249301121599
asthma;0.035522065582745496
copd;-0.040298480474879855
dementia;0.047406077557481004
cancer;-0.026221664061418307
