Features;Individual Effect
age;0.04977013271011202
race;0.02876512774688303
sex;-0.0021083868607846452
hypertension;-0.025389888824764874
hyperlipidemia;0.037212022592098326
diabetes;0.06462469969302145
coronary.artery.disease;0.04566660365919281
chf;0.021242742940276393
cerebrovascular.disease;0.05506179661829976
hepatitis;-0.033696759943136215
endstage.renal.disease;0.12208910594960193
chronic.kidney.disease;0.0006238705846260857
asthma;-0.01613373589001442
copd;0.0023816329682702676
dementia;0.016151819711043743
cancer;-0.016374561477059266
