Features;Individual Effect
age:76.00;-0.05068859088004687
race:white;-0.09404256249505799
sex:male;-0.02669848656680996
hypertension:0.00;0.05164288178208669
hyperlipidemia:0.00;0.02041269820623625
diabetes:0.00;0.03968133986014902
coronary.artery.disease:0.00;0.04915985785299527
chf:0.00;0.037660973855493385
cerebrovascular.disease:0.00;0.005233400574630148
hepatitis:0.00;0.009436510340215136
endstage.renal.disease:0.00;-0.05225045974306845
chronic.kidney.disease:0.00;-0.010807586323116992
asthma:0.00;0.04405628972118443
copd:0.00;-0.008510974929444337
dementia:0.00;-0.024293277370856303
cancer:0.00;-0.013515048459807461
