Features;Individual Effect
age:86.00;-0.1393504311014932
race:white;0.04357516893246304
sex:male;-0.01483729499764911
hypertension:0.00;-0.0564236726117454
hyperlipidemia:0.00;-0.015025865820605692
diabetes:0.00;0.03054076808805642
coronary.artery.disease:0.00;0.11017918688102728
chf:0.00;-0.02097916428397396
cerebrovascular.disease:0.00;0.020236378635396696
hepatitis:0.00;-0.0009023108324458032
endstage.renal.disease:0.00;-0.034001889116183
chronic.kidney.disease:0.00;-0.043780779233772306
asthma:0.00;-0.021831074389442
copd:0.00;0.01953111682138215
dementia:0.00;0.008474699814220943
cancer:0.00;0.020119380987523642
