Features;Individual Effect
age;-0.1679065392284513
race;0.048985382218123825
sex;-0.006131516317189873
hypertension;-0.17747075291127815
hyperlipidemia;0.048060766093904375
diabetes;-0.03730619462073035
coronary.artery.disease;0.06125098548158814
chf;-0.009507078395920035
cerebrovascular.disease;0.037900655772400094
hepatitis;0.004448298805262011
endstage.renal.disease;-0.036150941496535936
chronic.kidney.disease;-0.007449862427948803
asthma;0.04643400837361124
copd;0.02164161358343763
dementia;-0.011155065756085152
cancer;0.003092537911373308
