Features;Individual Effect
age:59.00;0.11716370013843747
race:black;0.036807308870499586
sex:female;0.058596876042883585
hypertension:0.00;0.012575318411081421
hyperlipidemia:1.00;0.007035362142045136
diabetes:0.00;0.06242153922807853
coronary.artery.disease:0.00;0.09359540181328915
chf:0.00;0.030030332808747475
cerebrovascular.disease:0.00;-0.009817037607901567
hepatitis:0.00;0.02633363336131136
endstage.renal.disease:0.00;-0.02222643207113351
chronic.kidney.disease:0.00;-0.011573060718282357
asthma:0.00;0.004749985752327775
copd:0.00;0.007141677699496141
dementia:0.00;-0.03325482889883154
cancer:0.00;-0.00948147527540115
