Features;Individual Effect
age:89.00;-0.25065682181057325
race:white;-0.039211498078259174
sex:male;-0.10449871826786752
hypertension:0.00;0.055781895163021185
hyperlipidemia:0.00;-0.05063757580673145
diabetes:0.00;-0.005488093091060707
coronary.artery.disease:0.00;0.030404157065350223
chf:0.00;-0.043798490392451185
cerebrovascular.disease:0.00;0.07286509021844112
hepatitis:0.00;0.010074211841978447
endstage.renal.disease:0.00;0.03255211612377426
chronic.kidney.disease:0.00;-0.0020517394796391187
asthma:0.00;-0.01161429113322308
copd:0.00;-0.036738981889775306
dementia:0.00;0.007902208163560007
cancer:0.00;0.01534969747797254
