Features;Individual Effect
age;0.05908846069933587
race;0.0721119364257817
sex;0.09177657766005765
hypertension;-0.011761035447436535
hyperlipidemia;0.03513693623776687
diabetes;0.019529596012618923
coronary.artery.disease;-0.017129176143575432
chf;0.025582588825980176
cerebrovascular.disease;0.028816890167280666
hepatitis;0.0017602647009893023
endstage.renal.disease;-0.011104176477460901
chronic.kidney.disease;0.005389432872667098
asthma;-0.014561386640405686
copd;0.03770885529893438
dementia;0.009277318242110612
cancer;-0.05410384982812927
