Features;Individual Effect
age:37.00;0.3606345473712733
race:other;0.002452159115307384
sex:male;-0.029987399203105062
hypertension:0.00;-0.0010455755033672957
hyperlipidemia:0.00;0.04394833799270778
diabetes:0.00;0.04184237929537887
coronary.artery.disease:0.00;0.027033662550683204
chf:1.00;0.020955328353049217
cerebrovascular.disease:0.00;0.0006717133614919171
hepatitis:0.00;-0.018656937522149114
endstage.renal.disease:0.00;0.005252124911814893
chronic.kidney.disease:0.00;-0.010569861019074603
asthma:0.00;0.008963484403769508
copd:0.00;0.004822853594944254
dementia:0.00;0.017640425156737544
cancer:0.00;0.02002956670498591
