Features;Individual Effect
age;0.23276553925544918
race;0.010866949763811605
sex;-0.013256600397353623
hypertension;-0.026668901641901506
hyperlipidemia;0.002753057542893957
diabetes;0.04441258984894586
coronary.artery.disease;0.04412832667842123
chf;0.036261082412421125
cerebrovascular.disease;0.01026396064863723
hepatitis;0.0673179401829576
endstage.renal.disease;0.0033283336150679915
chronic.kidney.disease;-0.007025549018996057
asthma;-0.03832078675775784
copd;-0.0029650517875516452
dementia;-0.03399406671391091
cancer;0.04596173676332965
