Features;Individual Effect
age:39.00;0.306894575053215
race:white;-0.05572539515164822
sex:male;-0.05843553732830421
hypertension:0.00;-0.005113243183623174
hyperlipidemia:0.00;0.061204702302442626
diabetes:0.00;0.004734389813114496
coronary.artery.disease:0.00;0.02707429177274702
chf:1.00;0.09257965577776142
cerebrovascular.disease:0.00;-0.0005327367491145037
hepatitis:0.00;-0.04814108540113161
endstage.renal.disease:0.00;-0.015230047082286181
chronic.kidney.disease:0.00;0.003307692429810438
asthma:0.00;-0.015221143781711017
copd:0.00;-0.007114886908342249
dementia:0.00;0.026261441155224857
cancer:0.00;0.03696769891565941
