Features;Individual Effect
age:89.00;-0.2033821638721049
race:white;-0.04915383856053093
sex:female;0.0867899161350695
hypertension:0.00;0.05785848988414802
hyperlipidemia:0.00;0.025204975913094882
diabetes:0.00;-0.0009393187396804538
coronary.artery.disease:0.00;0.05892127176453914
chf:0.00;0.03784447524095057
cerebrovascular.disease:0.00;-0.03806368509185691
hepatitis:0.00;-0.01810343778350034
endstage.renal.disease:0.00;-0.0652742695752834
chronic.kidney.disease:0.00;-0.02090304883648471
asthma:0.00;-0.0023819719592083647
copd:0.00;-0.009058807301808244
dementia:0.00;0.02879066956591814
cancer:0.00;-0.0037735089348728008
