Features;Individual Effect
age:63.00;-0.005184335094876794
race:white;-0.003755255368537741
sex:male;-0.04401446180630048
hypertension:1.00;-0.0410589539958884
hyperlipidemia:1.00;-0.02422230210687837
diabetes:1.00;-0.028797471175777217
coronary.artery.disease:1.00;-0.102253610932474
chf:1.00;-0.029503618984690946
cerebrovascular.disease:0.00;-0.016864969664898713
hepatitis:1.00;-0.0843537385257286
endstage.renal.disease:0.00;-0.02198743207413427
chronic.kidney.disease:0.00;-0.026497661954258515
asthma:0.00;0.03574546592366622
copd:0.00;-0.02029428290512622
dementia:0.00;0.003984259567045113
cancer:0.00;0.012489764303306138
