Features;Individual Effect
age;-0.13896308845600047
race;-0.00033187497602781
sex;-0.00983147218219975
hypertension;-0.028973249856998767
hyperlipidemia;-0.0015798435831220724
diabetes;0.03159741932764523
coronary.artery.disease;0.04647465857044692
chf;-0.023892403101240904
cerebrovascular.disease;-0.11173163964863973
hepatitis;-0.009757565864065397
endstage.renal.disease;0.007972638842381544
chronic.kidney.disease;-0.013083705959012364
asthma;0.012147929337893153
copd;0.00015846415929019614
dementia;-0.0778200718671639
cancer;-0.11099675289372356
