Features;Individual Effect
age:71.00;-0.027958847937346095
race:white;-0.0561019797415057
sex:female;-0.028006185005677527
hypertension:1.00;0.014107305486011239
hyperlipidemia:0.00;-0.03599648472950829
diabetes:1.00;0.007802009283183874
coronary.artery.disease:0.00;0.031148705630101112
chf:1.00;-0.0754411475141637
cerebrovascular.disease:0.00;-0.011441842162853787
hepatitis:0.00;-0.019431363261963305
endstage.renal.disease:0.00;0.009802525617837413
chronic.kidney.disease:0.00;-0.03648720524720275
asthma:0.00;0.021730433666436524
copd:0.00;0.032242095830235455
dementia:1.00;-0.16732227902046456
cancer:0.00;0.0862853445229264
