Features;Individual Effect
age:89.00;-0.20577401962501454
race:white;-0.05444375922362974
sex:female;0.018577782469912655
hypertension:1.00;0.025536010608733662
hyperlipidemia:1.00;0.03529682552877492
diabetes:0.00;-0.015175210696084851
coronary.artery.disease:1.00;-0.044652913868884946
chf:1.00;-0.015257133549762774
cerebrovascular.disease:1.00;-0.037766706332017716
hepatitis:0.00;0.03393021483296421
endstage.renal.disease:0.00;-0.02995558063221442
chronic.kidney.disease:0.00;0.010204696068087663
asthma:0.00;0.0013992212890657219
copd:0.00;-0.021130773299138966
dementia:1.00;-0.051191986897553984
cancer:0.00;-0.029669161947436292
