Features;Individual Effect
age;-0.18346988241123607
race;-0.0678172211306746
sex;-0.03828621482042943
hypertension;-0.03026246662036866
hyperlipidemia;-0.0030576747953080935
diabetes;0.008693678540369995
coronary.artery.disease;-0.09361710631021616
chf;0.0016600546839592167
cerebrovascular.disease;-0.03845445717538099
hepatitis;0.024724250606341928
endstage.renal.disease;0.03665566174829887
chronic.kidney.disease;-0.013344629495381979
asthma;-0.00037606666050332346
copd;-0.012002273621697628
dementia;-0.11744042763828728
cancer;0.004627369975721746
