Features;Individual Effect
age;-0.13766893526409493
race;-0.022849784531836163
sex;-0.11592977799351264
hypertension;0.0387961784539097
hyperlipidemia;-0.02933053573935685
diabetes;-0.012416699813305385
coronary.artery.disease;0.005835985402606681
chf;0.0022372516967582787
cerebrovascular.disease;0.0007204545257741696
hepatitis;-0.009204569488277463
endstage.renal.disease;0.0023859743670532063
chronic.kidney.disease;0.030148965664544922
asthma;0.005584147610463771
copd;0.04424887481064009
dementia;-0.10481780045992184
cancer;-0.03031764077896364
