Features;Individual Effect
age;-0.2749660532039224
race;-0.04320708641225079
sex;-0.03314147360845822
hypertension;-0.04226586226613492
hyperlipidemia;0.012026425425057951
diabetes;0.03570416041212491
coronary.artery.disease;0.013945345226105466
chf;0.028290202513315328
cerebrovascular.disease;0.009158307503493826
hepatitis;0.008871741997407546
endstage.renal.disease;0.006263559308404925
chronic.kidney.disease;0.02825258350416645
asthma;-0.06020228376251098
copd;-0.013964158826774733
dementia;-0.018566291191898718
cancer;-0.049566216496870416
