Features;Individual Effect
age:69.00;0.07964824183003917
race:black;0.018936003609363997
sex:female;0.036221362669520155
hypertension:1.00;0.09839026543934926
hyperlipidemia:0.00;0.06259891536286186
diabetes:1.00;0.033127084822778374
coronary.artery.disease:0.00;0.06986270601738923
chf:0.00;-0.026859735968716082
cerebrovascular.disease:0.00;0.012244950077502875
hepatitis:0.00;0.0036356755103504213
endstage.renal.disease:0.00;-0.02074840758706835
chronic.kidney.disease:0.00;-0.004870501768300742
asthma:0.00;-0.07476703423101778
copd:0.00;0.0027437721279247596
dementia:0.00;0.06465651635063085
cancer:0.00;0.012356172240043718
