Features;Individual Effect
age;-0.12076355662759386
race;0.0007845510846403586
sex;0.10814493505834019
hypertension;-0.008935219342478208
hyperlipidemia;-0.002322070353487044
diabetes;0.09719295164775119
coronary.artery.disease;0.07602148810741884
chf;0.01235077526880044
cerebrovascular.disease;-0.005358615261445855
hepatitis;0.03081508614042662
endstage.renal.disease;-0.016328315315112515
chronic.kidney.disease;-0.002166256233592569
asthma;-0.007655488215828685
copd;-0.01950733170548947
dementia;0.0022548377632521845
cancer;-0.013635812768175782
