Features;Individual Effect
age;-0.14691006442854676
race;0.024274936175316925
sex;-0.028947886924666953
hypertension;-0.013507405621069685
hyperlipidemia;-0.03955583554353239
diabetes;0.024048648450020034
coronary.artery.disease;-0.1497185347623095
chf;-0.022710867157274803
cerebrovascular.disease;-0.009997035528264489
hepatitis;0.008217593721265076
endstage.renal.disease;-0.006784109502208443
chronic.kidney.disease;-0.046747580795267515
asthma;-0.0002375185093815473
copd;-0.01991160274266561
dementia;0.036895810083612264
cancer;0.008623721963661159
