Features;Individual Effect
age:66.00;-0.03227353592230067
race:black;-0.05396743793544967
sex:female;-0.06788372723520325
hypertension:1.00;-0.007396372292084931
hyperlipidemia:0.00;0.01446808843777855
diabetes:1.00;-0.05013999147764961
coronary.artery.disease:0.00;0.014119371572140424
chf:0.00;-0.042483305617649646
cerebrovascular.disease:0.00;0.018559853354064376
hepatitis:0.00;-0.009016428405401612
endstage.renal.disease:0.00;-0.008729158716481854
chronic.kidney.disease:0.00;-0.0029421694389117174
asthma:1.00;-0.19682075809299288
copd:0.00;-0.004794032763135142
dementia:0.00;0.06313596694637857
cancer:0.00;0.03331137000142598
