Features;Individual Effect
age:89.00;-0.2492599521971678
race:white;-0.03138804034409177
sex:female;-0.04430628476360042
hypertension:1.00;-0.03420724980848995
hyperlipidemia:1.00;0.020140497025813914
diabetes:0.00;-4.983055593611556e-05
coronary.artery.disease:0.00;0.032434921657058004
chf:0.00;0.01733173386496243
cerebrovascular.disease:0.00;0.02730647366774536
hepatitis:0.00;0.03755496086276839
endstage.renal.disease:0.00;-0.0009629164445758235
chronic.kidney.disease:0.00;0.007066533909887696
asthma:0.00;-0.06731292585456762
copd:0.00;0.011179150276878887
dementia:0.00;-0.03892418277696298
cancer:0.00;0.004317166437295895
