Features;Individual Effect
age:71.00;-0.10284106534209629
race:black;0.03257083964607434
sex:female;0.03551703692958081
hypertension:1.00;0.027494369571378786
hyperlipidemia:1.00;-0.0443226368812159
diabetes:1.00;-0.06709830673975818
coronary.artery.disease:1.00;-0.1600450838190093
chf:0.00;-0.0008970961356017052
cerebrovascular.disease:0.00;-0.0016810597583654166
hepatitis:0.00;-0.005297098135620011
endstage.renal.disease:0.00;-0.011422434409017721
chronic.kidney.disease:0.00;-0.008906175025782276
asthma:0.00;0.014784960207480468
copd:0.00;0.0021175080224989638
dementia:0.00;0.032244287576425834
cancer:0.00;0.032582731846233705
