Features;Individual Effect
age:77.00;-0.11599908188158727
race:white;-0.1141291738527084
sex:female;0.0170521671956548
hypertension:0.00;-0.02775316883876072
hyperlipidemia:0.00;0.04369440455716571
diabetes:0.00;-0.049637792393212796
coronary.artery.disease:0.00;0.061561792780128244
chf:0.00;-0.004157293518977784
cerebrovascular.disease:0.00;0.018208181998961424
hepatitis:0.00;-0.003572631180881261
endstage.renal.disease:0.00;0.022576419848664653
chronic.kidney.disease:0.00;-0.0029666643248193562
asthma:0.00;0.01929296404527254
copd:0.00;0.005956841807122953
dementia:0.00;-0.026074559091099105
cancer:0.00;-0.013746843258027365
