Features;Individual Effect
age;0.08729071428488053
race;0.0019435239613233915
sex;0.08016141879519222
hypertension;-0.02634142807597838
hyperlipidemia;0.1400213241765137
diabetes;0.03209539173619481
coronary.artery.disease;-0.10055759222253018
chf;0.038670522168791084
cerebrovascular.disease;0.01184192922556758
hepatitis;-0.04912867742809314
endstage.renal.disease;-0.024051661751402283
chronic.kidney.disease;0.04416558024370583
asthma;0.003870615906384072
copd;-0.028785750752383044
dementia;0.010384304064525004
cancer;-0.03610369711580502
