Features;Individual Effect
age;-0.06236834093031881
race;0.06038450789862457
sex;-0.07276532342684344
hypertension;0.034497768086979165
hyperlipidemia;0.04190260742418292
diabetes;0.040220915699051535
coronary.artery.disease;0.05955963773286975
chf;-0.035002680546453155
cerebrovascular.disease;0.03432928041833262
hepatitis;0.03914392221711349
endstage.renal.disease;0.04523407606586892
chronic.kidney.disease;-0.0026390524629494178
asthma;-0.007069818499611375
copd;0.00437444531838737
dementia;-0.0021066365428927397
cancer;0.01586619852112275
