Features;Individual Effect
age:72.00;-0.12852337691445573
race:white;-0.043725344027324864
sex:female;0.05039593187855001
hypertension:0.00;-0.05282061237900154
hyperlipidemia:1.00;-0.0172164345971839
diabetes:1.00;0.021861284615193943
coronary.artery.disease:1.00;-0.12410115623753909
chf:0.00;-0.022983443059311742
cerebrovascular.disease:0.00;0.0298413552217107
hepatitis:0.00;-0.024948505702671212
endstage.renal.disease:0.00;-0.04457392910803964
chronic.kidney.disease:0.00;-0.034661533106064
asthma:0.00;0.009303413873114542
copd:0.00;0.017292198530954123
dementia:0.00;0.02447695052967771
cancer:0.00;-0.009999383857067803
