Features;Individual Effect
age;0.176765848240018
race;0.0006683311323395225
sex;0.0460753489730309
hypertension;0.05232897032457229
hyperlipidemia;0.003894702895258076
diabetes;0.017855816425414405
coronary.artery.disease;0.06229757024667974
chf;0.0008457920077492697
cerebrovascular.disease;-0.0007374284936669459
hepatitis;0.005813068946841181
endstage.renal.disease;-0.013033811185877086
chronic.kidney.disease;0.01775112365097465
asthma;0.03330950739206447
copd;0.03339262100809352
dementia;0.008556857080415543
cancer;0.015624389566998274
