Features;Individual Effect
age:70.00;0.0020418623790524246
race:white;-0.045015551926171
sex:male;0.003845185299191225
hypertension:1.00;0.03986607248072503
hyperlipidemia:1.00;0.05019986700054502
diabetes:0.00;-0.0051996694432158205
coronary.artery.disease:1.00;-0.11101716590258857
chf:0.00;0.00021640991193922453
cerebrovascular.disease:0.00;0.021154440523730556
hepatitis:0.00;0.02639652265403311
endstage.renal.disease:0.00;-0.051639555581769817
chronic.kidney.disease:0.00;-0.005906241279579883
asthma:0.00;-0.028699031745595238
copd:1.00;0.07812507116760209
dementia:0.00;-0.04540203297993231
cancer:0.00;-0.0002973204821581435
