Features;Individual Effect
age:89.00;-0.06435121330842643
race:black;0.11614557355092768
sex:female;0.08196751056378335
hypertension:1.00;0.02009409985212602
hyperlipidemia:0.00;0.015644058654594666
diabetes:1.00;0.060213978047662944
coronary.artery.disease:1.00;-0.016650967669898126
chf:0.00;0.02390251863276547
cerebrovascular.disease:0.00;-0.006960853141788112
hepatitis:0.00;0.005091604842375121
endstage.renal.disease:0.00;0.009691114536385305
chronic.kidney.disease:0.00;0.03983965709012861
asthma:0.00;-0.01461666579559219
copd:0.00;0.024953895788906874
dementia:0.00;-0.010729401817331473
cancer:0.00;0.009697827166239008
