Features;Individual Effect
age;0.3208708871820794
race;-0.011462383224208013
sex;0.03884848820039547
hypertension;0.011975117889554972
hyperlipidemia;-0.015858186725633657
diabetes;0.016816825001289514
coronary.artery.disease;-0.00837893382145646
chf;0.006395815455890805
cerebrovascular.disease;0.01744884850402898
hepatitis;0.02786188864438897
endstage.renal.disease;-0.019285676541230957
chronic.kidney.disease;0.0022919136788682806
asthma;0.007346185459951835
copd;0.036166115924886666
dementia;0.02611002782482421
cancer;0.008471557735958604
