Features;Individual Effect
age:82.00;-0.13176665552704997
race:asian;-0.0039954505696003575
sex:female;0.005819940877996631
hypertension:0.00;-0.06760724340945887
hyperlipidemia:0.00;0.023635759314144144
diabetes:0.00;-0.012196678779002566
coronary.artery.disease:0.00;0.05201346580848282
chf:0.00;0.014183205098020357
cerebrovascular.disease:0.00;0.021547076673880235
hepatitis:0.00;0.016436625727611596
endstage.renal.disease:0.00;-0.02636024133092961
chronic.kidney.disease:0.00;-0.0005507073013851275
asthma:0.00;0.012116729556664829
copd:0.00;0.01009394377449117
dementia:1.00;-0.14108682669266995
cancer:0.00;0.03589025849358176
