Features;Individual Effect
age:56.00;0.20677940302189052
race:black;0.02348252830897804
sex:male;-0.0364007757931757
hypertension:0.00;-0.03304635802145527
hyperlipidemia:0.00;0.0004666292613440303
diabetes:0.00;0.05897257536442977
coronary.artery.disease:0.00;0.020959451412345627
chf:0.00;-0.062181150971153246
cerebrovascular.disease:0.00;0.0212812766723268
hepatitis:0.00;0.020753213196011748
endstage.renal.disease:0.00;-0.014974938896533094
chronic.kidney.disease:0.00;0.032671825064492115
asthma:0.00;-0.006288122501654548
copd:0.00;-0.01200200729544331
dementia:0.00;0.028061304852466377
cancer:0.00;0.008865208198034342
