Features;Individual Effect
age;-0.08645646087301903
race;-0.04710213587251583
sex;0.012171658039419896
hypertension;-0.04176481785523438
hyperlipidemia;-0.01084863673789348
diabetes;-0.013426709735187323
coronary.artery.disease;-0.0008544502903304069
chf;0.012103470383939986
cerebrovascular.disease;-0.17406950554292697
hepatitis;0.028423679904319092
endstage.renal.disease;-0.0327979411345084
chronic.kidney.disease;0.03770777819949384
asthma;-0.015811598862642304
copd;0.0014805122232876104
dementia;0.02304154258654008
cancer;0.014830276673672645
