Features;Individual Effect
age:74.00;-0.217011473792027
race:black;-0.028456355513294125
sex:female;0.0962340131342147
hypertension:0.00;-0.0004511090619795104
hyperlipidemia:0.00;0.02784158281882453
diabetes:0.00;0.013846162655065015
coronary.artery.disease:0.00;-0.02359337317426581
chf:0.00;0.0252946858580571
cerebrovascular.disease:0.00;0.0011506612492262632
hepatitis:0.00;-0.006724144634561096
endstage.renal.disease:0.00;0.01372908456197164
chronic.kidney.disease:0.00;0.040289662272899165
asthma:0.00;-0.003382731077713644
copd:0.00;-0.0072385276284028365
dementia:0.00;-0.0013993227388353893
cancer:0.00;0.010535818912819959
