Features;Individual Effect
age;-0.08604649385678732
race;-0.021713869857691075
sex;0.09287301201561896
hypertension;0.023597413859561225
hyperlipidemia;0.09279130552065305
diabetes;0.029523336818358323
coronary.artery.disease;-0.1032363784562226
chf;0.09891075512584731
cerebrovascular.disease;0.026000188522973172
hepatitis;0.004624883487272752
endstage.renal.disease;-0.009612581029850248
chronic.kidney.disease;0.014730570395021046
asthma;0.021104590512356216
copd;-0.07646656627557566
dementia;-0.010409508930452381
cancer;-0.016182873469346055
