Features;Individual Effect
age;0.35825804475788947
race;0.09061861240228185
sex;0.0040484130999351164
hypertension;-0.005929118987047222
hyperlipidemia;-0.005351178740911192
diabetes;0.05323040252661315
coronary.artery.disease;-0.06999315686599343
chf;-0.01914650154757273
cerebrovascular.disease;-0.013394438391459752
hepatitis;-0.03985318990673159
endstage.renal.disease;-0.0076668337849770014
chronic.kidney.disease;0.02412416229434914
asthma;-0.009812363984376345
copd;-0.018180740935191755
dementia;0.012868194721094312
cancer;0.0024116084987867714
