Features;Individual Effect
age:89.00;-0.28777120367157394
race:white;0.01896798617051145
sex:male;-0.057733905858049585
hypertension:1.00;-0.010592176703310207
hyperlipidemia:0.00;-0.015445811886734143
diabetes:0.00;-0.031277387067317544
coronary.artery.disease:0.00;0.043288104388460646
chf:0.00;0.007770482732772302
cerebrovascular.disease:1.00;-0.02954896767090422
hepatitis:0.00;-0.04321105071895365
endstage.renal.disease:0.00;-0.01794245060249211
chronic.kidney.disease:0.00;0.009149460685339936
asthma:0.00;0.008727103008879116
copd:0.00;-0.050779990786572436
dementia:0.00;0.0308037258336288
cancer:0.00;-0.0012156785623726337
