Features;Individual Effect
age:74.00;-0.19636986409502236
race:black;0.01813412707353192
sex:male;-0.048252363742109866
hypertension:1.00;0.010745201520682725
hyperlipidemia:0.00;-0.04919699287971699
diabetes:0.00;-0.014056980420169783
coronary.artery.disease:0.00;0.025702678083355635
chf:0.00;-0.015510383143989951
cerebrovascular.disease:0.00;0.007301583253907703
hepatitis:0.00;0.017754150735510343
endstage.renal.disease:0.00;0.014851337429289053
chronic.kidney.disease:0.00;0.046271762833448
asthma:0.00;0.008286710155982589
copd:0.00;0.050646208043680425
dementia:0.00;-0.0046083856053849275
cancer:0.00;0.007805534704529684
