Features;Individual Effect
age;0.26265584585365903
race;0.0604623368952724
sex;-0.04979187288368954
hypertension;-0.020850827064783483
hyperlipidemia;-0.007618911283501322
diabetes;0.040358318915333986
coronary.artery.disease;0.009461442506594548
chf;-0.01482201094922603
cerebrovascular.disease;0.009968504132007262
hepatitis;0.032685832526256245
endstage.renal.disease;0.0005282478911667852
chronic.kidney.disease;0.008357796097601327
asthma;0.004867769029845034
copd;0.005512485034067
dementia;0.010423390570175918
cancer;0.007309450007411289
