Features;Individual Effect
age;-0.16155886864445174
race;0.015551372891887535
sex;-0.09828487651447912
hypertension;0.004766028916789974
hyperlipidemia;-0.056392460444266254
diabetes;-0.027708026523280693
coronary.artery.disease;0.01527905789583393
chf;0.00720172629425047
cerebrovascular.disease;-0.04391660316835665
hepatitis;0.0012654916573022475
endstage.renal.disease;0.015748857769487222
chronic.kidney.disease;0.02098101446718484
asthma;0.04476507644368386
copd;-0.009597478964319634
dementia;-0.0012255356284216895
cancer;0.017676250427774275
