Features;Individual Effect
age:51.00;0.21408303899711437
race:white;-0.06803254634899852
sex:male;-0.06557934442547199
hypertension:0.00;-0.07731476995734933
hyperlipidemia:0.00;0.038463719128079096
diabetes:0.00;0.03594138936276585
coronary.artery.disease:0.00;0.12991608902941598
chf:0.00;0.011748078411946548
cerebrovascular.disease:0.00;-0.02871740319352918
hepatitis:0.00;-0.033454661140318406
endstage.renal.disease:0.00;0.02678301050578928
chronic.kidney.disease:0.00;0.03996225350300729
asthma:0.00;0.03180653580991423
copd:0.00;-0.009363769516653889
dementia:0.00;0.013732106855541392
cancer:0.00;0.007868388373034059
