Features;Individual Effect
age:73.00;-0.08309697173711404
race:white;-0.013768071492145387
sex:female;-0.005590037208982941
hypertension:1.00;-0.05958462254268723
hyperlipidemia:1.00;0.03563290361203631
diabetes:0.00;0.03685665699865162
coronary.artery.disease:0.00;0.014378248611179527
chf:0.00;0.006147180743285453
cerebrovascular.disease:1.00;-0.08976128758969053
hepatitis:0.00;-0.04843549987616137
endstage.renal.disease:0.00;-0.004829518238950541
chronic.kidney.disease:0.00;0.00690256422960249
asthma:0.00;-0.00198512685601605
copd:0.00;-0.02992883677057633
dementia:1.00;-0.12634810238711672
cancer:1.00;-0.09566975323477368
