Features;Individual Effect
age;0.28611011187385554
race;0.15272841542982954
sex;-0.049461239478382775
hypertension;0.00475284748347881
hyperlipidemia;0.016719704812470836
diabetes;-0.05689998621132415
coronary.artery.disease;-0.027706151564928526
chf;-0.03881695431661268
cerebrovascular.disease;-0.05607496458642449
hepatitis;0.010548651848089608
endstage.renal.disease;0.006368871751706327
chronic.kidney.disease;0.017161770156862183
asthma;0.03726424032763569
copd;-0.007868271394334374
dementia;0.07956208023530095
cancer;0.010528214246015705
