Features;Individual Effect
age:88.00;-0.19639642395861454
race:white;-0.020999347047208086
sex:male;-0.03244847439018105
hypertension:1.00;0.000909006461351683
hyperlipidemia:0.00;0.010195831615686851
diabetes:0.00;-0.020802528736178275
coronary.artery.disease:1.00;-0.0990482868441752
chf:0.00;-0.022592290756160507
cerebrovascular.disease:0.00;0.0008565798773862918
hepatitis:0.00;-0.007588609469478038
endstage.renal.disease:0.00;0.03123397522698345
chronic.kidney.disease:1.00;-0.005882915767942172
asthma:0.00;-0.01534696687567239
copd:0.00;-0.03443017618815687
dementia:1.00;-0.0671929175315832
cancer:1.00;-0.02466129864596204
