Features;Individual Effect
age;0.20074396968872857
race;0.093784350742162
sex;-0.05707942949547068
hypertension;-0.0022748768649959485
hyperlipidemia;0.000859505130405426
diabetes;0.05564118548901579
coronary.artery.disease;0.043157945068032694
chf;-0.021221488895371583
cerebrovascular.disease;0.017587633646971582
hepatitis;-0.042100492418945604
endstage.renal.disease;-0.0034659077021972663
chronic.kidney.disease;-0.011958304077790916
asthma;-0.0036425312905445824
copd;-0.02383147515540999
dementia;0.06261885716033105
cancer;0.01453239761407084
