Features;Individual Effect
age;0.1579118175568512
race;-0.011517279871024366
sex;0.07357382791627909
hypertension;0.03678483744247106
hyperlipidemia;0.07434457160567014
diabetes;0.05278905427163145
coronary.artery.disease;0.05354923782466624
chf;-0.0199689851791299
cerebrovascular.disease;0.0013677423709059344
hepatitis;-0.002011124755451918
endstage.renal.disease;0.002966027931696238
chronic.kidney.disease;-0.027755837912379837
asthma;-0.006874649992589699
copd;0.016209715640702685
dementia;-0.05095042725565367
cancer;-0.07975628215654008
