Features;Individual Effect
age;-0.24341535787738502
race;-0.05820240474271232
sex;-0.05269709788255936
hypertension;-0.016628204646421667
hyperlipidemia;-0.021549188348871106
diabetes;0.007519805463581261
coronary.artery.disease;0.014103672839462136
chf;-0.03978975295666966
cerebrovascular.disease;-0.05326988969492781
hepatitis;-0.03444838774282623
endstage.renal.disease;-0.014514788979163504
chronic.kidney.disease;-0.0019828756551301466
asthma;0.013577246427572062
copd;-0.004293106140430429
dementia;-0.022927989353523973
cancer;0.010604976170835698
