Features;Individual Effect
age:75.00;-0.0772408270231496
race:black;0.01379530590997459
sex:female;0.025209307462274386
hypertension:1.00;0.025256397625943148
hyperlipidemia:0.00;0.003454159985308302
diabetes:1.00;-0.01617385390324603
coronary.artery.disease:0.00;0.05288516279245463
chf:1.00;0.07937308850500462
cerebrovascular.disease:0.00;0.014957513061088907
hepatitis:0.00;-0.012238943980215258
endstage.renal.disease:1.00;0.03128156327471379
chronic.kidney.disease:0.00;-0.021182023705460885
asthma:0.00;-0.008511933205449677
copd:0.00;0.033604718070610204
dementia:0.00;0.023779232895120544
cancer:0.00;0.013810549869622345
