Features;Individual Effect
age;-0.02012759065297071
race;0.06035900905565442
sex;0.09349446966708322
hypertension;0.06151384927405581
hyperlipidemia;-0.014386389292262903
diabetes;0.0017768253877976335
coronary.artery.disease;-0.11594780569196105
chf;-0.01842049987374787
cerebrovascular.disease;0.034794634439425626
hepatitis;-0.03941225064556276
endstage.renal.disease;-0.024759265953185092
chronic.kidney.disease;0.009062622595148832
asthma;-0.01030557289846469
copd;-0.020256829260172467
dementia;0.023756600841105452
cancer;0.011500780383803484
