Features;Individual Effect
age:65.00;-0.10792152554786755
race:black;-0.06250179655782996
sex:female;0.017717174551913194
hypertension:1.00;-0.0629801617569461
hyperlipidemia:0.00;-0.07583863689784137
diabetes:0.00;0.020432969448163994
coronary.artery.disease:0.00;-0.007604128705913777
chf:1.00;-0.10458804710213153
cerebrovascular.disease:0.00;-0.01282772281376271
hepatitis:0.00;0.04233521610771321
endstage.renal.disease:0.00;-0.003791373328591488
chronic.kidney.disease:0.00;-0.0087056064725031
asthma:0.00;0.0044981109746580344
copd:1.00;-0.06459502208007448
dementia:0.00;0.03081362915170121
cancer:0.00;0.005785544110853257
