Features;Individual Effect
age;-0.09857127510749258
race;-0.027093856129705884
sex;-0.03937761227061756
hypertension;0.01608259377038949
hyperlipidemia;-0.06350017484046952
diabetes;-0.024888342820857258
coronary.artery.disease;0.05217097363762954
chf;-0.004833074812344048
cerebrovascular.disease;0.010794792070737486
hepatitis;0.0008967476571221447
endstage.renal.disease;0.029314914804847887
chronic.kidney.disease;0.02472091289882292
asthma;-0.03524722473094079
copd;-0.011323379775674797
dementia;0.007287473448250446
cancer;-0.2121429646210983
