Features;Individual Effect
age:70.00;-0.030922699562273528
race:other;-0.020148953179442874
sex:male;-0.023071552071121913
hypertension:0.00;-0.011093403723031798
hyperlipidemia:1.00;-0.0721215476246969
diabetes:0.00;-0.005187324242557552
coronary.artery.disease:1.00;-0.13149049303949284
chf:1.00;0.0007440528075067301
cerebrovascular.disease:0.00;-0.02147119767509073
hepatitis:0.00;0.005424863014750803
endstage.renal.disease:0.00;-0.014999820575476932
chronic.kidney.disease:0.00;-0.006501716098965748
asthma:0.00;0.011573965974760587
copd:0.00;0.010433033700965502
dementia:0.00;-0.01539229366574616
cancer:0.00;0.0146112431047693
