Features;Individual Effect
age;-0.04423368894720221
race;0.07346452321629743
sex;0.002049683867604662
hypertension;0.026712007053008947
hyperlipidemia;0.02298119852652072
diabetes;0.08220552952632032
coronary.artery.disease;0.054474437150233486
chf;0.01257784759693778
cerebrovascular.disease;0.00798121109330335
hepatitis;-0.005056282569976499
endstage.renal.disease;-0.0030287923273116246
chronic.kidney.disease;-0.037863811501557
asthma;0.03600108200871487
copd;0.007887306936642292
dementia;-0.019714630725108432
cancer;0.0035483552441354857
