Features;Individual Effect
age:54.00;0.20941319818053822
race:black;0.06658863734643629
sex:male;-0.05218736155372844
hypertension:0.00;-0.0233187678105025
hyperlipidemia:0.00;0.07636776800618023
diabetes:0.00;0.060470090354385955
coronary.artery.disease:0.00;0.05878544205317936
chf:0.00;0.017986466397090575
cerebrovascular.disease:0.00;-0.010850784117552047
hepatitis:0.00;-0.00922659999067547
endstage.renal.disease:0.00;0.051519225054278195
chronic.kidney.disease:0.00;0.012000570017852197
asthma:0.00;0.01755069616899242
copd:0.00;-0.016336693482141014
dementia:0.00;-0.010196202259394133
cancer:0.00;0.0031939856261550235
