Features;Individual Effect
age:85.00;-0.20093739835118396
race:white;-0.002124582345119877
sex:female;0.008346966645474449
hypertension:1.00;-0.003921589078873343
hyperlipidemia:0.00;-0.03136735588325002
diabetes:0.00;-0.014499337730572055
coronary.artery.disease:0.00;0.028561855891062835
chf:1.00;-0.06850072158842327
cerebrovascular.disease:0.00;-0.0064050552244780835
hepatitis:0.00;0.02365116493723947
endstage.renal.disease:0.00;-0.006100485167585011
chronic.kidney.disease:0.00;0.0044689592434081086
asthma:0.00;-0.036893764984479445
copd:1.00;-0.01124192632649089
dementia:0.00;0.008943115647374898
cancer:0.00;0.003858623458391691
