Features;Individual Effect
age:78.00;-0.1845697233394693
race:black;-0.01711259969468574
sex:female;0.01231008060936815
hypertension:1.00;-0.05751336658027345
hyperlipidemia:0.00;0.035340861224187746
diabetes:1.00;-0.06221426743812031
coronary.artery.disease:0.00;0.011514562175371838
chf:0.00;-0.03957692247572383
cerebrovascular.disease:0.00;0.006743997613058258
hepatitis:0.00;0.00591539705345835
endstage.renal.disease:0.00;-0.03482880894162043
chronic.kidney.disease:0.00;0.014099274722388873
asthma:0.00;0.022099159239607924
copd:0.00;0.05608017910813267
dementia:0.00;-0.004098158250622377
cancer:0.00;0.010685886564773261
