Features;Individual Effect
age:63.00;-0.07994447804090829
race:white;-0.1098004400167027
sex:male;-0.027790162119794966
hypertension:0.00;-0.0693601488382254
hyperlipidemia:0.00;-0.020371220458745103
diabetes:0.00;0.020038336409806706
coronary.artery.disease:0.00;0.017194896785935943
chf:0.00;0.012101701835453595
cerebrovascular.disease:0.00;-0.004223427209828025
hepatitis:0.00;0.0037210947861470375
endstage.renal.disease:0.00;-0.011828436637081816
chronic.kidney.disease:0.00;-0.006207811779419949
asthma:0.00;0.007127236702559915
copd:0.00;-0.0011660229691779628
dementia:0.00;0.03856105023017922
cancer:0.00;-0.00603989571534776
