Features;Individual Effect
age;-0.2482030776387217
race;-0.08821729319398819
sex;-0.1025038850247244
hypertension;0.007947443258942841
hyperlipidemia;-0.07080244745410523
diabetes;0.012615927821664121
coronary.artery.disease;0.01967178207254419
chf;-0.008474294870282215
cerebrovascular.disease;-0.018277178405400784
hepatitis;0.0051753535194414
endstage.renal.disease;0.007755974316167792
chronic.kidney.disease;-0.002803710831231397
asthma;0.01848509028961704
copd;0.04384965718073107
dementia;-0.006941577444686691
cancer;0.0019675235618515294
