Features;Individual Effect
age;-0.09364392565918636
race;0.00045662963322769257
sex;-0.05112114324218667
hypertension;-0.06930641355888573
hyperlipidemia;-0.014796236797393574
diabetes;0.015688667391124303
coronary.artery.disease;0.017147463667839112
chf;-0.03066352244138852
cerebrovascular.disease;0.011557015034124393
hepatitis;0.0044947884662443725
endstage.renal.disease;-0.01467128448132001
chronic.kidney.disease;-0.03690152302617755
asthma;0.007179089746340439
copd;0.008848340621621839
dementia;0.026482791731461355
cancer;-0.09671270782773818
