Features;Individual Effect
age:78.00;-0.2424333188651997
race:white;-0.034862489002335975
sex:male;-0.040675137547900614
hypertension:1.00;0.018847046126777515
hyperlipidemia:1.00;0.007401419774420832
diabetes:0.00;-0.02044617970709721
coronary.artery.disease:1.00;-0.1382964463736154
chf:0.00;-0.05168575886647427
cerebrovascular.disease:0.00;0.009260007052244942
hepatitis:0.00;0.02334386037433582
endstage.renal.disease:0.00;-0.009169695691449
chronic.kidney.disease:0.00;-0.03345159371270498
asthma:0.00;-0.00732246198651401
copd:0.00;0.025107428340318157
dementia:0.00;-0.04625920144196624
cancer:0.00;0.03189312251157585
