Features;Individual Effect
age:88.00;-0.06765063794870808
race:asian;0.005605950720530793
sex:female;0.060460672552614475
hypertension:1.00;0.11963307335501452
hyperlipidemia:0.00;-0.04187698872905555
diabetes:0.00;-0.02804293999917664
coronary.artery.disease:0.00;0.09235981245924504
chf:0.00;0.0680198012036339
cerebrovascular.disease:0.00;0.004728686147360222
hepatitis:0.00;-0.02702395282972294
endstage.renal.disease:0.00;-0.03266219935083966
chronic.kidney.disease:0.00;-0.01349312582039538
asthma:0.00;0.027232655979433168
copd:0.00;-0.05858236798695578
dementia:1.00;0.025306779220007687
cancer:0.00;0.015875422424944278
