Features;Individual Effect
age;-0.25266517725085846
race;-0.007167144374780075
sex;-0.04617356862899215
hypertension;0.009137078671093925
hyperlipidemia;-0.018586953819112104
diabetes;-0.010700537584135385
coronary.artery.disease;0.005551625937374651
chf;-0.013949679451306407
cerebrovascular.disease;-0.00930667194870996
hepatitis;0.003999127814992204
endstage.renal.disease;0.026755589141593344
chronic.kidney.disease;-0.017990084611711643
asthma;-0.029160652729696104
copd;-0.0635278208404914
dementia;-0.043519637456030824
cancer;-0.007802533800301402
