Features;Individual Effect
age;-0.1647832935098971
race;-0.10732816963066777
sex;0.02270623490257578
hypertension;-0.060913718741257956
hyperlipidemia;-0.0015792383418984993
diabetes;-0.0027712402698687535
coronary.artery.disease;0.07229384837050959
chf;-0.006512384715629423
cerebrovascular.disease;-0.09080820881795637
hepatitis;0.0011873515186038366
endstage.renal.disease;0.012014570234049494
chronic.kidney.disease;0.007511381180562847
asthma;0.024587208244017347
copd;-0.05361666771617073
dementia;0.0016431024276662085
cancer;0.032596178041948684
