Features;Individual Effect
age;-0.08218960987181624
race;-0.0455128369134276
sex;-0.027614300929212757
hypertension;0.00833893901755263
hyperlipidemia;0.02202756045776547
diabetes;-0.01131803306253561
coronary.artery.disease;-0.11438380736566021
chf;-0.03014447461630612
cerebrovascular.disease;-0.005242470927857425
hepatitis;-0.007452099058839968
endstage.renal.disease;-0.020600737510780637
chronic.kidney.disease;0.023152757949358036
asthma;-0.0668675291701221
copd;0.01803348798057946
dementia;-0.003586932898802287
cancer;0.012916712116357462
