Features;Individual Effect
age;-0.22958430180222797
race;-0.05419450651812407
sex;-0.045624602613804424
hypertension;0.006104982165302529
hyperlipidemia;-0.052710728582895286
diabetes;0.020082568336410492
coronary.artery.disease;0.03888439330489778
chf;0.03127202672505344
cerebrovascular.disease;-0.02691842102542321
hepatitis;0.015508295394657392
endstage.renal.disease;-0.004159640948024641
chronic.kidney.disease;-0.010892727807666014
asthma;-0.027824715968128456
copd;0.014383610151958468
dementia;0.060549936314111916
cancer;-0.052583478709939985
