Features;Individual Effect
age;0.2009112310758363
race;0.023466293257005718
sex;0.13319456931587995
hypertension;-0.0332282922327445
hyperlipidemia;-0.02187612543306003
diabetes;-0.075091531675812
coronary.artery.disease;0.04587511730297243
chf;-0.01908088885413962
cerebrovascular.disease;-0.001783582014898432
hepatitis;0.008323510982195303
endstage.renal.disease;-0.004489220120250062
chronic.kidney.disease;0.0033995429640114906
asthma;-0.01684642904963802
copd;-0.01150040582578376
dementia;0.03840744463775493
cancer;0.0006354470087494412
