Features;Individual Effect
age;-0.11332450003494722
race;0.11466445731266378
sex;-0.04837594236196548
hypertension;0.009823783592828185
hyperlipidemia;0.05456177799710643
diabetes;-0.008754644396714424
coronary.artery.disease;0.03901021418462021
chf;0.04782829011429389
cerebrovascular.disease;-0.003978452980430154
hepatitis;-0.042504474274243115
endstage.renal.disease;-0.004361345330848997
chronic.kidney.disease;-0.03712776420583892
asthma;-0.026959815700630538
copd;-0.010975104986549258
dementia;0.051641719731956984
cancer;0.026564454785201932
