Features;Individual Effect
age;-0.0800089534906149
race;-0.04079242315559656
sex;0.022669307587347576
hypertension;0.05309472425824215
hyperlipidemia;0.018871349267515186
diabetes;0.007689680286944107
coronary.artery.disease;0.07590586226004356
chf;-0.0328216951926793
cerebrovascular.disease;-0.04349946935174644
hepatitis;-0.03268804443778961
endstage.renal.disease;-0.014089714607478439
chronic.kidney.disease;0.030533376024685192
asthma;0.03470094213223868
copd;0.011072785264492284
dementia;0.05844714219249119
cancer;0.019516399366444736
