Features;Individual Effect
age;-0.32135988293777945
race;-0.04703295360553676
sex;0.02250100661883539
hypertension;-0.020425918021596046
hyperlipidemia;0.03724214157527265
diabetes;-0.006116788363073599
coronary.artery.disease;0.027488018677100448
chf;-0.012696068332201684
cerebrovascular.disease;0.009370485675427124
hepatitis;0.051046220779731255
endstage.renal.disease;0.0016375165008589345
chronic.kidney.disease;0.020402733790944066
asthma;0.0073205749767177725
copd;-0.06876750263415449
dementia;-0.03856272467387155
cancer;0.006531632708256187
