Features;Individual Effect
age:53.00;0.07655562956318585
race:white;-0.04285271356911226
sex:male;0.00704560014228257
hypertension:1.00;-0.0013108445441080974
hyperlipidemia:0.00;0.01825575404126066
diabetes:0.00;-0.003934368841696921
coronary.artery.disease:1.00;-0.16362374728302093
chf:1.00;0.03333662226908536
cerebrovascular.disease:0.00;-0.0424781653007065
hepatitis:0.00;0.013597510491285835
endstage.renal.disease:0.00;-0.051420097140202445
chronic.kidney.disease:0.00;-0.02394301248713285
asthma:1.00;-0.07155578732510906
copd:0.00;0.04692327673592146
dementia:0.00;-0.03160845656007605
cancer:0.00;-0.0022366560858739677
