Features;Individual Effect
age;0.2754146660831466
race;-0.005281484436332015
sex;0.00876583038636022
hypertension;0.011700457327610016
hyperlipidemia;-0.027074635923812325
diabetes;0.07895184228107996
coronary.artery.disease;-0.15995593930709598
chf;0.010342616346315432
cerebrovascular.disease;-0.028379080349222194
hepatitis;-0.024745717243788254
endstage.renal.disease;-0.0012860145368144126
chronic.kidney.disease;-0.021851599157641486
asthma;-0.0020742100496711404
copd;-0.0053335529218756055
dementia;-0.031288617495871064
cancer;-0.039453872831241965
