Features;Individual Effect
age:38.00;0.3800231371075693
race:other;0.010068268994685273
sex:male;-0.07776324392728916
hypertension:0.00;0.0005071699832236978
hyperlipidemia:0.00;-0.00711405419327078
diabetes:0.00;0.055451890501175924
coronary.artery.disease:0.00;0.060200286988656315
chf:0.00;0.00435164613740699
cerebrovascular.disease:0.00;0.0813723359067848
hepatitis:0.00;-0.0045662885216404036
endstage.renal.disease:0.00;0.007142149038032847
chronic.kidney.disease:0.00;-0.015790123799709004
asthma:0.00;-0.026619031163510776
copd:0.00;-0.030561358941593432
dementia:0.00;0.003885112320014844
cancer:0.00;-0.002619347467201851
