Features;Individual Effect
age:27.00;0.25977294307693866
race:white;-0.005128002141166807
sex:female;0.052794563902707904
hypertension:0.00;0.004075443449105855
hyperlipidemia:0.00;0.0076171494353234285
diabetes:0.00;0.016885027531764393
coronary.artery.disease:0.00;0.0637854505095023
chf:0.00;0.004553715157262966
cerebrovascular.disease:0.00;0.05112565892208902
hepatitis:0.00;-0.022195603635947803
endstage.renal.disease:0.00;0.01722735632576502
chronic.kidney.disease:0.00;0.011079059266666434
asthma:0.00;-0.01745265335088682
copd:0.00;0.005577996111988243
dementia:0.00;0.005946017535781615
cancer:0.00;0.05247455973340847
