Features;Individual Effect
age:65.00;0.013042450340412827
race:black;-0.0345858278243227
sex:male;-0.03946651103272533
hypertension:1.00;-0.05774593545075525
hyperlipidemia:0.00;0.037589403276982375
diabetes:0.00;-0.018850821230857753
coronary.artery.disease:0.00;0.05210159250149987
chf:0.00;0.03938083486653646
cerebrovascular.disease:0.00;-0.039553090218626165
hepatitis:0.00;-0.008814416999016254
endstage.renal.disease:0.00;-0.0049534601092046235
chronic.kidney.disease:0.00;-0.01362973384162754
asthma:0.00;-0.001156570521121213
copd:0.00;-0.02942637950883783
dementia:0.00;0.06857665362464138
cancer:0.00;-0.011549697642585767
