Features;Individual Effect
age:82.00;-0.05563956052421773
race:white;0.010969294654817094
sex:female;0.04155141623556249
hypertension:1.00;0.007888106971156468
hyperlipidemia:0.00;0.014449839831568449
diabetes:0.00;-0.02180913688139908
coronary.artery.disease:0.00;0.1325431960911759
chf:1.00;0.014607059576897296
cerebrovascular.disease:0.00;-0.07250632165117558
hepatitis:0.00;0.009511895800833524
endstage.renal.disease:0.00;-0.00953223526992809
chronic.kidney.disease:0.00;0.01975258557781466
asthma:0.00;-0.007004050232287767
copd:0.00;-0.0240657659089818
dementia:0.00;-0.011809131383847829
cancer:0.00;-0.023858297180164165
