Features;Individual Effect
age:79.00;-0.08627082048704443
race:black;0.11004937322079414
sex:female;0.14589471597712986
hypertension:1.00;-0.018378284186057733
hyperlipidemia:1.00;0.0324548305959446
diabetes:1.00;0.046973367734729814
coronary.artery.disease:1.00;0.004790624947653768
chf:0.00;0.05004830982840872
cerebrovascular.disease:0.00;-0.03745214929694504
hepatitis:0.00;-0.043512840966486305
endstage.renal.disease:0.00;0.017970706473934058
chronic.kidney.disease:0.00;-0.03499344099563069
asthma:0.00;-0.0018382587206568282
copd:0.00;-0.05839469284236631
dementia:0.00;-0.044903973464011745
cancer:0.00;0.0036544520569345915
