Features;Individual Effect
age;-0.2296551569900674
race;-0.04260254302585266
sex;-0.08819642452804892
hypertension;-0.027459183714517287
hyperlipidemia;0.018650919843064828
diabetes;0.038360113761099775
coronary.artery.disease;0.05324229777554324
chf;-0.01584672495655623
cerebrovascular.disease;-0.013403366296608078
hepatitis;-0.07922383123109718
endstage.renal.disease;-0.011829642847303997
chronic.kidney.disease;0.015025833947191262
asthma;0.058514508623932246
copd;-0.011485004957962706
dementia;-0.05387853007484089
cancer;0.02562099191896577
