Features;Individual Effect
age:82.00;-0.09967456892388604
race:white;-0.02816177162312876
sex:female;0.017925899543312453
hypertension:1.00;-0.0431128318861663
hyperlipidemia:0.00;0.011479550257748918
diabetes:0.00;-0.03789836142014773
coronary.artery.disease:1.00;-0.17437340882967253
chf:1.00;0.03673798471773873
cerebrovascular.disease:0.00;-5.27271461531198e-06
hepatitis:0.00;0.027759944514018385
endstage.renal.disease:1.00;-0.03893386586818669
chronic.kidney.disease:0.00;0.008998943394980384
asthma:0.00;0.026013313327608072
copd:0.00;-0.0065223545782358075
dementia:0.00;-0.010583609871457896
cancer:0.00;-0.0185182442473965
