Features;Individual Effect
age;-0.19336967498600177
race;-0.08377087647056664
sex;0.04675730817309457
hypertension;0.02173426651834751
hyperlipidemia;0.04238925918659855
diabetes;-0.09261464800623012
coronary.artery.disease;0.02460795984462613
chf;-0.068041832554059
cerebrovascular.disease;0.013906193898549475
hepatitis;-0.032702270528842885
endstage.renal.disease;0.014666085885778953
chronic.kidney.disease;0.014383391350507018
asthma;0.03238452235035591
copd;0.0042055220067889615
dementia;-0.08539265400846305
cancer;-0.007745539993261628
