Features;Individual Effect
age:74.00;-0.19016702591169532
race:asian;0.006949049600175401
sex:male;-0.032565530147700694
hypertension:0.00;-0.06611969405611198
hyperlipidemia:1.00;-0.026781714782554693
diabetes:1.00;0.018984067441116057
coronary.artery.disease:1.00;-0.09683963399305898
chf:0.00;0.002338079974129697
cerebrovascular.disease:0.00;0.0008947813656775636
hepatitis:0.00;0.008594210810143508
endstage.renal.disease:0.00;0.029606518409511298
chronic.kidney.disease:0.00;0.014583267445548167
asthma:0.00;0.010825639160724897
copd:0.00;0.0005485401097140522
dementia:0.00;-0.0319323169727925
cancer:0.00;0.013132517816737955
