Features;Individual Effect
age;-0.04256745021983764
race;0.00597711355191137
sex;0.03880464282276388
hypertension;-0.012906061377486741
hyperlipidemia;-0.017595527894416946
diabetes;0.05544939172294837
coronary.artery.disease;-0.09346849808215368
chf;0.03229296147590485
cerebrovascular.disease;-0.027202130161094303
hepatitis;-0.011168179554834871
endstage.renal.disease;0.027262380799848496
chronic.kidney.disease;0.04077189472233761
asthma;0.060690690369693434
copd;0.11209530474746246
dementia;-0.00566102496898499
cancer;-0.01965026895920933
