Features;Individual Effect
age:64.00;0.1563492302144262
race:black;0.0587662383169611
sex:male;0.01660699194064772
hypertension:1.00;0.01296519638730998
hyperlipidemia:0.00;-0.009817936146992032
diabetes:0.00;0.03245332894455796
coronary.artery.disease:0.00;0.045175045698818486
chf:0.00;-0.016256148082237985
cerebrovascular.disease:0.00;0.0322335159619596
hepatitis:0.00;0.021281480586360264
endstage.renal.disease:0.00;0.03835909748985104
chronic.kidney.disease:0.00;-0.047872134263319155
asthma:0.00;-0.010264322717238206
copd:0.00;-0.0018883473504682814
dementia:0.00;-0.023026279290323394
cancer:0.00;-0.011619936417446804
