Features;Individual Effect
age:84.00;-0.05010515537304289
race:white;0.02029609214565993
sex:male;-0.020085849003319233
hypertension:1.00;-0.00769285430462888
hyperlipidemia:1.00;0.07673830653201336
diabetes:0.00;-0.025175932374725218
coronary.artery.disease:1.00;-0.06385118386118795
chf:1.00;0.06429913917813258
cerebrovascular.disease:0.00;-0.016556920887192156
hepatitis:0.00;0.003872050682793291
endstage.renal.disease:0.00;0.00779930468676978
chronic.kidney.disease:0.00;0.013827541389304865
asthma:1.00;0.11037508217645292
copd:1.00;0.1165993602904419
dementia:0.00;-0.03394784595286721
cancer:0.00;0.01009934893771377
