Features;Individual Effect
age:82.00;-0.19147838235822273
race:black;0.007701951990921357
sex:male;0.0117124411792127
hypertension:1.00;-0.05909452428761081
hyperlipidemia:0.00;-0.037449968960736234
diabetes:0.00;0.044880361334304834
coronary.artery.disease:0.00;0.04983367290920538
chf:0.00;-0.04863709933818155
cerebrovascular.disease:0.00;-0.05696551717114489
hepatitis:0.00;-0.00849418912985787
endstage.renal.disease:0.00;-0.023668588919490606
chronic.kidney.disease:0.00;-0.008473426218146103
asthma:0.00;-0.020741752176941776
copd:0.00;0.007128752224481748
dementia:0.00;-0.011988413639950901
cancer:0.00;-0.014383275854812286
