Features;Individual Effect
age:75.00;-0.1739068888200771
race:white;0.03907204915845397
sex:female;0.02581195085482536
hypertension:1.00;-0.07368493831885349
hyperlipidemia:0.00;-0.000836844386963548
diabetes:0.00;0.009865053087640619
coronary.artery.disease:0.00;0.008965509077239522
chf:0.00;-0.03921478670983197
cerebrovascular.disease:1.00;-0.1180475932897424
hepatitis:0.00;0.014492338815968798
endstage.renal.disease:0.00;0.03679712924476315
chronic.kidney.disease:0.00;-0.019792287628531087
asthma:0.00;-0.018721390497683926
copd:0.00;-0.0381851261711985
dementia:0.00;0.00825802204419911
cancer:0.00;0.00795541125007318
