Features;Individual Effect
age;0.3736024764790403
race;-0.04025768272694086
sex;0.016092697939392955
hypertension;0.055305186149223556
hyperlipidemia;0.002653748788274646
diabetes;0.005745816658654734
coronary.artery.disease;0.04892193436666013
chf;0.011983693683053576
cerebrovascular.disease;0.006629025416317323
hepatitis;-0.05256120621986636
endstage.renal.disease;-0.05308388343016081
chronic.kidney.disease;-0.01639034304941201
asthma;-0.016213683681910764
copd;-0.012507303931731594
dementia;0.005389307683288994
cancer;0.03507732896248195
