Features;Individual Effect
age:42.00;0.23034423326240194
race:black;0.05127856707007673
sex:female;0.049657824274794295
hypertension:0.00;0.014135523153365798
hyperlipidemia:0.00;0.010839582319955323
diabetes:0.00;-0.0016180709571082183
coronary.artery.disease:0.00;0.08099864853299883
chf:0.00;-0.05982035702979925
cerebrovascular.disease:0.00;0.05571268099125902
hepatitis:0.00;0.03518741018511369
endstage.renal.disease:0.00;0.009529467929399498
chronic.kidney.disease:0.00;0.011913388764746454
asthma:0.00;0.023212977797588134
copd:0.00;-0.0028302945243752105
dementia:0.00;0.06251406449975183
cancer:0.00;-0.013954915403595551
