Features;Individual Effect
age;-0.3461388872580078
race;-0.07588092072569463
sex;-0.046376538102271804
hypertension;0.013542856089284364
hyperlipidemia;-0.02766035898847908
diabetes;0.024562041893100437
coronary.artery.disease;0.024092807131675577
chf;-0.02277682373581975
cerebrovascular.disease;0.004421876178122428
hepatitis;-0.022271497538956568
endstage.renal.disease;-0.013257239814169416
chronic.kidney.disease;-0.0048024319874988425
asthma;-0.04363524037293128
copd;0.019795648110036576
dementia;0.04608914482618176
cancer;0.01871384914182287
