Features;Individual Effect
age;-0.05937333101186621
race;-0.058003853856253396
sex;-0.08056290342607497
hypertension;-0.03620001245455793
hyperlipidemia;-0.04493856486343769
diabetes;0.029292416479623502
coronary.artery.disease;0.03190512161322187
chf;-0.0073417680485914055
cerebrovascular.disease;0.015858074680298206
hepatitis;-0.03509002379474756
endstage.renal.disease;0.01337131471063826
chronic.kidney.disease;0.006681120613295177
asthma;0.02763298539731416
copd;0.034970264743761456
dementia;0.011516661743921026
cancer;0.03397862132139037
