Features;Individual Effect
age;0.11792363254416396
race;0.06010995251987512
sex;0.07690355367603526
hypertension;-0.02251203631386588
hyperlipidemia;0.007730689133702364
diabetes;0.05649380742812765
coronary.artery.disease;0.09375604250010355
chf;-0.010831463589476224
cerebrovascular.disease;0.0032494402583040233
hepatitis;-0.05212679708802133
endstage.renal.disease;0.036643653540784665
chronic.kidney.disease;0.0036935600435525247
asthma;0.0018361588773760408
copd;0.03194909582985092
dementia;0.015445356301088894
cancer;0.001586250595317338
