Features;Individual Effect
age;-0.17234798428129103
race;-0.008698125285037175
sex;0.016230701492577472
hypertension;0.008426966798365895
hyperlipidemia;0.03196994352779235
diabetes;0.02101647667507221
coronary.artery.disease;-0.07739657897599311
chf;-0.033086100854041046
cerebrovascular.disease;-0.051598547438916065
hepatitis;-0.0626166119211728
endstage.renal.disease;-0.030997090023285122
chronic.kidney.disease;0.002132466109510678
asthma;0.013177659340920647
copd;-0.01689119630389905
dementia;-0.03644446638928245
cancer;-0.06599591010889486
