Features;Individual Effect
age;-0.22939165746059673
race;0.013715033136465953
sex;0.0622710810465342
hypertension;0.010919515264518195
hyperlipidemia;-0.05424241100782772
diabetes;-0.030463267693288432
coronary.artery.disease;-0.019290440876284756
chf;0.07206243845753792
cerebrovascular.disease;0.0011396479961879452
hepatitis;0.04861705228587889
endstage.renal.disease;-0.019592390911288525
chronic.kidney.disease;-0.01300758323344249
asthma;-0.05945205354045958
copd;-0.004498260281823487
dementia;-0.005037083942073533
cancer;-7.20403432132974e-05
