Features;Individual Effect
age;-0.14465056723586373
race;-0.07048884109093614
sex;0.0005273956329140961
hypertension;0.024077248937813645
hyperlipidemia;-0.030500982912048936
diabetes;0.016751764076757117
coronary.artery.disease;-0.05196850436050561
chf;0.023155662426270825
cerebrovascular.disease;-0.012533699888119951
hepatitis;-0.004337474123606758
endstage.renal.disease;-0.03652307322999949
chronic.kidney.disease;-0.003311651556482432
asthma;0.03074974506110167
copd;-0.01549835640018033
dementia;0.027653993494175785
cancer;-0.03166420539318911
