Features;Individual Effect
age;0.010609563921530936
race;-0.023689729839469056
sex;0.15254600671059068
hypertension;-0.0005025277989087603
hyperlipidemia;0.007912502629145925
diabetes;-0.00773226700684947
coronary.artery.disease;0.051889420002849504
chf;-0.007759202446471904
cerebrovascular.disease;-0.005999920146863675
hepatitis;0.033939668359226786
endstage.renal.disease;-0.002552087992752702
chronic.kidney.disease;-0.03294365466345412
asthma;-0.013000113335448645
copd;0.04939644872285276
dementia;-9.218872235048151e-07
cancer;0.005762877243198755
