Features;Individual Effect
age:65.00;0.18764103681304511
race:white;-0.04007748031982503
sex:male;-0.005038854195782418
hypertension:0.00;-0.026891681727879167
hyperlipidemia:0.00;-0.05833453974108685
diabetes:0.00;0.033320327234381414
coronary.artery.disease:0.00;0.07531516858697924
chf:0.00;0.04118011365086008
cerebrovascular.disease:0.00;0.024100034620034006
hepatitis:0.00;-0.012788178681651233
endstage.renal.disease:0.00;-0.006978435920066766
chronic.kidney.disease:0.00;-0.006974381294312172
asthma:0.00;-0.015277327758655224
copd:0.00;0.010106914016309728
dementia:0.00;0.022041837658132123
cancer:0.00;-0.013443977585626987
