Features;Individual Effect
age;-0.12323618615270938
race;-0.002004033174891756
sex;0.02012243624723606
hypertension;0.05058603820338652
hyperlipidemia;0.09064077828461008
diabetes;0.03877844034740332
coronary.artery.disease;-0.08453016327655427
chf;0.014334040000513764
cerebrovascular.disease;0.0017255683385616351
hepatitis;-0.06584814421975549
endstage.renal.disease;0.1285907110605412
chronic.kidney.disease;-0.004995829848248132
asthma;-0.035296579624997486
copd;0.0006975010023475203
dementia;-0.006186041924455992
cancer;-0.06410384363672868
