Features;Individual Effect
age;-0.05285267897895944
race;0.11606759230494501
sex;0.09338951892947223
hypertension;0.02317798066803172
hyperlipidemia;0.07977513881857559
diabetes;0.025096395392411052
coronary.artery.disease;-0.07838358269642917
chf;-0.007262549563244701
cerebrovascular.disease;0.059463430607756954
hepatitis;0.06974027575083795
endstage.renal.disease;0.01692477187452013
chronic.kidney.disease;0.003941613398897231
asthma;-0.032859763078219265
copd;-0.02549208218600165
dementia;0.008283275376988919
cancer;-0.008591564218134826
