Features;Individual Effect
age:32.00;0.4306208576296941
race:other;-0.00652383457869966
sex:male;-0.03475095048515366
hypertension:0.00;-0.024801461804780354
hyperlipidemia:0.00;-0.0020125249327819965
diabetes:0.00;0.0749218382337072
coronary.artery.disease:0.00;0.04383888957311175
chf:0.00;0.033351381118476305
cerebrovascular.disease:0.00;0.02161467097503938
hepatitis:0.00;-0.04084774796331947
endstage.renal.disease:0.00;-0.016207780466543052
chronic.kidney.disease:0.00;0.0037674016614366703
asthma:0.00;0.0025219907651760536
copd:0.00;0.009383015308386942
dementia:0.00;-0.01640655608262866
cancer:0.00;0.005529342644664708
