Features;Individual Effect
age;-0.17247622061461548
race;-0.05037829831142674
sex;0.06308759163163379
hypertension;-0.03710491233324746
hyperlipidemia;0.020789869451629674
diabetes;-0.016064993556505293
coronary.artery.disease;0.009906474579388078
chf;0.005220643316468789
cerebrovascular.disease;-0.07452557349504461
hepatitis;0.011484838412094769
endstage.renal.disease;-0.010029754032224395
chronic.kidney.disease;-0.04274313775271387
asthma;0.006218813871472179
copd;-0.006608710104591652
dementia;-0.06779326185471234
cancer;0.045613475169536614
