Features;Individual Effect
age:88.00;-0.011880397233693987
race:black;0.021656187652774828
sex:female;0.0958198226235
hypertension:0.00;0.13642867725256247
hyperlipidemia:0.00;0.03345802415537086
diabetes:0.00;-0.0013622121572707951
coronary.artery.disease:0.00;0.06773804504168196
chf:0.00;-0.043176457380927805
cerebrovascular.disease:0.00;0.039815828873443884
hepatitis:0.00;-0.012049732311498924
endstage.renal.disease:0.00;-0.012147025611708839
chronic.kidney.disease:0.00;-0.04915906014234356
asthma:0.00;0.007463601337056808
copd:0.00;-0.015384253483180885
dementia:0.00;0.0275894362134889
cancer:0.00;-0.006586018899540757
