Features;Individual Effect
age;-0.3232784785585461
race;0.01298502578872926
sex;-0.02019905300393918
hypertension;-0.07371043625034633
hyperlipidemia;0.028317547975291846
diabetes;0.02329614833814403
coronary.artery.disease;-0.05360333342073278
chf;0.03265102591775676
cerebrovascular.disease;0.013086661012925169
hepatitis;-0.010805845099202148
endstage.renal.disease;0.022460352842474045
chronic.kidney.disease;-0.0027895846721513796
asthma;0.00254764250479439
copd;-0.043088024360482244
dementia;0.001282214963855499
cancer;0.026713955572181106
