Features;Individual Effect
age;-0.1745983719540111
race;0.010050674169062218
sex;-0.07634321731759636
hypertension;-0.003559288391042935
hyperlipidemia;-0.029656939895201302
diabetes;0.02694965879662864
coronary.artery.disease;-0.17136320708187905
chf;-0.00010576250283089554
cerebrovascular.disease;-0.004438029139698201
hepatitis;-0.0007004964139726028
endstage.renal.disease;-0.0090262186648533
chronic.kidney.disease;-0.04066474610129196
asthma;-0.002954653584887574
copd;0.006263818361512859
dementia;-0.003073500122714297
cancer;0.0307270467329802
