Features;Individual Effect
age:71.00;0.07134534462355867
race:other;0.09990676043056786
sex:male;0.007753576261074615
hypertension:1.00;0.05061113398431347
hyperlipidemia:1.00;0.04737942311964906
diabetes:0.00;-0.021407267654673934
coronary.artery.disease:0.00;0.08517298985389771
chf:0.00;0.032027666444986475
cerebrovascular.disease:0.00;-0.006960095306023983
hepatitis:0.00;-0.04607747048141478
endstage.renal.disease:0.00;-0.038391259509547915
chronic.kidney.disease:0.00;-0.022523743002675345
asthma:0.00;0.0559727455537082
copd:0.00;0.014310519844199746
dementia:0.00;0.0007950685168099866
cancer:0.00;0.004309281628416817
