Features;Individual Effect
age:65.00;0.1854764426634848
race:other;0.026319910196499777
sex:male;0.006487732621845443
hypertension:1.00;0.07912404767212212
hyperlipidemia:0.00;-0.0026009863943303978
diabetes:0.00;0.016179140091855504
coronary.artery.disease:0.00;0.02506605248471816
chf:0.00;0.01254896548351149
cerebrovascular.disease:0.00;-0.030648809449203198
hepatitis:0.00;0.014181781074912025
endstage.renal.disease:0.00;0.009846356334866559
chronic.kidney.disease:0.00;-0.036713194390511045
asthma:0.00;0.0194546740475298
copd:0.00;0.02388742979860884
dementia:0.00;0.041663279118521995
cancer:0.00;0.035825743258161166
