Features;Individual Effect
age;-0.16468112955133377
race;0.047376358610260766
sex;-0.02102861893975265
hypertension;0.03136141548271233
hyperlipidemia;-0.039159613125705275
diabetes;0.030156327126856116
coronary.artery.disease;0.03572080834604002
chf;0.05206377959184362
cerebrovascular.disease;-0.028447407240643208
hepatitis;-0.0001455993903523023
endstage.renal.disease;0.02169508526028451
chronic.kidney.disease;0.07430398927459843
asthma;-0.01724128723986958
copd;0.002294597154818008
dementia;-0.006755396527307264
cancer;-0.015810158442716975
