Features;Individual Effect
age:79.00;-0.05814274226162939
race:white;0.06931272484744924
sex:female;0.14704326900629835
hypertension:0.00;0.00673830651535615
hyperlipidemia:0.00;-0.030222434018213
diabetes:1.00;-0.03616591207800937
coronary.artery.disease:0.00;0.056806556508383746
chf:0.00;0.04678061861969429
cerebrovascular.disease:0.00;0.044886103891964686
hepatitis:0.00;-0.029026664766402924
endstage.renal.disease:0.00;-0.0031756137937399356
chronic.kidney.disease:0.00;-0.04090506000472426
asthma:0.00;0.05691659380127541
copd:0.00;0.00906460056879092
dementia:1.00;-0.015843341554757813
cancer:0.00;-0.012228183914392246
