Features;Individual Effect
age;-0.28262619162253194
race;-0.04573073148946976
sex;-0.05269164454053068
hypertension;-0.04552537281849065
hyperlipidemia;-0.02820756559798023
diabetes;0.014268880656922299
coronary.artery.disease;-0.012244349689787978
chf;0.04738180131255766
cerebrovascular.disease;0.011090238069000342
hepatitis;0.0044591224231861695
endstage.renal.disease;0.00923888492780714
chronic.kidney.disease;-0.011908525161083035
asthma;0.0038816818075894533
copd;-0.018421597658563795
dementia;-0.027592821462883624
cancer;0.009999212106733085
