Features;Individual Effect
age;-0.1273197449739109
race;-0.022316786264538903
sex;0.0221188970610472
hypertension;-0.013322476781454796
hyperlipidemia;0.05657960067883866
diabetes;-0.04857253338661352
coronary.artery.disease;-0.026042130406945963
chf;-0.021039465240395204
cerebrovascular.disease;0.008192687082495747
hepatitis;-0.046238340076582334
endstage.renal.disease;0.015916150324976053
chronic.kidney.disease;-0.004568205396101347
asthma;-0.04372949434215111
copd;-0.049695333722791585
dementia;-0.04183220615414748
cancer;0.001046228684585794
