Features;Individual Effect
age;0.04667532273199227
race;-0.05284251123372999
sex;-0.07206956462146993
hypertension;-0.12521741824083507
hyperlipidemia;0.010939757203262266
diabetes;-0.17557029063577972
coronary.artery.disease;0.04704650040049745
chf;-0.021540443151467276
cerebrovascular.disease;0.025073033790474496
hepatitis;-0.0033282597795524435
endstage.renal.disease;-0.0064539797135698095
chronic.kidney.disease;0.03586949917337379
asthma;0.004326966743412611
copd;0.017663541803087504
dementia;-0.004347887775582232
cancer;-0.050734861633262365
