Features;Individual Effect
age:54.00;0.272703886899314
race:black;-0.008859296040208572
sex:male;-0.024174835342027284
hypertension:1.00;0.03888709918473055
hyperlipidemia:0.00;-0.007164104888061983
diabetes:0.00;-0.0016705711167889084
coronary.artery.disease:0.00;0.09274773719250506
chf:1.00;-0.013777819057693427
cerebrovascular.disease:0.00;-0.008961434191298004
hepatitis:0.00;0.015406193365639632
endstage.renal.disease:0.00;0.015494321770249292
chronic.kidney.disease:0.00;0.010714109464285325
asthma:0.00;0.01883689227754081
copd:0.00;-0.022739560340300172
dementia:0.00;0.01018899660354475
cancer:0.00;0.003972561246257332
