Features;Individual Effect
age:70.00;-0.09929634659485474
race:black;0.004425517429133677
sex:female;0.0827639528946502
hypertension:0.00;-0.10454887325385658
hyperlipidemia:0.00;-0.05605151701548048
diabetes:1.00;-0.19566526240263193
coronary.artery.disease:0.00;0.06772035012120395
chf:0.00;0.01527188349446516
cerebrovascular.disease:0.00;0.045737245104436906
hepatitis:0.00;0.013089493608473824
endstage.renal.disease:0.00;-0.0549791121645754
chronic.kidney.disease:0.00;0.005241863198149667
asthma:0.00;-0.03232951724088099
copd:0.00;0.07089546542412845
dementia:0.00;-0.03750009202835121
cancer:0.00;0.04864184724793437
