Features;Individual Effect
age;-0.08528398462689825
race;-0.05091935787109168
sex;0.014529897133635224
hypertension;0.008261815453248174
hyperlipidemia;-0.04536178870076926
diabetes;-0.09040426888514765
coronary.artery.disease;-0.059895307147230376
chf;0.005053038770198338
cerebrovascular.disease;0.023339929632930655
hepatitis;0.0021988825083225777
endstage.renal.disease;-0.011409380471485231
chronic.kidney.disease;-0.002121570266817443
asthma;0.007302536892110474
copd;0.03339628679774209
dementia;0.0010031600192032808
cancer;0.01991032965546664
