Features;Individual Effect
age;0.16050549257742514
race;0.03046931006856217
sex;-0.06261903623098651
hypertension;-0.004048584885366725
hyperlipidemia;0.05492617711943141
diabetes;0.08353092057222196
coronary.artery.disease;0.06510668376046885
chf;0.02421647467019277
cerebrovascular.disease;0.007412354918246572
hepatitis;0.003253081490873142
endstage.renal.disease;0.004256842267240005
chronic.kidney.disease;-0.013572591374231967
asthma;0.004821464282555633
copd;0.011747384479346208
dementia;0.006611024020276236
cancer;0.02769895213001555
