Features;Individual Effect
age;0.09077193733725314
race;0.007753248036806479
sex;0.0420410046567741
hypertension;-0.0030355654773592793
hyperlipidemia;-0.014853603843460229
diabetes;0.019453919013422978
coronary.artery.disease;-0.03032204301547968
chf;0.1140242069355116
cerebrovascular.disease;-0.0336344195643737
hepatitis;-0.014545412809810823
endstage.renal.disease;-0.01056158622775233
chronic.kidney.disease;-0.012859745959016792
asthma;0.02858927362933988
copd;0.06249871361890417
dementia;0.020313204978438422
cancer;-0.03580532400380889
