Features;Individual Effect
age:51.00;0.17156725005395754
race:black;0.021011951637288175
sex:male;-0.06695489287936333
hypertension:1.00;0.09652628464268172
hyperlipidemia:0.00;-0.046558578553501914
diabetes:1.00;-0.06459011621355457
coronary.artery.disease:0.00;0.010518717573993655
chf:0.00;-0.007007279024402824
cerebrovascular.disease:0.00;-0.011918557605888754
hepatitis:0.00;-0.01625159433110757
endstage.renal.disease:0.00;0.028859384446271286
chronic.kidney.disease:0.00;-0.03060279829072624
asthma:0.00;-0.005687878786654238
copd:0.00;-0.011067259827594067
dementia:0.00;0.001999936437265432
cancer:0.00;0.011512686129769726
