Features;Individual Effect
age:89.00;-0.11262390642120516
race:white;-0.07132829435131562
sex:female;0.04476123646774802
hypertension:1.00;0.06884638580851801
hyperlipidemia:1.00;0.02981428441956392
diabetes:0.00;-0.004120750272567426
coronary.artery.disease:1.00;-0.0812710915789557
chf:0.00;-0.007794116604549925
cerebrovascular.disease:0.00;0.041150268680128395
hepatitis:0.00;0.023612521258178556
endstage.renal.disease:0.00;0.0034236592007106294
chronic.kidney.disease:0.00;-0.03347583283663914
asthma:0.00;0.02535028869115742
copd:0.00;0.009656595922571348
dementia:1.00;-0.014798833566768897
cancer:0.00;0.002181454652606947
