Features;Individual Effect
age;0.07403792686394821
race;0.05403116342534335
sex;0.034643665747005004
hypertension;0.08147999361327515
hyperlipidemia;-0.056795844884737025
diabetes;0.08850427668513473
coronary.artery.disease;0.0734760337221336
chf;0.037461653872826114
cerebrovascular.disease;0.008621241456819143
hepatitis;0.021727642633218063
endstage.renal.disease;-0.030364991099555733
chronic.kidney.disease;0.04149987128821153
asthma;0.014248953248198186
copd;0.0024222275071679837
dementia;0.005803590057014148
cancer;-0.01794255898406164
