Features;Individual Effect
age;0.05834334156900794
race;0.035114501453244976
sex;-0.0897064314375106
hypertension;0.01499370646597305
hyperlipidemia;0.017590617211598547
diabetes;-0.018270143522381013
coronary.artery.disease;0.04508919693524666
chf;0.05350153039563107
cerebrovascular.disease;-0.04876579662618308
hepatitis;0.016690756502544365
endstage.renal.disease;0.02066604504592747
chronic.kidney.disease;-0.012954975492573649
asthma;-0.012503940565834839
copd;0.0061904271910188605
dementia;-0.0070433081023844124
cancer;-0.06401101762762589
