Features;Individual Effect
age:49.00;0.17706255603995819
race:black;0.010937342793988551
sex:female;0.067681374020188
hypertension:1.00;-0.01377416661363327
hyperlipidemia:0.00;-0.04083633972492273
diabetes:1.00;-0.0005017054624969139
coronary.artery.disease:0.00;0.060421996077285864
chf:0.00;0.006700888194528614
cerebrovascular.disease:0.00;0.0009817480770155894
hepatitis:0.00;0.02709555035522566
endstage.renal.disease:0.00;0.007177557097053439
chronic.kidney.disease:0.00;-0.017707436242690076
asthma:0.00;0.04464574034234448
copd:0.00;0.0011805632945478747
dementia:0.00;0.011126326192496682
cancer:0.00;0.048763889011337956
