Features;Individual Effect
age:70.00;-0.02526582079642336
race:other;0.011849013277331979
sex:female;-0.005768246551798459
hypertension:1.00;0.019305151682987933
hyperlipidemia:1.00;-0.06957834058089611
diabetes:1.00;-0.04530037296559038
coronary.artery.disease:0.00;0.06054506082885474
chf:0.00;0.013727938655587881
cerebrovascular.disease:0.00;0.040672267313435026
hepatitis:0.00;-0.005843195927000189
endstage.renal.disease:0.00;0.004938138551071173
chronic.kidney.disease:0.00;-0.05033940135279683
asthma:1.00;-0.05135283199549794
copd:0.00;0.04064982586644099
dementia:0.00;-0.0464035876533752
cancer:0.00;-0.051423574819343974
