Features;Individual Effect
age:79.00;-0.16520795453827217
race:white;-0.10101752120105603
sex:male;-0.05874731316491855
hypertension:0.00;-0.003045475771762153
hyperlipidemia:0.00;-0.0017971439773496883
diabetes:0.00;0.0025818960415663963
coronary.artery.disease:1.00;-0.1539458780879481
chf:0.00;-0.029514177040585697
cerebrovascular.disease:0.00;-0.0029236740251707763
hepatitis:0.00;-0.01711538094456653
endstage.renal.disease:0.00;-0.057251417709039014
chronic.kidney.disease:0.00;-0.005876683419600383
asthma:0.00;0.0224952322088863
copd:0.00;0.018581852421292636
dementia:0.00;0.06024991337055381
cancer:0.00;-0.0328410734578231
