Features;Individual Effect
age;-0.09933967076760548
race;-0.1124170782439383
sex;0.0572420512668088
hypertension;-0.07728800247753209
hyperlipidemia;-0.012141310530128555
diabetes;0.03362644883181201
coronary.artery.disease;0.08201060889483486
chf;0.014919672259403223
cerebrovascular.disease;0.03386686733700843
hepatitis;0.012595791451257096
endstage.renal.disease;0.003530787443785186
chronic.kidney.disease;0.015479142397318311
asthma;-0.06378689627093334
copd;4.33377446722831e-05
dementia;0.043306231975822625
cancer;-0.04571117129605044
