Features;Individual Effect
age:89.00;-0.18778556591294662
race:white;-0.026929320840500107
sex:female;0.03036058101350595
hypertension:1.00;-0.015787901425972455
hyperlipidemia:1.00;0.005343251742924649
diabetes:0.00;-0.036199023878538586
coronary.artery.disease:1.00;-0.07613263026385561
chf:0.00;0.002425382789250422
cerebrovascular.disease:1.00;-0.06825601183552955
hepatitis:0.00;0.016162586064559684
endstage.renal.disease:0.00;0.009030201356393784
chronic.kidney.disease:0.00;0.0392066690175822
asthma:0.00;0.02945613320945254
copd:0.00;0.0005108310587301299
dementia:1.00;-0.02748786335887097
cancer:1.00;-0.06255828255264195
