Features;Individual Effect
age:89.00;-0.2745283187957218
race:white;-0.04591993320358428
sex:female;0.0032913135031287337
hypertension:1.00;-0.04258300079108161
hyperlipidemia:1.00;0.01510142343573835
diabetes:0.00;0.008323720496992043
coronary.artery.disease:0.00;0.032114955925250294
chf:0.00;0.010197749848889291
cerebrovascular.disease:0.00;0.03159163749649847
hepatitis:0.00;0.02802887068904608
endstage.renal.disease:0.00;-0.015341848005954836
chronic.kidney.disease:0.00;0.014947398822114473
asthma:0.00;-0.018656820402151733
copd:0.00;-0.030481435736536156
dementia:0.00;-0.027588695965599246
cancer:0.00;0.02370467901781185
