Features;Individual Effect
age:85.00;-0.036898447070728334
race:white;0.01896670072089056
sex:female;0.014395163622459342
hypertension:1.00;0.0034670602143230724
hyperlipidemia:1.00;0.0166674346022316
diabetes:1.00;0.05186064969747606
coronary.artery.disease:0.00;0.016425179846779114
chf:1.00;0.043974514405939205
cerebrovascular.disease:0.00;0.014355075669768323
hepatitis:0.00;0.008285846007228983
endstage.renal.disease:0.00;-0.0072528577456732225
chronic.kidney.disease:0.00;0.024865859777516618
asthma:0.00;-0.048099683983762756
copd:0.00;0.03847649566742826
dementia:0.00;0.020944307345341362
cancer:0.00;0.0029165884256863173
