Features;Individual Effect
age;0.35983487046976154
race;0.04076385313619741
sex;-0.029685472817112073
hypertension;0.002679591729718144
hyperlipidemia;0.009768443485987321
diabetes;0.03313520452081055
coronary.artery.disease;0.07672891686057115
chf;-0.04798647441493409
cerebrovascular.disease;0.021555879840647236
hepatitis;-0.011033592736777259
endstage.renal.disease;0.00533073273234556
chronic.kidney.disease;-0.004263591292259072
asthma;-0.01626087979948613
copd;-0.016626299496917414
dementia;0.01499574760652018
cancer;0.024244525103309683
