Features;Individual Effect
age:40.00;0.21812226376736044
race:other;-0.010227812752707746
sex:female;0.10907174531200534
hypertension:0.00;0.029841486079289194
hyperlipidemia:0.00;-0.01418336150794165
diabetes:1.00;-0.01868818276096515
coronary.artery.disease:0.00;0.11366079073480151
chf:0.00;0.0389934588721513
cerebrovascular.disease:0.00;-0.02181202092894253
hepatitis:0.00;0.0027858277176195535
endstage.renal.disease:0.00;-0.0042854422244128255
chronic.kidney.disease:0.00;-0.0330311174555621
asthma:0.00;0.033743581450208386
copd:0.00;-0.00037645355366423307
dementia:0.00;-0.03984853574039057
cancer:0.00;0.018661618463995368
