Features;Individual Effect
age:80.00;-0.13625872650826967
race:black;0.020049563778009212
sex:female;0.06903344999099749
hypertension:1.00;-0.0158403170317545
hyperlipidemia:1.00;-0.029276899823514946
diabetes:1.00;-0.015196659799601431
coronary.artery.disease:1.00;-0.15172399103021655
chf:0.00;-0.018733252142887017
cerebrovascular.disease:0.00;-0.006966319461361306
hepatitis:0.00;-0.013621158349869943
endstage.renal.disease:0.00;-0.004898241303412681
chronic.kidney.disease:0.00;-0.0005179715942919549
asthma:0.00;0.0010338146744560996
copd:0.00;0.007041910650755594
dementia:0.00;0.003998412337221371
cancer:0.00;0.025804070264963758
