Features;Individual Effect
age:81.00;-0.16502709562956908
race:black;-0.035142785747202976
sex:female;0.08104972571323567
hypertension:1.00;-0.018129754227734912
hyperlipidemia:0.00;-0.04120008614162307
diabetes:1.00;0.020758893565730945
coronary.artery.disease:0.00;0.028001556262075428
chf:0.00;-0.027891868404432422
cerebrovascular.disease:0.00;-0.019156619878472003
hepatitis:0.00;0.010791062340163995
endstage.renal.disease:0.00;-0.007101708866828132
chronic.kidney.disease:0.00;-0.019080780294191184
asthma:0.00;0.024843852788251672
copd:0.00;-0.023658275233823925
dementia:0.00;0.021866251825539085
cancer:0.00;-0.03169871183966892
