Features;Individual Effect
age:85.00;-0.06957868159184609
race:white;-0.07304353976244518
sex:male;-0.021531348223691807
hypertension:0.00;-0.02155313266310432
hyperlipidemia:0.00;-0.01543211024767865
diabetes:0.00;0.003932397682448713
coronary.artery.disease:1.00;-0.28929735205812335
chf:0.00;0.07000091618108435
cerebrovascular.disease:0.00;0.013858539024197855
hepatitis:0.00;-0.03390890771434674
endstage.renal.disease:1.00;0.008087668355611963
chronic.kidney.disease:0.00;-0.0057655698910799025
asthma:0.00;-0.019869733989712535
copd:0.00;-0.01636430716159097
dementia:0.00;0.03739650202110827
cancer:0.00;-0.023343602542788378
