Features;Individual Effect
age;0.07865304333351551
race;0.08497133335905296
sex;-0.007203140433960975
hypertension;0.055687300907628995
hyperlipidemia;0.037383160270821406
diabetes;-0.006069559876776376
coronary.artery.disease;0.07678959160707907
chf;0.014088690970702315
cerebrovascular.disease;-0.028907912793926134
hepatitis;-0.019389909643164144
endstage.renal.disease;-0.00867230399702916
chronic.kidney.disease;0.05004576779311665
asthma;0.012100135683604438
copd;-0.005188363033541192
dementia;0.05014654990839961
cancer;-0.00046356965378813175
