Features;Individual Effect
age:89.00;-0.21361260140141194
race:white;0.0044006130726806925
sex:female;-0.01894138238458793
hypertension:1.00;-0.043698094557558596
hyperlipidemia:1.00;-0.06757298235649346
diabetes:0.00;-0.00970065534909885
coronary.artery.disease:0.00;0.020284753733262696
chf:1.00;-0.022826198389016207
cerebrovascular.disease:0.00;0.03149283952261537
hepatitis:0.00;0.006851437414974827
endstage.renal.disease:0.00;0.014272559038873783
chronic.kidney.disease:1.00;-0.06200823593239216
asthma:0.00;-0.0008202551787434443
copd:0.00;-0.03548928955733193
dementia:0.00;-0.021192759256661198
cancer:1.00;-0.028955692962176753
