Features;Individual Effect
age:45.00;0.13595022133346854
race:black;0.061984521809507434
sex:male;0.05007734124691575
hypertension:0.00;0.0290449693212367
hyperlipidemia:0.00;-0.011687106782849725
diabetes:0.00;0.11159897872115193
coronary.artery.disease:0.00;0.012194664594149463
chf:0.00;-0.04155968564754428
cerebrovascular.disease:0.00;-0.009718393199670643
hepatitis:0.00;-0.01914787779077031
endstage.renal.disease:0.00;-0.029060212711484817
chronic.kidney.disease:0.00;-0.0036869996702172184
asthma:0.00;0.00709987724259999
copd:0.00;0.000865039723529179
dementia:0.00;0.048418728936595365
cancer:0.00;0.010042620051013178
