Features;Individual Effect
age;0.0009926838429554702
race;-0.008658178226947977
sex;-0.029939336321426417
hypertension;-0.050653089299185536
hyperlipidemia;0.001846179173033753
diabetes;0.02502903766396527
coronary.artery.disease;-0.14982182459097687
chf;-0.0042370160742693725
cerebrovascular.disease;0.011121037834615643
hepatitis;0.005284349124322193
endstage.renal.disease;0.01839975327558103
chronic.kidney.disease;-0.009395343714072678
asthma;0.03993343380882166
copd;-0.02249386429930209
dementia;0.03905781466940195
cancer;0.004964249463813258
