Features;Individual Effect
age:77.00;-0.07156687892036892
race:black;0.06713992324543425
sex:male;-0.04451219945630544
hypertension:0.00;0.010048936203444169
hyperlipidemia:0.00;0.0005392834756030827
diabetes:0.00;0.02873748809954864
coronary.artery.disease:0.00;0.010907610536562012
chf:0.00;0.05339969005082727
cerebrovascular.disease:0.00;-0.007977075925859268
hepatitis:0.00;-0.017364176403025997
endstage.renal.disease:0.00;0.03415295661649923
chronic.kidney.disease:0.00;0.01920978846811231
asthma:0.00;0.006551392012827322
copd:0.00;-0.026332256386444444
dementia:0.00;0.04125133977819911
cancer:0.00;-0.04079573885496078
