Features;Individual Effect
age:78.00;-0.11282877334096054
race:white;0.018265311277780465
sex:male;-0.014279744684601728
hypertension:1.00;0.03415848319400951
hyperlipidemia:1.00;0.07822636782958568
diabetes:0.00;-0.020321638020521535
coronary.artery.disease:1.00;-0.032972194781550127
chf:1.00;0.1315516787150695
cerebrovascular.disease:0.00;0.004635040382100343
hepatitis:0.00;0.0011594119738373146
endstage.renal.disease:0.00;-0.007536441037512192
chronic.kidney.disease:0.00;-0.009153568610000475
asthma:0.00;-0.04500568173612174
copd:0.00;-0.014972032281733706
dementia:0.00;0.004072377302094491
cancer:0.00;-0.01956258655147542
