Features;Individual Effect
age:81.00;-0.16812357264472508
race:white;-0.026694125352124246
sex:male;-0.09851712197667623
hypertension:0.00;-0.003885727802428844
hyperlipidemia:1.00;-0.08423401576743089
diabetes:0.00;0.004527492626185211
coronary.artery.disease:0.00;0.011686979036363981
chf:0.00;0.05624155463798907
cerebrovascular.disease:1.00;-0.0640455884745821
hepatitis:0.00;-0.0012669242493338305
endstage.renal.disease:0.00;-0.014608364384786495
chronic.kidney.disease:0.00;0.016021397976083464
asthma:0.00;0.03762874500407311
copd:0.00;-0.01173285437100538
dementia:0.00;-0.0287433745387044
cancer:0.00;0.010894589280869005
