Features;Individual Effect
age;-0.19658129248884207
race;-0.04367963399561019
sex;-0.005928437604226355
hypertension;-0.04430852211109095
hyperlipidemia;0.022557049576422
diabetes;0.005264611175285103
coronary.artery.disease;-0.13605436950307853
chf;0.0694659590512808
cerebrovascular.disease;0.027987643131523278
hepatitis;0.021213483667811155
endstage.renal.disease;0.02162399460734733
chronic.kidney.disease;0.014311567608294152
asthma;0.016094213177779933
copd;-0.012328877839376804
dementia;-0.0018958679143140523
cancer;0.03777078452699317
