Features;Individual Effect
age;0.34226287850432463
race;-0.00674225821383671
sex;0.033358732482253406
hypertension;-0.050335908220453925
hyperlipidemia;-0.007872730738402462
diabetes;0.016912043260417255
coronary.artery.disease;0.09480319290771841
chf;-0.007412037183394427
cerebrovascular.disease;0.04146953009956669
hepatitis;0.004007829749910293
endstage.renal.disease;-0.008858281063354498
chronic.kidney.disease;0.01898674223767629
asthma;-0.022865408639780618
copd;0.0038501942978388195
dementia;0.009390688671681779
cancer;0.013523360379383481
