Features;Individual Effect
age;-0.3200311425705024
race;0.012728125987113401
sex;-0.02377651222550097
hypertension;-0.027985920570829898
hyperlipidemia;-0.01919565884462004
diabetes;0.009344877801058743
coronary.artery.disease;-0.02019620872953616
chf;0.014888825639780294
cerebrovascular.disease;0.026734326660143477
hepatitis;-0.014281992030403628
endstage.renal.disease;0.028076383975504625
chronic.kidney.disease;0.03403560577579297
asthma;0.01975188224597313
copd;-0.030144072819958987
dementia;0.023108956408118383
cancer;0.01370887430646367
