Features;Individual Effect
age:39.00;0.08135420490945568
race:white;-0.01871007556543615
sex:female;0.042129332823013274
hypertension:0.00;0.007559225646605931
hyperlipidemia:0.00;-0.006569184065792986
diabetes:0.00;-0.004828348166134063
coronary.artery.disease:0.00;0.0165655620014833
chf:0.00;0.018601275392029708
cerebrovascular.disease:0.00;-0.0008926148609656598
hepatitis:0.00;-0.022499851059289748
endstage.renal.disease:0.00;0.008056178662959199
chronic.kidney.disease:0.00;-0.039064806526353815
asthma:0.00;-0.007945154422522362
copd:0.00;-0.012477461133401584
dementia:0.00;0.042889798358403786
cancer:1.00;-0.25918753174824394
