Features;Individual Effect
age;0.10300036983660071
race;0.07692148502352951
sex;-0.018574804265731347
hypertension;-0.016160870310349816
hyperlipidemia;-0.01372999287840758
diabetes;0.06851394051430015
coronary.artery.disease;0.0645490873134435
chf;0.02096436594419238
cerebrovascular.disease;0.004697177665656478
hepatitis;-0.044175410510926896
endstage.renal.disease;0.013813144599061376
chronic.kidney.disease;0.0074817993633319
asthma;0.17241063117630281
copd;0.014857026661027294
dementia;-0.0034820007621757174
cancer;-0.0008669833468802415
