Features;Individual Effect
age;-0.15679123962435462
race;0.04727848956084999
sex;-0.02836983311501613
hypertension;0.04538030883196111
hyperlipidemia;-0.05673015313444672
diabetes;0.016305525705156962
coronary.artery.disease;0.07301420150048768
chf;-0.022678473296594826
cerebrovascular.disease;0.038954739565771404
hepatitis;-0.007440684683388477
endstage.renal.disease;0.03832634992237056
chronic.kidney.disease;-0.042212376139774764
asthma;0.004230232032528817
copd;0.0478173606555663
dementia;0.0058749790768267696
cancer;0.05830294943382487
