Features;Individual Effect
age:74.00;-0.20978114785792773
race:white;-0.013003119818985949
sex:male;-0.018653608021916172
hypertension:1.00;-0.016191803423882625
hyperlipidemia:0.00;-0.006191732072144904
diabetes:0.00;-0.027053841625980075
coronary.artery.disease:1.00;-0.1365863301852063
chf:1.00;0.04781497285920661
cerebrovascular.disease:0.00;-0.011300120558347584
hepatitis:0.00;0.02839009053641278
endstage.renal.disease:0.00;-0.04805588266401333
chronic.kidney.disease:0.00;-0.03278090096995728
asthma:0.00;0.014762397370466866
copd:0.00;-0.018214892239738843
dementia:0.00;0.04625491615150881
cancer:0.00;0.0017022590537085092
