Features;Individual Effect
age:75.00;-0.11236135330816324
race:black;-0.044124166756848715
sex:female;0.07788842729712189
hypertension:0.00;-0.009243683189352477
hyperlipidemia:0.00;0.0503480011878285
diabetes:0.00;-0.013426633367198584
coronary.artery.disease:0.00;0.052300446183885504
chf:0.00;-0.03016013373255362
cerebrovascular.disease:0.00;-0.022251767939041472
hepatitis:0.00;0.017783385884376352
endstage.renal.disease:0.00;0.0019449259841856047
chronic.kidney.disease:0.00;-0.0034193162267908625
asthma:0.00;0.01307659332874035
copd:0.00;0.02790087630734997
dementia:1.00;-0.1949634627694223
cancer:0.00;0.003919562335907508
