Features;Individual Effect
age:26.00;0.31437617714939536
race:white;0.0076742340971313015
sex:female;0.03558871938949379
hypertension:0.00;-0.051118607596452245
hyperlipidemia:0.00;0.013831349215694008
diabetes:0.00;-6.306362451414995e-05
coronary.artery.disease:0.00;0.0827002832372574
chf:0.00;-0.03678656641967562
cerebrovascular.disease:0.00;-0.02186398798503742
hepatitis:0.00;0.0012457925303055216
endstage.renal.disease:0.00;-0.023413370451107102
chronic.kidney.disease:0.00;-0.004293577639440978
asthma:0.00;-0.019973935241793386
copd:0.00;-0.007504264129489498
dementia:0.00;0.03389647514150267
cancer:0.00;0.0522855210895673
