Features;Individual Effect
age;0.33611406141480976
race;-0.0303622483501758
sex;0.005690260801894128
hypertension;-0.003467553412327209
hyperlipidemia;-0.048602873955021074
diabetes;0.053922955275608045
coronary.artery.disease;-0.12918895870973257
chf;-0.07605384471650707
cerebrovascular.disease;-0.012796195457891702
hepatitis;0.048254283085053036
endstage.renal.disease;0.011346403540391821
chronic.kidney.disease;-0.007075518782691162
asthma;0.00810357839310657
copd;0.015101310171891438
dementia;0.008299976057325053
cancer;0.001127943720073363
