Features;Individual Effect
age:68.00;0.09950393224837056
race:black;0.010540929074053428
sex:male;0.015336297561895768
hypertension:1.00;0.11415348699072278
hyperlipidemia:0.00;0.06538370627495206
diabetes:1.00;-0.057947562876774356
coronary.artery.disease:0.00;0.080172042415941
chf:0.00;0.005464321101138548
cerebrovascular.disease:0.00;-0.0010406200039096841
hepatitis:0.00;2.5625160316318854e-05
endstage.renal.disease:0.00;-0.0519676108713917
chronic.kidney.disease:0.00;-0.01970961168455788
asthma:0.00;2.6796836464337837e-05
copd:0.00;0.007531478387728136
dementia:0.00;0.0053865776881428865
cancer:0.00;-2.90837897462589e-05
