Features;Individual Effect
age;-0.05372717782807064
race;-0.02928692835726357
sex;0.015216094873410795
hypertension;0.041907846383990935
hyperlipidemia;-0.005125684656224752
diabetes;-0.01630995807917175
coronary.artery.disease;-0.21759432634776693
chf;-0.02390965573355775
cerebrovascular.disease;0.015576707772396087
hepatitis;-0.03554985470704358
endstage.renal.disease;0.014861784897773674
chronic.kidney.disease;-0.00827531735477835
asthma;0.014688637938430261
copd;0.006814315025143323
dementia;-0.01248234259144695
cancer;-0.024033796864702986
