Features;Individual Effect
age;-0.18123819687616136
race;-0.03380028479360704
sex;-0.00031595893914805606
hypertension;0.000301254707445367
hyperlipidemia;-0.0375751052089854
diabetes;-0.022312167439999347
coronary.artery.disease;-0.1488460177721083
chf;0.01262948697330106
cerebrovascular.disease;-0.0058984179507171434
hepatitis;-0.0071878528820962795
endstage.renal.disease;0.017677175922533428
chronic.kidney.disease;-0.028098163949945375
asthma;0.01562918371791485
copd;-0.009227887434667903
dementia;-0.037502062549578954
cancer;0.000802358071416237
