Features;Individual Effect
age;-0.1714022266297312
race;-0.058361340438972786
sex;0.011747962214174979
hypertension;-0.01591806584047356
hyperlipidemia;0.019334000012392993
diabetes;0.0173680178857933
coronary.artery.disease;-0.1400411861725347
chf;0.06289885646114202
cerebrovascular.disease;0.010709417245840819
hepatitis;-0.022585152464309706
endstage.renal.disease;0.017142540399424137
chronic.kidney.disease;0.019345783892592394
asthma;0.011175796988949707
copd;-0.02271684877418568
dementia;-0.033871969456392974
cancer;0.0794055168035522
