Features;Individual Effect
age;0.31178012516049625
race;-0.008024896986778465
sex;0.05834068139253551
hypertension;-0.006166665266907357
hyperlipidemia;-0.001852718273262442
diabetes;0.01579123436187092
coronary.artery.disease;0.05503441888578448
chf;-0.00041718007229951844
cerebrovascular.disease;0.021181294591433256
hepatitis;-0.012810145891679371
endstage.renal.disease;0.0027503711946697137
chronic.kidney.disease;-0.024367056557751315
asthma;-0.009505046040892636
copd;-0.033138837120388606
dementia;0.08131907954723712
cancer;0.0015334198347643933
