Features;Individual Effect
age:89.00;-0.26831068323237334
race:white;-0.0513350057237044
sex:male;-0.08682337717818114
hypertension:0.00;0.000991647430789451
hyperlipidemia:0.00;-0.028025356436905527
diabetes:0.00;0.012668614943201383
coronary.artery.disease:0.00;0.038318819245597144
chf:0.00;-0.018355528691811396
cerebrovascular.disease:0.00;0.004289872815812921
hepatitis:0.00;0.017177550309604644
endstage.renal.disease:0.00;-0.07200132067077053
chronic.kidney.disease:0.00;0.004174215908704038
asthma:0.00;-0.03374208701599242
copd:0.00;-0.007134144499836327
dementia:0.00;0.011235876113043837
cancer:0.00;-0.035778151150767615
