Features;Individual Effect
age:41.00;0.2243253117716368
race:white;-0.04673179124387644
sex:male;-0.011230190096401606
hypertension:0.00;-0.012743245120075722
hyperlipidemia:0.00;0.05427085666581943
diabetes:0.00;0.030928100844901465
coronary.artery.disease:0.00;0.04676923852334267
chf:1.00;0.12278726278522147
cerebrovascular.disease:0.00;0.009715987728520177
hepatitis:0.00;-0.03614989481896464
endstage.renal.disease:0.00;-0.015133898365350267
chronic.kidney.disease:0.00;-0.039437768605538416
asthma:0.00;0.022392594350095295
copd:0.00;-0.007397948795599252
dementia:0.00;-0.002346758212191761
cancer:0.00;-0.004039146413695122
