Features;Individual Effect
age:78.00;-0.007839232713783994
race:black;0.18546899747806883
sex:female;0.041015434529012615
hypertension:0.00;0.11311428605231794
hyperlipidemia:0.00;0.025790940936737873
diabetes:0.00;0.0919850864768027
coronary.artery.disease:0.00;0.04340246619534252
chf:0.00;0.004095543037727009
cerebrovascular.disease:0.00;-0.045702330724495935
hepatitis:0.00;-0.05624453908430783
endstage.renal.disease:0.00;0.002302124320241551
chronic.kidney.disease:0.00;0.017981356532346997
asthma:0.00;-0.01648759485626134
copd:0.00;-0.02413893242542299
dementia:0.00;-0.028797916592881383
cancer:0.00;0.010324113933902784
