Features;Individual Effect
age;-0.08624995122642228
race;-0.048233022857720034
sex;-0.05599842479126077
hypertension;-0.044464996679788676
hyperlipidemia;-0.0077720792272621304
diabetes;-0.008810314260833316
coronary.artery.disease;-0.27795219279136846
chf;-0.0017907922261335453
cerebrovascular.disease;0.04880999701382144
hepatitis;0.012213104996091538
endstage.renal.disease;-0.011372088520112735
chronic.kidney.disease;0.01238335137233432
asthma;0.02435468976293877
copd;0.04432009687358904
dementia;-0.019000508504852964
cancer;0.02377818743809774
