Features;Individual Effect
age:79.00;-0.11938791527085998
race:white;-0.006091664372811816
sex:female;-0.025742477616447552
hypertension:1.00;0.012315333006751049
hyperlipidemia:1.00;-0.06054833111444671
diabetes:1.00;0.050035669359370046
coronary.artery.disease:1.00;-0.0794445433616277
chf:1.00;-0.011877395547273928
cerebrovascular.disease:0.00;-2.9809964691819915e-05
hepatitis:0.00;0.017731586732522356
endstage.renal.disease:0.00;0.02804379456957957
chronic.kidney.disease:1.00;-0.13259896896585505
asthma:1.00;0.039673415886615174
copd:1.00;0.005809551315523417
dementia:0.00;0.034561302840220624
cancer:0.00;0.0504431430684193
