Features;Individual Effect
age;-0.10426229967917428
race;-0.0231580585807208
sex;-0.05369524794844647
hypertension;-0.003719586720465167
hyperlipidemia;-0.017238359648912103
diabetes;-0.015296726247540499
coronary.artery.disease;-0.1643973972486462
chf;-0.037074730873610184
cerebrovascular.disease;0.02525338678347904
hepatitis;-0.021750816248306805
endstage.renal.disease;-0.03670052915552439
chronic.kidney.disease;-0.006690228254898824
asthma;-0.020250690544505606
copd;-0.05414310294056031
dementia;0.012734259725149268
cancer;-0.008713867554832035
