Features;Individual Effect
age:88.00;-0.08943809744731993
race:black;0.03862672394041524
sex:female;0.09094691401559768
hypertension:1.00;-0.017481179020678833
hyperlipidemia:0.00;0.006366347850602692
diabetes:0.00;-0.056610248550907696
coronary.artery.disease:1.00;-0.25074677699409403
chf:0.00;-0.05248957885742754
cerebrovascular.disease:0.00;-0.01215014608634225
hepatitis:0.00;0.03246576409023828
endstage.renal.disease:1.00;0.001543820275859243
chronic.kidney.disease:0.00;0.0162601299694924
asthma:0.00;0.0016821104269526006
copd:0.00;-0.06748331130133242
dementia:1.00;-0.05666359745743443
cancer:0.00;0.018671357421732523
