Features;Individual Effect
age:75.00;-0.11756590811520383
race:other;0.18280345087885044
sex:female;0.15151320706290494
hypertension:0.00;0.03209330273157754
hyperlipidemia:0.00;0.036891037907994174
diabetes:1.00;-0.03682214011339614
coronary.artery.disease:0.00;0.08004124466256184
chf:0.00;-0.007130985761515642
cerebrovascular.disease:0.00;0.008030504281571864
hepatitis:0.00;0.039373596657022
endstage.renal.disease:0.00;-0.04919677729541101
chronic.kidney.disease:0.00;0.0006579973050899329
asthma:0.00;-0.04017491496606678
copd:0.00;-0.0432507649383901
dementia:0.00;-0.005918099649660828
cancer:0.00;-0.018417737186063717
