Features;Individual Effect
age:73.00;-0.11571579316052286
race:black;-0.03423819547699653
sex:female;0.07809968989359402
hypertension:1.00;0.025704531108804593
hyperlipidemia:0.00;0.02393663841215687
diabetes:1.00;0.03979677344947163
coronary.artery.disease:0.00;0.03759882860295566
chf:0.00;-0.04450571442283256
cerebrovascular.disease:0.00;0.0028797536131873603
hepatitis:0.00;0.00267967506791113
endstage.renal.disease:0.00;0.0021851911786568523
chronic.kidney.disease:0.00;-0.00858630896831044
asthma:0.00;-0.01102724089259091
copd:0.00;0.003837312049939084
dementia:0.00;-0.009798927276056248
cancer:0.00;0.010209414046683123
