Features;Individual Effect
age;-0.15744325316532068
race;-0.017504994690915404
sex;0.006474374125752963
hypertension;0.018031074877610555
hyperlipidemia;0.019825038847017265
diabetes;-0.08501196721103099
coronary.artery.disease;-0.07341397236321806
chf;0.10609644224472137
cerebrovascular.disease;0.012151653153652752
hepatitis;0.010274729229705112
endstage.renal.disease;-0.024024725295776053
chronic.kidney.disease;0.011112652355414636
asthma;0.011079823113090088
copd;-0.01885136029523896
dementia;-0.05542737003868609
cancer;0.020836630971842043
