Features;Individual Effect
age:55.00;0.2349683648355902
race:other;0.08056279758908694
sex:male;-0.05497456209403428
hypertension:0.00;-0.03974739395830855
hyperlipidemia:0.00;0.04554357318055505
diabetes:0.00;0.0328797598423992
coronary.artery.disease:0.00;0.02164656539508049
chf:1.00;0.08942576346428091
cerebrovascular.disease:0.00;-0.024584069942438214
hepatitis:0.00;-0.025217680448814218
endstage.renal.disease:0.00;-0.038877095198487754
chronic.kidney.disease:0.00;-0.006438045830224403
asthma:0.00;-0.0609323320822488
copd:0.00;0.025765505557100447
dementia:0.00;0.008036448325246495
cancer:0.00;-0.0031960120306439646
