Features;Individual Effect
age;0.31352408311157565
race;-0.0029841751229593228
sex;-0.014103970094714558
hypertension;0.013951106134011593
hyperlipidemia;0.08137560220384857
diabetes;0.010242142455296937
coronary.artery.disease;-0.0021450286375355202
chf;-0.044994206421468314
cerebrovascular.disease;-0.015170643281530626
hepatitis;-0.0283277166814458
endstage.renal.disease;-0.003973613775201291
chronic.kidney.disease;-0.011133066766964505
asthma;-0.005456475218827975
copd;-0.013332376354723506
dementia;0.04173303398905699
cancer;-0.03068640779513804
