Features;Individual Effect
age;-0.14087292580325925
race;-0.03185592667256092
sex;0.06716496467737801
hypertension;-0.010421364065003996
hyperlipidemia;-0.08040273598094533
diabetes;0.04134965893834485
coronary.artery.disease;-0.07175431400439305
chf;-0.039989591860271324
cerebrovascular.disease;0.010694034209190944
hepatitis;0.001421287277398868
endstage.renal.disease;0.009575681803030834
chronic.kidney.disease;0.0016584560887485094
asthma;0.038718020495467624
copd;0.008557586931713533
dementia;-0.10854527565317999
cancer;0.025705440341645347
