Features;Individual Effect
age:61.00;-0.059074572597199566
race:black;-0.08335249928063722
sex:male;-0.1383537942688608
hypertension:1.00;-0.04626280538474691
hyperlipidemia:0.00;-0.07742598421954902
diabetes:0.00;-0.019624103931230395
coronary.artery.disease:0.00;0.02925087403252164
chf:0.00;-0.005843834696560704
cerebrovascular.disease:0.00;-0.01787250669449357
hepatitis:0.00;0.04530156504630542
endstage.renal.disease:0.00;0.04447019382590689
chronic.kidney.disease:0.00;0.014810660899535318
asthma:0.00;-0.0046077616174384425
copd:0.00;-0.010121397294670265
dementia:0.00;-0.016438032547362764
cancer:0.00;-0.037674952972346444
