Features;Individual Effect
age;0.0673091751192438
race;0.03127789082696906
sex;-0.09014766987326867
hypertension;0.08060957149121907
hyperlipidemia;0.0046462945468039385
diabetes;-0.03938716343276285
coronary.artery.disease;0.06330597820213649
chf;0.06568478115804624
cerebrovascular.disease;0.009947225958305016
hepatitis;-0.008610974466727222
endstage.renal.disease;-0.0035720497233383865
chronic.kidney.disease;-0.013019757505719577
asthma;0.0019130822948941334
copd;0.00785124530523079
dementia;-0.027470065760713702
cancer;-0.024710068237041978
