Features;Individual Effect
age;-0.10075576557543103
race;0.1510440228840031
sex;0.08886501158009402
hypertension;-0.004792519613119023
hyperlipidemia;-0.020668173336395965
diabetes;0.018341531462773876
coronary.artery.disease;-0.02939855618290515
chf;0.04116282068902609
cerebrovascular.disease;0.05990107174977291
hepatitis;-0.047914770122457685
endstage.renal.disease;-0.004978976247081046
chronic.kidney.disease;0.01026009257839941
asthma;-0.0210417412078197
copd;-0.04850514364668179
dementia;-0.03517627282672528
cancer;-0.029451775541298665
