Features;Individual Effect
age:39.00;0.21335953522010306
race:white;-0.007637170722550858
sex:female;0.14352494934771515
hypertension:0.00;-0.038391756479937235
hyperlipidemia:0.00;-0.0458064227069204
diabetes:1.00;-0.045333960943762304
coronary.artery.disease:0.00;0.05857357010449075
chf:0.00;-0.013921882287272282
cerebrovascular.disease:0.00;0.0009410567693281992
hepatitis:0.00;-0.0065223759927967905
endstage.renal.disease:0.00;0.02466916041115116
chronic.kidney.disease:0.00;-0.016466367426995157
asthma:1.00;0.01823310946064191
copd:0.00;-0.009781733984693631
dementia:0.00;0.06269420133853044
cancer:0.00;0.015960801228543587
