Features;Individual Effect
age:66.00;0.16833908059456681
race:black;0.03596860235024581
sex:male;0.03732427204209267
hypertension:1.00;0.0006791196202700286
hyperlipidemia:0.00;-0.027051942381757774
diabetes:0.00;-0.02512363175011672
coronary.artery.disease:0.00;0.07340841358982664
chf:0.00;0.0002687814513116296
cerebrovascular.disease:0.00;-0.006748944359786072
hepatitis:0.00;-0.010303590123467604
endstage.renal.disease:0.00;-0.017370626286664057
chronic.kidney.disease:0.00;-0.013880547086116947
asthma:0.00;0.005367917134223948
copd:0.00;0.026263833840264258
dementia:0.00;-0.0470520476098439
cancer:0.00;0.019995137545861467
