Features;Individual Effect
age;-0.07075487432105701
race;0.008945559641948361
sex;0.08285159614425315
hypertension;-0.005160697922083953
hyperlipidemia;-0.012435582757016719
diabetes;0.030034934920539012
coronary.artery.disease;0.10282446336761128
chf;0.03470925544659477
cerebrovascular.disease;-0.007944269908871735
hepatitis;0.013716207423586806
endstage.renal.disease;0.012085689872448862
chronic.kidney.disease;0.03829891484555311
asthma;-0.0294380061884427
copd;0.049647457323781875
dementia;-0.0022268845467672826
cancer;-0.043965477485463714
