Features;Individual Effect
age;0.14189480248762337
race;0.047719327419688165
sex;-0.033087312170835215
hypertension;0.09202859549540743
hyperlipidemia;0.007538343130463004
diabetes;0.10738983538223582
coronary.artery.disease;0.05879810609000197
chf;0.026007270397111412
cerebrovascular.disease;0.031693411591202675
hepatitis;0.010057994462624602
endstage.renal.disease;0.04009856764387296
chronic.kidney.disease;-0.03364602199283272
asthma;0.004841939563984415
copd;-0.021874239734939616
dementia;0.014392520534692846
cancer;-0.05359139629022292
