Features;Individual Effect
age;-0.1060758132680932
race;-0.05264470435997905
sex;-0.0409369859179017
hypertension;0.06620036191759202
hyperlipidemia;-0.03620687018947959
diabetes;-0.005682835299456686
coronary.artery.disease;-0.00197559277639699
chf;0.0061789760737139335
cerebrovascular.disease;-0.021724321276933727
hepatitis;-0.002069503925174087
endstage.renal.disease;0.015879562280168256
chronic.kidney.disease;0.004965427014960125
asthma;0.005153031674311602
copd;-0.0004305674292477829
dementia;-0.07685987798290794
cancer;-0.06706944393551026
