Features;Individual Effect
age;-0.06331654724504786
race;0.010366150383180214
sex;-0.07213660070615774
hypertension;-0.008166888807166112
hyperlipidemia;-0.004600657200178956
diabetes;-0.16513097716300676
coronary.artery.disease;0.045995848227937855
chf;-0.013110713137129248
cerebrovascular.disease;-0.006215586670644441
hepatitis;-0.005335586557178923
endstage.renal.disease;0.016944157148300484
chronic.kidney.disease;0.048944401957183734
asthma;0.0072137105203787955
copd;-0.08994415449453111
dementia;0.0338684312882782
cancer;-0.018340516472863014
