Features;Individual Effect
age;-0.06265507554500684
race;0.0030147448757141676
sex;-0.04746081513300232
hypertension;-0.012115727325798964
hyperlipidemia;-0.0133140716492119
diabetes;-0.23142008152666177
coronary.artery.disease;0.014733793258093634
chf;-0.01636261160705495
cerebrovascular.disease;-0.023395430939889526
hepatitis;-0.0035171085017777423
endstage.renal.disease;-0.04354139645860759
chronic.kidney.disease;-0.023328277366770993
asthma;0.029153399425401058
copd;-0.018540027426738832
dementia;0.019389195449738716
cancer;0.016653741913470296
