Features;Individual Effect
age;-0.07291662481698025
race;0.0509295408803565
sex;-0.02981400556195255
hypertension;0.01826906068990769
hyperlipidemia;-0.05529684371943895
diabetes;0.037528186608903835
coronary.artery.disease;-0.03669547072251603
chf;0.10038952729040093
cerebrovascular.disease;-0.004065255836820941
hepatitis;-0.010840462566219651
endstage.renal.disease;-0.01833248892510843
chronic.kidney.disease;-0.04837730803693275
asthma;0.02953456615633193
copd;-0.002559840244665674
dementia;0.01551099828708382
cancer;-0.04360776663672157
