Features;Individual Effect
age;-0.07535726308351585
race;0.06376444233798068
sex;-0.058852022606055016
hypertension;0.0636708085934328
hyperlipidemia;0.024091936951019167
diabetes;0.04613260962451191
coronary.artery.disease;0.05564129155670777
chf;-0.015504274434350908
cerebrovascular.disease;0.020586271948628058
hepatitis;-0.00883224009597763
endstage.renal.disease;0.01739723235813879
chronic.kidney.disease;0.02461512974373805
asthma;0.0479103995219537
copd;0.01460995161349668
dementia;0.011635795016925351
cancer;0.002270511936055278
