Features;Individual Effect
age;0.39291585773871923
race;0.007206446532594932
sex;-0.021885838900568298
hypertension;-0.0484567888247018
hyperlipidemia;0.014527551954312524
diabetes;0.057064357023502016
coronary.artery.disease;0.04853364166585725
chf;-0.016639852372659532
cerebrovascular.disease;0.0031583005345099755
hepatitis;0.0370197835449227
endstage.renal.disease;0.015936154927106636
chronic.kidney.disease;-0.015165856822724696
asthma;0.017389914820545464
copd;0.0030069227601945423
dementia;0.007082749812107133
cancer;0.022473383972160442
