Features;Individual Effect
age:77.00;-0.06557839432310254
race:black;0.029995088565849426
sex:male;-0.09353744588325677
hypertension:0.00;-0.06054490019887624
hyperlipidemia:0.00;0.005115885730003546
diabetes:1.00;-0.12333701210537036
coronary.artery.disease:0.00;0.038981825740592835
chf:0.00;0.012090400868705728
cerebrovascular.disease:0.00;0.01376316658251038
hepatitis:0.00;0.024076392020294313
endstage.renal.disease:0.00;-0.0026575587630498854
chronic.kidney.disease:0.00;0.006922844162607319
asthma:0.00;-0.012725726606935845
copd:0.00;-0.013201304054196512
dementia:0.00;-0.038401551647067336
cancer:0.00;0.03963562740700768
