Features;Individual Effect
age;-0.031523325299274006
race;0.07870492046010676
sex;0.050176778047965775
hypertension;0.001898769404518462
hyperlipidemia;0.013613923620191728
diabetes;0.006389776953103814
coronary.artery.disease;0.09326616246782973
chf;-0.004507948195894094
cerebrovascular.disease;0.0031061374926245507
hepatitis;-0.0522364365794263
endstage.renal.disease;-0.008489457740239431
chronic.kidney.disease;-0.011654809640930106
asthma;-0.006355887387068888
copd;0.003086894401280512
dementia;0.06763573288118217
cancer;0.015557323039816492
