Features;Individual Effect
age;0.03000346570345525
race;0.0008119480190888345
sex;0.009385967908137945
hypertension;0.01932233435113255
hyperlipidemia;0.1005818148870852
diabetes;0.03353765775949309
coronary.artery.disease;0.03232152463649887
chf;-0.037917156861930215
cerebrovascular.disease;-0.030512729274882
hepatitis;-0.0016553477102118526
endstage.renal.disease;-0.011196899982595163
chronic.kidney.disease;0.029426197067086005
asthma;0.05870467747661671
copd;0.0431342798014422
dementia;0.021680047314333054
cancer;0.025236924480304658
