Features;Individual Effect
age;-0.15467432690649208
race;-0.03125997143417848
sex;-0.07767922947595357
hypertension;0.017441096274757192
hyperlipidemia;-0.054029692288365065
diabetes;-0.021597909779334082
coronary.artery.disease;-0.1633190750335562
chf;-0.01326831982728121
cerebrovascular.disease;0.028026051661293464
hepatitis;0.0003877865029469074
endstage.renal.disease;0.00268062901689127
chronic.kidney.disease;0.002969498318244019
asthma;-0.01181557418712207
copd;-0.024024966469050224
dementia;-0.058985327664315815
cancer;0.02985679600496858
