Features;Individual Effect
age:72.00;0.029379950572124575
race:black;-0.027186092804243445
sex:male;-0.041183592582081686
hypertension:1.00;0.017714492925821508
hyperlipidemia:0.00;-0.053692859280953326
diabetes:1.00;-0.032945745336453475
coronary.artery.disease:0.00;0.09613188027709506
chf:0.00;0.000792652229930497
cerebrovascular.disease:0.00;0.03704782740256853
hepatitis:0.00;0.05441000726406191
endstage.renal.disease:0.00;0.017366677302722157
chronic.kidney.disease:0.00;0.044943044635768675
asthma:0.00;0.013552852199504214
copd:0.00;-0.010909427633743984
dementia:0.00;0.008524250627497149
cancer:0.00;-0.0015403397678886406
