Features;Individual Effect
age;0.4406612984296114
race;0.018841561822822712
sex;-0.03166167472854706
hypertension;-0.009632643095410072
hyperlipidemia;-0.0065935550701374315
diabetes;0.03252242390370374
coronary.artery.disease;0.022720308781905937
chf;0.01800311916051428
cerebrovascular.disease;0.015241074324190598
hepatitis;-0.02680577350334068
endstage.renal.disease;-0.01851686438201706
chronic.kidney.disease;0.03027317353221479
asthma;0.011936476537031785
copd;-0.01093364657987157
dementia;0.022213496448970107
cancer;0.011588103196526131
