Features;Individual Effect
age:60.00;0.16831435238266806
race:black;0.15388452598073393
sex:female;0.06799815833431239
hypertension:1.00;0.026781567347355553
hyperlipidemia:0.00;0.024291816877336343
diabetes:0.00;0.06351874876038809
coronary.artery.disease:1.00;-0.1490679533503334
chf:0.00;-0.004920959968739459
cerebrovascular.disease:0.00;0.025620183641217632
hepatitis:0.00;0.011990368434803972
endstage.renal.disease:0.00;0.004388024236992791
chronic.kidney.disease:0.00;0.011883004317690626
asthma:0.00;-0.010638095170874662
copd:0.00;-0.014130253429462065
dementia:0.00;-0.017515780546155817
cancer:0.00;-0.0007733904990132462
