Features;Individual Effect
age:82.00;-0.05021239747354163
race:other;0.08043708535842879
sex:female;0.07938357793809438
hypertension:1.00;0.01453442049017694
hyperlipidemia:0.00;-0.020175995734671152
diabetes:1.00;0.025923967267272925
coronary.artery.disease:0.00;0.029905521145950527
chf:0.00;0.00863124837966147
cerebrovascular.disease:0.00;0.012373357221157223
hepatitis:0.00;-0.014210605874775968
endstage.renal.disease:0.00;0.03390007993751842
chronic.kidney.disease:0.00;-0.010511984601838484
asthma:1.00;0.07454263414202461
copd:0.00;-0.01217009231192534
dementia:0.00;0.04941651394211649
cancer:0.00;0.002509637835826292
