Features;Individual Effect
age:63.00;0.05902930165397137
race:black;0.15458229983424096
sex:male;-0.036761444805775055
hypertension:0.00;0.015039958058095285
hyperlipidemia:0.00;0.03279519965356686
diabetes:0.00;0.06546777371753082
coronary.artery.disease:0.00;0.05611415172102667
chf:0.00;0.007008701140899812
cerebrovascular.disease:0.00;0.026231397536227625
hepatitis:0.00;0.017081992276058437
endstage.renal.disease:0.00;0.06760546239150801
chronic.kidney.disease:0.00;0.006558275763600713
asthma:0.00;-0.009323933694854673
copd:0.00;0.007565488684686532
dementia:0.00;0.008556935240694369
cancer:0.00;-0.02860394671168702
