Features;Individual Effect
age;0.062309176405409734
race;-0.016465572425358156
sex;0.087326197039182
hypertension;-0.00020947492734046252
hyperlipidemia;-0.051458120447456485
diabetes;-0.011598985647596455
coronary.artery.disease;-0.13136015806813378
chf;-0.03080635056322001
cerebrovascular.disease;-0.03232248655615917
hepatitis;-0.004238279059167724
endstage.renal.disease;-0.030323235599469537
chronic.kidney.disease;0.014057304908287457
asthma;0.0014311302177300207
copd;0.058769298514116164
dementia;0.005858901703968784
cancer;-0.005300355620494662
