Features;Individual Effect
age:50.00;0.03303318841631163
race:black;-0.012449034115345783
sex:female;-0.012349508480016787
hypertension:1.00;-0.012934042417661948
hyperlipidemia:0.00;-0.024375117881921232
diabetes:0.00;0.01684551237245361
coronary.artery.disease:0.00;0.05826381094471163
chf:0.00;-0.0061339703730915445
cerebrovascular.disease:0.00;-0.005174944131434873
hepatitis:0.00;-0.02373979447098309
endstage.renal.disease:1.00;-0.12300966034523408
chronic.kidney.disease:0.00;0.02746664326110121
asthma:0.00;0.0078051436123157646
copd:0.00;0.027024998729370635
dementia:0.00;0.02656004850314718
cancer:0.00;-0.061083614444157754
