Features;Individual Effect
age;-0.10132001041469577
race;-0.056276747956904585
sex;-0.0001841740382263167
hypertension;-0.053504809282858945
hyperlipidemia;0.0004115005597396977
diabetes;0.008165064385101239
coronary.artery.disease;-0.11548922791312632
chf;0.019889027694011255
cerebrovascular.disease;-0.03649999962581168
hepatitis;0.0025040451054686094
endstage.renal.disease;-0.0030890313006531993
chronic.kidney.disease;-0.019223352385031502
asthma;0.03916340139256675
copd;-0.017677086636513392
dementia;0.003509247261599395
cancer;-0.03968953358427042
