Features;Individual Effect
age:40.00;0.1967574993797168
race:white;-0.03978749803581474
sex:female;0.1002621990918193
hypertension:0.00;-0.03017779460949846
hyperlipidemia:0.00;-0.02474133209678574
diabetes:0.00;0.06587088920107166
coronary.artery.disease:0.00;0.0162433475634029
chf:0.00;0.045915411505343284
cerebrovascular.disease:0.00;-0.005054543647837401
hepatitis:0.00;0.005657676823115439
endstage.renal.disease:0.00;0.004464049372587268
chronic.kidney.disease:0.00;0.029775860408293445
asthma:0.00;-0.023548909529535547
copd:0.00;-0.003910343683658835
dementia:0.00;0.044661158772910645
cancer:0.00;0.010415640619119088
