Features;Individual Effect
age:89.00;-0.15924678734839243
race:white;-0.009795356655925826
sex:female;0.015434971892292681
hypertension:1.00;-0.0007576459223978278
hyperlipidemia:0.00;-0.05161409705128893
diabetes:0.00;-0.035434307093374924
coronary.artery.disease:1.00;-0.04567920798522447
chf:1.00;-0.020736197664118067
cerebrovascular.disease:0.00;0.004483150479496611
hepatitis:0.00;-0.0016562908773007923
endstage.renal.disease:0.00;0.001295658238682787
chronic.kidney.disease:0.00;0.01497004197650919
asthma:1.00;0.0012259550902311133
copd:1.00;0.05843541571731751
dementia:1.00;-0.11927661869016398
cancer:0.00;-0.04314004477057901
