Features;Individual Effect
age:37.00;0.349092173052862
race:white;-0.04923377817138466
sex:male;-0.03339023444132788
hypertension:0.00;0.011212879843300508
hyperlipidemia:0.00;-0.00033950422136428283
diabetes:0.00;0.04669245731000347
coronary.artery.disease:0.00;0.09940136495869757
chf:0.00;-0.004737187016586049
cerebrovascular.disease:0.00;0.0015255703700340194
hepatitis:0.00;-0.030499671023607924
endstage.renal.disease:0.00;-0.03916840188766394
chronic.kidney.disease:0.00;-0.002270127412632771
asthma:0.00;-0.0004941579616722057
copd:0.00;0.04937004354035931
dementia:0.00;0.022080445227546132
cancer:0.00;0.02929544148457538
