Features;Individual Effect
age:89.00;-0.12488688734975226
race:white;-0.03412569452570335
sex:female;0.032048803210936984
hypertension:0.00;-0.00013108740499237492
hyperlipidemia:0.00;-0.01512211474754616
diabetes:0.00;0.008709829769952326
coronary.artery.disease:1.00;-0.20887596673059153
chf:0.00;-0.0045331105360653
cerebrovascular.disease:0.00;-0.01830595443861432
hepatitis:0.00;0.02706495784250134
endstage.renal.disease:0.00;0.007169710702845757
chronic.kidney.disease:0.00;0.024084005260174728
asthma:0.00;0.006679422426876205
copd:0.00;0.010487141076360357
dementia:1.00;-0.10695659094002821
cancer:0.00;0.008805290301425666
