Features;Individual Effect
age;0.2586342911456992
race;-0.0029719138683438166
sex;-0.032149493860109436
hypertension;0.008847234268602542
hyperlipidemia;0.0028145601726958023
diabetes;0.045194644416207734
coronary.artery.disease;0.031497525367038946
chf;0.030099160345314117
cerebrovascular.disease;0.02458693315624894
hepatitis;0.0072580516203667785
endstage.renal.disease;-0.026329931537187802
chronic.kidney.disease;0.04359848706957772
asthma;-0.03566894247488615
copd;-0.008973349849604574
dementia;-0.05100151023736416
cancer;0.006292293307523664
