Features;Individual Effect
age:89.00;-0.18236815365320608
race:white;-0.0038554916805084855
sex:male;-0.07626576009219757
hypertension:1.00;0.015106746036624916
hyperlipidemia:1.00;0.04601434984612176
diabetes:1.00;0.03464181408085957
coronary.artery.disease:1.00;-0.11604288037971057
chf:1.00;0.06782551362959448
cerebrovascular.disease:0.00;0.00569822810263193
hepatitis:0.00;0.019673876809102805
endstage.renal.disease:0.00;-0.0026022600545120896
chronic.kidney.disease:0.00;-0.001630970930378525
asthma:0.00;-0.01903200699993022
copd:0.00;0.005644786769600134
dementia:1.00;-0.06396022478854699
cancer:0.00;0.007003494072469334
