Features;Individual Effect
age:41.00;0.22881378589535176
race:black;0.033883912757410366
sex:male;-0.05098059462345372
hypertension:1.00;-0.03781723580457195
hyperlipidemia:0.00;0.0017825568336110806
diabetes:0.00;0.03954262858022616
coronary.artery.disease:1.00;0.012007677674777666
chf:0.00;-0.022404817710266606
cerebrovascular.disease:0.00;0.03893526642308147
hepatitis:0.00;-0.009293023608139463
endstage.renal.disease:0.00;-0.0008449859407766783
chronic.kidney.disease:0.00;0.0500414066365446
asthma:0.00;-0.010708285149683647
copd:0.00;-0.039095039652949054
dementia:0.00;0.004651349717635471
cancer:0.00;0.013438746200431853
