Features;Individual Effect
age;0.07773690180375303
race;-0.034973001842723284
sex;0.04150269510255627
hypertension;-0.06855117683925901
hyperlipidemia;-0.095036943027135
diabetes;0.008022539261708607
coronary.artery.disease;0.01746596685129072
chf;-0.0473232638711316
cerebrovascular.disease;0.03849146916223721
hepatitis;0.014009423462874749
endstage.renal.disease;0.029712554376335916
chronic.kidney.disease;0.06499441087759097
asthma;-0.12725564621012
copd;-0.0033733760322310156
dementia;0.016654784686069186
cancer;-0.0029801197138874733
