Features;Individual Effect
age:31.00;0.2817360675345334
race:white;-0.04816327975803487
sex:female;0.03934946296568146
hypertension:0.00;0.006869830417860397
hyperlipidemia:0.00;0.03454923668414628
diabetes:0.00;-0.01905573645436766
coronary.artery.disease:0.00;0.05232423802244571
chf:0.00;0.002487090868028516
cerebrovascular.disease:0.00;0.0034614207562644076
hepatitis:0.00;0.0079828403424645
endstage.renal.disease:0.00;-0.014518346285541855
chronic.kidney.disease:0.00;0.039768548058718156
asthma:0.00;0.052467262771766915
copd:0.00;-0.021943065557756974
dementia:0.00;0.035419944439178674
cancer:0.00;0.008163888524817968
