Features;Individual Effect
age;0.20859530271904073
race;-0.0015251127501604914
sex;-0.04373114264135844
hypertension;0.0564291169898876
hyperlipidemia;0.03966533425744609
diabetes;0.013901130145597365
coronary.artery.disease;0.016952283808639827
chf;0.02589551619745248
cerebrovascular.disease;0.02437760054261733
hepatitis;0.02379327575478109
endstage.renal.disease;0.02634305420236714
chronic.kidney.disease;-0.022238349615804003
asthma;0.044976242464316175
copd;0.0006204853906690393
dementia;-0.018313477031151187
cancer;0.013984301706340484
