Features;Individual Effect
age:65.00;0.05735576509413938
race:white;-0.034450486561255086
sex:male;-0.015326608744317849
hypertension:0.00;-0.0814445816701461
hyperlipidemia:0.00;-0.017170665503121185
diabetes:0.00;0.02138019918109945
coronary.artery.disease:1.00;-0.36803434457348483
chf:0.00;-0.05723110841217412
cerebrovascular.disease:0.00;0.05233742326159853
hepatitis:0.00;0.009949011766967941
endstage.renal.disease:0.00;0.04724026510525629
chronic.kidney.disease:0.00;0.03334810563549302
asthma:0.00;-0.007928406447255582
copd:0.00;-0.04042878008812258
dementia:0.00;-0.025479722091333434
cancer:0.00;0.022074868797208092
