Features;Individual Effect
age:56.00;0.20246109220526184
race:hispanic;-0.04886715039784882
sex:female;0.05457918636431187
hypertension:0.00;-0.027275832055271045
hyperlipidemia:0.00;0.03209608475406765
diabetes:0.00;0.07206842136158348
coronary.artery.disease:0.00;0.10766693419270533
chf:0.00;0.06473727699581582
cerebrovascular.disease:0.00;0.012375504286140433
hepatitis:0.00;-0.007109899080014379
endstage.renal.disease:0.00;0.008681710119949636
chronic.kidney.disease:0.00;0.023850106684302264
asthma:0.00;0.024499449808310255
copd:0.00;-0.021136954860050537
dementia:0.00;0.0327898536664327
cancer:0.00;-0.018678594771401814
