Features;Individual Effect
age:66.00;0.024448330579086706
race:white;-0.03274274891014403
sex:male;-0.040482080307343425
hypertension:1.00;0.05636495256908205
hyperlipidemia:0.00;0.02563468049927417
diabetes:1.00;-0.08099875481292562
coronary.artery.disease:1.00;-0.24582881765594808
chf:0.00;-0.024951764217843946
cerebrovascular.disease:0.00;-0.004451072015614531
hepatitis:0.00;-0.0371100799104074
endstage.renal.disease:0.00;8.799658502063601e-05
chronic.kidney.disease:0.00;0.019905754932031984
asthma:0.00;0.005621359113719523
copd:0.00;-0.015179098157091241
dementia:0.00;0.02563511798637997
cancer:0.00;0.011865316291415542
