Features;Individual Effect
age;0.1416037045807925
race;-0.0405415746378424
sex;-0.015741486094405614
hypertension;0.1423491773853157
hyperlipidemia;-0.0067664961789640175
diabetes;0.018081388698382304
coronary.artery.disease;0.07903774245341928
chf;0.011436041905175533
cerebrovascular.disease;-0.04212872241267642
hepatitis;0.043608828655758027
endstage.renal.disease;-0.032707220991763486
chronic.kidney.disease;-0.021501226667762614
asthma;-0.03312903012555549
copd;0.00264660805660598
dementia;-0.017099121435735325
cancer;0.009960016916534625
