Features;Individual Effect
age;0.35628565340302876
race;-0.005442012573328497
sex;-0.012466392402457668
hypertension;-0.030742154800442015
hyperlipidemia;0.06742489321120779
diabetes;0.030158279755315473
coronary.artery.disease;0.03767036885569718
chf;-0.010716742969814348
cerebrovascular.disease;-0.004165149884592205
hepatitis;0.028294882009114657
endstage.renal.disease;0.0015692142881362533
chronic.kidney.disease;-0.04803083287883849
asthma;-0.007470307996273941
copd;-0.014352578454680902
dementia;0.01487761049224543
cancer;-0.001300686556881545
