Features;Individual Effect
age:89.00;-0.14534098251926392
race:white;-0.03114408456928014
sex:female;0.02603287727595569
hypertension:1.00;0.009701746730092026
hyperlipidemia:1.00;-0.03964589467590599
diabetes:0.00;0.021432127829904724
coronary.artery.disease:0.00;0.02727558757665241
chf:0.00;-0.006780900384873719
cerebrovascular.disease:0.00;0.006120678949683398
hepatitis:0.00;-0.008263211349221701
endstage.renal.disease:0.00;-0.06311194899510209
chronic.kidney.disease:0.00;0.013351193172613357
asthma:0.00;-0.02386277279863403
copd:0.00;0.004532277352032676
dementia:1.00;0.028846483258267764
cancer:0.00;0.023515732389001395
