Features;Individual Effect
age;0.011343421088229009
race;0.006476036019148118
sex;-0.042416443336367876
hypertension;-0.06087803804332386
hyperlipidemia;0.05078342310374381
diabetes;0.002410466818266215
coronary.artery.disease;-0.22157215202207864
chf;-0.034905639183149706
cerebrovascular.disease;-0.0862445507561181
hepatitis;-0.02504000046336136
endstage.renal.disease;0.03621473369780003
chronic.kidney.disease;-0.018687377558004942
asthma;0.014333710560316296
copd;0.030668381814405798
dementia;-0.009987410931345971
cancer;0.04006822992151404
