Features;Individual Effect
age;-0.3221028805432895
race;-0.07442084302872311
sex;-0.08575482769764907
hypertension;0.022803889429268583
hyperlipidemia;0.007546542616970027
diabetes;0.01848617707489973
coronary.artery.disease;0.016242985975565883
chf;-0.00583616682222261
cerebrovascular.disease;-0.00883423055453789
hepatitis;0.012423640605566059
endstage.renal.disease;-0.0002571138514257179
chronic.kidney.disease;0.031437965405273396
asthma;0.00544766256288012
copd;-0.039499229983836724
dementia;0.010100612865812209
cancer;-0.01783551224730135
