Features;Individual Effect
age:73.00;-0.18369707301835128
race:white;-0.03466354075700914
sex:male;-0.08767300628509295
hypertension:1.00;0.026119524680746516
hyperlipidemia:1.00;-0.005948149537437542
diabetes:0.00;-0.025536858410798988
coronary.artery.disease:1.00;-0.1919199300296293
chf:0.00;-0.06427482634254292
cerebrovascular.disease:0.00;0.014187020652264095
hepatitis:0.00;0.007281377463477436
endstage.renal.disease:0.00;0.05173652407853799
chronic.kidney.disease:0.00;0.016757775706767536
asthma:0.00;0.009759743617413674
copd:0.00;-0.015049930394513038
dementia:0.00;0.01638374477632272
cancer:0.00;-0.0023397886968152155
