Features;Individual Effect
age;-0.1082790554556939
race;-0.01668578799283817
sex;0.009484454508597178
hypertension;0.02368800077045487
hyperlipidemia;0.01554520810793012
diabetes;0.06562650008983509
coronary.artery.disease;0.014607420722825518
chf;-0.016705973598040862
cerebrovascular.disease;0.012254237718514227
hepatitis;-0.0015292099005895488
endstage.renal.disease;-0.01239539548149908
chronic.kidney.disease;0.014971503599349506
asthma;-0.017590815604724138
copd;-0.03101694471777958
dementia;0.01955184285566747
cancer;-0.05708853596192163
