Features;Individual Effect
age;0.133064020800919
race;0.09092884546773497
sex;-0.014727199988328672
hypertension;0.01689464097734827
hyperlipidemia;0.010240545594085656
diabetes;0.032562931920314946
coronary.artery.disease;-0.09179386104054774
chf;-0.006809485472922396
cerebrovascular.disease;-0.013686907908211123
hepatitis;0.046805986472805365
endstage.renal.disease;-0.001181123321778374
chronic.kidney.disease;0.01897263777640354
asthma;-0.027875029879495382
copd;-0.013526347891122923
dementia;-0.03692446850646916
cancer;-0.013210022578585182
