Features;Individual Effect
age:74.00;-0.16069946004262567
race:asian;0.0386759284716262
sex:male;-0.1089735855990496
hypertension:0.00;0.02312152212244919
hyperlipidemia:0.00;-0.021162776930518046
diabetes:0.00;-0.02367681312031559
coronary.artery.disease:1.00;-0.1804749382865954
chf:0.00;0.03285039357429301
cerebrovascular.disease:0.00;0.030192409205743377
hepatitis:0.00;0.004947429698286183
endstage.renal.disease:0.00;-0.004385297056489752
chronic.kidney.disease:0.00;0.007471153804128104
asthma:0.00;0.04104139796607327
copd:0.00;-0.010084843012532273
dementia:0.00;-0.001475783255183192
cancer:0.00;-0.04156208984971402
