Features;Individual Effect
age:73.00;-0.1374887456209429
race:white;-0.07297539136342791
sex:male;-0.07390172118528873
hypertension:0.00;-0.08262193576921541
hyperlipidemia:0.00;0.014510521019601225
diabetes:0.00;-0.04482006763320322
coronary.artery.disease:0.00;-0.03571227815271595
chf:1.00;-0.019921993780456816
cerebrovascular.disease:0.00;0.007360874174589846
hepatitis:0.00;-0.011223299023674957
endstage.renal.disease:0.00;0.0014644510576277275
chronic.kidney.disease:0.00;-0.05214165171598272
asthma:0.00;0.01683544488630026
copd:0.00;0.00775801505866916
dementia:0.00;0.041152860927735783
cancer:0.00;-0.015192712518267034
