Features;Individual Effect
age;-0.27899972012415
race;-0.012381644812702194
sex;-0.08520149358068976
hypertension;-0.054508335854321174
hyperlipidemia;-0.015710927162380837
diabetes;0.014878890128094256
coronary.artery.disease;0.0004049535368245375
chf;-0.01484448636766256
cerebrovascular.disease;0.02276775419529397
hepatitis;0.04290119900039386
endstage.renal.disease;-0.0031518633423710373
chronic.kidney.disease;0.002477447119345784
asthma;0.00802028152536896
copd;0.016711616894451487
dementia;-0.05358049583008708
cancer;-0.024914949667634984
