Features;Individual Effect
age;0.2543726471600435
race;0.027255092238698875
sex;0.028142225169518607
hypertension;0.010193415280163558
hyperlipidemia;-0.02757982800236827
diabetes;-0.013324321355834055
coronary.artery.disease;0.08060207747713408
chf;0.018375396694863946
cerebrovascular.disease;0.004510016128453339
hepatitis;0.016256171297026
endstage.renal.disease;0.02502717963193244
chronic.kidney.disease;-0.060597267308466485
asthma;0.02430749445891693
copd;-0.027073094952003746
dementia;0.006268586960437956
cancer;-0.020510100558415956
