Features;Individual Effect
age;0.08839208791689222
race;-0.01031068041174505
sex;0.09947343889440184
hypertension;0.03583313275003717
hyperlipidemia;-0.046441268989963515
diabetes;0.029025832202525814
coronary.artery.disease;0.07092760782395659
chf;-0.03611619102103611
cerebrovascular.disease;0.041423232280382034
hepatitis;0.014291248709352368
endstage.renal.disease;-0.01935839773942849
chronic.kidney.disease;0.03348473218433973
asthma;-0.024330617292501033
copd;-0.00618623576677791
dementia;0.040082377139375014
cancer;0.0017424753769019977
