Features;Individual Effect
age:71.00;0.11295975880802153
race:other;-0.005858920211396085
sex:male;-0.06607650285784641
hypertension:1.00;0.10149218760096719
hyperlipidemia:0.00;-0.0040003049727550186
diabetes:1.00;-0.01744346867917168
coronary.artery.disease:0.00;0.0958433119059552
chf:0.00;-0.01757533935075163
cerebrovascular.disease:0.00;0.013695119981019615
hepatitis:0.00;0.021465671792352956
endstage.renal.disease:0.00;-0.02220385856114219
chronic.kidney.disease:0.00;0.009962623901838552
asthma:0.00;-0.04521726888959378
copd:0.00;0.016060120147719487
dementia:0.00;0.02501261318576857
cancer:0.00;0.06827475240100608
