Features;Individual Effect
age:54.00;0.23236571450950289
race:black;0.05526283571157393
sex:male;-0.04316643995395017
hypertension:0.00;-0.08046778313766366
hyperlipidemia:0.00;0.0012358464605658499
diabetes:1.00;-0.14261888884075502
coronary.artery.disease:0.00;0.027997985160577263
chf:0.00;-0.0037264964654197246
cerebrovascular.disease:0.00;-0.007474870924870635
hepatitis:0.00;0.011987494168988566
endstage.renal.disease:0.00;0.03398345664983647
chronic.kidney.disease:0.00;-0.03035666187519832
asthma:0.00;0.05176863785352368
copd:0.00;0.0057754743599980314
dementia:0.00;0.04707743647036756
cancer:0.00;0.004272541423858851
