Features;Individual Effect
age;0.19325810943280644
race;0.10391653670880374
sex;-0.008724332123515699
hypertension;0.04139655206442064
hyperlipidemia;0.0032753239183206245
diabetes;-0.04313979995989824
coronary.artery.disease;0.06341801898161892
chf;-0.04955946869653546
cerebrovascular.disease;0.009150405251823604
hepatitis;0.0016467553650932193
endstage.renal.disease;-0.024528973311912575
chronic.kidney.disease;0.010036781319305101
asthma;-0.00920715071589863
copd;0.011484543833874788
dementia;0.0023088467753456
cancer;0.046190813359235285
