Features;Individual Effect
age:86.00;-0.1944903419668012
race:white;-0.014264041809391316
sex:male;-0.07830809643408662
hypertension:1.00;0.0529798180670355
hyperlipidemia:1.00;-0.05186309734428574
diabetes:0.00;-0.010004404114487645
coronary.artery.disease:0.00;0.013045211692799666
chf:1.00;-0.08913817860364057
cerebrovascular.disease:0.00;0.018189130454600515
hepatitis:0.00;-0.041271698908832234
endstage.renal.disease:0.00;0.014819388495737443
chronic.kidney.disease:0.00;0.02670608664708482
asthma:0.00;0.00012313168685835
copd:0.00;-0.04538552066742961
dementia:0.00;0.031746994239306575
cancer:0.00;-0.022486541791136537
