Features;Individual Effect
age;-0.15314572715361432
race;-0.029607663813053298
sex;0.00035323011094463147
hypertension;-0.05853721027365043
hyperlipidemia;0.047936697228037485
diabetes;-0.026220256782966713
coronary.artery.disease;0.06321300021599197
chf;-0.05737129158708362
cerebrovascular.disease;-0.014336288833917632
hepatitis;0.018975401490650554
endstage.renal.disease;0.015457392393818777
chronic.kidney.disease;-0.014751060252951854
asthma;-0.02804750048023235
copd;0.011250617666587994
dementia;-0.1561680255000312
cancer;0.007878471602580359
