Features;Individual Effect
age:78.00;-0.09773276824293044
race:white;-0.06442893895503742
sex:male;-0.01956460050282168
hypertension:0.00;0.05917172816819084
hyperlipidemia:0.00;0.020863882689774647
diabetes:0.00;0.03570043726955935
coronary.artery.disease:0.00;0.03748255624060816
chf:0.00;0.01357205745373178
cerebrovascular.disease:0.00;0.019290548675343796
hepatitis:0.00;-0.025024796371626086
endstage.renal.disease:0.00;0.027366322263987004
chronic.kidney.disease:0.00;0.00765722728239252
asthma:0.00;0.008555970138801534
copd:0.00;0.012969312429653575
dementia:0.00;-0.011405848741692804
cancer:0.00;0.003508889371322344
