Features;Individual Effect
age;0.06867117240604206
race;0.04471517404029013
sex;0.03605161475310112
hypertension;-0.024409629097476328
hyperlipidemia;-0.046910872723970494
diabetes;0.017362218546748614
coronary.artery.disease;0.09138382596336415
chf;0.04126331867796883
cerebrovascular.disease;0.02279576893893621
hepatitis;0.03409353097030156
endstage.renal.disease;-0.0046662319214970625
chronic.kidney.disease;0.007980098801314704
asthma;0.004455717898744736
copd;-0.016121896049929918
dementia;-0.03903257739101433
cancer;-0.03706176997069011
