Features;Individual Effect
age:72.00;-0.13769997119227884
race:white;-0.05029293407401056
sex:male;-0.024336715166510203
hypertension:1.00;0.027644926960040853
hyperlipidemia:1.00;-0.02380304095350034
diabetes:0.00;0.01552093082112646
coronary.artery.disease:1.00;-0.24421779295393162
chf:0.00;-0.10987260961247203
cerebrovascular.disease:0.00;-9.849101489602108e-05
hepatitis:0.00;-0.041102497793095966
endstage.renal.disease:0.00;-0.012260316644826373
chronic.kidney.disease:0.00;0.03777574106939182
asthma:0.00;0.018501718802650183
copd:0.00;-0.03768426801343761
dementia:0.00;0.007092663410739483
cancer:0.00;0.01162618144961328
