Features;Individual Effect
age;-0.08180478106518652
race;0.028963813692277993
sex;0.0446992761226136
hypertension;0.03797453549272929
hyperlipidemia;-0.04484154578382049
diabetes;-0.05023978504252582
coronary.artery.disease;0.028003446037073047
chf;-0.02139407096856106
cerebrovascular.disease;-0.012461173121609808
hepatitis;0.0014974794091175843
endstage.renal.disease;-0.006708231970103323
chronic.kidney.disease;-0.009533808519659093
asthma;-0.002380415354632695
copd;-0.006475235630817828
dementia;-0.016191478055623675
cancer;-0.03216119096000448
