Features;Individual Effect
age:89.00;-0.06437064968049835
race:black;-0.027848738101093194
sex:female;0.027571415329288453
hypertension:1.00;-0.0034472435791426947
hyperlipidemia:1.00;0.00029595250111437085
diabetes:1.00;0.024530549500071667
coronary.artery.disease:1.00;-0.0968923702194715
chf:1.00;-0.03364669548763524
cerebrovascular.disease:0.00;0.027541198467352576
hepatitis:0.00;-0.026104182244488877
endstage.renal.disease:0.00;0.03995570045375148
chronic.kidney.disease:0.00;-0.012168101430806605
asthma:0.00;-0.03588263366581608
copd:0.00;0.014354838895622259
dementia:1.00;-0.059803898370945005
cancer:0.00;0.011842713555367392
