Features;Individual Effect
age;-0.26641873385221343
race;-0.048645310230130925
sex;-0.08812832599373914
hypertension;0.04525759932086221
hyperlipidemia;0.017676492199703714
diabetes;0.022966941768763693
coronary.artery.disease;0.016219483211872165
chf;-0.003713760321400762
cerebrovascular.disease;-0.047170270838619695
hepatitis;0.020530908519395437
endstage.renal.disease;0.041857299409782875
chronic.kidney.disease;-0.025951190871192173
asthma;0.004534586154312556
copd;0.002818649995818233
dementia;-0.028738443038352175
cancer;-0.050619571285959584
