Features;Individual Effect
age;0.03285890632845806
race;0.018275753445597502
sex;-0.012833622470033779
hypertension;0.009844601580186796
hyperlipidemia;0.006751186425580249
diabetes;0.010622957518634674
coronary.artery.disease;0.03556032198929611
chf;-0.07130485232806481
cerebrovascular.disease;0.040470474079915345
hepatitis;-0.003028096518948956
endstage.renal.disease;-0.01040254482007812
chronic.kidney.disease;-0.004727489234088767
asthma;0.011051665507325129
copd;0.07581708432302454
dementia;0.027209755180447222
cancer;0.004505779640716362
