Features;Individual Effect
age;-0.1663157736949405
race;-0.007032349295621493
sex;-0.007157832308768673
hypertension;0.0064026618506847505
hyperlipidemia;-0.009236703447977845
diabetes;-0.0021450472186940565
coronary.artery.disease;-0.08687175825932884
chf;0.0290424365180751
cerebrovascular.disease;0.011674112816383555
hepatitis;-0.008457858271617848
endstage.renal.disease;-0.049901525153288294
chronic.kidney.disease;-0.003994483949104883
asthma;-0.014221376392562468
copd;-0.0685156462513478
dementia;-0.000944511941742979
cancer;-0.058355750336023346
