Features;Individual Effect
age;0.31834067782112685
race;-0.025932365458821986
sex;0.05197298295805403
hypertension;0.014484768371462576
hyperlipidemia;-0.04003733653570628
diabetes;0.0525159743576295
coronary.artery.disease;0.04681579669842019
chf;-0.06589286437893677
cerebrovascular.disease;0.05039449981382439
hepatitis;-0.025673355775157614
endstage.renal.disease;0.011989223070294906
chronic.kidney.disease;-0.08791616575717841
asthma;0.020278022956864608
copd;0.008348464941258887
dementia;-0.01208704055741388
cancer;0.0351945815918615
