Features;Individual Effect
age;-0.048423049754469906
race;0.08618823690573806
sex;-0.03453445375592995
hypertension;0.07167363551569095
hyperlipidemia;0.02091355363795494
diabetes;0.03963754849776426
coronary.artery.disease;0.06906709132644855
chf;0.05038584329945077
cerebrovascular.disease;-0.0074353268666341316
hepatitis;0.018095247567844343
endstage.renal.disease;-0.032414128895313754
chronic.kidney.disease;-0.04364572278121932
asthma;-0.007511792566523023
copd;-0.04058881882766628
dementia;0.07614532917617978
cancer;-0.013945667745646633
