Features;Individual Effect
age:51.00;0.17062307894771847
race:black;0.04027524609605916
sex:female;0.05469945981269676
hypertension:0.00;0.043700756181562286
hyperlipidemia:0.00;0.01963071324713247
diabetes:0.00;0.04882194777379553
coronary.artery.disease:0.00;0.1033166407630305
chf:0.00;0.027379897063807983
cerebrovascular.disease:0.00;-0.011781622119633618
hepatitis:0.00;-0.057871140837364554
endstage.renal.disease:0.00;0.02150933951099993
chronic.kidney.disease:0.00;-0.006714932738468085
asthma:0.00;-0.021426056528247674
copd:0.00;-0.0029204106671398035
dementia:0.00;0.01320089616294445
cancer:0.00;0.03465906147740997
