Features;Individual Effect
age;-0.16505961857735532
race;0.004896530381813275
sex;0.05372819114865408
hypertension;-0.05558837828161074
hyperlipidemia;-0.020060965802047914
diabetes;-0.0436152482924651
coronary.artery.disease;0.04574803638476521
chf;-0.06755075170921004
cerebrovascular.disease;0.0019627245128514504
hepatitis;-0.02979389738903676
endstage.renal.disease;0.04506060934489234
chronic.kidney.disease;-0.0028368855093993386
asthma;-0.03280367226403007
copd;-0.022958518360941045
dementia;0.0050677118591841396
cancer;0.0019468878838588303
