Features;Individual Effect
age;-0.2867706410878041
race;-0.07548368676375712
sex;-0.03885150085107409
hypertension;-0.04531113547739257
hyperlipidemia;0.04511954352502169
diabetes;-0.0498718311741275
coronary.artery.disease;0.015448274139956693
chf;0.003021872300217377
cerebrovascular.disease;-0.000887727143185725
hepatitis;-0.008084905000423234
endstage.renal.disease;0.043007487851895156
chronic.kidney.disease;0.008097178551934033
asthma;-0.009810997695932144
copd;-0.04422507629748239
dementia;-0.017563365015362
cancer;0.07480351567796402
