Features;Individual Effect
age;0.047619576829368876
race;-0.003293926595058533
sex;-0.03761280848216246
hypertension;0.030076893112479516
hyperlipidemia;0.044522736763832636
diabetes;0.03149563483247228
coronary.artery.disease;0.024295216855900224
chf;0.028930229299235395
cerebrovascular.disease;-0.009108561221389502
hepatitis;0.029564126408898446
endstage.renal.disease;0.036854450798427474
chronic.kidney.disease;0.06929975396479038
asthma;-0.02507538647784781
copd;-0.00706948904102735
dementia;-0.06561317999491922
cancer;-0.01207796342156397
