Features;Individual Effect
age;0.11395939527614371
race;0.009460624257644105
sex;-0.11392934089062316
hypertension;-0.014814138448188484
hyperlipidemia;0.05234641638440409
diabetes;-0.03163752553090238
coronary.artery.disease;0.04601881022023396
chf;0.0299182769682018
cerebrovascular.disease;-0.05419231823424347
hepatitis;0.0025489326721302497
endstage.renal.disease;0.00429371297377163
chronic.kidney.disease;-0.00044047542408234136
asthma;-0.029111951794416432
copd;0.10801677619238018
dementia;-0.025858528165465817
cancer;-0.046629941676489504
