Features;Individual Effect
age:89.00;-0.11849807242034995
race:white;0.052702082760283285
sex:female;0.018977800018296527
hypertension:0.00;0.06510741609600806
hyperlipidemia:0.00;-0.017087138026254372
diabetes:0.00;0.0033559690301025345
coronary.artery.disease:1.00;-0.033532847497623045
chf:1.00;0.01986442054951012
cerebrovascular.disease:0.00;-0.04586379037976128
hepatitis:0.00;0.050686435077568565
endstage.renal.disease:0.00;0.003550571944709124
chronic.kidney.disease:0.00;-0.03639136546040859
asthma:0.00;-0.050834118552805
copd:0.00;-0.02176276879384613
dementia:0.00;0.010971700652878485
cancer:0.00;-0.10430634572696432
