Features;Individual Effect
age;-0.2254290622551481
race;-0.13652790142527763
sex;0.0656657906244517
hypertension;-0.0759332496980232
hyperlipidemia;-0.003962210001805688
diabetes;-0.006872804728187645
coronary.artery.disease;0.05341938294432754
chf;0.013244984619054618
cerebrovascular.disease;-0.005940853873968477
hepatitis;0.008956928991162579
endstage.renal.disease;0.022293330959331458
chronic.kidney.disease;-0.02672264014959067
asthma;0.003961169818218032
copd;0.018995837870685137
dementia;0.006658191938004234
cancer;0.03612430642008127
