Features;Individual Effect
age:47.00;0.03335066164563237
race:asian;-0.017629706057758
sex:female;-0.02586596401746216
hypertension:1.00;-0.019911792826463194
hyperlipidemia:0.00;-0.000636920207355219
diabetes:0.00;-0.015847165273382865
coronary.artery.disease:0.00;-0.006213256971187929
chf:0.00;-0.026447507177032873
cerebrovascular.disease:0.00;0.010730902890151574
hepatitis:0.00;-0.0006170572954508381
endstage.renal.disease:0.00;-0.03908731528726805
chronic.kidney.disease:0.00;-0.040940785206538446
asthma:0.00;-0.0029851323667223276
copd:0.00;0.04788319167630429
dementia:0.00;0.036466783086829185
cancer:1.00;-0.28154704719346324
