Features;Individual Effect
age;0.2944856061405283
race;0.02860454860486064
sex;-0.026262401095761556
hypertension;0.0029962217910889377
hyperlipidemia;-0.010405471134018558
diabetes;0.0902191981392173
coronary.artery.disease;0.08850786708734605
chf;-0.007349263392462951
cerebrovascular.disease;-0.01383051434344556
hepatitis;-0.0013028331488434287
endstage.renal.disease;-0.03842177931385005
chronic.kidney.disease;0.022844572029971456
asthma;0.0026742047762572142
copd;-0.015505979052118304
dementia;-0.006846046295421701
cancer;0.017168645648877066
