Features;Individual Effect
age:72.00;-0.07344782059537397
race:white;-0.121101602974746
sex:male;-0.06199997480308768
hypertension:1.00;0.03557769758086881
hyperlipidemia:0.00;-0.0011862626936237283
diabetes:1.00;0.008231413019756016
coronary.artery.disease:1.00;-0.2599348144131186
chf:0.00;-0.027028695490699726
cerebrovascular.disease:0.00;0.0186705532059347
hepatitis:0.00;0.012391286164457643
endstage.renal.disease:0.00;-0.012205899162022804
chronic.kidney.disease:0.00;-0.017011027861376073
asthma:0.00;-0.00983524225446547
copd:0.00;-0.014248973099030518
dementia:0.00;0.010058180983601991
cancer:0.00;-0.00825320738750309
