Features;Individual Effect
age;-0.08554453152414382
race;-0.05125867653271597
sex;0.048935606116986885
hypertension;-0.02340278009905654
hyperlipidemia;0.0008237246886692324
diabetes;-0.11116973503729322
coronary.artery.disease;0.030625606477022248
chf;0.014836080868085237
cerebrovascular.disease;0.015697469249644373
hepatitis;-0.028300630425785074
endstage.renal.disease;0.028584630619929923
chronic.kidney.disease;0.024968143021826324
asthma;-0.06375342816513087
copd;0.030739778860044892
dementia;0.01037997532894304
cancer;0.004628397209902121
