Features;Individual Effect
age:89.00;-0.03038424643015405
race:white;-0.0014014773250580898
sex:male;-0.006449026794408286
hypertension:0.00;0.02288545016746068
hyperlipidemia:1.00;0.042936798054976105
diabetes:0.00;-0.030717422572068845
coronary.artery.disease:0.00;0.037969495467498615
chf:1.00;0.0555780606841649
cerebrovascular.disease:0.00;0.008609036075586114
hepatitis:0.00;-0.008580912573260858
endstage.renal.disease:0.00;-0.01711033594914494
chronic.kidney.disease:0.00;0.0233660009571292
asthma:0.00;-0.019361122542807474
copd:1.00;0.08057530201134858
dementia:0.00;0.06026213810829756
cancer:0.00;0.044239900320309715
