Features;Individual Effect
age:75.00;-0.12347336096003117
race:white;0.03987956351294164
sex:female;0.047787999193207614
hypertension:1.00;-0.017910959358504154
hyperlipidemia:0.00;0.0005896783315439912
diabetes:1.00;0.027647951183922707
coronary.artery.disease:1.00;-0.12212167327788541
chf:1.00;0.028946686229482165
cerebrovascular.disease:0.00;0.003397092764805931
hepatitis:0.00;-0.009645005911365773
endstage.renal.disease:0.00;-0.0090284482015896
chronic.kidney.disease:1.00;-0.07501950677683597
asthma:1.00;-0.007349534890623875
copd:1.00;0.05551736724077033
dementia:0.00;-0.004485622217387851
cancer:1.00;-0.0781207009032164
