Features;Individual Effect
age:80.00;-0.2671269618822197
race:white;-0.0198404856569497
sex:male;-0.10958218752645106
hypertension:1.00;0.005705544088129063
hyperlipidemia:0.00;-0.011418836474560667
diabetes:1.00;-0.03222215874558512
coronary.artery.disease:0.00;0.050101263454149794
chf:0.00;-0.026763562051803403
cerebrovascular.disease:0.00;0.048088491678404295
hepatitis:0.00;0.00984004307946589
endstage.renal.disease:0.00;-0.009384875875410823
chronic.kidney.disease:0.00;0.0061603695998814195
asthma:0.00;-0.005709398118422368
copd:0.00;-0.0680644319896913
dementia:0.00;0.0336001675422641
cancer:0.00;-0.026980314226552365
