Features;Individual Effect
age:99.00;-0.3598201026829421
race:black;-0.03411142857509
sex:female;-0.03226475798411075
hypertension:1.00;-0.061688531212263725
hyperlipidemia:0.00;-0.020710418366448845
diabetes:0.00;-0.010520142682624379
coronary.artery.disease:0.00;0.005601772968910609
chf:0.00;-0.005879101146836896
cerebrovascular.disease:0.00;-0.006423937781813462
hepatitis:0.00;-0.006401959676431363
endstage.renal.disease:0.00;-0.06912768361857852
chronic.kidney.disease:0.00;-0.0030644455933320283
asthma:0.00;-0.016122580837810107
copd:0.00;0.007418649284898094
dementia:0.00;0.005975469337760695
cancer:0.00;-0.0019516768484716777
