Features;Individual Effect
age;0.2603086389479439
race;0.07758217060514995
sex;0.02261462213290605
hypertension;0.02516912351762885
hyperlipidemia;-0.0026834443632151386
diabetes;0.02678765380683818
coronary.artery.disease;0.06549957115428381
chf;-0.024286492639423913
cerebrovascular.disease;0.021485377699813017
hepatitis;-0.009220701312774571
endstage.renal.disease;0.014710312368107707
chronic.kidney.disease;-0.002121131242660633
asthma;0.025103726448790022
copd;-0.0327572911414781
dementia;0.012597677654253195
cancer;0.014481166246346926
