Features;Individual Effect
age:72.00;-0.04141372664573937
race:other;-0.03137639175620271
sex:female;-0.004324735145528322
hypertension:1.00;0.004988658569960183
hyperlipidemia:1.00;0.033321061869277066
diabetes:1.00;-0.02347102464381312
coronary.artery.disease:1.00;-0.09231689256595277
chf:0.00;-0.017181634161904023
cerebrovascular.disease:0.00;-0.008799549137423113
hepatitis:0.00;-0.006297705836899764
endstage.renal.disease:0.00;0.0032219698780994385
chronic.kidney.disease:0.00;-0.0016586130147527075
asthma:1.00;-0.013930207101619631
copd:1.00;0.0223811222095517
dementia:0.00;0.010286590721924943
cancer:0.00;0.028222345732279254
