Features;Individual Effect
age;0.17674114217209808
race;0.00695452569453197
sex;0.12656718101769812
hypertension;0.0369440921112205
hyperlipidemia;0.009120437121802135
diabetes;-0.0017145639501174922
coronary.artery.disease;0.007238777638693596
chf;0.042721669697540106
cerebrovascular.disease;-0.018111251991020177
hepatitis;-0.039318050321153424
endstage.renal.disease;0.009853950120797365
chronic.kidney.disease;-0.0017576874403265625
asthma;0.03065869057138677
copd;-0.003573586848673498
dementia;-0.03702892903839877
cancer;0.019232319651622542
