Features;Individual Effect
age:89.00;-0.06304432693572186
race:white;-0.0006430473607002898
sex:female;0.07878817443799309
hypertension:1.00;-0.015207016201894291
hyperlipidemia:0.00;0.014761184648951686
diabetes:1.00;0.048219108660211396
coronary.artery.disease:0.00;0.05566426032556901
chf:0.00;0.00024170785701487993
cerebrovascular.disease:0.00;0.028116718656508572
hepatitis:0.00;-0.018655197575424137
endstage.renal.disease:0.00;0.04234100435476182
chronic.kidney.disease:1.00;-0.006380735495576814
asthma:0.00;0.03176911006835028
copd:0.00;-0.015189752154152978
dementia:1.00;0.0063625142412932975
cancer:0.00;-0.01428098079623859
