Features;Individual Effect
age:61.00;0.05976067721023457
race:white;0.06656671385010372
sex:male;-0.005305846487751117
hypertension:1.00;0.014163483974646512
hyperlipidemia:1.00;-0.012952622255330351
diabetes:1.00;-0.032700632549874514
coronary.artery.disease:0.00;0.019422725846426417
chf:1.00;-0.005026390517672487
cerebrovascular.disease:0.00;0.008913804715658337
hepatitis:0.00;0.033552368689354295
endstage.renal.disease:0.00;0.0036727796424823357
chronic.kidney.disease:0.00;0.014172523093411884
asthma:0.00;0.01502965396951818
copd:0.00;-0.012021301667271028
dementia:0.00;0.009030434441356766
cancer:0.00;0.03573781999291491
