Features;Individual Effect
age;0.0015097187449967828
race;-0.07434760576452912
sex;-0.06002050797250291
hypertension;-0.053625422669487124
hyperlipidemia;-0.013132554971888515
diabetes;0.003966746807793964
coronary.artery.disease;-0.14666160067186498
chf;-0.1051878728698318
cerebrovascular.disease;0.03366352303903704
hepatitis;0.016932984833220192
endstage.renal.disease;0.02410213707775183
chronic.kidney.disease;-0.066479343209562
asthma;0.02828791272542979
copd;-0.0007110700959504571
dementia;0.05469530053512061
cancer;-0.040602483308217446
