Features;Individual Effect
age:63.00;-0.02193397879793164
race:black;-0.005569964052208401
sex:male;-0.09962313077333851
hypertension:1.00;-0.037598262864147705
hyperlipidemia:1.00;-0.00050922529905972
diabetes:1.00;-0.17006328807585672
coronary.artery.disease:0.00;0.04351039705585562
chf:0.00;0.0381347330601551
cerebrovascular.disease:0.00;-0.0018496112770860686
hepatitis:0.00;-0.004485861903152706
endstage.renal.disease:0.00;-0.017799694399576876
chronic.kidney.disease:0.00;0.022251747031435253
asthma:0.00;-0.009940635931376797
copd:0.00;0.05445970526072623
dementia:0.00;-0.09364159831337096
cancer:0.00;0.00429501693746373
