Features;Individual Effect
age;0.22135678674089548
race;-0.0010836933542661383
sex;0.01080912655871884
hypertension;0.05356233952328985
hyperlipidemia;0.015675940770393464
diabetes;0.04278140396990223
coronary.artery.disease;-0.14887761066758698
chf;-0.07284770963122511
cerebrovascular.disease;-0.005441394323732619
hepatitis;0.051776426019505314
endstage.renal.disease;0.009789897667945439
chronic.kidney.disease;0.00973329589742786
asthma;-0.003313786528800131
copd;0.0005774076571044839
dementia;0.007841175595522753
cancer;-0.00288629659280915
