Features;Individual Effect
age:85.00;-0.07073923796257794
race:white;0.031134880823243366
sex:male;0.035188868200824217
hypertension:0.00;-0.03560555574470209
hyperlipidemia:0.00;0.04399670197785993
diabetes:0.00;0.05788244915599661
coronary.artery.disease:0.00;0.07419740869591729
chf:0.00;-0.004695455877972831
cerebrovascular.disease:0.00;0.016684620464517467
hepatitis:0.00;-0.027213045338538553
endstage.renal.disease:0.00;-0.026219427420240686
chronic.kidney.disease:0.00;0.001383928766533933
asthma:0.00;0.0032610915161420083
copd:0.00;0.00013290438165839205
dementia:0.00;0.06364647330870134
cancer:0.00;0.020351919075973755
