Features;Individual Effect
age;-0.20538832463054144
race;-0.024489960870989813
sex;-0.12270403651731905
hypertension;-0.022220518136338383
hyperlipidemia;0.00022309698269264155
diabetes;-0.010670732548951933
coronary.artery.disease;0.06168040150566232
chf;-0.07331633932654087
cerebrovascular.disease;0.02137652548994433
hepatitis;0.045241425989182085
endstage.renal.disease;-0.04725653584358776
chronic.kidney.disease;0.009716457238159218
asthma;0.005527589244384679
copd;-0.011738524936113368
dementia;-0.025513687844637617
cancer;-0.00407433144743553
