Features;Individual Effect
age;-0.024535959806762597
race;0.17664932326218066
sex;-0.01898383829618667
hypertension;-0.030817135841798578
hyperlipidemia;0.02375705257798602
diabetes;0.041137032275090114
coronary.artery.disease;0.1014588073663128
chf;-0.06723343222613662
cerebrovascular.disease;0.008204543755090554
hepatitis;-0.015239034494376566
endstage.renal.disease;-0.010573064841840084
chronic.kidney.disease;-0.0014506629953230515
asthma;-0.014896343537004544
copd;-0.02486925320622272
dementia;0.09899807097216093
cancer;0.06795422269720944
