Features;Individual Effect
age:48.00;0.17480256858388052
race:white;-0.025655497545540713
sex:female;0.11006385686872652
hypertension:1.00;0.03620771324375218
hyperlipidemia:0.00;0.06997410569323968
diabetes:1.00;-0.037160753043879474
coronary.artery.disease:0.00;0.040538925182448546
chf:0.00;-0.03125873464423567
cerebrovascular.disease:0.00;0.028774505748956767
hepatitis:0.00;0.022745659751958552
endstage.renal.disease:0.00;0.0111806756047837
chronic.kidney.disease:0.00;-0.005121950976971497
asthma:0.00;-0.06934032405028727
copd:0.00;0.030578557061404367
dementia:0.00;-0.0016577401463578742
cancer:0.00;0.005602753192821426
