Features;Individual Effect
age;-0.22803460706891676
race;-0.08307096777480065
sex;-0.022060141236863253
hypertension;0.048832297457657166
hyperlipidemia;0.008781136716093752
diabetes;-0.03649668651262666
coronary.artery.disease;-0.12620061293052703
chf;0.01401651310261116
cerebrovascular.disease;0.004613958367734688
hepatitis;0.026671669883612647
endstage.renal.disease;0.03562276014682007
chronic.kidney.disease;0.023312486368640386
asthma;0.03512748966608116
copd;-0.017099134546226462
dementia;0.008771714740203662
cancer;0.014767883932233116
