Features;Individual Effect
age:74.00;-0.0785476102847872
race:white;0.014456533046416108
sex:female;0.08712028204912833
hypertension:0.00;-0.03783294981822005
hyperlipidemia:0.00;-0.020737129246633436
diabetes:0.00;-0.00036071587601847234
coronary.artery.disease:0.00;-0.005246488344794341
chf:0.00;0.016693248451049816
cerebrovascular.disease:1.00;-0.05917030490601385
hepatitis:0.00;0.02908692545389583
endstage.renal.disease:0.00;0.026161870688229123
chronic.kidney.disease:0.00;0.02789275831332763
asthma:1.00;0.046093729900627996
copd:0.00;-0.007007292602341012
dementia:1.00;-0.023180934259630744
cancer:0.00;0.06481312946445628
