Features;Individual Effect
age:71.00;-0.07019003644249408
race:other;-0.04390144660567438
sex:male;-0.018894682872931723
hypertension:1.00;-0.04050308343602042
hyperlipidemia:0.00;-0.04839218762985947
diabetes:0.00;-0.03636292252248685
coronary.artery.disease:1.00;-0.18490423561939925
chf:0.00;-0.008982484385099822
cerebrovascular.disease:0.00;-0.022837621740462784
hepatitis:0.00;0.025302370800608383
endstage.renal.disease:0.00;0.03351504176924451
chronic.kidney.disease:0.00;0.006287946059597035
asthma:0.00;0.012363122896047803
copd:0.00;-0.002387249040890077
dementia:0.00;0.04869361661512844
cancer:0.00;0.02219201765736932
