Features;Individual Effect
age;-0.21227828902492887
race;-0.03793362567906453
sex;-0.04933990530198967
hypertension;0.0008679545378974824
hyperlipidemia;-0.06952766243649453
diabetes;0.0324565379911776
coronary.artery.disease;0.02062508801056285
chf;-0.04116152779529848
cerebrovascular.disease;0.011833809417125857
hepatitis;0.008131640453066805
endstage.renal.disease;0.01042325032678767
chronic.kidney.disease;0.06089752101953378
asthma;0.006471026623377139
copd;0.02356277896452761
dementia;0.014635954942910628
cancer;0.014154669259628067
