Features;Individual Effect
age:65.00;0.028704527623932878
race:black;-0.018367753162944978
sex:male;-0.08671951517732802
hypertension:1.00;-0.002324347093882434
hyperlipidemia:1.00;-0.055554859524125234
diabetes:1.00;-0.15000302595444803
coronary.artery.disease:0.00;-0.002398058113502178
chf:0.00;0.013325290417415682
cerebrovascular.disease:0.00;-0.029824135135232695
hepatitis:0.00;-0.006960709755636164
endstage.renal.disease:0.00;0.035797582574985526
chronic.kidney.disease:0.00;-0.045430431563664775
asthma:0.00;-0.016675762127064772
copd:0.00;0.03638482856574022
dementia:0.00;0.0105400376201653
cancer:0.00;-0.01978836854012083
