Features;Individual Effect
age:74.00;-0.20320689952204718
race:black;-0.030428345133177867
sex:male;-0.07504179124870096
hypertension:1.00;0.10324359446058852
hyperlipidemia:0.00;-0.04700401967965695
diabetes:0.00;-0.02343474040662889
coronary.artery.disease:0.00;0.045547296943076646
chf:0.00;-0.006124797770594834
cerebrovascular.disease:0.00;-0.0101276099294849
hepatitis:0.00;0.03664680959093744
endstage.renal.disease:0.00;-0.012568577726505662
chronic.kidney.disease:0.00;-0.007209719325123461
asthma:0.00;-0.0015487706923891596
copd:0.00;0.048816044631334404
dementia:0.00;-0.07946433419262844
cancer:0.00;-0.0031319072341027127
