Features;Individual Effect
age;-0.2766913313337832
race;-0.035547476107377296
sex;-0.01876725437324139
hypertension;0.002689717875682937
hyperlipidemia;0.01077148560850638
diabetes;0.030082158909741454
coronary.artery.disease;-0.07150194802438255
chf;-0.006445969183624101
cerebrovascular.disease;-0.02662630148349436
hepatitis;0.001126921305575802
endstage.renal.disease;0.009440030842874656
chronic.kidney.disease;0.031193741372691895
asthma;-0.008182823321897244
copd;-0.004263508477202376
dementia;-0.041146810534039395
cancer;0.007594919501021159
