Features;Individual Effect
age:69.00;0.036828991024780516
race:white;0.07544747123547957
sex:male;-0.004138924667976836
hypertension:1.00;0.052509789512855884
hyperlipidemia:0.00;0.023567959386676343
diabetes:0.00;-0.02475949513754665
coronary.artery.disease:0.00;0.09518632705709265
chf:0.00;0.01235272410180098
cerebrovascular.disease:0.00;0.04174731238919839
hepatitis:0.00;0.004032864733998474
endstage.renal.disease:0.00;-0.00615852665241752
chronic.kidney.disease:0.00;-0.00017126901026504743
asthma:0.00;-0.010409259350893065
copd:0.00;0.021150713387373545
dementia:0.00;-0.03552723902338729
cancer:0.00;0.03488004402961019
