Features;Individual Effect
age:94.00;-0.17710028194564023
race:asian;0.1566182994488916
sex:male;0.01873290399887062
hypertension:1.00;0.03747058339485411
hyperlipidemia:0.00;-0.025881358782450237
diabetes:0.00;-0.0034644487268478477
coronary.artery.disease:0.00;0.02932973029223141
chf:0.00;0.036644708661017836
cerebrovascular.disease:0.00;0.005858394912049321
hepatitis:0.00;-0.009817919453092426
endstage.renal.disease:0.00;0.042617719945981646
chronic.kidney.disease:0.00;-0.007895419097734467
asthma:0.00;-0.042256740333142445
copd:0.00;-0.02036269763880342
dementia:0.00;0.04789633746278215
cancer:0.00;0.0030773141756336234
