Features;Individual Effect
age:32.00;0.2879601377111152
race:black;0.011828392211768526
sex:female;0.1265624095284837
hypertension:1.00;0.035346765092530985
hyperlipidemia:0.00;-0.02897579594270646
diabetes:1.00;-0.03126693283381332
coronary.artery.disease:0.00;0.04364264944611763
chf:0.00;0.003435646860820928
cerebrovascular.disease:0.00;-0.03734747910617852
hepatitis:0.00;0.003522418081713389
endstage.renal.disease:0.00;-0.034526553386016456
chronic.kidney.disease:0.00;-0.010015440782322273
asthma:0.00;0.038600078622629715
copd:0.00;-0.004570940867071874
dementia:0.00;-0.02357321599283233
cancer:0.00;-0.0019389413245158218
