Features;Individual Effect
age:63.00;0.04495657779065038
race:black;0.0829768230954573
sex:female;0.021569392436621555
hypertension:1.00;-0.038127270522135756
hyperlipidemia:0.00;0.004651781164200439
diabetes:0.00;-0.035022518650292954
coronary.artery.disease:0.00;0.03358520750772989
chf:0.00;0.041637392573666915
cerebrovascular.disease:0.00;0.016335118965437316
hepatitis:0.00;0.05313280292623057
endstage.renal.disease:0.00;-0.008184472495930278
chronic.kidney.disease:0.00;0.009480211088139427
asthma:0.00;0.03324714098737113
copd:0.00;-0.027762022808624477
dementia:0.00;-0.02972585514539592
cancer:0.00;-0.07830408756598009
