Features;Individual Effect
age;-0.24021892574030956
race;-0.030514538081395814
sex;0.017904968051380293
hypertension;-0.08279814643160463
hyperlipidemia;-0.014555028462540432
diabetes;-0.04462916168405086
coronary.artery.disease;-0.11427726710883836
chf;0.0065458042631797095
cerebrovascular.disease;0.015753848274843666
hepatitis;0.043602785971721916
endstage.renal.disease;0.017818392211535795
chronic.kidney.disease;-0.02322076121096295
asthma;0.005186157673280945
copd;-0.011011317837290448
dementia;-0.008265555252445444
cancer;0.023004771817879924
