Features;Individual Effect
age:74.00;-0.08217103471349334
race:asian;0.011708667233795822
sex:female;0.008421351905879651
hypertension:1.00;0.08107469597110206
hyperlipidemia:1.00;0.025694785323019644
diabetes:1.00;0.05919655785350175
coronary.artery.disease:1.00;0.0024625947024031394
chf:1.00;0.010985000821036085
cerebrovascular.disease:1.00;-0.004270096844504606
hepatitis:0.00;-0.01342277138701635
endstage.renal.disease:1.00;0.06718634232368398
chronic.kidney.disease:1.00;0.03677590613482376
asthma:0.00;0.00781252051673923
copd:0.00;0.005937183274550492
dementia:0.00;0.007031218350670769
cancer:0.00;-0.00936038569079949
