Features;Individual Effect
age;-0.03283130150911147
race;-0.07482704806025459
sex;-0.07323446241096133
hypertension;-0.03485351073399642
hyperlipidemia;-0.024835525337886508
diabetes;0.018797175790369124
coronary.artery.disease;0.028291080821249082
chf;0.009465284341436352
cerebrovascular.disease;0.042252998887908746
hepatitis;0.03009764178000089
endstage.renal.disease;0.0040676487771654155
chronic.kidney.disease;-0.07680609807170323
asthma;-0.027402263483478035
copd;0.018827253850013947
dementia;0.0380025719288965
cancer;0.028227980995255225
