Features;Individual Effect
age:74.00;-0.33031474361709207
race:black;0.015876460129907
sex:male;-0.11618388235932765
hypertension:0.00;-0.06148500535771913
hyperlipidemia:0.00;0.008982159701428957
diabetes:0.00;-0.0010118615139878533
coronary.artery.disease:0.00;0.04736769887155061
chf:0.00;0.019753269852827906
cerebrovascular.disease:0.00;0.0006937347947115623
hepatitis:0.00;0.012956628668267018
endstage.renal.disease:0.00;-0.011301757043926317
chronic.kidney.disease:0.00;0.005812653480815028
asthma:0.00;0.009745148640547999
copd:0.00;-0.03965990603207608
dementia:0.00;0.02272025864032176
cancer:0.00;-0.042870203046060845
