Features;Individual Effect
age;0.14643042301074538
race;-0.0030846481797423414
sex;0.003039900970983938
hypertension;0.011202228936502797
hyperlipidemia;-0.0467473448604119
diabetes;0.053401268882608974
coronary.artery.disease;0.074906114486824
chf;0.0001367284508404015
cerebrovascular.disease;-0.013360967636182882
hepatitis;-0.060468274027455055
endstage.renal.disease;0.02138679177133643
chronic.kidney.disease;0.05890675445538418
asthma;-0.013386114194416014
copd;0.021741736808885928
dementia;0.031218188458643784
cancer;-0.003927353862206777
