Features;Individual Effect
age:86.00;-0.001656049285979674
race:other;0.08380564973976795
sex:female;0.0897396229371845
hypertension:1.00;0.012290716888312746
hyperlipidemia:1.00;0.03280289270850819
diabetes:0.00;0.014888665692433863
coronary.artery.disease:0.00;0.026998368992418885
chf:0.00;0.04047718854105474
cerebrovascular.disease:0.00;-0.01895177846946844
hepatitis:0.00;0.009306854540097224
endstage.renal.disease:0.00;0.0023738133923897863
chronic.kidney.disease:0.00;-0.001868915603768194
asthma:0.00;0.003502019559572994
copd:0.00;0.04798992679572155
dementia:1.00;-0.02823802100620606
cancer:0.00;-0.025583813239034955
