Features;Individual Effect
age:90.00;-0.22380831270798615
race:black;-0.021304963851590655
sex:female;0.055118818586394315
hypertension:1.00;-0.1566517304665826
hyperlipidemia:0.00;0.025763783876102182
diabetes:0.00;0.014278452563661566
coronary.artery.disease:0.00;0.0017115350661404804
chf:0.00;0.016492247405847718
cerebrovascular.disease:0.00;-0.05243539092329563
hepatitis:0.00;-0.029299202163006768
endstage.renal.disease:0.00;-0.0038117846218319006
chronic.kidney.disease:0.00;0.05834896253263924
asthma:0.00;-0.0013984120578953846
copd:0.00;-0.021483959631653227
dementia:0.00;0.007633092986178652
cancer:1.00;-0.07423882958336439
