Features;Individual Effect
age:89.00;-0.15100958587757646
race:white;-0.031095868427575862
sex:male;-0.05236850715950793
hypertension:0.00;-0.004796346487611274
hyperlipidemia:0.00;0.047685389469838566
diabetes:0.00;-0.023204717018347528
coronary.artery.disease:1.00;-0.08335903960807006
chf:0.00;0.007653152439258584
cerebrovascular.disease:0.00;0.01643107872103257
hepatitis:0.00;-0.015290171930221136
endstage.renal.disease:0.00;0.005913198099818381
chronic.kidney.disease:0.00;-0.00742319650792048
asthma:0.00;-0.04510622439735019
copd:0.00;-0.044534814457570945
dementia:1.00;-0.12220361163461542
cancer:0.00;0.002355027766521422
