Features;Individual Effect
age:80.00;-0.23372946818423873
race:black;-0.01755057056672292
sex:male;-0.06319443673523192
hypertension:1.00;-0.07170374129090007
hyperlipidemia:0.00;0.01605303195180242
diabetes:1.00;0.0047973670933013305
coronary.artery.disease:0.00;0.04021014696568538
chf:0.00;-0.04974614679819964
cerebrovascular.disease:0.00;0.001419217397311788
hepatitis:0.00;0.013675399415403317
endstage.renal.disease:0.00;0.007254420386071747
chronic.kidney.disease:0.00;0.022570289671443727
asthma:0.00;0.018265660081791806
copd:0.00;-0.0812386445015612
dementia:0.00;0.008975904059534414
cancer:0.00;-0.0395047586532844
