Features;Individual Effect
age;-0.17249228353283327
race;0.10188847921521735
sex;0.052701625348157644
hypertension;-0.009817656982043982
hyperlipidemia;0.013119259045350877
diabetes;-0.05026068987755182
coronary.artery.disease;-0.24832867417810905
chf;0.01025110764479727
cerebrovascular.disease;0.020348715502515685
hepatitis;0.003229208392631057
endstage.renal.disease;0.01531055736974995
chronic.kidney.disease;-0.06612359220260378
asthma;0.06358511523365137
copd;0.04799276813328969
dementia;-0.00024037562640670182
cancer;-0.010666502070888251
