Features;Individual Effect
age;-0.1014490860980211
race;0.02728036428928804
sex;0.014898128690144815
hypertension;0.004910870668950926
hyperlipidemia;0.07835093163219539
diabetes;-0.023330668919129258
coronary.artery.disease;-0.24911217012185635
chf;0.02521139562975145
cerebrovascular.disease;0.028563941795991567
hepatitis;0.004899675977207195
endstage.renal.disease;-0.03987361625856869
chronic.kidney.disease;-0.005127483128748682
asthma;-0.04558390392837792
copd;-0.02826653510494501
dementia;-0.033025106723485936
cancer;0.013361784938030863
