Features;Individual Effect
age:60.00;0.22470778677664083
race:black;0.035641516014572716
sex:female;0.11492186606102418
hypertension:1.00;-0.026681143539928055
hyperlipidemia:1.00;0.02403795446171314
diabetes:0.00;0.029376920121656776
coronary.artery.disease:0.00;0.05354467812808433
chf:0.00;0.04260735193709578
cerebrovascular.disease:0.00;0.019144199637693707
hepatitis:0.00;-0.018477370076147193
endstage.renal.disease:0.00;0.03666968112287033
chronic.kidney.disease:0.00;-0.00029747212919385355
asthma:0.00;0.01050305162822983
copd:0.00;-0.028309660052691848
dementia:0.00;0.014352072960251056
cancer:0.00;0.0047198967808313765
