Features;Individual Effect
age;-0.3050413759070314
race;-0.03661841545240346
sex;0.015940846097484238
hypertension;-0.12802016113658468
hyperlipidemia;-0.011305673106218155
diabetes;-0.010018369024875065
coronary.artery.disease;0.0036703434899258702
chf;0.0018413689373941427
cerebrovascular.disease;-0.008949414842913124
hepatitis;-0.02797453544638245
endstage.renal.disease;0.01643464043992415
chronic.kidney.disease;-0.0023407183189548403
asthma;-0.021380444402414402
copd;-0.03544327988910606
dementia;0.04925457324673508
cancer;-0.003503721959772166
