Features;Individual Effect
age:77.00;-0.12908558643428336
race:white;-0.0029043078873795813
sex:female;0.01429500582864619
hypertension:1.00;0.019121754714377256
hyperlipidemia:1.00;0.03363501537318645
diabetes:1.00;-0.08534145560777494
coronary.artery.disease:1.00;-0.06460350545915462
chf:1.00;-0.02015311132126231
cerebrovascular.disease:0.00;0.0025184059799318644
hepatitis:0.00;0.011543628271025968
endstage.renal.disease:0.00;0.010372461116208594
chronic.kidney.disease:1.00;-0.08327605088595472
asthma:1.00;0.027541588672579345
copd:1.00;-9.796027639073779e-05
dementia:1.00;-0.07282163158602543
cancer:0.00;0.0013627013911871148
