Features;Individual Effect
age;0.06910199411586154
race;0.11385705662342488
sex;0.021394679556755492
hypertension;0.04503226578252309
hyperlipidemia;0.07780642856763559
diabetes;0.00012695541843523936
coronary.artery.disease;-0.07784231689428298
chf;0.019347435595524154
cerebrovascular.disease;-0.0029460317920080095
hepatitis;-0.02720459689283837
endstage.renal.disease;-0.03258773718715273
chronic.kidney.disease;-0.010553303561860836
asthma;0.014213249671005793
copd;0.02024387497710827
dementia;-0.013512261348156737
cancer;0.020560792426222864
