Features;Individual Effect
age:54.00;0.22644085596814398
race:asian;0.012277735870079805
sex:male;0.005693655547003693
hypertension:0.00;-0.02010894042933298
hyperlipidemia:0.00;0.004537723836467935
diabetes:0.00;0.00992296066792699
coronary.artery.disease:0.00;0.17061735982224874
chf:0.00;0.01768575249485039
cerebrovascular.disease:0.00;-0.02960954134347283
hepatitis:0.00;0.04459731700181357
endstage.renal.disease:0.00;0.011350317602730139
chronic.kidney.disease:0.00;-0.043308085630196946
asthma:1.00;-0.02789489882215551
copd:0.00;0.0028638292205931445
dementia:0.00;-0.006388269400304751
cancer:0.00;0.01701817763502021
