Features;Individual Effect
age:89.00;-0.23367464118361259
race:white;-0.020299590903386892
sex:female;0.0014161285103204656
hypertension:1.00;-0.04443519694130293
hyperlipidemia:0.00;0.007399747299242303
diabetes:0.00;-0.029326056225989258
coronary.artery.disease:1.00;-0.11920055553159194
chf:1.00;0.012099952630174868
cerebrovascular.disease:0.00;-0.06405511416540026
hepatitis:0.00;0.05257862022645479
endstage.renal.disease:0.00;-0.04934504042772549
chronic.kidney.disease:0.00;0.044250037951671053
asthma:1.00;0.026879687159260625
copd:0.00;0.037786110598041225
dementia:0.00;0.011715189137772265
cancer:0.00;0.009890305689361494
