Features;Individual Effect
age:93.00;-0.28057725809357653
race:black;-0.0048837008875753235
sex:male;0.047621379287273176
hypertension:1.00;-0.11334636950421338
hyperlipidemia:0.00;-0.049643208189214555
diabetes:0.00;-0.025881640324388066
coronary.artery.disease:0.00;0.05835431966495078
chf:0.00;0.009874403824959039
cerebrovascular.disease:0.00;0.044916803783240665
hepatitis:0.00;0.0015204633547270304
endstage.renal.disease:0.00;0.013970737560335964
chronic.kidney.disease:0.00;-0.04327676636439042
asthma:0.00;0.06282448880585467
copd:0.00;-0.02412000506288632
dementia:0.00;0.007006544106733022
cancer:0.00;-0.0426211425978622
