Features;Individual Effect
age:63.00;0.028690326244364676
race:black;0.04649529436599757
sex:female;0.12572012355597337
hypertension:1.00;0.09367566591669796
hyperlipidemia:0.00;-0.026063513869950105
diabetes:1.00;0.005098166766089148
coronary.artery.disease:1.00;0.009036981975764162
chf:0.00;0.0044592843948042735
cerebrovascular.disease:0.00;-0.034305711658011204
hepatitis:0.00;0.003407036379826516
endstage.renal.disease:0.00;0.019446710822115357
chronic.kidney.disease:0.00;-0.02566315355651449
asthma:1.00;0.0037604629364522673
copd:0.00;-0.023211186061970177
dementia:0.00;0.014174925491111441
cancer:0.00;-0.030056088866908155
