Features;Individual Effect
age:84.00;-0.1878168702221188
race:white;0.03008421524448577
sex:male;-0.03174745828964455
hypertension:1.00;0.00590654944389947
hyperlipidemia:1.00;0.0314706395138909
diabetes:0.00;-0.036438268869721124
coronary.artery.disease:1.00;-0.11944869979939593
chf:0.00;0.005490487007147795
cerebrovascular.disease:1.00;-0.026117156266421974
hepatitis:0.00;-0.003188580356851529
endstage.renal.disease:0.00;-0.0010525368567240161
chronic.kidney.disease:0.00;-0.005031537228211901
asthma:0.00;-0.006891463650992771
copd:0.00;-0.002730846089870567
dementia:1.00;-0.05611759726196655
cancer:0.00;-0.036110337527009186
