Features;Individual Effect
age:89.00;-0.17722829401250167
race:white;0.018616562037491534
sex:male;-0.045913981877835006
hypertension:1.00;-0.00898780712708749
hyperlipidemia:1.00;0.029053205754643964
diabetes:0.00;-0.0065893544329747
coronary.artery.disease:1.00;-0.10056926819357324
chf:1.00;0.002255153628392863
cerebrovascular.disease:0.00;-0.0005151821476583902
hepatitis:0.00;-0.0007769601049947509
endstage.renal.disease:1.00;-0.016079466287332308
chronic.kidney.disease:0.00;0.0038339364761942
asthma:0.00;0.04365379106465056
copd:0.00;-0.02459066102742747
dementia:1.00;-0.09457948718464237
cancer:1.00;-0.05023929705860759
