Features;Individual Effect
age;0.2016429532395819
race;-0.013576869454909823
sex;-0.10358001835779701
hypertension;-0.09492021260581326
hyperlipidemia;-0.0005672225624919341
diabetes;0.04813282159283701
coronary.artery.disease;0.01992644528227651
chf;0.023066496332045418
cerebrovascular.disease;0.0016386943525960578
hepatitis;0.009721674279074995
endstage.renal.disease;0.007008498545374775
chronic.kidney.disease;0.02742815123030358
asthma;-0.009854229312709923
copd;-0.009924503650515212
dementia;0.015836609560562098
cancer;-0.07389108831978047
