Features;Individual Effect
age:89.00;-0.1388821123290376
race:white;-0.018587069262394625
sex:male;-0.11011234849857174
hypertension:0.00;-0.005703387838594472
hyperlipidemia:0.00;0.0016844413118001587
diabetes:0.00;-0.02633814666133511
coronary.artery.disease:0.00;0.04482892533475888
chf:1.00;-0.02667849998479256
cerebrovascular.disease:0.00;0.02288429818995699
hepatitis:0.00;-0.00907258719083119
endstage.renal.disease:0.00;-0.017426407407307686
chronic.kidney.disease:0.00;0.003008450869586142
asthma:0.00;0.008702477210574324
copd:0.00;-0.035644091291606644
dementia:0.00;0.029733691304871596
cancer:1.00;-0.0876425014489147
