Features;Individual Effect
age;-0.11263375867795647
race;0.03814287365306382
sex;-0.08783127454916012
hypertension;-0.10544011596469248
hyperlipidemia;-0.0071499377624486965
diabetes;-0.0022318048508338656
coronary.artery.disease;-0.21922835411760047
chf;0.004063363658851146
cerebrovascular.disease;0.013006192839408102
hepatitis;-0.027770642733749816
endstage.renal.disease;-0.032506605403906985
chronic.kidney.disease;0.06816425558838374
asthma;0.03466043845855717
copd;-0.040413860851942734
dementia;-0.013973752738293722
cancer;0.006363276011007914
