Features;Individual Effect
age;-0.1472836281723034
race;0.03438525002412432
sex;-0.08038960375117606
hypertension;-0.03953387457795903
hyperlipidemia;-0.05527710882583389
diabetes;-0.0025380020299524764
coronary.artery.disease;-0.11167632951388684
chf;-0.06001976006789597
cerebrovascular.disease;-0.0193316825340095
hepatitis;0.013648052759645006
endstage.renal.disease;0.013792091549533656
chronic.kidney.disease;0.01874351548125027
asthma;-0.002714524750843513
copd;0.0212949064590027
dementia;-0.020292274659894714
cancer;0.059790339332727656
