Features;Individual Effect
age;0.10020555023238731
race;-0.009985658883307165
sex;-0.05744759112558221
hypertension;0.014397714128271854
hyperlipidemia;-0.06993600087567418
diabetes;-0.08331195483412944
coronary.artery.disease;-0.014666315962533379
chf;-0.06858329527870081
cerebrovascular.disease;-0.04210190888117523
hepatitis;0.007588207717389019
endstage.renal.disease;0.03507178137945717
chronic.kidney.disease;0.02966194255757248
asthma;0.04327222434886819
copd;0.002322165646420347
dementia;0.04037176580388037
cancer;-0.07935429386863722
