Features;Individual Effect
age;-0.014024183781441948
race;0.11021010188293072
sex;0.0446876117889178
hypertension;0.09190839923541307
hyperlipidemia;-0.00030859429290688856
diabetes;0.055882426301561344
coronary.artery.disease;0.0745034883089218
chf;-0.005353864145802224
cerebrovascular.disease;0.0316765732385347
hepatitis;-0.022453422152540876
endstage.renal.disease;-0.005236511924722978
chronic.kidney.disease;-0.022935484142698026
asthma;-0.0004825411891846848
copd;-0.03364346083643425
dementia;0.04843460860524521
cancer;0.010607437847034065
