Features;Individual Effect
age:77.00;-0.20781271470462237
race:black;0.03916735645837162
sex:female;0.03332288998271489
hypertension:1.00;0.008462304931065803
hyperlipidemia:1.00;0.005903940694092336
diabetes:1.00;-0.10856502490776548
coronary.artery.disease:0.00;0.009304646806559477
chf:0.00;0.012627225031624247
cerebrovascular.disease:0.00;-0.03645670754081551
hepatitis:0.00;0.11037294737118578
endstage.renal.disease:0.00;0.017722292552752098
chronic.kidney.disease:0.00;0.009212474708694376
asthma:0.00;0.004982773491886906
copd:0.00;0.015344427039909656
dementia:0.00;-0.001342036459542938
cancer:0.00;-0.06258376481379119
