Features;Individual Effect
age;-0.04758646692065264
race;-0.04907519857049088
sex;-0.06989094332537514
hypertension;0.0474999595108241
hyperlipidemia;-0.011205332890319832
diabetes;-0.07735058934267494
coronary.artery.disease;0.06408831519541042
chf;-0.00941521658036429
cerebrovascular.disease;0.0012388880043038009
hepatitis;0.022549812851767652
endstage.renal.disease;-0.02639018560441336
chronic.kidney.disease;-0.0027820024393758235
asthma;-0.021259783298943423
copd;0.07624796769416883
dementia;0.06276640060986476
cancer;0.028900872611531327
