Features;Individual Effect
age;-0.2970276547283292
race;0.0006745699618487533
sex;-0.07909342505717051
hypertension;-0.0281334550289391
hyperlipidemia;-0.024434269106088022
diabetes;-0.041840819050680815
coronary.artery.disease;-0.04011382693990342
chf;0.029240950001817242
cerebrovascular.disease;0.0019841170104158094
hepatitis;-0.04141384649464345
endstage.renal.disease;-0.007734679038803323
chronic.kidney.disease;-0.040807715505662735
asthma;-0.016466927488530892
copd;-0.01669765012768296
dementia;0.029214374345485287
cancer;0.061391467132490274
