Features;Individual Effect
age:89.00;-0.31700068941355447
race:white;-0.06847099387793709
sex:male;-0.0384695202294455
hypertension:1.00;-0.04412100640462732
hyperlipidemia:0.00;-0.049228165958600856
diabetes:0.00;0.006027422853660005
coronary.artery.disease:0.00;-0.01141592398998144
chf:0.00;0.015616949224275482
cerebrovascular.disease:1.00;-0.0636904221154977
hepatitis:0.00;-0.00111586840889695
endstage.renal.disease:0.00;0.002124653536390596
chronic.kidney.disease:0.00;0.013635909065366287
asthma:0.00;0.014336134595753482
copd:0.00;0.002929487944315551
dementia:0.00;0.06365747269830503
cancer:0.00;-0.007161047849275619
