Features;Individual Effect
age:53.00;0.1558836984270768
race:white;-0.08771250660259369
sex:male;0.008357921325075644
hypertension:0.00;-0.06631445586683538
hyperlipidemia:0.00;-0.058312693285598294
diabetes:0.00;0.014448476073883817
coronary.artery.disease:1.00;-0.28671385061509336
chf:0.00;-0.008203225982336707
cerebrovascular.disease:0.00;0.028921672518228005
hepatitis:0.00;-0.025230386032274513
endstage.renal.disease:0.00;0.028408724109845067
chronic.kidney.disease:0.00;-0.02207545509489732
asthma:0.00;0.009961353478464073
copd:0.00;-0.023124736282088894
dementia:0.00;0.02363521056219449
cancer:0.00;0.05046889329579342
