Features;Individual Effect
age;-0.11853882500847533
race;0.0015468466248871535
sex;0.023764119953407273
hypertension;-0.021264285333435877
hyperlipidemia;-0.020641341622114086
diabetes;5.938182949988876e-05
coronary.artery.disease;-0.0034782666305890947
chf;0.032047907169234946
cerebrovascular.disease;-0.04175531162734589
hepatitis;-0.04260645775263164
endstage.renal.disease;0.04557656981378697
chronic.kidney.disease;-0.020715294256544475
asthma;-0.028791601831711262
copd;0.0984367257751607
dementia;0.06168260252287704
cancer;0.048047269222177134
