Features;Individual Effect
age:57.00;-0.036157351424535675
race:other;-0.008508062599323074
sex:male;-0.09282011693090284
hypertension:1.00;0.021884244363461466
hyperlipidemia:1.00;-0.061059110016272566
diabetes:1.00;-0.07111649921454004
coronary.artery.disease:0.00;0.009757582122730465
chf:1.00;-0.0689480630107804
cerebrovascular.disease:0.00;0.03783563896614517
hepatitis:0.00;-0.030094230585035294
endstage.renal.disease:0.00;-0.029969383887839502
chronic.kidney.disease:0.00;0.030099683570799344
asthma:0.00;0.007522236174850507
copd:0.00;0.05167244464527149
dementia:0.00;-0.019898266121277063
cancer:0.00;-0.035620006930368486
