Features;Individual Effect
age;0.046955474999651206
race;-0.009099393131437788
sex;0.09075579894438653
hypertension;0.023439477362649855
hyperlipidemia;0.03489355022068349
diabetes;-0.05216777465803561
coronary.artery.disease;-0.02468906484409786
chf;-0.0011366728390273233
cerebrovascular.disease;-0.03329243323297668
hepatitis;-0.0007971945940957095
endstage.renal.disease;0.023661539290087193
chronic.kidney.disease;-0.009562317729296483
asthma;-0.04140059999634779
copd;0.02900776459568513
dementia;0.006523196474784663
cancer;0.12265331047919553
