Features;Individual Effect
age:63.00;-0.0224129569113782
race:black;-0.01378625685810924
sex:male;-0.10915542552204599
hypertension:1.00;-0.017906128121065283
hyperlipidemia:0.00;0.0223683360162169
diabetes:1.00;-0.10141978553884759
coronary.artery.disease:0.00;0.056650457365759604
chf:0.00;-0.0055566373279619195
cerebrovascular.disease:0.00;-0.004113561177762036
hepatitis:0.00;0.007007711467097576
endstage.renal.disease:0.00;0.033461807389659516
chronic.kidney.disease:0.00;0.02671371870700883
asthma:0.00;-0.015498029043051037
copd:0.00;-0.04969336685533671
dementia:0.00;0.012400225064209994
cancer:0.00;-0.03688766293272217
