Features;Individual Effect
age:89.00;-0.12008070240388008
race:other;0.0324397999871292
sex:male;-0.07263632569079947
hypertension:0.00;-0.018287183262336686
hyperlipidemia:0.00;-0.014007920343426074
diabetes:1.00;0.028061641627246427
coronary.artery.disease:0.00;0.03465376089522612
chf:1.00;0.027147634710740248
cerebrovascular.disease:0.00;-0.025143593974275215
hepatitis:0.00;-0.018191733425342867
endstage.renal.disease:0.00;0.05260934568825155
chronic.kidney.disease:1.00;0.07659800525703551
asthma:0.00;-0.0074868378963385725
copd:0.00;-0.03210045131046932
dementia:0.00;-0.04172985865362609
cancer:0.00;0.02962307869017438
