Features;Individual Effect
age:47.00;0.02200058586317743
race:black;-0.06908807035479778
sex:female;-0.03294104968380379
hypertension:0.00;-0.0697248344718315
hyperlipidemia:0.00;-0.028743628168776916
diabetes:0.00;-0.006625558218584602
coronary.artery.disease:0.00;0.09166105575902464
chf:0.00;-0.017906266213224123
cerebrovascular.disease:0.00;0.027447856463132393
hepatitis:0.00;-0.01372987786693626
endstage.renal.disease:0.00;0.029790888215092234
chronic.kidney.disease:0.00;0.0001694449842393128
asthma:0.00;-0.03669862259374122
copd:0.00;0.008940207467303254
dementia:0.00;0.016278413304159165
cancer:0.00;-0.03165964264136431
