Features;Individual Effect
age:76.00;-0.10833738131062041
race:black;0.07462655242266032
sex:male;-0.04780640028826659
hypertension:1.00;-0.0029758645478392687
hyperlipidemia:0.00;0.006686904891670077
diabetes:0.00;0.01278053303691852
coronary.artery.disease:0.00;0.060846806683166776
chf:0.00;-0.020549911206834266
cerebrovascular.disease:0.00;0.010276037004247715
hepatitis:0.00;-0.01168788116038975
endstage.renal.disease:0.00;0.0028970730589645798
chronic.kidney.disease:0.00;-0.024993488876534645
asthma:0.00;-0.04099191881769727
copd:0.00;-0.010795106104444126
dementia:0.00;0.0035796456263847316
cancer:0.00;0.04631331137118597
