Features;Individual Effect
age:56.00;0.13139820371362712
race:white;-0.021302875378878174
sex:female;0.0478108778575997
hypertension:0.00;-0.10846744106098681
hyperlipidemia:1.00;-0.0871214145550879
diabetes:0.00;0.009307101414002554
coronary.artery.disease:0.00;0.045621953114153166
chf:0.00;0.006649916493770814
cerebrovascular.disease:0.00;0.014044045597387247
hepatitis:0.00;-0.06322768618334239
endstage.renal.disease:0.00;0.03680994117800162
chronic.kidney.disease:0.00;0.043221199236887345
asthma:1.00;-0.08973525563782203
copd:0.00;0.026519202326371366
dementia:0.00;0.04270838744864919
cancer:0.00;0.03860188246230102
