Features;Individual Effect
age:77.00;-0.05466301947306666
race:black;0.04872596482762272
sex:male;-0.08218884835272966
hypertension:0.00;-0.025412753979388962
hyperlipidemia:0.00;0.011401698317192628
diabetes:0.00;0.09357104368571112
coronary.artery.disease:0.00;0.038528042677889604
chf:0.00;0.055550107473348
cerebrovascular.disease:0.00;-0.0074529499714426385
hepatitis:0.00;0.015103431221099799
endstage.renal.disease:0.00;0.012230872100922004
chronic.kidney.disease:0.00;-0.0060115873391479654
asthma:0.00;-0.025481981475345417
copd:0.00;0.01708687157086783
dementia:0.00;0.0336485098917991
cancer:0.00;-0.016188661802627832
