Features;Individual Effect
age:65.00;0.00799553200061427
race:black;-0.010217494075264292
sex:male;0.008366259943012915
hypertension:1.00;-0.009344281780239251
hyperlipidemia:0.00;0.016068995937835694
diabetes:1.00;0.006397861098276879
coronary.artery.disease:0.00;0.03647450016800184
chf:1.00;0.03889929150769575
cerebrovascular.disease:1.00;0.0011204750750045517
hepatitis:0.00;0.05170324427682673
endstage.renal.disease:0.00;-0.014964885749153858
chronic.kidney.disease:0.00;-0.028253614775193857
asthma:0.00;-0.00511800448372369
copd:0.00;0.0007595403978533778
dementia:0.00;-0.008146546693129923
cancer:0.00;-0.0010546060080281186
