Features;Individual Effect
age:84.00;-0.09938072661638543
race:black;0.00543862520147307
sex:male;0.0010904502065589433
hypertension:0.00;0.07487947640264637
hyperlipidemia:0.00;0.020224315722054277
diabetes:0.00;0.030174822487520472
coronary.artery.disease:0.00;0.029204127014343335
chf:0.00;-0.02556803786639946
cerebrovascular.disease:0.00;-0.004907402021293869
hepatitis:0.00;0.0509384192731334
endstage.renal.disease:0.00;0.020658911689166077
chronic.kidney.disease:0.00;0.0062187499352977975
asthma:0.00;0.00502911988677506
copd:0.00;-0.042801585313899985
dementia:0.00;0.03865651225133335
cancer:0.00;-0.0237439040864567
