Features;Individual Effect
age:85.00;-0.17438245550349848
race:black;-0.050602254350094175
sex:female;0.05623418134565909
hypertension:1.00;-0.013323137639647072
hyperlipidemia:0.00;-0.013754978779995493
diabetes:1.00;-0.003852305774628268
coronary.artery.disease:0.00;0.06283000684976295
chf:0.00;-0.026386725883963146
cerebrovascular.disease:0.00;0.017827022523071775
hepatitis:0.00;0.05831456688448286
endstage.renal.disease:0.00;-0.01981030789012042
chronic.kidney.disease:0.00;0.023512766666384886
asthma:0.00;-0.005497257483433342
copd:0.00;-0.010487522765866812
dementia:0.00;-0.028210416330382355
cancer:0.00;-0.003885683763693413
