Features;Individual Effect
age;0.22609999246039708
race;-0.013454407478935879
sex;0.10801707073631939
hypertension;-0.011346107362958768
hyperlipidemia;-0.026473592309127138
diabetes;0.004339673231904123
coronary.artery.disease;0.07481475246404287
chf;0.0067372682509791
cerebrovascular.disease;0.04555731939329173
hepatitis;0.003230747764136172
endstage.renal.disease;0.014653074776236393
chronic.kidney.disease;-0.06308604180659555
asthma;-0.007544785264021209
copd;0.029235215871428265
dementia;-0.02523948936407175
cancer;0.03552849621329208
