Features;Individual Effect
age;-0.14235387232622337
race;-0.04859004478736317
sex;0.06545257899605378
hypertension;-0.017480920924118282
hyperlipidemia;-0.03719081958088766
diabetes;-0.023825417151308276
coronary.artery.disease;-0.06918895817693033
chf;-0.04450416022949752
cerebrovascular.disease;0.028216371707738514
hepatitis;0.020411293297220676
endstage.renal.disease;0.004202803357296839
chronic.kidney.disease;0.007164877471236512
asthma;-0.0035528208040932
copd;0.021461166509131636
dementia;-0.10346291287067472
cancer;0.011435931248214182
