Features;Individual Effect
age:79.00;-0.007488343842783826
race:black;-0.008788459832654097
sex:female;0.12646911900592553
hypertension:1.00;-0.020735953343576866
hyperlipidemia:1.00;0.09523383548722465
diabetes:0.00;0.053017839864203
coronary.artery.disease:0.00;0.0619598249320445
chf:0.00;0.000817713719174544
cerebrovascular.disease:0.00;-0.006881562098701983
hepatitis:0.00;0.015976624908045724
endstage.renal.disease:0.00;0.03887388195282998
chronic.kidney.disease:0.00;-0.007738236117076547
asthma:0.00;-0.027750867725721717
copd:1.00;0.005959220399503981
dementia:0.00;0.009509347270678172
cancer:0.00;-0.027172338516704555
