Features;Individual Effect
age;-0.14955993926436853
race;-0.0006496574682951298
sex;-0.042350124403615456
hypertension;0.0033742951439298327
hyperlipidemia;-0.04807360176750641
diabetes;-0.024323475578791144
coronary.artery.disease;0.05369411452471788
chf;-0.016038730335771675
cerebrovascular.disease;0.058607340233818875
hepatitis;0.014010256216139516
endstage.renal.disease;-0.009593439445485524
chronic.kidney.disease;-0.02235184478143206
asthma;0.03760797590148672
copd;-0.02280976101408345
dementia;-0.021696222089293855
cancer;-0.07338613602236739
