Features;Individual Effect
age:33.00;0.3317949016513983
race:white;-0.021360158062622713
sex:female;0.10950260437124752
hypertension:0.00;-0.04267364404660315
hyperlipidemia:0.00;0.0039728745649012034
diabetes:0.00;0.045833430793515366
coronary.artery.disease:0.00;0.03172420177172188
chf:0.00;0.00022659784309570332
cerebrovascular.disease:0.00;-0.03551036926400631
hepatitis:0.00;0.010362699120203723
endstage.renal.disease:0.00;-0.00812021485869271
chronic.kidney.disease:0.00;-0.012575585851106241
asthma:0.00;-0.0026654032637348736
copd:0.00;-0.04209566677721952
dementia:0.00;0.06936976577109107
cancer:0.00;0.034819679975060476
