Features;Individual Effect
age:62.00;-0.0766414365686972
race:black;0.006591267585069123
sex:female;-0.0270482434076715
hypertension:1.00;-0.028535728817142884
hyperlipidemia:0.00;-0.00772067424057829
diabetes:1.00;-0.10499849445875417
coronary.artery.disease:0.00;0.052208690101580205
chf:0.00;-0.033998766967517934
cerebrovascular.disease:0.00;0.039701078623717155
hepatitis:0.00;0.005752521666085751
endstage.renal.disease:0.00;-0.012470950755397725
chronic.kidney.disease:0.00;-0.01097068664644937
asthma:0.00;-0.05939874990042058
copd:0.00;0.008616883571402969
dementia:0.00;-0.02137164242311211
cancer:0.00;0.008493484292474061
