Features;Individual Effect
age:65.00;-0.04057248549752143
race:black;-0.013491100366925326
sex:male;-0.07776096369706308
hypertension:1.00;0.013129045786093689
hyperlipidemia:0.00;0.009805710675277551
diabetes:1.00;-0.0729152306212817
coronary.artery.disease:0.00;0.0403732724566404
chf:0.00;-0.010440379595298872
cerebrovascular.disease:0.00;-0.023905936631982663
hepatitis:0.00;0.027765329713520248
endstage.renal.disease:1.00;-0.09051810008953293
chronic.kidney.disease:0.00;-0.005747238147690033
asthma:0.00;0.024409460349943825
copd:0.00;0.05654730940763111
dementia:0.00;0.0036798055855793658
cancer:0.00;0.016390271556846296
