Features;Individual Effect
age:25.00;0.31604260372563425
race:white;0.005531933298789808
sex:female;0.037940369228758944
hypertension:0.00;-0.01690782383369032
hyperlipidemia:0.00;0.004392070227526726
diabetes:0.00;0.03295451763690913
coronary.artery.disease:0.00;0.10421945836530011
chf:0.00;-0.01185130222083442
cerebrovascular.disease:0.00;0.005577932475605982
hepatitis:0.00;0.008465760795792115
endstage.renal.disease:0.00;0.0028322344990239084
chronic.kidney.disease:0.00;-0.0022666302565126847
asthma:0.00;0.012975618755499982
copd:0.00;0.0019014815096574638
dementia:0.00;0.0365389347112622
cancer:0.00;0.007446092128193291
