Features;Individual Effect
age:89.00;-0.287817527748107
race:white;-0.03868268780650315
sex:male;-0.07172965278847362
hypertension:0.00;0.05255157797017661
hyperlipidemia:0.00;-0.011515472768543542
diabetes:0.00;0.049179544519176284
coronary.artery.disease:0.00;0.039249522555160225
chf:0.00;-0.02528654350111807
cerebrovascular.disease:0.00;0.018713868285862755
hepatitis:0.00;-0.023202434298711584
endstage.renal.disease:0.00;0.01665645679365263
chronic.kidney.disease:0.00;0.02476845371138852
asthma:0.00;0.007798276959230646
copd:0.00;-0.007375235825821247
dementia:0.00;-0.0330689120641307
cancer:0.00;0.005247449332401599
