Features;Individual Effect
age;-0.28189637869325884
race;0.06106741791144013
sex;0.03632311796846671
hypertension;-0.09506551270143257
hyperlipidemia;-0.01601273799021735
diabetes;-0.05033843009518905
coronary.artery.disease;0.033982613268980326
chf;0.0025639810373354645
cerebrovascular.disease;0.009805581294077024
hepatitis;0.00029159693317002897
endstage.renal.disease;-0.03839914779345391
chronic.kidney.disease;-0.003420579679010087
asthma;-0.05619603901870366
copd;-0.013692263886430106
dementia;0.009390800729177605
cancer;-0.015343606644779389
