Features;Individual Effect
age:53.00;0.05421998619153357
race:white;-0.04646345719196503
sex:male;-0.06497974838540706
hypertension:0.00;-0.090105902477114
hyperlipidemia:0.00;-0.03898863611504163
diabetes:0.00;-0.019838864215616876
coronary.artery.disease:0.00;0.0156569059191711
chf:1.00;-0.0519559246780002
cerebrovascular.disease:0.00;-8.108696201053131e-05
hepatitis:0.00;0.02983679110536732
endstage.renal.disease:0.00;0.02077949756846234
chronic.kidney.disease:0.00;-0.0024917430464951734
asthma:0.00;0.010787554492131389
copd:0.00;-0.043025199244849155
dementia:0.00;-0.034887980789496884
cancer:1.00;-0.13910347555683344
