Features;Individual Effect
age;0.0007712689892312662
race;-0.015617127337414397
sex;-0.06372116828462554
hypertension;-0.018792052088911552
hyperlipidemia;-0.03323794433525409
diabetes;-0.016223276722878457
coronary.artery.disease;-0.17665925670024876
chf;0.00437020786892893
cerebrovascular.disease;-0.005519089507782422
hepatitis;0.02437834974058772
endstage.renal.disease;0.005143996089599773
chronic.kidney.disease;0.024383249111425323
asthma;0.03550958005604951
copd;-0.07434245416473853
dementia;0.009300674903921342
cancer;0.014317935387987517
