Features;Individual Effect
age:83.00;-0.13608679312492544
race:black;-0.07417332619377279
sex:male;-0.0980023585671137
hypertension:0.00;-0.023307854344919828
hyperlipidemia:0.00;0.047096775156817365
diabetes:0.00;0.05207756668838574
coronary.artery.disease:0.00;0.035011279915592344
chf:0.00;0.015501163510638991
cerebrovascular.disease:0.00;0.04662360805021532
hepatitis:0.00;-0.005609653549618978
endstage.renal.disease:0.00;-0.03826858340564727
chronic.kidney.disease:0.00;0.032443339703574284
asthma:0.00;-0.012110671138307858
copd:0.00;-0.04972965853443127
dementia:0.00;0.03451784127557003
cancer:0.00;-0.01702398184570182
