Features;Individual Effect
age;-0.21118167048197106
race;-0.07895191705083188
sex;0.011368381356966648
hypertension;-0.09124584424956361
hyperlipidemia;0.002726505001180872
diabetes;0.01843333945130048
coronary.artery.disease;0.07534779309591544
chf;-0.0100435716185669
cerebrovascular.disease;-0.01480137565128152
hepatitis;0.006911218881424579
endstage.renal.disease;-0.016473227979710844
chronic.kidney.disease;0.014307363201148018
asthma;-0.04293493057737088
copd;0.015553937462117449
dementia;0.00019843482162213225
cancer;-0.0157816171816365
