Features;Individual Effect
age;0.07040176705926485
race;0.12538144568354712
sex;-0.03723964812014505
hypertension;0.017735861888870424
hyperlipidemia;0.038600592746787475
diabetes;0.05742505085518733
coronary.artery.disease;0.06894072983473476
chf;-0.02025732300483874
cerebrovascular.disease;-0.030964100496216847
hepatitis;0.030411674904817554
endstage.renal.disease;0.018672862247026807
chronic.kidney.disease;-0.029247881218330156
asthma;-0.003029683029861688
copd;-0.012319985117910853
dementia;-0.017427418560553395
cancer;0.02742444828455065
