Features;Individual Effect
age;-0.14551202137269742
race;-0.08116538199983939
sex;-0.05565056938285731
hypertension;0.06800054890088315
hyperlipidemia;-0.00910084763631587
diabetes;-0.03667992143721801
coronary.artery.disease;-0.13053294672122545
chf;-0.019080161772156493
cerebrovascular.disease;0.0279647514058814
hepatitis;-0.04575655599429974
endstage.renal.disease;0.023939445653180572
chronic.kidney.disease;-0.0004244448640252155
asthma;-0.016942160486070296
copd;-0.0613021885363651
dementia;-0.0333855596236027
cancer;0.0014660284791512684
