Features;Individual Effect
age:67.00;0.0007240104504506006
race:white;-0.054947932660087476
sex:male;-0.09811705720158037
hypertension:0.00;-0.08247929930661145
hyperlipidemia:0.00;0.02060770861598772
diabetes:0.00;0.0121064251776824
coronary.artery.disease:1.00;-0.2177277826761505
chf:0.00;-0.09033607889393568
cerebrovascular.disease:0.00;-0.007444557108513258
hepatitis:0.00;0.006495910695538766
endstage.renal.disease:0.00;0.03068126569553884
chronic.kidney.disease:0.00;0.007315567349386026
asthma:0.00;0.008119843210673591
copd:0.00;0.010676614482230149
dementia:0.00;0.07319059967524746
cancer:0.00;0.001998432561428176
