Features;Individual Effect
age:27.00;0.3614936615482078
race:white;-0.0021475087182623517
sex:female;0.034440226995249
hypertension:0.00;-0.023062297335854225
hyperlipidemia:0.00;-0.02252970453935757
diabetes:0.00;0.03634222995510772
coronary.artery.disease:0.00;0.019807815629628665
chf:0.00;0.00325728720141514
cerebrovascular.disease:0.00;0.03183131765755896
hepatitis:0.00;0.013306579628798202
endstage.renal.disease:0.00;0.0306240206538273
chronic.kidney.disease:0.00;-0.056728290030358314
asthma:0.00;0.010153049737647189
copd:0.00;0.009278708967079073
dementia:0.00;0.03597537465911686
cancer:0.00;0.012794409524256624
