Features;Individual Effect
age:89.00;-0.1410070978872831
race:white;0.005333877446503155
sex:male;-0.007484250058480772
hypertension:1.00;0.042490121351392664
hyperlipidemia:0.00;-0.05728899278802742
diabetes:0.00;0.00031681324433128696
coronary.artery.disease:1.00;0.013271986176735088
chf:1.00;0.15620602776715056
cerebrovascular.disease:0.00;-0.03220612900928059
hepatitis:0.00;0.02124604188177784
endstage.renal.disease:0.00;0.042498965430025494
chronic.kidney.disease:0.00;0.07251425435697334
asthma:0.00;-0.021820732689358288
copd:0.00;-0.015054652140906656
dementia:0.00;-0.03177425178581707
cancer:0.00;0.013498055695663033
