Features;Individual Effect
age;-0.06857576462179005
race;-0.05124300282707909
sex;-0.05517995561527443
hypertension;-0.05086188720606753
hyperlipidemia;-0.01623053092061798
diabetes;0.058572170318366645
coronary.artery.disease;0.03614478023750471
chf;0.0008621959667686058
cerebrovascular.disease;0.07098433061846827
hepatitis;-0.038102855582222366
endstage.renal.disease;0.02859029879167227
chronic.kidney.disease;-0.023006391235103677
asthma;0.0241670666547357
copd;-0.017012716322523876
dementia;-0.01738690627898771
cancer;-0.1121010860848139
