Features;Individual Effect
age;0.1252067036129933
race;-0.014987977949266831
sex;0.061900018760569525
hypertension;0.04731935050897722
hyperlipidemia;0.07992737065015987
diabetes;0.06652723396060703
coronary.artery.disease;0.0750631588393413
chf;0.00026192075990943975
cerebrovascular.disease;-0.013034110304714708
hepatitis;-0.038339592939727274
endstage.renal.disease;-0.006733273076402481
chronic.kidney.disease;-0.04181465286098299
asthma;0.02682688441497632
copd;-0.005431205189013907
dementia;-0.012783725416536535
cancer;0.02328970125588118
