Features;Individual Effect
age:83.00;-0.06947886403079427
race:black;0.015932705229872352
sex:female;0.06155853833849867
hypertension:1.00;0.01730450451959016
hyperlipidemia:1.00;-0.045414809497105024
diabetes:1.00;-0.012674569224677731
coronary.artery.disease:0.00;0.048304032567311736
chf:1.00;0.018279405530577185
cerebrovascular.disease:1.00;-0.18065862727780077
hepatitis:0.00;0.0070382330282299475
endstage.renal.disease:0.00;-0.026999866033606542
chronic.kidney.disease:0.00;0.009994696970601208
asthma:0.00;0.00967474613159006
copd:0.00;-0.007583205525905971
dementia:0.00;-0.024653117102185547
cancer:0.00;0.00928371277848233
