Features;Individual Effect
age;-0.16543652948095727
race;-0.008776282997618245
sex;0.07159725620357743
hypertension;-0.009137109789545943
hyperlipidemia;0.004278470916920867
diabetes;0.023344545531686894
coronary.artery.disease;0.0513981525912952
chf;-0.017791229708085984
cerebrovascular.disease;0.01794608013529489
hepatitis;0.009964529500714778
endstage.renal.disease;-0.004372747339472356
chronic.kidney.disease;0.03369945547740754
asthma;-0.034917240256116026
copd;-0.006987038835619728
dementia;-0.03840636238178712
cancer;0.006184267463181609
