Features;Individual Effect
age:44.00;0.3219331748769872
race:white;-0.0036853869540980997
sex:male;-0.0125905240430534
hypertension:1.00;0.011915871587862234
hyperlipidemia:1.00;0.053878204621219845
diabetes:1.00;0.03659553084836953
coronary.artery.disease:1.00;0.01296881468516578
chf:0.00;-0.041224418948329386
cerebrovascular.disease:0.00;0.00963174579425355
hepatitis:1.00;-0.0809268685572741
endstage.renal.disease:0.00;0.05625660910145792
chronic.kidney.disease:0.00;-0.003458999109869065
asthma:0.00;0.018477669694896025
copd:0.00;0.001855225194652005
dementia:0.00;0.0044226009809931535
cancer:1.00;-0.014677375941418838
