Features;Individual Effect
age:39.00;0.2643070316959611
race:black;-0.034065730248954644
sex:female;0.13426913100705096
hypertension:1.00;0.005785890685176813
hyperlipidemia:0.00;-0.018591298156682822
diabetes:1.00;-0.05985344048992357
coronary.artery.disease:0.00;0.037294899616410776
chf:0.00;0.05815832407434525
cerebrovascular.disease:0.00;0.01063703667224415
hepatitis:0.00;-0.00728320316083947
endstage.renal.disease:0.00;0.0012003017492557824
chronic.kidney.disease:0.00;0.031660271599023106
asthma:0.00;-0.025772859041155293
copd:1.00;-0.017183319325897003
dementia:0.00;-0.008275466293489464
cancer:0.00;0.0068873353546088445
