Features;Individual Effect
age;-0.0013459952296214028
race;-0.02477804569070617
sex;0.11669733230226045
hypertension;-0.04537443286413815
hyperlipidemia;-0.023977713008846453
diabetes;-0.03483167139669521
coronary.artery.disease;-0.17114371232318148
chf;-0.016707162142327155
cerebrovascular.disease;-0.037090990315608585
hepatitis;0.01254148746234347
endstage.renal.disease;-0.028500272065045372
chronic.kidney.disease;0.009335423574196748
asthma;0.027213058254431557
copd;0.013027974848986178
dementia;0.015530333906398026
cancer;0.0027981566847108293
