Features;Individual Effect
age;-0.16099089644064074
race;-0.006084839427230732
sex;-0.038689003073343275
hypertension;0.042979815750343736
hyperlipidemia;-0.0370648273226699
diabetes;-0.1260502759333066
coronary.artery.disease;-0.08232219129522586
chf;0.010704278867063079
cerebrovascular.disease;-5.662674499189689e-05
hepatitis;0.07460892950799444
endstage.renal.disease;0.021511395129779298
chronic.kidney.disease;0.014132342489636723
asthma;0.011485345568993761
copd;-0.030164593325885596
dementia;-0.08218523395781588
cancer;-0.01573559298947785
