Features;Individual Effect
age;-0.2107626397583101
race;-0.06657515204961251
sex;0.02526331798465647
hypertension;0.06699203914129773
hyperlipidemia;-0.046394777296575956
diabetes;-0.024751093517970387
coronary.artery.disease;-0.17667116543758404
chf;0.00045768818050652416
cerebrovascular.disease;0.024773535076754782
hepatitis;-0.009805911965806113
endstage.renal.disease;-0.0512701202766796
chronic.kidney.disease;0.03311664525231722
asthma;-0.0007328971511965238
copd;-0.018713840094981577
dementia;-0.046674447324161455
cancer;0.03009232303012279
