Features;Individual Effect
age:54.00;0.2676615830811954
race:black;0.021402826139328646
sex:female;0.01624684411365594
hypertension:1.00;0.02645606941221095
hyperlipidemia:0.00;0.004419694163626421
diabetes:1.00;-0.041265595720965116
coronary.artery.disease:0.00;0.03587886949387965
chf:0.00;-0.01089456516387165
cerebrovascular.disease:0.00;0.005279699444107112
hepatitis:0.00;0.0020900298949979796
endstage.renal.disease:0.00;0.008170066133995325
chronic.kidney.disease:1.00;-0.021915722074770633
asthma:0.00;0.0035054279215350195
copd:0.00;0.01481569586295713
dementia:0.00;-0.005096080364764593
cancer:0.00;0.008664386694952847
