Features;Individual Effect
age;-0.0279674375395104
race;-0.06794181277915701
sex;0.061082703240171746
hypertension;0.03280800563834847
hyperlipidemia;-0.0040072757326666975
diabetes;-0.006936318025324944
coronary.artery.disease;0.044096164405776614
chf;-0.06293987334315942
cerebrovascular.disease;0.043556294521345185
hepatitis;-0.052977188445085976
endstage.renal.disease;-0.01655825967816991
chronic.kidney.disease;-0.0040579859807855605
asthma;-0.005642160095212246
copd;0.009915168261406159
dementia;-0.0342437310754947
cancer;0.01052672880898281
