Features;Individual Effect
age;-0.20158359766435388
race;-0.04168585662030786
sex;-0.07496756276019337
hypertension;0.021432111476149988
hyperlipidemia;0.012443268600810676
diabetes;0.038319278173780356
coronary.artery.disease;-0.07241892417731582
chf;0.016476707633226215
cerebrovascular.disease;-0.012240916093409193
hepatitis;0.010137938901646574
endstage.renal.disease;0.006700650276754476
chronic.kidney.disease;-0.0293777101894597
asthma;0.0011735223000108753
copd;0.005508916987239572
dementia;-0.07655216979343628
cancer;0.07096275814899106
