Features;Individual Effect
age:75.00;-0.270902235977913
race:black;0.016944313705475
sex:female;0.026797252898362958
hypertension:1.00;0.005378717794076832
hyperlipidemia:0.00;-0.021957176169333004
diabetes:1.00;-0.08787666729210866
coronary.artery.disease:0.00;0.10070636281427973
chf:0.00;-0.018199182316343012
cerebrovascular.disease:0.00;-0.006560335493267077
hepatitis:0.00;-0.05193246646405327
endstage.renal.disease:0.00;0.009375892716291889
chronic.kidney.disease:0.00;-0.059232277373926945
asthma:0.00;0.03347986827633399
copd:0.00;0.004608737795840893
dementia:0.00;0.013678257386508057
cancer:0.00;0.037889612674886344
