Features;Individual Effect
age;-0.08649068939925575
race;-0.012246530762860988
sex;-0.01134960955691439
hypertension;-0.030226507560147695
hyperlipidemia;-0.026628612901776153
diabetes;0.011105097901675359
coronary.artery.disease;0.05941760203874998
chf;-0.026279356905227782
cerebrovascular.disease;0.01259330963508248
hepatitis;-0.2335949382615646
endstage.renal.disease;0.042931597618849626
chronic.kidney.disease;-0.04298607956370491
asthma;-0.0019677615973401324
copd;-0.006386658871288321
dementia;0.059365399266701334
cancer;0.03466608639865899
