Features;Individual Effect
age;-0.004194228101612387
race;-0.037155674296840344
sex;0.020157297235193113
hypertension;-0.059572808989403654
hyperlipidemia;-0.03169528893529031
diabetes;-0.049503669770657246
coronary.artery.disease;-0.15021062492014986
chf;-0.00337741993101371
cerebrovascular.disease;0.04128442899033532
hepatitis;0.008028724015004068
endstage.renal.disease;-0.010652749406007703
chronic.kidney.disease;-0.018698773762882624
asthma;0.018384960790799633
copd;0.025819510208037008
dementia;-0.10126212786674704
cancer;-0.033277565863163404
