Features;Individual Effect
age;0.030958103645264703
race;-0.037729108144803625
sex;-0.01698576267755405
hypertension;0.03682255777693917
hyperlipidemia;0.09868711287441048
diabetes;0.016603547727518292
coronary.artery.disease;0.0992651801696257
chf;-0.012571929059764357
cerebrovascular.disease;-0.012486345480996117
hepatitis;-0.010733006142055277
endstage.renal.disease;-0.004355555419183208
chronic.kidney.disease;0.0061114593807863275
asthma;-0.04726627136057096
copd;-0.01516983446099336
dementia;0.00727162937092715
cancer;-0.11351208643691042
