Features;Individual Effect
age:64.00;0.07607888830748133
race:black;-0.022515138650311545
sex:female;0.08850938804608856
hypertension:1.00;0.017025559917264173
hyperlipidemia:0.00;0.03805388115033488
diabetes:1.00;-0.007248813279274113
coronary.artery.disease:0.00;0.04178233796364873
chf:0.00;0.01964947084676954
cerebrovascular.disease:0.00;-0.018780205276908293
hepatitis:0.00;0.006159407654210529
endstage.renal.disease:0.00;-0.0037254396993473392
chronic.kidney.disease:0.00;0.004879860403929388
asthma:0.00;-0.03279353543514292
copd:0.00;0.049481287274334915
dementia:0.00;0.005736841422879847
cancer:0.00;0.005537010210775109
