Features;Individual Effect
age;0.06783251646720838
race;-0.04350693950284909
sex;-0.11434806228716529
hypertension;0.014245645120388468
hyperlipidemia;-0.02687231364190012
diabetes;-0.06772767553755452
coronary.artery.disease;0.0016983114483058379
chf;-0.03956298733673307
cerebrovascular.disease;-0.0370311198711031
hepatitis;-0.004481352078277653
endstage.renal.disease;-0.03662473870381791
chronic.kidney.disease;-0.0010300392064291064
asthma;0.011777375538148574
copd;-0.006576310643282412
dementia;0.03454329909605673
cancer;-0.011183170575538373
