Features;Individual Effect
age:87.00;-0.05894513047847309
race:white;0.029038821137217646
sex:male;0.017993851232143664
hypertension:1.00;0.006890843381315154
hyperlipidemia:0.00;0.1169216532729273
diabetes:0.00;0.025869891737975444
coronary.artery.disease:0.00;0.07202366423220571
chf:0.00;0.0010514399331601372
cerebrovascular.disease:0.00;-0.0017157151535331164
hepatitis:0.00;0.0031316310882111877
endstage.renal.disease:0.00;-0.003944186015491492
chronic.kidney.disease:0.00;0.015990808790313497
asthma:0.00;-0.002925775300060298
copd:0.00;0.05796725328997272
dementia:0.00;-0.004624987033625419
cancer:0.00;0.03584688370521178
