Features;Individual Effect
age:70.00;0.06167266877972672
race:white;-0.022130801889703476
sex:male;-0.051923070719452895
hypertension:0.00;-0.018541963791197297
hyperlipidemia:1.00;0.04078302413920595
diabetes:0.00;0.015426999259181451
coronary.artery.disease:0.00;0.04119045614799502
chf:0.00;0.022743058034072575
cerebrovascular.disease:1.00;0.030694613901198875
hepatitis:0.00;0.0017246487342267997
endstage.renal.disease:0.00;0.01797558623370622
chronic.kidney.disease:0.00;0.016831618120897625
asthma:0.00;0.06485214401137454
copd:1.00;0.05001447910360248
dementia:0.00;0.01635282256441116
cancer:0.00;0.027276274319219897
