Features;Individual Effect
age;-0.06937522194725144
race;0.052288961257076265
sex;0.03863512485670481
hypertension;-0.02069571785076168
hyperlipidemia;0.01231483815314618
diabetes;0.07906452654144687
coronary.artery.disease;0.05242502493166959
chf;-0.01620334047086887
cerebrovascular.disease;0.013815664402583878
hepatitis;-0.0056527296233741045
endstage.renal.disease;0.018594645635452545
chronic.kidney.disease;0.020530907339141966
asthma;-0.007255939998252525
copd;-0.04960360203743317
dementia;0.01629096484516652
cancer;0.029861745129759157
