Features;Individual Effect
age:78.00;-0.20528300301039384
race:other;-0.07645277566211442
sex:male;-0.0492564782418041
hypertension:0.00;-0.043766549793515505
hyperlipidemia:0.00;-0.00987820287447869
diabetes:0.00;0.04586935669568697
coronary.artery.disease:1.00;-0.16875576693332636
chf:0.00;-0.03655558076300129
cerebrovascular.disease:0.00;0.006615435444535581
hepatitis:0.00;-0.0003610773376267473
endstage.renal.disease:0.00;-0.02467817790561195
chronic.kidney.disease:0.00;0.034125344937332984
asthma:0.00;0.0005058212713759912
copd:0.00;0.03284658345788459
dementia:0.00;0.02241228652741753
cancer:0.00;-0.0016999742489738068
