Features;Individual Effect
age:53.00;0.2478057728059301
race:black;0.015456439839012133
sex:female;0.041606250159450464
hypertension:1.00;0.027298421115758364
hyperlipidemia:0.00;0.020552719135685685
diabetes:0.00;0.003367295170672859
coronary.artery.disease:0.00;0.03785130056146454
chf:0.00;0.021221509733795857
cerebrovascular.disease:0.00;0.03427019916950527
hepatitis:0.00;0.004545101907473214
endstage.renal.disease:0.00;0.014036412895539504
chronic.kidney.disease:0.00;-0.016475013312835293
asthma:0.00;0.013680148801489857
copd:0.00;0.0010442260215191169
dementia:0.00;0.026369437099089392
cancer:0.00;0.00022730464810892179
