Features;Individual Effect
age:59.00;0.050836574970079984
race:black;0.03810681981717447
sex:male;-0.08361231654211235
hypertension:0.00;-0.01957491634696983
hyperlipidemia:0.00;-0.009540294255153965
diabetes:0.00;0.032731867318687845
coronary.artery.disease:0.00;0.08997483727476947
chf:0.00;-0.045682456591302004
cerebrovascular.disease:0.00;0.025774302571605213
hepatitis:0.00;0.02213109877776668
endstage.renal.disease:1.00;0.20763510370881344
chronic.kidney.disease:0.00;-0.007813444847667245
asthma:0.00;-0.038639219976675215
copd:0.00;-0.004499319079999228
dementia:0.00;0.026465578143345436
cancer:0.00;0.05150286563420868
