Features;Individual Effect
age;-0.06370083696012846
race;0.0456902431665272
sex;0.047215246329794826
hypertension;-6.240951744370879e-05
hyperlipidemia;0.11792609051282756
diabetes;0.0035084323723614703
coronary.artery.disease;-0.02113338778531988
chf;0.017112251082238017
cerebrovascular.disease;-0.03466853937577073
hepatitis;-0.03399423604750426
endstage.renal.disease;-0.0777451105474561
chronic.kidney.disease;0.03449295987715223
asthma;0.07257367390868598
copd;0.123977521384519
dementia;0.011603231455505602
cancer;-0.0009177469115472514
