Features;Individual Effect
age:80.00;-0.10275863390425348
race:black;0.041628541880236604
sex:male;0.007245665789586742
hypertension:1.00;0.03983244307311842
hyperlipidemia:1.00;0.10805403855578152
diabetes:1.00;-0.009539784445948597
coronary.artery.disease:1.00;-0.07159319570597436
chf:0.00;-0.01756647191353668
cerebrovascular.disease:0.00;-0.015748862586477598
hepatitis:0.00;0.006436618913207331
endstage.renal.disease:1.00;0.1298119458025983
chronic.kidney.disease:0.00;0.012738163798282668
asthma:0.00;0.010974550267668106
copd:0.00;-0.009775584504561476
dementia:0.00;-0.0537845339927588
cancer:0.00;0.029642603571366187
