Features;Individual Effect
age;0.01804578449179567
race;-0.05098392154840811
sex;-0.06622756173764442
hypertension;-0.01546468731432728
hyperlipidemia;0.0336774746936299
diabetes;0.010961103012284795
coronary.artery.disease;-0.12791407782197234
chf;-0.08790791203242827
cerebrovascular.disease;0.018300610804123006
hepatitis;0.04068984970624185
endstage.renal.disease;0.05985955224879572
chronic.kidney.disease;0.0017547336267452716
asthma;-0.013478870657035789
copd;-0.012429009610317468
dementia;-0.005195638939750641
cancer;-0.06635003647155609
