Features;Individual Effect
age;0.17925003527515385
race;0.05643894284455391
sex;-0.031581784574386415
hypertension;-0.015525613109933962
hyperlipidemia;0.017427987078422323
diabetes;0.118432158248264
coronary.artery.disease;0.036276655066322674
chf;-0.008317354055458297
cerebrovascular.disease;-0.035544064992015165
hepatitis;-0.04442092144534021
endstage.renal.disease;-0.019435794182405954
chronic.kidney.disease;0.008302168067318653
asthma;-0.0017492343853300132
copd;0.025725309154942724
dementia;-0.0010454725941063947
cancer;0.06707257247416551
