Features;Individual Effect
age;-0.07948506128362444
race;0.10102001968700436
sex;0.11244884581507456
hypertension;0.04725354346935073
hyperlipidemia;-0.01759429042702835
diabetes;0.01548090493832913
coronary.artery.disease;0.0012573005541483759
chf;0.015246658322617762
cerebrovascular.disease;0.01904373119662839
hepatitis;-0.059496333690184894
endstage.renal.disease;0.03855500625683324
chronic.kidney.disease;0.06380535965853601
asthma;-0.021494466095273425
copd;-0.03917607393523916
dementia;0.04467521743375473
cancer;-0.010459630004805369
