Features;Individual Effect
age:79.00;-0.13106034282009024
race:black;0.020993852843262686
sex:male;-0.03495931964117242
hypertension:1.00;-0.04047815165823833
hyperlipidemia:0.00;0.006822962227383382
diabetes:1.00;-0.026829314020982455
coronary.artery.disease:0.00;0.08518068751161638
chf:0.00;-0.053707767145689984
cerebrovascular.disease:0.00;0.03929010543496153
hepatitis:0.00;-0.02413946992368248
endstage.renal.disease:0.00;-0.003261250135926999
chronic.kidney.disease:0.00;0.016801555061598875
asthma:0.00;-0.010808211880081197
copd:0.00;-0.012049428946368429
dementia:0.00;-0.013578459623952396
cancer:0.00;-0.013680026930974278
