Features;Individual Effect
age:52.00;0.08967791934126311
race:white;-0.030216007217469157
sex:female;0.01557054641068172
hypertension:0.00;-0.0014518945107805112
hyperlipidemia:0.00;-0.027112294642060962
diabetes:0.00;0.009086167770314868
coronary.artery.disease:1.00;-0.13760857188062162
chf:1.00;0.11214304307143064
cerebrovascular.disease:0.00;-0.002318387172126438
hepatitis:0.00;0.025725393238641238
endstage.renal.disease:0.00;-0.013986468776558177
chronic.kidney.disease:0.00;0.041709991948724004
asthma:0.00;-0.040114437792095725
copd:0.00;0.01255018751629636
dementia:0.00;0.011270203407230115
cancer:0.00;-0.04795951335492994
