Features;Individual Effect
age:65.00;0.17760979607668556
race:white;-0.037676152872339996
sex:female;0.025066140490778675
hypertension:1.00;0.01848202644609439
hyperlipidemia:0.00;0.0015679651879542452
diabetes:1.00;0.02021455691313347
coronary.artery.disease:1.00;-0.13589769242553038
chf:0.00;0.009749200566794267
cerebrovascular.disease:0.00;0.022306326254778814
hepatitis:0.00;0.012767093237892914
endstage.renal.disease:0.00;0.012015610334511793
chronic.kidney.disease:0.00;0.016093308818391525
asthma:0.00;0.009169988396192432
copd:0.00;0.014489716575148252
dementia:0.00;0.005162455855270699
cancer:0.00;0.036657212191860265
