Features;Individual Effect
age;0.17321761958671292
race;0.05539016929410828
sex;-0.05225711362919986
hypertension;-0.017578475444035322
hyperlipidemia;-0.0017177763903483169
diabetes;0.034826284404894645
coronary.artery.disease;0.05100552614931103
chf;0.04902886495184111
cerebrovascular.disease;-0.0011124789760545498
hepatitis;-0.011807440705393382
endstage.renal.disease;-0.007143015402625352
chronic.kidney.disease;0.034048382138460634
asthma;-0.0016809154061353145
copd;0.049971186555603245
dementia;0.006386021014920203
cancer;-0.03878251225765199
