Features;Individual Effect
age:79.00;-0.23324191405835898
race:black;0.05594285762620258
sex:male;-0.03722036589978103
hypertension:1.00;-0.16605432862587124
hyperlipidemia:0.00;-0.024488132713734647
diabetes:0.00;-0.04250291056452105
coronary.artery.disease:0.00;0.05663261616776408
chf:0.00;-0.007023975565289426
cerebrovascular.disease:0.00;0.010297446810765172
hepatitis:0.00;0.001235278878710867
endstage.renal.disease:0.00;0.01560660685986254
chronic.kidney.disease:0.00;-0.03256791010417518
asthma:0.00;0.002938097298096767
copd:0.00;-0.031118278747579407
dementia:0.00;0.01063751631211915
cancer:0.00;0.00936967266687034
