Features;Individual Effect
age:60.00;0.1396943946953946
race:black;0.026422373719326472
sex:male;-0.0464085324320984
hypertension:1.00;0.022291225565789052
hyperlipidemia:0.00;-0.028322061337000225
diabetes:0.00;0.0627580793572744
coronary.artery.disease:0.00;0.06155983982235601
chf:0.00;0.003516041388610858
cerebrovascular.disease:0.00;0.0014291329720659534
hepatitis:0.00;-0.008723796497527053
endstage.renal.disease:0.00;-0.048082505106077374
chronic.kidney.disease:0.00;-0.004686127650240816
asthma:0.00;0.01685001366610598
copd:0.00;-0.04568858776820116
dementia:0.00;0.05828530172614476
cancer:0.00;0.03564043170748957
