Features;Individual Effect
age;-0.0637296910998739
race;-0.038352736076462904
sex;-0.05381746646412587
hypertension;-0.03009482349869249
hyperlipidemia;-0.008947066431468646
diabetes;-0.01211874171845094
coronary.artery.disease;0.001581874924091637
chf;0.042375154124052794
cerebrovascular.disease;0.03189774987780965
hepatitis;0.03787397433282155
endstage.renal.disease;-0.0529416895507666
chronic.kidney.disease;0.0046058667077960615
asthma;-0.20070028443234542
copd;-0.035308292667541756
dementia;0.0007107612670469408
cancer;0.04929186641922588
