Features;Individual Effect
age;0.31512503882874365
race;0.0276923181801247
sex;0.0393302789619253
hypertension;-0.014707557040503638
hyperlipidemia;0.04202376297690913
diabetes;0.03253841668466162
coronary.artery.disease;0.06979446405172943
chf;-0.03509994712065399
cerebrovascular.disease;0.00400826266696057
hepatitis;-0.013691754952869398
endstage.renal.disease;-0.013198024474272495
chronic.kidney.disease;-0.003748993991362401
asthma;-0.037479651658391774
copd;-0.0028435127119262743
dementia;0.05642653193776023
cancer;0.07742089395526076
