Features;Individual Effect
age:89.00;-0.18641293883650545
race:white;-0.05621043595782367
sex:female;-0.029527867079901245
hypertension:1.00;-0.0037279724533190485
hyperlipidemia:1.00;0.004962778550057983
diabetes:1.00;-0.007884455316459574
coronary.artery.disease:1.00;-0.08888008116358304
chf:1.00;0.02628473654448881
cerebrovascular.disease:1.00;-0.016022882486551066
hepatitis:0.00;0.018493724926971652
endstage.renal.disease:0.00;0.020604549775909232
chronic.kidney.disease:0.00;-0.03149025914941671
asthma:0.00;-0.021064015490075656
copd:0.00;-0.014343137382567922
dementia:0.00;0.016089101054040773
cancer:0.00;0.02554462670452272
