Features;Individual Effect
age;-0.0710866492838215
race;-0.053393291819666136
sex;-0.02487327166044863
hypertension;-0.038959430423184775
hyperlipidemia;-0.029823802613366666
diabetes;-0.05362017739738903
coronary.artery.disease;0.014816928064528015
chf;-0.014573222614497682
cerebrovascular.disease;-0.015187028392930249
hepatitis;0.005219538743322122
endstage.renal.disease;-0.02009178374800864
chronic.kidney.disease;-0.0449462815854506
asthma;0.018454868498421345
copd;-0.011145887989158408
dementia;0.0032774417948120554
cancer;-0.16032027806778223
