Features;Individual Effect
age;0.04595299919320003
race;0.05166782387049594
sex;-0.02663614445894313
hypertension;0.021897799988664497
hyperlipidemia;-0.019192648929983538
diabetes;-0.007230487105882536
coronary.artery.disease;0.03138180512706573
chf;0.033775354670365035
cerebrovascular.disease;-0.01890235249013153
hepatitis;0.03809637764864093
endstage.renal.disease;-0.025359721367474383
chronic.kidney.disease;-0.004912128967441247
asthma;-0.031248059213953773
copd;0.03231159521185589
dementia;-0.002200301316720766
cancer;0.04735974695053893
