Features;Individual Effect
age;-0.07709442242796906
race;0.010688380050144133
sex;-0.005439381530520332
hypertension;-0.01756627106999871
hyperlipidemia;-0.012477329647244899
diabetes;-0.06543251531185257
coronary.artery.disease;0.030480983324806775
chf;0.027139938759171686
cerebrovascular.disease;0.008860574113434083
hepatitis;0.03139440402262214
endstage.renal.disease;0.02336879293372488
chronic.kidney.disease;0.02671206774344649
asthma;0.017664036479327978
copd;-0.004791354351931747
dementia;-0.034466667973018617
cancer;-0.22034254409054807
