Features;Individual Effect
age;0.24716393194381173
race;0.07588062234662582
sex;-0.05841262423632958
hypertension;0.0929212888140764
hyperlipidemia;0.00505150659550023
diabetes;-0.03849050772660093
coronary.artery.disease;0.06555625063336207
chf;-0.06140614533385046
cerebrovascular.disease;-0.004013350509198866
hepatitis;0.07035795027495657
endstage.renal.disease;-0.013235235384623435
chronic.kidney.disease;-0.041707748352704764
asthma;0.006825549601290936
copd;-0.030406010826799085
dementia;0.009758203079512955
cancer;-0.015439499667522893
