Features;Individual Effect
age;0.04957854472996739
race;0.003832280174147426
sex;0.048142998500878574
hypertension;-0.0806014186940104
hyperlipidemia;-0.01912453797511822
diabetes;-0.0015488926375023249
coronary.artery.disease;-0.1777815001145612
chf;-0.015387426513011634
cerebrovascular.disease;0.0051228750092712876
hepatitis;-0.04503522489942062
endstage.renal.disease;-0.07044571606614111
chronic.kidney.disease;0.0014496810632446122
asthma;0.0044806544560184215
copd;-0.008938321785778835
dementia;0.007632015274714521
cancer;-0.006124297087310191
