Features;Individual Effect
age:78.00;-0.16223510122425683
race:asian;-0.008884010486879694
sex:male;-0.03076941080513798
hypertension:1.00;0.061768675857617694
hyperlipidemia:1.00;0.00543267557584475
diabetes:1.00;0.014385073183146444
coronary.artery.disease:1.00;-0.061390276655345244
chf:1.00;0.002935020829131936
cerebrovascular.disease:0.00;-0.0144464933311448
hepatitis:0.00;0.013956064176760569
endstage.renal.disease:1.00;0.029990677142617838
chronic.kidney.disease:1.00;-0.010458676451750859
asthma:0.00;0.006588444371383617
copd:0.00;-0.016078058217533032
dementia:1.00;-0.08315529021007402
cancer:0.00;0.00015075619652649662
