Features;Individual Effect
age;0.1248012681636866
race;-0.02017353301295035
sex;-0.12319239985334775
hypertension;-0.06084415569554467
hyperlipidemia;0.03740789050222252
diabetes;0.03160062581864127
coronary.artery.disease;0.03034292131671168
chf;-0.018862200120259128
cerebrovascular.disease;0.019511392042715854
hepatitis;-0.10343729167504767
endstage.renal.disease;-0.040735169501995905
chronic.kidney.disease;0.00172004363085166
asthma;0.0022783036154314373
copd;0.009640238375188346
dementia;0.01160325676360557
cancer;0.0116122623207103
