Features;Individual Effect
age;-0.14596940641604353
race;-0.010330002315743509
sex;-0.03948688240226346
hypertension;-0.003836573977860317
hyperlipidemia;-0.00029631134736798887
diabetes;-0.002979980801575543
coronary.artery.disease;0.04862810719388086
chf;-0.005053427032202523
cerebrovascular.disease;0.021870801859747338
hepatitis;0.004229709542341179
endstage.renal.disease;0.008682963467911222
chronic.kidney.disease;-0.012507167503375662
asthma;0.010398894966444413
copd;-0.02711914989054725
dementia;0.06421233381654959
cancer;-0.0069413779322727185
