Features;Individual Effect
age:76.00;-0.11810021468358718
race:white;-0.04319642143201918
sex:male;-0.08567690847533418
hypertension:0.00;-0.020590192814567036
hyperlipidemia:0.00;0.0014476866388196084
diabetes:1.00;-0.040160044534974
coronary.artery.disease:0.00;0.00908114612923561
chf:1.00;-0.021585763546255833
cerebrovascular.disease:0.00;0.02103472836558169
hepatitis:0.00;-0.0008483864588502005
endstage.renal.disease:0.00;-0.0006379887787316962
chronic.kidney.disease:0.00;-0.009650650749979514
asthma:0.00;0.01224952783575576
copd:0.00;-0.053467845339955695
dementia:0.00;0.024306286401931727
cancer:0.00;0.01748444326831804
