Features;Individual Effect
age:27.00;0.33310195535142456
race:white;0.001386876612146662
sex:female;0.013334757802809918
hypertension:0.00;0.0024778092444638494
hyperlipidemia:0.00;0.0032723295579367272
diabetes:0.00;0.014171244370733704
coronary.artery.disease:0.00;0.047767067007067204
chf:0.00;0.033244941136812214
cerebrovascular.disease:0.00;-0.007252725091642119
hepatitis:0.00;0.0021063167884504174
endstage.renal.disease:0.00;0.013535922041864525
chronic.kidney.disease:0.00;0.020091111290383136
asthma:0.00;-0.0028446074462106473
copd:0.00;-0.05341003604017812
dementia:0.00;-0.010365323509941494
cancer:0.00;0.059213763623983576
