Features;Individual Effect
age:27.00;0.2844446715785273
race:black;0.02379550838022538
sex:female;0.047254074469179785
hypertension:0.00;0.008517249587055286
hyperlipidemia:0.00;0.0030446715734911596
diabetes:0.00;0.012053218573466338
coronary.artery.disease:0.00;0.04084133044579634
chf:0.00;0.04307615021857766
cerebrovascular.disease:0.00;0.021584525024311692
hepatitis:0.00;0.0054455089091209555
endstage.renal.disease:0.00;0.0322840570641708
chronic.kidney.disease:0.00;-0.008983704751331329
asthma:0.00;-0.011300968367787274
copd:0.00;-0.0008085602042693825
dementia:0.00;-0.02029809267490747
cancer:0.00;0.0315852284667191
