Features;Individual Effect
age;-0.18476875278537153
race;-0.05163260393312481
sex;-0.018458971527871588
hypertension;-0.021851754317030816
hyperlipidemia;-0.016428300181354414
diabetes;-0.024103213825616858
coronary.artery.disease;-0.16122391696442173
chf;-0.03865894649274565
cerebrovascular.disease;0.03867437332146732
hepatitis;0.026790698781919652
endstage.renal.disease;0.0005328738361883162
chronic.kidney.disease;-0.017701507234837616
asthma;0.028737642833395225
copd;-0.04263860041529445
dementia;0.013405727622339839
cancer;-0.029969614124038882
