Features;Individual Effect
age:85.00;-0.2755792022508731
race:white;0.025027543654524424
sex:female;0.0001408303731591299
hypertension:0.00;0.008341641057039051
hyperlipidemia:0.00;-0.05470613552054211
diabetes:0.00;0.0012898454599706332
coronary.artery.disease:0.00;0.0007222844884193186
chf:0.00;0.05018160200487906
cerebrovascular.disease:0.00;0.003632972646490055
hepatitis:0.00;0.005803326062457045
endstage.renal.disease:0.00;-0.04429395738403556
chronic.kidney.disease:0.00;-0.0007971799524810815
asthma:0.00;-0.06174546805972002
copd:1.00;-0.03639087893518464
dementia:0.00;0.005064109092889558
cancer:0.00;0.04584155461776364
