Features;Individual Effect
age:85.00;-0.20033755731576836
race:other;-0.09458682455714405
sex:female;-0.011236587920200427
hypertension:0.00;-0.05380269549390153
hyperlipidemia:0.00;-0.019922080276579816
diabetes:0.00;0.034758788429356716
coronary.artery.disease:0.00;0.05807727630926521
chf:0.00;-0.004532953660672533
cerebrovascular.disease:0.00;-0.03494670521616763
hepatitis:0.00;0.029019099811219213
endstage.renal.disease:0.00;0.002572256052783887
chronic.kidney.disease:0.00;-0.0008940292961441658
asthma:0.00;0.017926186382627544
copd:0.00;-0.006983540411567533
dementia:1.00;-0.040646471238275125
cancer:0.00;0.014502833195696167
