Features;Individual Effect
age;-0.22579763954083248
race;-0.029974220547336963
sex;-0.045675982265609066
hypertension;0.013033587026567116
hyperlipidemia;0.002828044317471086
diabetes;-0.03643830420016238
coronary.artery.disease;-0.0663935035506868
chf;-0.06734259794193061
cerebrovascular.disease;0.05638270972904034
hepatitis;-0.02425199869545874
endstage.renal.disease;0.005695468926082081
chronic.kidney.disease;0.03906572514253536
asthma;0.030858599219062807
copd;0.0032940886082303573
dementia;-0.06882997058202273
cancer;-0.028877834884686787
