Features;Individual Effect
age:73.00;-0.0933623989071068
race:white;-0.04799007311446883
sex:female;0.0007530538544677605
hypertension:1.00;0.030057090277468522
hyperlipidemia:1.00;0.008960059038743657
diabetes:1.00;0.012315160200288198
coronary.artery.disease:1.00;-0.12203806486758739
chf:0.00;0.004530396356516798
cerebrovascular.disease:0.00;0.016313780270467246
hepatitis:0.00;0.018630302242237724
endstage.renal.disease:0.00;0.0002317109105013683
chronic.kidney.disease:0.00;0.004612003048980722
asthma:0.00;0.012805017472289803
copd:0.00;-0.05817948062872805
dementia:0.00;-0.0513009573733753
cancer:0.00;-0.009533164086311479
