Features;Individual Effect
age;-0.16366775711127773
race;-0.013337438803512694
sex;-0.08906808392371668
hypertension;-0.04414077164379215
hyperlipidemia;-0.031128250246267142
diabetes;0.0016124140677257724
coronary.artery.disease;-0.00043704467736977934
chf;-0.05404925685316195
cerebrovascular.disease;0.031967763121895684
hepatitis;-0.03321199892024951
endstage.renal.disease;0.002762440245052688
chronic.kidney.disease;-0.0021026657586614515
asthma;-0.0016409212885743242
copd;0.01692684424455879
dementia;0.03965177713533585
cancer;-0.08352396334859427
