Features;Individual Effect
age:39.00;0.15435760049085753
race:other;-0.06715293569736021
sex:male;-0.0826237379654971
hypertension:0.00;-0.07487492360611897
hyperlipidemia:0.00;0.02777363669001657
diabetes:1.00;-0.09442610923550043
coronary.artery.disease:1.00;-0.1961788935007357
chf:0.00;-0.004256782833462456
cerebrovascular.disease:0.00;0.019438852737250815
hepatitis:0.00;-0.005346592108151985
endstage.renal.disease:0.00;-0.03458626364115597
chronic.kidney.disease:0.00;0.01311349469627552
asthma:0.00;-0.008184689432009007
copd:0.00;-0.015431693884308442
dementia:0.00;0.015747022628637933
cancer:0.00;0.02629339164591836
