Features;Individual Effect
age;-0.027964153038839885
race;0.02303182384926071
sex;0.0324176630106154
hypertension;-0.07775641753021735
hyperlipidemia;-0.05002754500633527
diabetes;-0.049934933651041236
coronary.artery.disease;-0.17024907020827285
chf;-0.020911945525243926
cerebrovascular.disease;-0.028749957629298176
hepatitis;0.012414390106051151
endstage.renal.disease;0.03845411940508803
chronic.kidney.disease;-0.002412639326159035
asthma;0.004891764296372354
copd;-0.012630175650113498
dementia;-0.006557626566987372
cancer;0.027842683058710595
