Features;Individual Effect
age:81.00;-0.038129593567197806
race:black;0.015594461493398395
sex:female;0.12793968201870415
hypertension:1.00;0.04389152487707716
hyperlipidemia:1.00;0.11565235548549184
diabetes:1.00;-0.015862924286081083
coronary.artery.disease:0.00;0.07926842912016104
chf:0.00;-0.04085592297879903
cerebrovascular.disease:0.00;-0.047353769044152276
hepatitis:0.00;-0.00449647526145746
endstage.renal.disease:0.00;0.0012754863632602927
chronic.kidney.disease:0.00;0.020722176389047452
asthma:0.00;0.0010545621201776718
copd:0.00;-0.007464353382238293
dementia:0.00;0.00760005155291104
cancer:0.00;-0.014289834638150978
