Features;Individual Effect
age:50.00;0.01293831378768486
race:asian;-0.08271783634360033
sex:male;-0.0494555756728372
hypertension:0.00;-0.028755850559679188
hyperlipidemia:0.00;-0.0027182548957836936
diabetes:0.00;0.016903160078608065
coronary.artery.disease:1.00;-0.20456228502031962
chf:0.00;-0.024213061573247794
cerebrovascular.disease:0.00;0.03514280011309239
hepatitis:0.00;0.046876861636898186
endstage.renal.disease:0.00;0.012540668320027426
chronic.kidney.disease:0.00;-0.032551396868418195
asthma:0.00;0.0037212831364009658
copd:0.00;-0.002415055366576352
dementia:0.00;-0.09464689717386805
cancer:0.00;-0.018830594909681014
