Features;Individual Effect
age;-0.11256402026639623
race;0.010716418547540133
sex;0.036765034634073615
hypertension;-0.001666548819730935
hyperlipidemia;0.027727744364322623
diabetes;-0.11067775024544292
coronary.artery.disease;0.001180092674860176
chf;-0.07223632871872955
cerebrovascular.disease;-0.041240973135094915
hepatitis;0.03477882189370339
endstage.renal.disease;0.012907871712265324
chronic.kidney.disease;0.05673006216504992
asthma;0.0021273172230964264
copd;-0.033832833678482784
dementia;0.004319756525152107
cancer;0.011468611705717245
