Features;Individual Effect
age;-0.16620079874973348
race;-0.0075748564167322004
sex;0.017564902233968286
hypertension;-0.03748724292130549
hyperlipidemia;0.03475163992568003
diabetes;0.023264599677125904
coronary.artery.disease;-0.1073723015669354
chf;0.0825335372505277
cerebrovascular.disease;-0.0044523691067587514
hepatitis;-0.011147211336341271
endstage.renal.disease;-0.0069830136266207255
chronic.kidney.disease;0.03558499336019672
asthma;-0.02634502357236028
copd;-0.020746376851808686
dementia;0.04923683338013206
cancer;0.009968446957631643
