Features;Individual Effect
age:79.00;-0.2139760180840869
race:other;-0.10953851276303717
sex:female;0.06293582599365877
hypertension:0.00;0.005136404963447347
hyperlipidemia:0.00;0.029365550815913168
diabetes:0.00;-0.03862926032269111
coronary.artery.disease:0.00;0.003315557050229956
chf:0.00;-0.01624631537322628
cerebrovascular.disease:0.00;0.0242834076365644
hepatitis:0.00;-0.00802801430946139
endstage.renal.disease:0.00;-0.016652222272737813
chronic.kidney.disease:0.00;0.01100108194565555
asthma:0.00;-0.013252452620856116
copd:0.00;-0.034809337408840305
dementia:0.00;-0.00898492208878789
cancer:0.00;0.003928792427139831
