Features;Individual Effect
age;0.014967748136612957
race;-0.018504671745690756
sex;-0.04054430740550263
hypertension;-0.03667155310003062
hyperlipidemia;-0.05515661974161909
diabetes;0.0018990230605741816
coronary.artery.disease;-0.053360231130811946
chf;0.1610695948973099
cerebrovascular.disease;0.05359199853787648
hepatitis;0.03533853776624186
endstage.renal.disease;-0.08071232311543076
chronic.kidney.disease;0.04564352575930514
asthma;-0.016426580629049448
copd;-0.009424308850341602
dementia;0.009807155499418723
cancer;-0.01253919753961618
