Features;Individual Effect
age:86.00;-0.07522737561622593
race:white;0.0247369541628793
sex:female;0.18651547906707425
hypertension:0.00;-0.01797588520148891
hyperlipidemia:0.00;0.004899196295022116
diabetes:1.00;0.11556207296013121
coronary.artery.disease:0.00;0.05130667056708091
chf:0.00;-0.022179177869009418
cerebrovascular.disease:0.00;-0.0010689517534147527
hepatitis:0.00;-0.04716299289910832
endstage.renal.disease:0.00;0.004513077472060676
chronic.kidney.disease:0.00;0.04361730110121051
asthma:0.00;0.0029612426347453494
copd:0.00;0.009891372951487832
dementia:0.00;0.023244291183022552
cancer:0.00;0.010656386677698707
