Features;Individual Effect
age;0.2033045211306147
race;-0.0063992500725129145
sex;-0.041414101286705515
hypertension;0.018136822505452517
hyperlipidemia;0.10194570922502719
diabetes;0.04893144644927219
coronary.artery.disease;0.05606862165119067
chf;0.0356117092044685
cerebrovascular.disease;0.010529329365563628
hepatitis;-0.013440476260406575
endstage.renal.disease;-0.015227157983253841
chronic.kidney.disease;-0.019645929669740478
asthma;0.009023408136809593
copd;-0.02237706098279035
dementia;-0.00548293132484882
cancer;0.007760569895293928
