Features;Individual Effect
age;-0.16884209076074777
race;-0.026535207888785453
sex;0.08511022771295723
hypertension;0.11350988155811548
hyperlipidemia;0.018715080576681982
diabetes;-0.03246234537627942
coronary.artery.disease;0.067263393780605
chf;-0.04717608180991052
cerebrovascular.disease;0.0011508980448820278
hepatitis;-0.022081154413615512
endstage.renal.disease;-0.0005732500195245707
chronic.kidney.disease;-0.007129387075954324
asthma;0.018347415463003024
copd;0.004037798375679932
dementia;0.0021413810073812036
cancer;0.00585870707918675
