Features;Individual Effect
age:68.00;-0.04159909381593838
race:white;-0.0006783976467035491
sex:male;-0.006693731671406687
hypertension:1.00;-0.0300117356220016
hyperlipidemia:0.00;-0.016776896594502287
diabetes:0.00;-0.036075921166030714
coronary.artery.disease:0.00;0.057056468143092065
chf:0.00;-0.03396957820252225
cerebrovascular.disease:0.00;0.06515337590975459
hepatitis:0.00;-0.004318451348270814
endstage.renal.disease:0.00;-0.028572450576934992
chronic.kidney.disease:0.00;-0.07996761236116337
asthma:0.00;0.06464417225226606
copd:1.00;-0.1652721211467676
dementia:0.00;-0.03464907232797997
cancer:0.00;0.018152605252939432
