Features;Individual Effect
age;0.037167161889615004
race;0.012062173201904045
sex;-0.017263259758322172
hypertension;-0.06636321709346615
hyperlipidemia;0.046107916389544965
diabetes;-0.03913673479474744
coronary.artery.disease;0.08771155084108147
chf;-0.026661198599354095
cerebrovascular.disease;-0.2239804782507779
hepatitis;-0.0019487022447241412
endstage.renal.disease;0.005712540357405399
chronic.kidney.disease;0.0038883212852600492
asthma;0.015335113154751527
copd;0.004259646301705665
dementia;0.014000975309931241
cancer;0.005125601816240924
