Features;Individual Effect
age;0.16146834361356838
race;-0.10640490484373485
sex;-0.10033793540084726
hypertension;-0.056350888270746996
hyperlipidemia;-0.0842691813378023
diabetes;0.0033112130136666584
coronary.artery.disease;-0.14444129331054884
chf;-0.004976027562685573
cerebrovascular.disease;-0.03590399049237282
hepatitis;0.0007991713683432738
endstage.renal.disease;0.014210860602684706
chronic.kidney.disease;0.006149014768688031
asthma;-0.008236695615944443
copd;-0.0043026208217102554
dementia;0.01576581079480069
cancer;0.01954374381849691
