Features;Individual Effect
age;-0.006306007960809842
race;0.020106133694081138
sex;0.02589488843990878
hypertension;-0.04264585855363585
hyperlipidemia;-0.05118787818149561
diabetes;0.012153563808933763
coronary.artery.disease;0.05892337849837547
chf;-0.11684851068712407
cerebrovascular.disease;0.04780435107352959
hepatitis;-0.03712373316198191
endstage.renal.disease;0.018053823182248883
chronic.kidney.disease;0.050511773035150136
asthma;-0.10314190279642785
copd;-0.010169917196075583
dementia;0.025112842867357744
cancer;-0.0034313825072764172
