Features;Individual Effect
age:61.00;0.10423518057389475
race:asian;0.06712473198349787
sex:female;0.07401818091864067
hypertension:0.00;0.026804384460646157
hyperlipidemia:0.00;0.019763360874141073
diabetes:0.00;0.028296890894113545
coronary.artery.disease:0.00;0.08584818082880422
chf:0.00;-0.042762551515985785
cerebrovascular.disease:0.00;-0.03468746698444262
hepatitis:0.00;0.003445234124786988
endstage.renal.disease:0.00;0.07722509373010239
chronic.kidney.disease:0.00;0.029331934136419626
asthma:0.00;-0.043801079619444135
copd:0.00;0.012803611061806604
dementia:0.00;0.014302668154898963
cancer:0.00;4.816536377196673e-05
