Features;Individual Effect
age:60.00;0.06814458825773641
race:white;0.00144609096469437
sex:male;-0.06234708616013237
hypertension:1.00;0.028876985925264977
hyperlipidemia:0.00;0.027078006887922574
diabetes:1.00;-0.02861211771095193
coronary.artery.disease:0.00;0.014155018064967889
chf:1.00;0.050550942072747074
cerebrovascular.disease:0.00;0.010805733783263393
hepatitis:0.00;-0.0072409644203370385
endstage.renal.disease:1.00;0.031097299210714323
chronic.kidney.disease:1.00;0.08092937160905089
asthma:0.00;-0.023210017015318135
copd:0.00;0.03142979829981301
dementia:0.00;0.008349998405760088
cancer:0.00;-0.0006760714488980822
