Features;Individual Effect
age:41.00;0.10215823878750616
race:white;-0.05540900614380834
sex:male;-0.09546063634595378
hypertension:0.00;-0.0506120588361636
hyperlipidemia:0.00;-0.0265954382931628
diabetes:0.00;0.018983299097025792
coronary.artery.disease:0.00;0.04203158040414644
chf:0.00;-0.09067995260740801
cerebrovascular.disease:0.00;0.07789579190350057
hepatitis:0.00;-0.04472411849919179
endstage.renal.disease:0.00;-0.011254495522635442
chronic.kidney.disease:0.00;0.019375835080097693
asthma:0.00;-0.008576651107021153
copd:0.00;-0.024408821906214444
dementia:0.00;-0.05117535174479575
cancer:0.00;-0.0048821180702475694
