Features;Individual Effect
age:60.00;0.08496551944734272
race:black;-0.023108829513029942
sex:female;0.12114457629403565
hypertension:1.00;0.012765788155259961
hyperlipidemia:0.00;0.012650954100345939
diabetes:1.00;-0.08099074175227564
coronary.artery.disease:0.00;0.02623439998761166
chf:0.00;0.07797837422117136
cerebrovascular.disease:0.00;0.014067565933680082
hepatitis:0.00;-0.01814902893876746
endstage.renal.disease:0.00;-0.017832223363002078
chronic.kidney.disease:0.00;-0.023916101038471818
asthma:0.00;0.025305645218024527
copd:0.00;-0.019751382320758272
dementia:0.00;-0.024656781940545443
cancer:0.00;0.037249633861041256
