Features;Individual Effect
age;0.342306321128123
race;-0.036976189121956896
sex;0.013743015793745062
hypertension;-0.04003370939998471
hyperlipidemia;-0.054140380974299115
diabetes;0.056821320737884914
coronary.artery.disease;0.04868643171166451
chf;-0.004435609116590634
cerebrovascular.disease;-0.0005732722552019823
hepatitis;-0.010590512749697096
endstage.renal.disease;0.03444420605768355
chronic.kidney.disease;0.007467624607124596
asthma;0.06999964976692287
copd;0.001843402581961493
dementia;-0.014052725009290638
cancer;0.020794227545886737
