Features;Individual Effect
age:78.00;-0.03499111980757999
race:white;0.0012411017027080598
sex:female;0.05838339142243658
hypertension:1.00;0.03453803756944488
hyperlipidemia:0.00;-0.029931429573759234
diabetes:1.00;0.01997537467772811
coronary.artery.disease:1.00;-0.07102422536582653
chf:1.00;0.10999726855837007
cerebrovascular.disease:0.00;-0.03322598834882712
hepatitis:0.00;-0.04150057526334291
endstage.renal.disease:0.00;0.02451719357297688
chronic.kidney.disease:0.00;-0.019611724369940416
asthma:1.00;0.07266693346589437
copd:1.00;0.053980781596572186
dementia:0.00;0.04915778571166054
cancer:0.00;-0.043170880584992063
