Features;Individual Effect
age:77.00;-0.15980377888547034
race:black;-0.0095885295365606
sex:female;-0.020470152785347407
hypertension:1.00;-0.009236300676712906
hyperlipidemia:0.00;0.005496916792772012
diabetes:1.00;-0.05943512366096432
coronary.artery.disease:0.00;-0.025442172938174547
chf:0.00;-0.031374887497504056
cerebrovascular.disease:1.00;-0.18298245551717623
hepatitis:0.00;-0.01812790617413211
endstage.renal.disease:0.00;-0.0032707202318490933
chronic.kidney.disease:0.00;-0.005236071157066292
asthma:0.00;-0.010806547595621758
copd:0.00;0.011062690683296992
dementia:0.00;-0.006087379019435811
cancer:0.00;0.006440426231604034
