Features;Individual Effect
age;-0.021440318607508207
race;-0.049092464318616136
sex;0.05648518272833875
hypertension;-0.03623537669154186
hyperlipidemia;-0.01137831963053777
diabetes;-0.057436370972116846
coronary.artery.disease;-0.007212961503812478
chf;0.013837566371291205
cerebrovascular.disease;0.031666279221164884
hepatitis;0.00807689557294403
endstage.renal.disease;-0.007914673461014904
chronic.kidney.disease;-0.07854475238667924
asthma;-0.10877238757774128
copd;-0.01611774334594059
dementia;-0.05119107578820052
cancer;0.015696769025456015
