Features;Individual Effect
age;-0.19771807491209045
race;-0.0025660497898791768
sex;-0.04228975513362967
hypertension;-0.022211916202817046
hyperlipidemia;0.02378361770973629
diabetes;-0.03468254703577078
coronary.artery.disease;-0.1563081751930987
chf;-0.059234415630616155
cerebrovascular.disease;-0.009810108397268289
hepatitis;0.0027812402194283374
endstage.renal.disease;0.02987687487740056
chronic.kidney.disease;0.003924658976259319
asthma;0.024727712850054588
copd;0.005372251559462407
dementia;-0.026710883262057897
cancer;0.026093505323985362
