Features;Individual Effect
age:83.00;0.0224531562579091
race:hispanic;0.08042503786898503
sex:male;-0.006129870503093375
hypertension:0.00;0.0263510790213329
hyperlipidemia:0.00;0.04410205674025587
diabetes:0.00;0.08753967256430362
coronary.artery.disease:0.00;0.06889538958215083
chf:0.00;0.016763449323060547
cerebrovascular.disease:0.00;0.01529701518712762
hepatitis:0.00;-0.0361980459317045
endstage.renal.disease:0.00;0.01194094475594664
chronic.kidney.disease:0.00;0.01580512801598597
asthma:0.00;0.018409211115044503
copd:0.00;0.040886816783769014
dementia:0.00;-0.0006799650156795491
cancer:0.00;-0.014070746183451666
