Features;Individual Effect
age;0.1319326295327826
race;0.054577176983773054
sex;0.10090668237475561
hypertension;0.06704578905111751
hyperlipidemia;0.015670028887579728
diabetes;0.03162791007350111
coronary.artery.disease;0.12049049190306046
chf;-0.028307145033435552
cerebrovascular.disease;-0.03335093927955392
hepatitis;0.07203378705516972
endstage.renal.disease;-0.029680209505079262
chronic.kidney.disease;-0.028188096812304605
asthma;-0.030257678501106115
copd;-0.03361699257313839
dementia;0.03321590727774967
cancer;0.0271689986841062
