Features;Individual Effect
age:68.00;-0.11443242212106432
race:white;-0.12336863169345527
sex:male;-0.030884843392555823
hypertension:0.00;-0.08594512386513525
hyperlipidemia:0.00;0.009972105718750662
diabetes:0.00;0.03498103830716913
coronary.artery.disease:0.00;0.12829475157965103
chf:0.00;-0.03437773099463742
cerebrovascular.disease:0.00;0.04842370471385436
hepatitis:0.00;0.027954185512971772
endstage.renal.disease:0.00;-0.03928712386882092
chronic.kidney.disease:0.00;0.007739570697883755
asthma:0.00;0.03131957187442131
copd:0.00;0.019712048413547123
dementia:0.00;0.05066955841996855
cancer:0.00;-0.02913619760094104
