Features;Individual Effect
age:84.00;-0.22993827753150722
race:black;-0.023855174246196542
sex:female;0.05178496621844321
hypertension:1.00;-0.0036397308554649813
hyperlipidemia:1.00;0.00807174322476097
diabetes:1.00;0.01778108617367747
coronary.artery.disease:0.00;-0.02475266019361254
chf:0.00;-0.04081259445228767
cerebrovascular.disease:0.00;-0.031624370819876145
hepatitis:0.00;-0.0004201636189594595
endstage.renal.disease:0.00;0.030014149373218394
chronic.kidney.disease:0.00;-0.0055544015265926805
asthma:0.00;0.021974528603824345
copd:0.00;0.003307408094390803
dementia:0.00;-0.0026855179638469113
cancer:0.00;-0.0032819838852747264
