Features;Individual Effect
age:43.00;0.2885522331991576
race:other;0.020175840147878397
sex:female;0.03415943477668812
hypertension:0.00;0.02181009438013793
hyperlipidemia:0.00;0.007954911887876757
diabetes:0.00;0.04576533388649329
coronary.artery.disease:0.00;0.05786077928880607
chf:1.00;-0.008739036246346766
cerebrovascular.disease:0.00;-0.02178971105747364
hepatitis:0.00;0.061008287821553306
endstage.renal.disease:0.00;-0.0033470571974865276
chronic.kidney.disease:0.00;0.0009290264614150688
asthma:0.00;0.014092161934912634
copd:0.00;0.010854566740694377
dementia:0.00;-0.021527170390313412
cancer:0.00;-0.025135151171391104
