Features;Individual Effect
age:66.00;0.14960614161382957
race:white;0.0008875217391438386
sex:male;-0.02992700167701825
hypertension:0.00;-0.03989017311669598
hyperlipidemia:0.00;0.03811079669254871
diabetes:0.00;0.04968127269124447
coronary.artery.disease:0.00;0.1483133757559041
chf:0.00;0.004818517131588837
cerebrovascular.disease:0.00;0.006306435629879216
hepatitis:0.00;-0.041815564805846535
endstage.renal.disease:0.00;0.03766920061985834
chronic.kidney.disease:0.00;0.03143779774354464
asthma:0.00;-0.02288727886441115
copd:0.00;0.009172397500547144
dementia:0.00;0.0022191702528896306
cancer:0.00;-0.0037566585756141843
