Features;Individual Effect
age;-0.17996394995098877
race;0.0087833298895755
sex;-0.058366001098964705
hypertension;-0.07090399937568186
hyperlipidemia;0.015436675327843274
diabetes;0.007293536355089565
coronary.artery.disease;0.03839117638155106
chf;-0.04869396727425312
cerebrovascular.disease;0.035082204767173844
hepatitis;0.0030771310498937873
endstage.renal.disease;-0.0721966874495824
chronic.kidney.disease;0.026800354229149063
asthma;-0.004391335468860754
copd;-0.07887537602195875
dementia;0.030705714211568643
cancer;0.011061651236632383
