Features;Individual Effect
age:76.00;-0.1083755230178908
race:black;0.08731948909965642
sex:male;-0.060932107575631694
hypertension:1.00;-0.07880089474193655
hyperlipidemia:0.00;0.001127159433517426
diabetes:0.00;0.021738355964559496
coronary.artery.disease:0.00;0.0651077063576134
chf:0.00;-0.04330450016766679
cerebrovascular.disease:0.00;0.013076755818468337
hepatitis:0.00;-0.007027601162525446
endstage.renal.disease:0.00;-0.012997119092736438
chronic.kidney.disease:0.00;0.016554533666237478
asthma:0.00;0.016370474662220115
copd:0.00;0.041627333222159675
dementia:0.00;-0.017737965084593812
cancer:0.00;0.03367469571100015
