Features;Individual Effect
age;0.3290534474430545
race;-0.04186813068209562
sex;0.031030340050762408
hypertension;-0.018530719225082527
hyperlipidemia;0.002474000232702435
diabetes;0.013443354404871485
coronary.artery.disease;0.05762436396893008
chf;0.08059640120305532
cerebrovascular.disease;0.04443537226443232
hepatitis;0.007333648753051215
endstage.renal.disease;0.0001230610011828618
chronic.kidney.disease;-0.009564356304260498
asthma;-0.03072912249650939
copd;-0.0016632430847829457
dementia;0.02829803049659796
cancer;-0.018280651730505082
