Features;Individual Effect
age;0.04255566196876095
race;-0.00798338538751564
sex;0.0037126815237816767
hypertension;-0.03500491458631908
hyperlipidemia;-0.02459007070886482
diabetes;-0.04381106369860817
coronary.artery.disease;-0.1064014607027085
chf;-0.04209506587808955
cerebrovascular.disease;0.04981694133933025
hepatitis;-0.025602437541787815
endstage.renal.disease;-0.05036083133365263
chronic.kidney.disease;0.002051162685437976
asthma;-0.06193543513444119
copd;0.020435120554035832
dementia;-0.007461886116198907
cancer;-0.019863204461740273
