Features;Individual Effect
age;0.10862675418222878
race;-0.1047335315376417
sex;0.01936813927797195
hypertension;-0.05889927793126128
hyperlipidemia;-0.011722024543568785
diabetes;-0.0004967731475980022
coronary.artery.disease;-0.2653572235310203
chf;-0.04688281242377807
cerebrovascular.disease;-0.01538557136391474
hepatitis;-0.002554688359230617
endstage.renal.disease;0.01730262513758709
chronic.kidney.disease;-0.008440661635512957
asthma;0.016139211295060615
copd;-0.005792956176738966
dementia;0.0036157546018882117
cancer;0.006395751009575429
