Features;Individual Effect
age:85.00;-0.08747646515155505
race:black;-0.012235878111701057
sex:female;0.059367943722304736
hypertension:1.00;0.009175147245877834
hyperlipidemia:1.00;0.09233640635880673
diabetes:0.00;0.023076014087750986
coronary.artery.disease:0.00;0.052077788267885054
chf:0.00;0.02873699028306411
cerebrovascular.disease:0.00;0.02654516466979629
hepatitis:0.00;0.012057899070074209
endstage.renal.disease:0.00;-0.035719134940726455
chronic.kidney.disease:0.00;0.014746310004063165
asthma:0.00;-0.006726004925978543
copd:0.00;-0.007886503298811465
dementia:0.00;0.012053261490367137
cancer:0.00;-0.04378321805393509
