Features;Individual Effect
age:84.00;-0.14843422773982973
race:other;-0.011439494334527775
sex:male;-0.0390585424971986
hypertension:1.00;0.0007046055707573464
hyperlipidemia:0.00;-0.03358241318868466
diabetes:1.00;-0.08346121365600291
coronary.artery.disease:0.00;0.03203451066883825
chf:0.00;-0.009880922982200536
cerebrovascular.disease:0.00;-0.002458132641433552
hepatitis:0.00;-0.010199837342040049
endstage.renal.disease:0.00;0.010422253156593972
chronic.kidney.disease:0.00;0.028493622382612924
asthma:0.00;0.013080014623169618
copd:0.00;-0.017439016797767565
dementia:0.00;-0.011302059848615221
cancer:1.00;-0.07158123024321104
