Features;Individual Effect
age:59.00;0.02631657859004122
race:black;-0.030659276799979047
sex:male;0.008413423792295805
hypertension:1.00;0.024079181489575892
hyperlipidemia:0.00;0.012820148409578694
diabetes:0.00;-0.04081824432684432
coronary.artery.disease:0.00;0.03450212667896528
chf:1.00;-0.10242350177168541
cerebrovascular.disease:1.00;-0.1186166885682027
hepatitis:0.00;0.03738484726398881
endstage.renal.disease:0.00;0.017491801497332857
chronic.kidney.disease:1.00;-0.04182253964797527
asthma:0.00;0.004200532805297235
copd:0.00;0.023722145266073164
dementia:0.00;-0.0815358138674906
cancer:0.00;0.01087561634726894
