Features;Individual Effect
age;0.23088567442690955
race;-0.03639099380372168
sex;0.10616878159766845
hypertension;-0.015367734165766384
hyperlipidemia;0.005297271058239087
diabetes;-0.026868171644642433
coronary.artery.disease;0.08325797780550054
chf;-0.010694908747195187
cerebrovascular.disease;-0.0025396163502201734
hepatitis;0.007857418065645244
endstage.renal.disease;0.01596467267976151
chronic.kidney.disease;0.027665239860908436
asthma;0.00043385393557129805
copd;0.0006912341150950433
dementia;0.01799288193356242
cancer;-0.008451958596390885
