Features;Individual Effect
age:53.00;0.30108334814725
race:black;0.014236626930532723
sex:male;-0.007182098838089554
hypertension:1.00;0.0944059520046889
hyperlipidemia:0.00;0.012816957422877433
diabetes:1.00;-0.0489110214820297
coronary.artery.disease:0.00;0.055547724034596145
chf:0.00;-0.004790236541623713
cerebrovascular.disease:0.00;-0.013112178975813066
hepatitis:0.00;0.04858290582254039
endstage.renal.disease:0.00;-0.009470613736048513
chronic.kidney.disease:0.00;0.01809662570171757
asthma:0.00;-0.01019214693543649
copd:0.00;-0.014735006656259278
dementia:0.00;0.01097339146212929
cancer:0.00;0.01445751833551138
