Features;Individual Effect
age;0.13661207059472247
race;-0.006535508299221532
sex;-0.024917162959012626
hypertension;0.01016589544982634
hyperlipidemia;0.02675044945512149
diabetes;-0.13618393536879328
coronary.artery.disease;0.021270336347882918
chf;0.02398995336679675
cerebrovascular.disease;-0.024343867584042753
hepatitis;-0.009210459246755186
endstage.renal.disease;0.019632424695268116
chronic.kidney.disease;0.008101534600502046
asthma;0.02450263588155135
copd;-0.018911655963427657
dementia;0.008307889920378692
cancer;-0.03619124783096955
