Features;Individual Effect
age;-0.051479667235604605
race;0.0349279990268632
sex;0.04241567430616923
hypertension;0.010605094189699227
hyperlipidemia;0.0032846120578325904
diabetes;0.026239017692060215
coronary.artery.disease;0.07355482640489823
chf;-0.014298964551653684
cerebrovascular.disease;0.03773164496451664
hepatitis;-0.06354678914274417
endstage.renal.disease;-0.004593386095149478
chronic.kidney.disease;0.03965368822293888
asthma;-0.013600158130917335
copd;-0.0049022222868024615
dementia;-0.031138715328848997
cancer;-0.016610416369709717
