Features;Individual Effect
age:89.00;-0.1431444652969548
race:white;-0.04673357960187961
sex:female;0.03807643500894317
hypertension:1.00;0.011696493662493982
hyperlipidemia:1.00;-0.11728024328363369
diabetes:0.00;0.057320925334112094
coronary.artery.disease:0.00;0.05474931662043313
chf:0.00;0.023678100697459133
cerebrovascular.disease:0.00;0.03540590709419128
hepatitis:0.00;-0.022643496858301214
endstage.renal.disease:0.00;0.01969592305568846
chronic.kidney.disease:0.00;-0.001305558562377784
asthma:0.00;0.015539372837383502
copd:0.00;0.019151561999411183
dementia:1.00;0.06486588471108572
cancer:0.00;0.029739769545632014
