Features;Individual Effect
age:71.00;-0.0896583892705173
race:black;0.061017874744760385
sex:female;0.030118758659097883
hypertension:1.00;-0.03761449574605154
hyperlipidemia:1.00;-0.05066590691968631
diabetes:0.00;-0.05188394504934249
coronary.artery.disease:0.00;0.030376445620399067
chf:0.00;0.0075466152092381784
cerebrovascular.disease:0.00;0.014667768557586766
hepatitis:0.00;-0.011418379842661107
endstage.renal.disease:0.00;0.0507470760617897
chronic.kidney.disease:0.00;0.018646871988216324
asthma:0.00;0.03662893254823871
copd:0.00;-0.012847866694078069
dementia:0.00;0.006382274787219269
cancer:0.00;-0.004166619039951459
