Features;Individual Effect
age:57.00;0.029128911886857775
race:black;0.018735644084304795
sex:female;0.021253795547763965
hypertension:1.00;-0.05146298485770016
hyperlipidemia:0.00;-0.035599629030777374
diabetes:0.00;-0.021843172630214465
coronary.artery.disease:1.00;-0.19074482317910982
chf:0.00;0.007117078155871823
cerebrovascular.disease:0.00;0.018083116841979642
hepatitis:0.00;0.018797724480245977
endstage.renal.disease:1.00;-0.10007383351821068
chronic.kidney.disease:0.00;-0.0032030263020678077
asthma:0.00;0.00744759754822877
copd:0.00;-0.0034696800128623632
dementia:0.00;0.03611628200680096
cancer:0.00;-0.008883581802119251
