Features;Individual Effect
age;-0.14526543965868857
race;-0.03171791668815023
sex;-0.03718940419629831
hypertension;0.0019353933086857233
hyperlipidemia;-0.020021495027711105
diabetes;0.019585714000295972
coronary.artery.disease;-0.1399727446158364
chf;0.003685585462646867
cerebrovascular.disease;-0.03252645398698692
hepatitis;-0.018393188172716325
endstage.renal.disease;-0.006428190345250089
chronic.kidney.disease;0.015760239624800925
asthma;-0.018393849406586803
copd;-0.04278243620966016
dementia;-0.07331604549460741
cancer;-0.006814019611637807
