Features;Individual Effect
age;-0.00957419522917229
race;-0.008098696543828818
sex;0.10248875656601453
hypertension;0.033750545561768916
hyperlipidemia;0.010507986337425756
diabetes;-0.014612642954893378
coronary.artery.disease;0.05032561064586422
chf;0.06382431237452021
cerebrovascular.disease;0.014036503302540432
hepatitis;-0.01326136344065247
endstage.renal.disease;-0.032518099990934995
chronic.kidney.disease;0.018807036674103335
asthma;0.013093012333177044
copd;-0.027113806963313516
dementia;0.022264158612602086
cancer;-0.021978669230286987
