Features;Individual Effect
age;0.32843473248527205
race;0.046670195203466686
sex;-0.04665580780907361
hypertension;0.037774558448959564
hyperlipidemia;0.005030004623834685
diabetes;-0.036726221464579566
coronary.artery.disease;0.047484554522083916
chf;-0.024627474500661755
cerebrovascular.disease;0.014581878887028705
hepatitis;0.03490772517130434
endstage.renal.disease;0.01533022234406711
chronic.kidney.disease;0.004672842069932938
asthma;-0.0034131769073523204
copd;-0.024289691511847962
dementia;-0.0014756128584978798
cancer;-0.00908306734366693
