Features;Individual Effect
age:37.00;0.3834620467983796
race:other;-0.018003417196827777
sex:male;-0.04892607685484144
hypertension:0.00;0.028469271975367673
hyperlipidemia:0.00;0.0187089797647111
diabetes:0.00;0.04967406767823041
coronary.artery.disease:0.00;0.0027945561968843713
chf:0.00;-0.00782336764226757
cerebrovascular.disease:0.00;0.035690046128688466
hepatitis:0.00;0.015141299401218404
endstage.renal.disease:0.00;0.02861040074239928
chronic.kidney.disease:0.00;0.035393991598826446
asthma:0.00;-0.02128265968828625
copd:0.00;-0.003101352230458728
dementia:0.00;-0.03495343202327731
cancer:0.00;-0.06263849131588192
