Features;Individual Effect
age:89.00;-0.23103765382532926
race:white;-0.02437698936776453
sex:female;0.07114734837759526
hypertension:1.00;-0.0072546987065827025
hyperlipidemia:0.00;0.023238817433858378
diabetes:0.00;-0.03897133104031952
coronary.artery.disease:0.00;0.02530811087115431
chf:1.00;-0.16790339781133062
cerebrovascular.disease:0.00;0.019006370115159196
hepatitis:0.00;-0.018283565393139235
endstage.renal.disease:0.00;-0.00015067495750880136
chronic.kidney.disease:0.00;-0.0012220252752938622
asthma:0.00;0.02448198088947025
copd:0.00;-0.011774235834200597
dementia:1.00;-0.06842253210568602
cancer:0.00;-0.00880122404666327
