Features;Individual Effect
age;-0.04030442057191643
race;-0.11429316601081924
sex;-0.16086574500623343
hypertension;-0.10785146481563194
hyperlipidemia;0.03304816898505692
diabetes;-0.04641056831325289
coronary.artery.disease;0.008437117064410256
chf;0.005738851611680848
cerebrovascular.disease;0.06770339461890795
hepatitis;0.041704788871350144
endstage.renal.disease;0.0007587996641114717
chronic.kidney.disease;0.00991124509767469
asthma;0.04926895646873131
copd;0.022984451084434546
dementia;-0.017972197224472367
cancer;0.020140994058984583
