Features;Individual Effect
age:71.00;-0.086120469394989
race:white;-0.027461092504579926
sex:male;-0.04922571120247144
hypertension:0.00;-0.01972546054630776
hyperlipidemia:1.00;-0.051741377767159764
diabetes:0.00;0.018316316934884506
coronary.artery.disease:1.00;-0.19443157101769157
chf:0.00;-0.03646444057477443
cerebrovascular.disease:0.00;-0.00016836585855432504
hepatitis:0.00;-0.02638901409284746
endstage.renal.disease:0.00;-0.01771061807249165
chronic.kidney.disease:0.00;-0.0025209055699759522
asthma:0.00;0.02392174004766597
copd:0.00;0.026781739984025
dementia:0.00;-0.028388818652474748
cancer:0.00;0.002456134706466738
