Features;Individual Effect
age;0.3502866339380874
race;0.03945938464030013
sex;0.022726047412449577
hypertension;-0.03678180055502851
hyperlipidemia;-0.014628689386553994
diabetes;-0.06738539457348335
coronary.artery.disease;-0.08876488189226071
chf;0.005951297087221809
cerebrovascular.disease;0.031027246960039445
hepatitis;0.004502015374486419
endstage.renal.disease;0.010053061675728702
chronic.kidney.disease;-0.006782304412300124
asthma;-0.016185073481937165
copd;-3.6242322135137056e-05
dementia;0.01627793196343207
cancer;-0.0431532198175934
