Features;Individual Effect
age:69.00;0.030993475217177876
race:other;0.07217039926874612
sex:male;-0.00914990011433088
hypertension:1.00;0.028722303458453825
hyperlipidemia:1.00;0.03566074809561356
diabetes:1.00;-0.019636285657783515
coronary.artery.disease:1.00;0.02029673136352963
chf:0.00;-0.035785631287971936
cerebrovascular.disease:1.00;0.026592598647759147
hepatitis:0.00;0.011219035637484658
endstage.renal.disease:1.00;0.05726601427494202
chronic.kidney.disease:1.00;0.06980085488967842
asthma:0.00;0.00383389210560834
copd:0.00;-0.0044241709031290315
dementia:0.00;0.04199205299671446
cancer:0.00;-0.02322174332758785
