Features;Individual Effect
age:77.00;0.004815750169925261
race:asian;0.09619972294159426
sex:male;-0.030010267603607206
hypertension:0.00;0.024514113495013923
hyperlipidemia:0.00;0.0469199856150605
diabetes:0.00;0.03819513184595443
coronary.artery.disease:0.00;0.08521578185911342
chf:0.00;0.05892933983540208
cerebrovascular.disease:0.00;-0.0007007462228668555
hepatitis:0.00;0.005638880797622488
endstage.renal.disease:0.00;-0.043436289863138376
chronic.kidney.disease:0.00;-0.01801928497492601
asthma:0.00;0.024015389709664086
copd:0.00;-0.0035271774087884955
dementia:0.00;0.008246307608414365
cancer:0.00;0.01216463207442171
