Features;Individual Effect
age;0.28216097037938237
race;-0.012163674290690693
sex;-0.0365362525312575
hypertension;0.012835412187085692
hyperlipidemia;0.017116317917293164
diabetes;-0.04669271015674993
coronary.artery.disease;0.04848784095536372
chf;0.09908824011596476
cerebrovascular.disease;-0.04752395358728651
hepatitis;0.016915063906587362
endstage.renal.disease;0.022046842795999534
chronic.kidney.disease;-0.005403858474406498
asthma;0.024603413365008167
copd;0.00427902231470368
dementia;-0.003939436443040824
cancer;0.01751406783626932
