Features;Individual Effect
age:62.00;-0.0761998109778267
race:black;-0.030566682555707506
sex:male;-0.05689505267162731
hypertension:1.00;-0.02814024479142697
hyperlipidemia:0.00;-0.03845136804077326
diabetes:0.00;0.010769615926515798
coronary.artery.disease:0.00;3.808412869273775e-05
chf:0.00;0.007677766519153736
cerebrovascular.disease:0.00;-0.021260034087367093
hepatitis:0.00;-0.007676110452566571
endstage.renal.disease:0.00;-0.002373134899389541
chronic.kidney.disease:0.00;-0.07667435750853077
asthma:0.00;0.0019770218294385064
copd:1.00;-0.11156002532221847
dementia:0.00;0.02649293532362093
cancer:0.00;0.016714528350953477
