Features;Individual Effect
age;0.24611543940686953
race;0.036012975080031276
sex;0.10533642978966577
hypertension;-0.010089581794488555
hyperlipidemia;-0.00859018709359557
diabetes;-0.05763244958884815
coronary.artery.disease;0.055668073322016745
chf;-0.03566976182241647
cerebrovascular.disease;-0.0032043196214502027
hepatitis;-0.03395737579232597
endstage.renal.disease;-0.02849515623758977
chronic.kidney.disease;0.01936820790416158
asthma;-0.01383870537037213
copd;-0.020597639230748935
dementia;-0.008014363843159776
cancer;-0.01882289722363328
