Features;Individual Effect
age;-0.29587846487121755
race;-0.08384198681438666
sex;-0.08452139336301703
hypertension;-0.030843506036867696
hyperlipidemia;-0.014239254460240824
diabetes;-0.021468741162170443
coronary.artery.disease;0.01904705556332295
chf;0.03496706504862025
cerebrovascular.disease;-0.09360358011823033
hepatitis;-0.032392373296773545
endstage.renal.disease;-0.0052629173987777875
chronic.kidney.disease;0.04732238102207342
asthma;0.037938437221789224
copd;0.00036982756279646187
dementia;-0.007389157034584294
cancer;-0.04833003028421678
