Features;Individual Effect
age:63.00;0.03806120769031973
race:black;0.006404109020255594
sex:female;0.14690938824533847
hypertension:1.00;0.013477927608216018
hyperlipidemia:0.00;-0.029926720046084307
diabetes:1.00;-0.0028956448879387912
coronary.artery.disease:0.00;0.052726571553929305
chf:0.00;0.030145707407525986
cerebrovascular.disease:0.00;-0.0014886469875487595
hepatitis:0.00;0.0140049331171807
endstage.renal.disease:0.00;0.04349067821257932
chronic.kidney.disease:0.00;-0.039255997880230376
asthma:0.00;0.013336211682713088
copd:0.00;-0.027442259270883028
dementia:0.00;0.006047793459268015
cancer:0.00;0.004224220095367123
