Features;Individual Effect
age:89.00;-0.05391735530030407
race:asian;0.12357223562862728
sex:male;-0.00840508681433014
hypertension:0.00;0.038090980410024684
hyperlipidemia:0.00;-0.016181706562421128
diabetes:1.00;0.02882076564355438
coronary.artery.disease:1.00;-0.03971071112727606
chf:0.00;0.0019162935800422984
cerebrovascular.disease:0.00;-0.02681279202712894
hepatitis:0.00;-0.05251095400875632
endstage.renal.disease:0.00;0.0016220982863880927
chronic.kidney.disease:0.00;-0.03746099851856621
asthma:0.00;0.0954909153918754
copd:0.00;-0.006994164988482959
dementia:0.00;0.017453540374872054
cancer:0.00;-0.028164211690680736
