Features;Individual Effect
age;-0.18211929763885654
race;-0.005299935478378627
sex;0.014720562685868514
hypertension;0.009757686634056342
hyperlipidemia;0.05329253369764009
diabetes;0.00027529287367167223
coronary.artery.disease;-0.039100080020309604
chf;-0.007935629961461124
cerebrovascular.disease;-0.026487653773466215
hepatitis;-0.04170513417940708
endstage.renal.disease;-0.04815805214145251
chronic.kidney.disease;-0.048769142254340425
asthma;0.03128012619345778
copd;0.006461349274356329
dementia;0.0004740332705380273
cancer;0.021482675694678113
