Features;Individual Effect
age:89.00;-0.09696741864468182
race:white;-0.12204252100160842
sex:female;0.06505339064902621
hypertension:0.00;-0.0013833036591150635
hyperlipidemia:0.00;-0.005525007467353259
diabetes:0.00;-0.04291500141380675
coronary.artery.disease:1.00;-0.15632473405786285
chf:0.00;-0.009655019676765901
cerebrovascular.disease:0.00;-0.018676247207445963
hepatitis:0.00;-0.0023662658519179175
endstage.renal.disease:0.00;0.00486392666455359
chronic.kidney.disease:0.00;-0.03171193024680479
asthma:0.00;-0.001382630364818456
copd:0.00;0.02926834021739879
dementia:1.00;-0.11363185156922935
cancer:0.00;-0.002126917675552807
