Features;Individual Effect
age;0.08764892569937388
race;-0.035511550622787005
sex;-0.06657056267484812
hypertension;-0.07081322766901293
hyperlipidemia;0.030520068038911826
diabetes;0.036234627440654206
coronary.artery.disease;0.08548154982444144
chf;-0.0016241429873994758
cerebrovascular.disease;0.01780443492273818
hepatitis;-0.008259675292502027
endstage.renal.disease;0.02305076424989482
chronic.kidney.disease;0.025565179118015965
asthma;-0.02848218061664566
copd;0.0010933438736808751
dementia;0.006995280219461669
cancer;-0.0006193512031334742
