Features;Individual Effect
age:28.00;0.3038258152712794
race:white;0.004259761464003108
sex:female;0.04692129894805072
hypertension:0.00;0.0011355233233719866
hyperlipidemia:0.00;-0.05736867872116368
diabetes:0.00;0.014885746347376314
coronary.artery.disease:0.00;0.04378557790988674
chf:0.00;0.04004748158180478
cerebrovascular.disease:0.00;0.04706419838825623
hepatitis:0.00;0.021479209067570205
endstage.renal.disease:0.00;0.008753455467730117
chronic.kidney.disease:0.00;0.000680958016610396
asthma:0.00;0.009965822337654553
copd:0.00;-0.011283116570652972
dementia:0.00;-0.018536696462105425
cancer:0.00;0.022782620899859395
