Features;Individual Effect
age;0.07047572437489755
race;0.0009677109056266293
sex;-0.0205613554001186
hypertension;-0.0032294390260819454
hyperlipidemia;0.08556166932864312
diabetes;0.03965532239335208
coronary.artery.disease;0.010508518047579416
chf;0.0011540056822768098
cerebrovascular.disease;0.009579311267275452
hepatitis;0.03134823794894573
endstage.renal.disease;0.04926964241123303
chronic.kidney.disease;-0.046188442065365376
asthma;-0.06504706781498765
copd;-0.005660024240782971
dementia;0.0036719348899318383
cancer;-0.031049959275168508
