Features;Individual Effect
age;0.24878612747602946
race;-0.005252257668782054
sex;-0.020205331970662675
hypertension;-0.02124291992871475
hyperlipidemia;0.04102327413528024
diabetes;-0.006948794307042527
coronary.artery.disease;0.03525975914168611
chf;-0.000489320708580359
cerebrovascular.disease;0.02565299146208903
hepatitis;0.041281669941702015
endstage.renal.disease;-0.014490783915019002
chronic.kidney.disease;0.008986447432966543
asthma;-0.0021516538976519813
copd;0.02533489728331574
dementia;0.02285828636572934
cancer;0.013004447689394624
