Features;Individual Effect
age;0.26517619190184294
race;0.0009522413165177976
sex;-0.08441577481852634
hypertension;-0.005134947537360715
hyperlipidemia;0.05568587453309706
diabetes;-0.10615765380703716
coronary.artery.disease;-0.010707773918249517
chf;0.017377993959105886
cerebrovascular.disease;-0.017358073107241065
hepatitis;-0.021713396970459868
endstage.renal.disease;0.0826454268017451
chronic.kidney.disease;-0.008058587603437788
asthma;0.005079392136933363
copd;-0.007662363792694223
dementia;-0.02520580240669881
cancer;-0.023713674428742417
