Features;Individual Effect
age:77.00;-0.17868094427596096
race:black;0.0070132298990651445
sex:male;-0.0481834956970032
hypertension:1.00;0.011207938457544989
hyperlipidemia:1.00;-0.10285501294084
diabetes:1.00;-0.0277465116102176
coronary.artery.disease:0.00;0.0018219296614940522
chf:0.00;0.02725586364152357
cerebrovascular.disease:0.00;-0.02884198538949559
hepatitis:0.00;0.023913084359353708
endstage.renal.disease:0.00;0.01292018822841439
chronic.kidney.disease:1.00;-0.05197278237592747
asthma:0.00;-0.05954111310581906
copd:0.00;0.012653908659221643
dementia:0.00;0.010079727165618101
cancer:0.00;-0.0334852683433987
