Features;Individual Effect
age:89.00;-0.20972988670815915
race:white;-0.03750806689295811
sex:female;0.04391010049370479
hypertension:1.00;-0.014441167995120227
hyperlipidemia:1.00;-0.029674148730019514
diabetes:0.00;-0.02322903951981602
coronary.artery.disease:0.00;-0.023170206164719022
chf:1.00;-0.018921740261038413
cerebrovascular.disease:0.00;-0.04403066571528792
hepatitis:0.00;0.0344900322221617
endstage.renal.disease:0.00;-0.010214579356072727
chronic.kidney.disease:1.00;-0.09881132257135151
asthma:0.00;0.005422154383334835
copd:1.00;0.04108092242502805
dementia:0.00;0.023000117071375347
cancer:0.00;-0.026828602014641094
