Features;Individual Effect
age;0.04011556098806475
race;-0.006220986342986234
sex;0.0446824991769804
hypertension;-0.04538750487479971
hyperlipidemia;0.032760138801953616
diabetes;0.020180344547940928
coronary.artery.disease;0.10277559169966573
chf;-0.0068394887318374755
cerebrovascular.disease;0.007883172990199885
hepatitis;0.003943868906910857
endstage.renal.disease;0.01203701248707776
chronic.kidney.disease;-0.0035353207733288244
asthma;-0.034623808501728526
copd;0.05585875637532548
dementia;0.06488602297518434
cancer;-0.03092437876831705
