Features;Individual Effect
age;-0.05909402018562284
race;-0.005891611009179495
sex;-0.00821613801343334
hypertension;-0.0015471275430571797
hyperlipidemia;0.02363935559626372
diabetes;0.03983591192749066
coronary.artery.disease;-0.011899049009842733
chf;0.1840498382134236
cerebrovascular.disease;-0.00019940577672698974
hepatitis;-0.018050658458872777
endstage.renal.disease;0.08773619337503276
chronic.kidney.disease;0.025006717718767967
asthma;0.01203789582117474
copd;-0.03791796987405122
dementia;0.013946388748289774
cancer;-0.04023209048578756
