Features;Individual Effect
age;0.06725324649314088
race;-0.05881412154635378
sex;-0.06816784518014288
hypertension;-0.09039508283079811
hyperlipidemia;-0.014872506555613757
diabetes;0.04714733238773215
coronary.artery.disease;-0.30097063890292314
chf;-0.021000678956540193
cerebrovascular.disease;0.034735571412891776
hepatitis;-0.04915027436830888
endstage.renal.disease;0.01971476276986238
chronic.kidney.disease;0.011549305312657097
asthma;-0.031780181170718375
copd;0.05345658161896757
dementia;0.03270011676300191
cancer;-0.01595230260298814
