Features;Individual Effect
age:93.00;-0.2839320189849383
race:black;0.018144545678126057
sex:female;-0.04401275782278495
hypertension:1.00;-0.031901524154234334
hyperlipidemia:1.00;-0.017802373741467627
diabetes:0.00;0.02969490164649468
coronary.artery.disease:0.00;0.007129821512938107
chf:0.00;-0.001460837662553039
cerebrovascular.disease:0.00;-0.011336599233920549
hepatitis:0.00;-0.019002446691815653
endstage.renal.disease:0.00;0.019555893836721187
chronic.kidney.disease:0.00;0.023950417022565375
asthma:0.00;-0.03168874534755146
copd:0.00;0.031527743123775334
dementia:0.00;-0.019269555491465765
cancer:0.00;0.02909502633790602
