Features;Individual Effect
age;-0.005199679639066554
race;-0.08401913592943319
sex;-0.08277935230921396
hypertension;-0.04850577041041604
hyperlipidemia;-0.02971920958188957
diabetes;-0.033706897881003416
coronary.artery.disease;-0.14368500861786956
chf;-0.02802280128015963
cerebrovascular.disease;-0.005290576210124194
hepatitis;0.027822355583631733
endstage.renal.disease;0.03841046606796356
chronic.kidney.disease;-0.01846225337943805
asthma;0.0034681072379962943
copd;-0.04380986223695527
dementia;-0.06306326087365216
cancer;-0.014864001817717833
