Features;Individual Effect
age;-0.05807116295179583
race;0.05094150519508832
sex;0.017436798134561712
hypertension;0.03289835756942291
hyperlipidemia;0.10230917088550466
diabetes;0.007033884568050977
coronary.artery.disease;-0.10962423083999862
chf;0.08088179743664722
cerebrovascular.disease;-0.05143577332984095
hepatitis;-0.04318345273383589
endstage.renal.disease;-0.0595438200771015
chronic.kidney.disease;0.008603776586502288
asthma;0.027131355463708554
copd;-0.02551343395752468
dementia;0.036646924126758865
cancer;0.013617244797819162
