Features;Individual Effect
age;-0.2961672487503677
race;-0.013301867062646196
sex;-0.01153023836052924
hypertension;-0.04713255269891885
hyperlipidemia;0.006372463929959929
diabetes;-0.021524960444948928
coronary.artery.disease;0.030648718227610394
chf;0.01847376341939754
cerebrovascular.disease;-0.0014542060439203166
hepatitis;-0.03539847260670192
endstage.renal.disease;-0.0250810296682054
chronic.kidney.disease;-0.04711235449443774
asthma;0.017280432928829845
copd;0.009357263394328174
dementia;-0.009797521767595819
cancer;-0.0017034404739356482
