Features;Individual Effect
age;0.021434704840717873
race;-0.04758406871263172
sex;-0.11875680293595649
hypertension;-0.013664475154680158
hyperlipidemia;-0.013078613895227707
diabetes;-0.18939840004187486
coronary.artery.disease;0.04623915654003344
chf;0.01918149787102514
cerebrovascular.disease;-0.001154030915724795
hepatitis;0.061663958549152784
endstage.renal.disease;-0.003741300622359261
chronic.kidney.disease;0.008985619777640098
asthma;-0.04987756979870535
copd;0.048491391264345846
dementia;-0.01182510127170439
cancer;0.023838873979388903
