Features;Individual Effect
age;-0.11611959303611842
race;0.05891656557989096
sex;-0.10064366264426042
hypertension;-0.0475886932192554
hyperlipidemia;-0.003234898170948656
diabetes;0.0008490563993619055
coronary.artery.disease;0.07986393496612777
chf;0.0008633541364058452
cerebrovascular.disease;-0.011201961855177505
hepatitis;-0.014899020590725762
endstage.renal.disease;-0.0073687961905997395
chronic.kidney.disease;0.0185399347113855
asthma;-0.002085691102528455
copd;0.03720971158394354
dementia;0.028534758823776808
cancer;-0.015785506266795618
