Features;Individual Effect
age:54.00;0.25906210875871816
race:black;-0.010407668050112347
sex:male;-0.053629144895400715
hypertension:1.00;0.027311518879899063
hyperlipidemia:1.00;-0.03159455327693049
diabetes:1.00;0.04535418643398183
coronary.artery.disease:0.00;0.016165945799514927
chf:0.00;0.02716582553497065
cerebrovascular.disease:0.00;0.02908409523949872
hepatitis:0.00;0.004569810158702747
endstage.renal.disease:0.00;-0.0012354728139851003
chronic.kidney.disease:0.00;-0.012278229624879101
asthma:0.00;-0.030310389765850806
copd:0.00;-0.03457275844472866
dementia:0.00;-0.020067720377025245
cancer:0.00;-0.01942782532171629
