Features;Individual Effect
age:89.00;-0.3047945104238375
race:white;-0.04604913923599145
sex:male;-0.002897692515753506
hypertension:1.00;-0.05133029103655743
hyperlipidemia:0.00;-0.07108427272387734
diabetes:0.00;0.017936338662738544
coronary.artery.disease:0.00;0.025204413110276574
chf:0.00;-0.005214186451704968
cerebrovascular.disease:0.00;0.040196648296027634
hepatitis:0.00;0.010266994361068081
endstage.renal.disease:0.00;-0.00387085473098258
chronic.kidney.disease:0.00;0.044502534230711426
asthma:0.00;-0.022346556417109732
copd:0.00;0.004608084022228355
dementia:0.00;0.021625835629688776
cancer:1.00;-0.020180109421349388
