Features;Individual Effect
age:75.00;-0.12691940323285736
race:white;0.005441927634032305
sex:male;-0.011216091408773587
hypertension:0.00;-0.08705098706403847
hyperlipidemia:1.00;-0.034238966356454105
diabetes:1.00;0.035513097093051206
coronary.artery.disease:1.00;-0.05815414386100224
chf:1.00;0.02422657358762707
cerebrovascular.disease:0.00;0.020689768650498833
hepatitis:0.00;0.03289299238285639
endstage.renal.disease:0.00;0.013462041237669115
chronic.kidney.disease:1.00;-0.05771286553637553
asthma:1.00;-0.006863206477670602
copd:0.00;0.022070578965490938
dementia:0.00;0.015775094310145052
cancer:0.00;-0.055185620497208605
