Features;Individual Effect
age:84.00;-0.21023766088700235
race:white;-0.057058490499506974
sex:male;-0.005892353147822098
hypertension:1.00;-0.01900346210643193
hyperlipidemia:0.00;-0.08291985543712313
diabetes:0.00;-0.02117663564718785
coronary.artery.disease:1.00;-0.15552891875514424
chf:1.00;0.0498081622763822
cerebrovascular.disease:0.00;0.016781232014948747
hepatitis:0.00;0.018704462767156687
endstage.renal.disease:0.00;0.0061036590395073045
chronic.kidney.disease:0.00;-0.045059360325982734
asthma:0.00;0.05226298731439809
copd:0.00;0.013708836569822545
dementia:0.00;0.049589644915778774
cancer:0.00;0.005878542630532217
