Features;Individual Effect
age:78.00;-0.1139402800403484
race:white;0.0011175875286556433
sex:female;0.02987074509110539
hypertension:1.00;-0.0014289602145087406
hyperlipidemia:0.00;-0.0268156911761083
diabetes:1.00;-0.01707546773088147
coronary.artery.disease:0.00;-0.04201322150590929
chf:1.00;-0.05650071030900282
cerebrovascular.disease:0.00;0.04299878156900853
hepatitis:1.00;-0.1322136885010146
endstage.renal.disease:0.00;0.03529334006729364
chronic.kidney.disease:0.00;0.007843864085264997
asthma:1.00;0.00705551329810041
copd:0.00;0.01572299119745417
dementia:0.00;-0.0434572250129273
cancer:0.00;0.020916092730163968
