Features;Individual Effect
age;-0.15081313285069572
race;-0.011056979912603113
sex;-0.032143726457983676
hypertension;-0.06470118551841222
hyperlipidemia;-0.040535527772512604
diabetes;0.004138741450842406
coronary.artery.disease;-0.0691193348094205
chf;0.029199838721585422
cerebrovascular.disease;0.04487944110666467
hepatitis;-0.016734155945578217
endstage.renal.disease;-0.0658488317644268
chronic.kidney.disease;-0.044727282794274174
asthma;-0.03447260990194899
copd;0.03222340829434959
dementia;-0.0030451352931547063
cancer;-0.005287129163219049
