Features;Individual Effect
age:45.00;0.2175157496224432
race:white;-0.040312897925127045
sex:male;-0.033808169618875505
hypertension:0.00;-0.01539702482545411
hyperlipidemia:0.00;0.03520629101501466
diabetes:0.00;0.03396943990031953
coronary.artery.disease:1.00;-0.024225741448998146
chf:1.00;0.13952557833460327
cerebrovascular.disease:0.00;-0.005149121595951095
hepatitis:0.00;0.028172686274552685
endstage.renal.disease:0.00;0.005041144401846711
chronic.kidney.disease:0.00;-0.031464293264036935
asthma:0.00;0.0030071537767177967
copd:0.00;-0.016396732549286377
dementia:0.00;0.029710975029982087
cancer:0.00;0.010538286623741365
