Features;Individual Effect
age:48.00;0.18209536925617265
race:other;-0.02425725441543103
sex:male;-0.11909450232453322
hypertension:0.00;-0.0988154732837434
hyperlipidemia:0.00;0.0017256061071386324
diabetes:0.00;0.07910317376028453
coronary.artery.disease:0.00;0.017511347133275332
chf:0.00;-0.02158914191838519
cerebrovascular.disease:0.00;0.03129167689591964
hepatitis:0.00;-0.0026995919576740367
endstage.renal.disease:0.00;-0.04823429325600315
chronic.kidney.disease:0.00;0.004912857909596655
asthma:0.00;0.0011699213089754815
copd:0.00;-0.010928347484236456
dementia:0.00;-0.024614489716559634
cancer:0.00;0.018296097545935787
