Features;Individual Effect
age;0.26104051241911347
race;-0.004576104149300084
sex;-0.04590046097349301
hypertension;0.0627146839305487
hyperlipidemia;0.0018330336197567671
diabetes;-0.09488356798807641
coronary.artery.disease;0.030043282313831073
chf;-0.04243266879260616
cerebrovascular.disease;0.0031610786797848685
hepatitis;-0.022534991967295297
endstage.renal.disease;0.0013962351982852754
chronic.kidney.disease;0.027659259642912663
asthma;-0.009504976675179185
copd;0.003507297890576946
dementia;-0.0021485092623750755
cancer;-0.023141068229068203
