Features;Individual Effect
age;-0.18550765671191605
race;0.04390488838175227
sex;0.004649412105707696
hypertension;0.0005842014217761881
hyperlipidemia;-0.024746789741653626
diabetes;0.017370386637092474
coronary.artery.disease;-0.13307716957736815
chf;0.016349118234689083
cerebrovascular.disease;-0.01044421564406176
hepatitis;0.038435841495850304
endstage.renal.disease;0.012208846576595917
chronic.kidney.disease;0.007146518984690082
asthma;-0.05717962900112023
copd;0.009370289049203239
dementia;0.005396885118011393
cancer;-0.05437735307621024
