Features;Individual Effect
age;-0.15360123695214456
race;0.007078486495823171
sex;0.07320775459510392
hypertension;-0.005595134920521253
hyperlipidemia;-0.0035322773194011057
diabetes;0.005558525906534036
coronary.artery.disease;-0.17832535813754852
chf;-0.023007004008900784
cerebrovascular.disease;0.047474050924123504
hepatitis;0.021008625147492084
endstage.renal.disease;0.02084540975770635
chronic.kidney.disease;-0.0019288342492252463
asthma;-0.015163180156428577
copd;-0.004920250374717382
dementia;0.03785205350031674
cancer;-0.021080392996950886
