Features;Individual Effect
age:65.00;0.02661218951546837
race:white;-0.07775952804954914
sex:male;-0.06528590342809953
hypertension:0.00;-0.09263541882484794
hyperlipidemia:0.00;0.018774942122259455
diabetes:0.00;-0.011399325170245493
coronary.artery.disease:1.00;-0.29695948398422806
chf:0.00;-0.03879543284740258
cerebrovascular.disease:0.00;0.025350274504239094
hepatitis:0.00;0.016299877322998195
endstage.renal.disease:0.00;0.025394444599321234
chronic.kidney.disease:0.00;-0.025963852652522993
asthma:0.00;0.06171288391035926
copd:0.00;0.02691367460083794
dementia:0.00;-0.005069788181735986
cancer:0.00;-0.07797471706452636
