Features;Individual Effect
age;-0.0731092121495117
race;0.024373116463895866
sex;0.08090617996474281
hypertension;0.00885748012947594
hyperlipidemia;-0.017254233906902054
diabetes;-0.037928083845224836
coronary.artery.disease;0.05655714492928634
chf;0.10088323320930523
cerebrovascular.disease;-0.023319443327029548
hepatitis;-0.0030437434500339977
endstage.renal.disease;0.028156410949318467
chronic.kidney.disease;-0.011662947214690408
asthma;-0.013416346727995097
copd;-0.0023103199531993857
dementia;0.05259761686907086
cancer;-0.006542765861794576
