Features;Individual Effect
age;0.29056095596062775
race;0.004491098771087526
sex;-0.05312207540600134
hypertension;0.09177694747159705
hyperlipidemia;0.01997520652826761
diabetes;-0.0029159800421399906
coronary.artery.disease;0.03676677359896757
chf;-0.013235271890705617
cerebrovascular.disease;0.03316429409156655
hepatitis;-0.03093572228777377
endstage.renal.disease;-0.017921181578704933
chronic.kidney.disease;-0.01806117037083531
asthma;0.022526639358157668
copd;-0.00020822360362508265
dementia;0.005421246460802528
cancer;-0.01291889398411446
