Features;Individual Effect
age:79.00;-0.04478562433274755
race:white;0.026326817948477892
sex:female;0.07239563036119018
hypertension:1.00;-0.050852838167695855
hyperlipidemia:0.00;-0.03571961480667551
diabetes:0.00;-0.018242146588069705
coronary.artery.disease:0.00;0.09045377704008459
chf:0.00;0.0032081089081053525
cerebrovascular.disease:1.00;-0.0009915388162860302
hepatitis:0.00;-0.001186245386975553
endstage.renal.disease:0.00;-0.023882624254132827
chronic.kidney.disease:0.00;0.012225703286452902
asthma:0.00;0.0019753933856132555
copd:0.00;-0.004440638716255914
dementia:0.00;-0.04415417762894331
cancer:0.00;0.04214248326451492
