Features;Individual Effect
age;0.14654197775918637
race;0.04148527249394665
sex;-0.04419978944126206
hypertension;-0.00938290817945843
hyperlipidemia;0.013145668193426253
diabetes;0.02453446027123051
coronary.artery.disease;0.07547743051137008
chf;0.021911995041576277
cerebrovascular.disease;-0.014572212242961485
hepatitis;0.009323667311355758
endstage.renal.disease;0.0333084831598022
chronic.kidney.disease;-0.020704130640256644
asthma;-0.03879928076195291
copd;0.014321237113428004
dementia;0.054440921843123505
cancer;0.0033156185007065294
