Features;Individual Effect
age:75.00;-0.24836636913217755
race:black;-0.035909247587490395
sex:female;0.030291817278844183
hypertension:1.00;-0.01186619245935132
hyperlipidemia:0.00;-0.01091069942545418
diabetes:1.00;-0.030217003020735045
coronary.artery.disease:1.00;-0.05465998285915769
chf:0.00;-0.00776149531167704
cerebrovascular.disease:0.00;-0.02910846826710537
hepatitis:0.00;0.00555919309453622
endstage.renal.disease:0.00;0.029197462805543903
chronic.kidney.disease:0.00;0.010769748196851886
asthma:0.00;-0.006340651833635818
copd:0.00;-0.02956045203376486
dementia:0.00;-0.001744497407545226
cancer:0.00;0.018289617566174275
