Features;Individual Effect
age:68.00;-0.08330814617798052
race:white;-0.0326378393561582
sex:male;-0.0074228904242576044
hypertension:1.00;0.02649464629695445
hyperlipidemia:1.00;0.0429810502524031
diabetes:0.00;0.0032688227850359037
coronary.artery.disease:1.00;-0.10175044484073618
chf:0.00;-0.021862692197013905
cerebrovascular.disease:0.00;0.050852420348201366
hepatitis:0.00;0.013995606695829749
endstage.renal.disease:0.00;-0.0341797042603572
chronic.kidney.disease:0.00;-0.007807556493010792
asthma:0.00;-0.04632174464533684
copd:1.00;0.002871475459437429
dementia:0.00;-0.014481054606126673
cancer:0.00;0.0444558669297829
