Features;Individual Effect
age:56.00;0.2606543225128178
race:black;0.019773983809649204
sex:female;0.04875792441457854
hypertension:1.00;-0.013714735381589294
hyperlipidemia:0.00;0.06503465991978748
diabetes:1.00;-0.030001230525680364
coronary.artery.disease:0.00;0.06971002111312144
chf:0.00;0.03341410995593661
cerebrovascular.disease:0.00;-0.01973061194297107
hepatitis:0.00;0.00968350700990818
endstage.renal.disease:0.00;0.01468985073755528
chronic.kidney.disease:0.00;0.015103711586939975
asthma:0.00;-0.026069362239193546
copd:0.00;0.06458295890620068
dementia:0.00;-0.015236104187561307
cancer:0.00;0.038760978391724016
