Features;Individual Effect
age;-0.005138687257974481
race;0.007081669421390019
sex;0.08126240962338278
hypertension;-0.04084953076267786
hyperlipidemia;0.11575906383837588
diabetes;0.033008262059995644
coronary.artery.disease;0.013678382035804354
chf;0.008724961828059256
cerebrovascular.disease;0.00876129572391729
hepatitis;0.08417116462063964
endstage.renal.disease;0.01629885028503545
chronic.kidney.disease;-0.0029974797695643783
asthma;-0.05959605182252292
copd;-0.027217687860619545
dementia;0.03226582046573917
cancer;0.006666750509684068
