Features;Individual Effect
age;-0.16390341653853177
race;-0.03523122011110462
sex;-0.08263943607274996
hypertension;0.0019665976723797045
hyperlipidemia;-0.06921186986735661
diabetes;0.04119969822461167
coronary.artery.disease;0.017940209781590652
chf;-0.00449875355012685
cerebrovascular.disease;-0.07853970432650519
hepatitis;0.0003421465840386488
endstage.renal.disease;0.0015812484017359817
chronic.kidney.disease;0.014111689228849776
asthma;-0.0005214483983200721
copd;-0.00338246677439627
dementia;-0.020742476705591394
cancer;0.04253006517762626
