Features;Individual Effect
age:77.00;-0.14801193317574965
race:black;-0.01712877877378073
sex:male;-0.0540813882461888
hypertension:1.00;-0.025321263645833217
hyperlipidemia:0.00;0.009575638383588155
diabetes:1.00;-0.018746111562200428
coronary.artery.disease:0.00;0.022797191038234674
chf:0.00;-0.018644615887767953
cerebrovascular.disease:0.00;0.01006845104703419
hepatitis:0.00;-0.007286159109295233
endstage.renal.disease:1.00;-0.029521087005791063
chronic.kidney.disease:1.00;-0.06473877735909543
asthma:0.00;-0.021111931086377995
copd:0.00;0.03607446616105674
dementia:0.00;0.010214889436459961
cancer:0.00;0.03904463104129158
