Features;Individual Effect
age;0.21897293180749267
race;-0.0013660094419077201
sex;-4.6495985351219585e-05
hypertension;0.056674432845699986
hyperlipidemia;-0.004185695550542863
diabetes;-0.03817587833176366
coronary.artery.disease;0.04083636476868908
chf;0.027992348999343976
cerebrovascular.disease;0.053283791801711514
hepatitis;0.024825397150516976
endstage.renal.disease;-0.047706018147689926
chronic.kidney.disease;-0.015439525784517304
asthma;-0.004946970882108933
copd;0.03234153601706023
dementia;-0.00016946286147672546
cancer;0.05323356565457518
