Features;Individual Effect
age:89.00;-0.17381261569837872
race:white;-0.005714319327110112
sex:female;0.08224289013018571
hypertension:0.00;0.0038247077507200314
hyperlipidemia:0.00;-0.0015114554674735972
diabetes:0.00;-0.01646860128446318
coronary.artery.disease:0.00;0.0582457834570268
chf:0.00;0.03757800796693212
cerebrovascular.disease:0.00;0.017975049124430723
hepatitis:0.00;0.01289198780606447
endstage.renal.disease:0.00;-0.002663536745991139
chronic.kidney.disease:0.00;-0.009293621161790066
asthma:0.00;0.0264324105172487
copd:0.00;-0.05368240284361586
dementia:0.00;0.0010437918675832913
cancer:0.00;-0.00387932839917853
