Features;Individual Effect
age:89.00;-0.12839418620075058
race:white;-0.08133822576800256
sex:female;0.13548210221566848
hypertension:0.00;0.07489628446087693
hyperlipidemia:0.00;0.02244024949252558
diabetes:0.00;-0.07268382839535431
coronary.artery.disease:0.00;0.07134695128617789
chf:0.00;0.014275974110421455
cerebrovascular.disease:0.00;0.04507410676373929
hepatitis:0.00;0.01645354126079136
endstage.renal.disease:0.00;-0.020542998068033343
chronic.kidney.disease:0.00;0.02625560384610452
asthma:0.00;-0.03523953930471218
copd:0.00;0.033902976699573
dementia:0.00;-0.04963802696236838
cancer:0.00;0.040143393399743765
