Features;Individual Effect
age:64.00;0.12861089944341642
race:black;-0.010732375275762665
sex:male;-0.01733670304525374
hypertension:1.00;0.06254330852265012
hyperlipidemia:1.00;-0.032944285721760766
diabetes:0.00;0.06455260380644587
coronary.artery.disease:0.00;0.06146611433954451
chf:0.00;0.05833514665660976
cerebrovascular.disease:0.00;-0.0030932396803591954
hepatitis:0.00;0.0038636291531497467
endstage.renal.disease:0.00;-0.02616661463126551
chronic.kidney.disease:0.00;-0.01266484064313758
asthma:0.00;0.011942967491620705
copd:0.00;0.022947412542598244
dementia:0.00;0.04024407394634584
cancer:0.00;-0.0001567620470338902
