Features;Individual Effect
age;-0.1439110325337919
race;-0.09454276702356114
sex;-0.08055722277049829
hypertension;-0.005782849106197058
hyperlipidemia;-0.0013289088016321116
diabetes;-0.020999952688064406
coronary.artery.disease;-0.14869655083889868
chf;-0.027791342387678327
cerebrovascular.disease;-0.0026344296672520806
hepatitis;0.0010947287867653227
endstage.renal.disease;0.009419226942059704
chronic.kidney.disease;-0.005350607953295804
asthma;0.004904029583807208
copd;-0.02854048632695441
dementia;0.008181258356067492
cancer;0.009575173437287539
