Features;Individual Effect
age;-0.1755158060534637
race;-0.004976615551827417
sex;-0.00020036035447651264
hypertension;-0.024882086928649384
hyperlipidemia;-0.024967160968324582
diabetes;-0.00042643509976010395
coronary.artery.disease;-0.07466654353709054
chf;0.08465414834138428
cerebrovascular.disease;-0.009673383593807481
hepatitis;0.011657787884939695
endstage.renal.disease;-0.01799133786415942
chronic.kidney.disease;0.03811474559711856
asthma;0.029759943235142475
copd;-0.005796051227899784
dementia;0.016232814781565123
cancer;0.020523184638137664
