Features;Individual Effect
age;-0.10786612349300188
race;-0.09530733274608716
sex;0.05061320088373772
hypertension;-0.008802680645276284
hyperlipidemia;-0.02853970023160056
diabetes;0.01259881890352646
coronary.artery.disease;-0.22033957401655002
chf;0.00040754353541538196
cerebrovascular.disease;-0.033874008410787984
hepatitis;0.009655775462385219
endstage.renal.disease;0.03384591801843767
chronic.kidney.disease;0.04390845556804008
asthma;0.018764744195471167
copd;0.023270498060211572
dementia;-0.092503524961491
cancer;-0.06801297565199244
