Features;Individual Effect
age:88.00;-0.11252263431770619
race:white;-0.03880865857472514
sex:male;-0.07495775949764787
hypertension:1.00;-0.028970113207361568
hyperlipidemia:1.00;-0.04650868200835543
diabetes:1.00;0.007811915319907034
coronary.artery.disease:0.00;0.025434751587835525
chf:0.00;-0.014958389892582373
cerebrovascular.disease:0.00;-0.004803676799467992
hepatitis:1.00;-0.08392821631258074
endstage.renal.disease:0.00;0.002064828148809504
chronic.kidney.disease:0.00;-0.015565440939215972
asthma:0.00;-0.03278899937304239
copd:0.00;-0.009657367940780596
dementia:1.00;0.01896647262165663
cancer:0.00;-0.011080654595293896
