Features;Individual Effect
age:32.00;0.34120422239942705
race:asian;0.08582753256903403
sex:male;-0.020131206877936077
hypertension:0.00;0.04380133140117923
hyperlipidemia:0.00;-0.017784264199572686
diabetes:0.00;0.03743790396967149
coronary.artery.disease:0.00;0.0390833717605361
chf:0.00;0.009933925584453697
cerebrovascular.disease:0.00;-0.005406579174843638
hepatitis:0.00;0.024125721218189428
endstage.renal.disease:0.00;0.0069373268176211485
chronic.kidney.disease:0.00;0.04768177759590214
asthma:0.00;-0.0010668454098783711
copd:0.00;-0.0038587111656094367
dementia:0.00;0.026415223330589002
cancer:0.00;-0.00022426564828385148
