Features;Individual Effect
age:58.00;0.010278146582399103
race:black;-0.010627182209518922
sex:male;-0.034171006417880886
hypertension:1.00;0.008427470229786316
hyperlipidemia:0.00;-0.026551153134351184
diabetes:1.00;-0.0544648220737569
coronary.artery.disease:1.00;-0.15511152941400447
chf:0.00;0.019197395758822983
cerebrovascular.disease:0.00;0.016282927592552864
hepatitis:0.00;0.0414769120754017
endstage.renal.disease:0.00;-0.02351758440035044
chronic.kidney.disease:0.00;-0.02056165755651222
asthma:0.00;-0.0009249568218457089
copd:0.00;0.038015859186680184
dementia:0.00;0.02459461043721442
cancer:0.00;-0.02401518855443503
