Features;Individual Effect
age:75.00;-0.13267360246249915
race:asian;-0.0013912628873853014
sex:male;-0.048278483104278895
hypertension:0.00;0.047832912224460955
hyperlipidemia:0.00;-0.032710883012648406
diabetes:0.00;-0.006413746531589732
coronary.artery.disease:1.00;-0.15569052928968183
chf:0.00;-0.0018607614480669688
cerebrovascular.disease:0.00;-0.0265441874976541
hepatitis:0.00;-0.015096212011313668
endstage.renal.disease:0.00;-0.04166159643786641
chronic.kidney.disease:0.00;0.01635767528317618
asthma:1.00;0.03135042525450733
copd:1.00;0.037947267787795814
dementia:0.00;0.028983308970158612
cancer:0.00;0.007429786058404858
