Features;Individual Effect
age;-0.20224690560578076
race;0.02455239465322482
sex;-0.1731820858069057
hypertension;-0.047461685636666494
hyperlipidemia;-0.004985159956519207
diabetes;-0.019063963554614663
coronary.artery.disease;0.05618859553949968
chf;-0.08983690439219219
cerebrovascular.disease;0.0384580333627274
hepatitis;-0.01270058933373578
endstage.renal.disease;0.06651350184975821
chronic.kidney.disease;-0.005750692402794889
asthma;0.020919699993225002
copd;0.007582116962844474
dementia;-0.11945341885403714
cancer;-0.0006589251340708303
