Features;Individual Effect
age;-0.0594370179411261
race;-0.06587996595073872
sex;0.048210680308930734
hypertension;-0.1430694576330459
hyperlipidemia;0.026779864604755885
diabetes;-0.0639535397720753
coronary.artery.disease;0.06977413770406392
chf;-0.02600047203850781
cerebrovascular.disease;0.03134314668781964
hepatitis;-0.00836803802917135
endstage.renal.disease;0.0011580980696407374
chronic.kidney.disease;-0.01862922963916868
asthma;-0.0054743508260124505
copd;-0.0005129586951578419
dementia;0.008794688482539514
cancer;0.0545403445979744
