Features;Individual Effect
age;-0.032555659346309065
race;0.04351400079204856
sex;0.05271678465546058
hypertension;-0.027308621050699543
hyperlipidemia;0.06019865886637152
diabetes;0.03303296086271482
coronary.artery.disease;0.06209304903818898
chf;0.059839831700353514
cerebrovascular.disease;-0.01636006740536679
hepatitis;-0.0005002194491753285
endstage.renal.disease;0.026258380845914028
chronic.kidney.disease;0.008912726037338115
asthma;-0.039246810271081754
copd;-0.002318763674872406
dementia;-0.0010138486461976175
cancer;0.03672423265286964
