Features;Individual Effect
age:33.00;0.2856404006971976
race:other;0.01685478730656262
sex:female;0.04747595117526691
hypertension:0.00;-0.00880061253353376
hyperlipidemia:0.00;0.00021271058310083028
diabetes:0.00;-0.042495780628202195
coronary.artery.disease:0.00;0.02704334467560545
chf:1.00;-0.0011522367226019516
cerebrovascular.disease:0.00;0.017870006458307712
hepatitis:0.00;-0.017394094839770044
endstage.renal.disease:0.00;-0.02025246547789054
chronic.kidney.disease:0.00;0.020050027791401453
asthma:0.00;-0.033758970765784456
copd:0.00;-0.03355160979930319
dementia:0.00;-0.023041549128403734
cancer:0.00;0.008002867842755699
