Features;Individual Effect
age;-0.01395956680246018
race;0.018936395574962323
sex;-0.025408151721130832
hypertension;0.040166438618264556
hyperlipidemia;0.04565137973883414
diabetes;0.011108488245145091
coronary.artery.disease;-0.1002773757841251
chf;0.04099054634807062
cerebrovascular.disease;0.03585310454012708
hepatitis;-0.0366488867138851
endstage.renal.disease;-0.027571260330124234
chronic.kidney.disease;-0.03285489704934528
asthma;-0.0007402990744852511
copd;0.13034740904019634
dementia;-0.036992092384837964
cancer;0.0025401458862983244
