Features;Individual Effect
age:75.00;-0.10859276074739621
race:black;0.05196986819694516
sex:male;-0.02470706526485214
hypertension:1.00;0.05710090801207193
hyperlipidemia:0.00;0.022696601285991914
diabetes:1.00;-0.05977644452186012
coronary.artery.disease:0.00;0.051564137665132084
chf:0.00;-0.008876736699289345
cerebrovascular.disease:0.00;-0.000287517408504797
hepatitis:0.00;0.057988007832980526
endstage.renal.disease:0.00;-0.003616484618964532
chronic.kidney.disease:0.00;-0.06780314002436524
asthma:0.00;-0.05512062350895064
copd:0.00;0.00730349052461716
dementia:0.00;-0.0010184099631000976
cancer:0.00;0.04837007247126644
