Features;Individual Effect
age:37.00;0.2251275728063456
race:white;0.0083988402938675
sex:female;0.1119119078994203
hypertension:Yes;0.0086303806123951
hyperlipidemia:No;-0.0255245905459679
diabetes:Yes;-0.0299791496075025
coronary.artery.disease:No;0.1049776122239263
chf:No;0.0319361709485276
cerebrovascular.disease:No;0.0854445818654932
hepatitis:No;0.048672104719903
endstage.renal.disease:No;-0.0441787746466028
chronic.kidney.disease:No;-0.0346577429135816
asthma:No;-0.060262812607768
copd:No;-0.0025150081848264
dementia:No;-0.0060011349761668
cancer:No;0.0147388312386191
