Features;Individual Effect
age:58.00;0.0918083272190964
race:black;0.0087954098209193
sex:male;-0.0336443126092159
hypertension:Yes;0.023030286368089
hyperlipidemia:Yes;0.1473127875795419
diabetes:Yes;-0.0483785865258194
coronary.artery.disease:Yes;-0.0817951696396022
chf:No;-0.0026794962213158
cerebrovascular.disease:No;0.0123482703492174
hepatitis:No;-0.0107825510855466
endstage.renal.disease:No;0.0050275473732781
chronic.kidney.disease:No;-0.0164832191912368
asthma:No;-0.0298877323246587
copd:No;0.0501375207772956
dementia:No;0.0053842827345081
cancer:No;0.0341978268297239
