Features;Individual Effect
age:43.00;0.3406585739583164
race:other;0.0352515809507475
sex:male;-0.048564167802113
hypertension:No;0.0078456341273713
hyperlipidemia:No;0.0213433470887673
diabetes:No;0.0623927235960934
coronary.artery.disease:No;0.0816501090902756
chf:No;-0.0417574308615344
cerebrovascular.disease:No;-0.0005455811249337
hepatitis:No;0.0125635162294697
endstage.renal.disease:No;-0.0054092181415745
chronic.kidney.disease:No;-0.0395739802601269
asthma:No;-0.0078957481366697
copd:No;-0.0008987824303901
dementia:No;0.0115296443714461
cancer:No;0.023650912395992
