Features;Individual Effect
age:66.00;0.0249794447387401
race:asian;-0.0333401842649751
sex:male;-0.0620071775982689
hypertension:No;-0.0219624096782244
hyperlipidemia:No;0.005406609403297
diabetes:No;0.0081354531818657
coronary.artery.disease:No;0.0032281624253356
chf:No;0.000814732542924
cerebrovascular.disease:No;-0.0080019667992336
hepatitis:No;0.0317818576910178
endstage.renal.disease:No;-0.0029035201494537
chronic.kidney.disease:No;-0.0101624593613337
asthma:No;0.0328861734368998
copd:No;-0.002172937734794
dementia:No;0.004833011394667
cancer:No;0.0290744625159016
