Features;Individual Effect
age:89.00;-0.1579082507620696
race:white;0.0112636406274914
sex:female;0.0803243404366464
hypertension:Yes;-0.0099597050773735
hyperlipidemia:No;-0.0168735313188217
diabetes:No;-0.0806353730171545
coronary.artery.disease:Yes;-0.236343782470201
chf:No;0.0461304998176038
cerebrovascular.disease:No;-0.0011482872370554
hepatitis:No;0.0058932999918295
endstage.renal.disease:No;0.0138939252363933
chronic.kidney.disease:No;-0.0127657856040368
asthma:No;0.0100130201042607
copd:No;-0.0398188086510127
dementia:Yes;0.005160764470414
cancer:No;0.036336147181646
