Features;Individual Effect
age:85.00;-0.0848861898348988
race:black;0.1040407126011014
sex:male;-0.0191661899022226
hypertension:No;0.0446155538595485
hyperlipidemia:No;0.0075840698634943
diabetes:No;0.010005278021899
coronary.artery.disease:Yes;-0.0281401334545332
chf:Yes;0.0513542032856686
cerebrovascular.disease:No;-0.0014790487184211
hepatitis:No;-0.0073291003589448
endstage.renal.disease:No;0.0072409659255558
chronic.kidney.disease:No;-0.0093506185163804
asthma:No;-0.030115133890808
copd:No;-0.0118334934908236
dementia:No;0.019319004231119
cancer:No;0.028473351150671
