Features;Individual Effect
age:78.00;-0.1734527312078116
race:black;-0.015335447578976
sex:female;-0.0343655744002618
hypertension:Yes;-0.015435787469301
hyperlipidemia:No;0.0036707751111892
diabetes:Yes;-0.0896754413982575
coronary.artery.disease:No;0.0526542025532785
chf:No;-0.0486396456086089
cerebrovascular.disease:No;0.0282522664742372
hepatitis:No;0.0634928105807623
endstage.renal.disease:No;0.0196566282982809
chronic.kidney.disease:No;0.0174008119044839
asthma:No;-0.0191481194948998
copd:No;0.0135592360433917
dementia:No;0.0171193627269178
cancer:No;0.0359910938467756
