Features;Individual Effect
age:72.00;-0.16110919875691
race:black;0.0116821461422139
sex:male;0.0142449559001616
hypertension:Yes;0.0437240910255199
hyperlipidemia:Yes;0.0579866143035158
diabetes:Yes;0.0701825162475707
coronary.artery.disease:Yes;-0.1857806294390208
chf:No;0.0049381792166948
cerebrovascular.disease:No;0.0657041021355783
hepatitis:No;0.0253781345896885
endstage.renal.disease:Yes;0.005425970843739
chronic.kidney.disease:No;0.0307477145976639
asthma:No;0.0183403399632225
copd:No;-0.0520313762600106
dementia:No;-0.0106999170574192
cancer:No;-0.0682988453026741
