Features;Individual Effect
age:89.00;-0.1798717313699944
race:white;-0.0562471917615979
sex:female;0.0429231772527766
hypertension:No;0.0069709858311351
hyperlipidemia:Yes;-0.0509788024605004
diabetes:No;-0.0508840699404431
coronary.artery.disease:No;-0.012406506263506
chf:Yes;-0.0748862449663411
cerebrovascular.disease:No;-0.0074794951413418
hepatitis:No;0.00893517724499
endstage.renal.disease:No;0.0075145167191672
chronic.kidney.disease:Yes;-0.0567338247093167
asthma:No;-0.0141561971249934
copd:No;-0.0084290233341791
dementia:No;0.002261986562228
cancer:Yes;-0.0589467398772016
