Features;Individual Effect
age:83.00;-0.0526792513739935
race:black;0.0127251422299284
sex:female;0.138537951935392
hypertension:No;-0.0519070120382181
hyperlipidemia:Yes;0.0014746630110208
diabetes:Yes;-0.0377280304721483
coronary.artery.disease:No;0.0614909082754735
chf:Yes;0.0545887638447566
cerebrovascular.disease:No;-0.0025308885796531
hepatitis:No;-0.0113015115149212
endstage.renal.disease:No;0.0062523938830156
chronic.kidney.disease:No;-0.0283155214292592
asthma:No;0.0502942931652191
copd:No;-0.0002382590913264
dementia:No;-0.0147558260312038
cancer:No;-0.0064817120260001
