Features;Individual Effect
age:89.00;-0.1717339340469817
race:white;-0.0363522843247563
sex:male;-0.0543403715381448
hypertension:Yes;0.0131741638064418
hyperlipidemia:Yes;-0.0032113754436173
diabetes:No;-0.0256458430134506
coronary.artery.disease:Yes;-0.0842930346023743
chf:No;-0.0176118457424003
cerebrovascular.disease:No;-0.003086505849255
hepatitis:No;0.0120783123451988
endstage.renal.disease:No;0.0066903110925593
chronic.kidney.disease:Yes;-0.0537036228747882
asthma:No;0.0030225473298123
copd:No;0.0006130649679314
dementia:Yes;-0.0448889424694753
cancer:No;0.0420897897985176
