Features;Individual Effect
age:8No;-0.1560953146200021
race:white;-0.0527543332942535
sex:female;0.0109528656223681
hypertension:Yes;-0.0452375936869586
hyperlipidemia:No;-0.1040189006442647
diabetes:No;0.0050718070154177
coronary.artery.disease:Yes;-0.164635312191912
chf:Yes;0.021761146243283
cerebrovascular.disease:No;0.0314497164173455
hepatitis:No;0.0168567494013455
endstage.renal.disease:Yes;-0.0453813003692815
chronic.kidney.disease:No;-0.0003471833397742
asthma:No;0.0127680678831086
copd:No;-0.0134236557339234
dementia:No;-0.0523389358176044
cancer:No;0.0264026743912516
