Features;Individual Effect
age:53.00;0.2243787250111308
race:black;-0.0090301101185098
sex:male;-0.0261875593830908
hypertension:Yes;0.1363525365131346
hyperlipidemia:No;0.0067548220709908
diabetes:Yes;-0.0535264542778582
coronary.artery.disease:No;0.0798805879140164
chf:No;0.0124808710360284
cerebrovascular.disease:No;-0.0151579091795127
hepatitis:No;0.0135340058207156
endstage.renal.disease:No;-0.0143513283018439
chronic.kidney.disease:No;-0.0046038858042232
asthma:Yes;-0.0387102744332686
copd:No;-0.0187720173181
dementia:No;-0.0553382614660057
cancer:No;0.0288166364273442
