Features;Individual Effect
age:89.00;-0.2892436323377904
race:white;-0.0413684145608574
sex:female;-0.0207332055417763
hypertension:Yes;-0.0808541521316005
hyperlipidemia:Yes;-0.0685769353940388
diabetes:No;-0.0507077980410504
coronary.artery.disease:No;0.0749390090024623
chf:Yes;0.0115309820469248
cerebrovascular.disease:No;0.0395290141776913
hepatitis:No;0.0005846912772834
endstage.renal.disease:No;0.0255912453997229
chronic.kidney.disease:No;0.0197544566231851
asthma:No;-0.0116999340768999
copd:No;0.0096012854355317
dementia:No;0.0104512932123896
cancer:No;0.010472867581098
