Features;Individual Effect
age:8Yes;-0.1109388058759379
race:black;0.0076409818305555
sex:female;0.0668608579895234
hypertension:Yes;-0.0439471736648874
hyperlipidemia:Yes;0.0531598392669667
diabetes:Yes;-0.020899721451466
coronary.artery.disease:Yes;-0.0744717889723924
chf:No;0.0047043206640139
cerebrovascular.disease:No;0.0312281306422652
hepatitis:No;-0.0044140203138408
endstage.renal.disease:Yes;-0.0406635896058019
chronic.kidney.disease:No;0.0144868208575281
asthma:No;-0.0161069440421336
copd:No;0.024177044568207
dementia:No;0.0154511184648897
cancer:Yes;-0.1560309339328246
