Features;Individual Effect
age:86.00;-0.16165897152546
race:white;0.09114728460696
sex:male;-0.0179828586964068
hypertension:No;-0.0663523422101601
hyperlipidemia:No;0.0349252906973321
diabetes:No;0.075176868999753
coronary.artery.disease:No;0.086585373014038
chf:No;0.0070305178856238
cerebrovascular.disease:No;0.0007794128152921
hepatitis:No;0.0127589119572147
endstage.renal.disease:No;0.0030411549897671
chronic.kidney.disease:No;0.0137036027485679
asthma:No;-0.0274495427729177
copd:No;0.0129209294262543
dementia:No;-0.0126711599273632
cancer:No;0.0109002038251938
