Features;Individual Effect
age:70;0.0186439114228359
race:black;0.0255196691718113
sex:female;0.0372556967983882
hypertension:Yes;0.0175627332271001
hyperlipidemia:Yes;0.0003649760026708
diabetes:No;-0.0183471320441188
coronary.artery.disease:No;0.0421474801683078
chf:No;0.0495362750796214
cerebrovascular.disease:No;0.0200124836082254
hepatitis:No;-0.0145837741564465
endstage.renal.disease:No;0.0033845393539685
chronic.kidney.disease:No;0.0043231043522688
asthma:No;0.0259579356439547
copd:No;-0.0005863076275544
dementia:No;0.0079611726306416
cancer:No;0.0257962298180027
