Features;Individual Effect
age:4Yes;0.1213679289282003
race:black;0.0893793912959566
sex:male;-0.0759905648624566
hypertension:No;0.0148383812466331
hyperlipidemia:No;0.0156769098918145
diabetes:No;0.0480754314405189
coronary.artery.disease:No;0.0608147479338479
chf:No;0.0015654504316752
cerebrovascular.disease:No;-0.0072403838257488
hepatitis:No;0.0244274973453745
endstage.renal.disease:No;-0.0020064938822298
chronic.kidney.disease:No;-0.0072069176752377
asthma:No;-0.0173388870624716
copd:No;0.038190376979038
dementia:No;0.0057490845220954
cancer:No;0.0303146524545236
