Features;Individual Effect
age:79.00;-0.0352608259723885
race:black;0.0660548023444469
sex:female;0.1278157948780655
hypertension:Yes;-0.0225972819845452
hyperlipidemia:Yes;0.0730484678349962
diabetes:No;0.0157145677262851
coronary.artery.disease:No;0.0698129558273634
chf:No;-0.0230456363752389
cerebrovascular.disease:No;0.0432937227243733
hepatitis:No;0.0251482246430981
endstage.renal.disease:No;0.0247939798893054
chronic.kidney.disease:No;-0.0238134987578045
asthma:No;-0.0192874862894516
copd:No;-0.0087689191873795
dementia:No;-0.050512838999243
cancer:No;0.0060964648014704
