Features;Individual Effect
age:25.00;0.2675901855285778
race:black;-0.0146816966926327
sex:female;0.0424486175717489
hypertension:Yes;-0.051459322644929
hyperlipidemia:No;-0.0102474066759406
diabetes:No;0.009841789747727
coronary.artery.disease:No;0.0036185896772701
chf:No;0.0078408235120652
cerebrovascular.disease:No;0.0318902114192839
hepatitis:No;0.0498486004257329
endstage.renal.disease:No;-0.0082267168015893
chronic.kidney.disease:No;-0.0398481810672391
asthma:No;-0.0082121377919664
copd:No;-0.0324228428656414
dementia:No;-0.0138973739995062
cancer:No;0.0307705887663933
