Features;Individual Effect
age:70;0.1638414771727227
race:white;0.0736590920006851
sex:male;0.0216806906051321
hypertension:No;-0.0079198732461443
hyperlipidemia:No;0.0492683635300935
diabetes:No;0.0206538886572146
coronary.artery.disease:No;0.0878115295410839
chf:No;-0.0054583171412011
cerebrovascular.disease:No;-0.0041750512048905
hepatitis:No;-0.0433639042757882
endstage.renal.disease:No;-0.0175913774282831
chronic.kidney.disease:No;-0.0092382713040405
asthma:No;0.0167042731360348
copd:No;-0.0009269018332637
dementia:No;-0.009841823232604
cancer:No;0.0118938007801526
