Features;Individual Effect
age:87.00;-0.1834841907016583
race:asian;-0.016998664350564
sex:female;-0.005953887843825
hypertension:Yes;-0.0019050201535209
hyperlipidemia:No;-0.058209146941846
diabetes:No;-0.0730090358723563
coronary.artery.disease:No;0.0712048149653622
chf:No;0.0326253783400531
cerebrovascular.disease:No;0.0353675588369573
hepatitis:No;0.0178525487072089
endstage.renal.disease:No;0.0026838471978423
chronic.kidney.disease:No;0.0285378914151319
asthma:No;-0.0533433447273122
copd:No;-0.0374435503468573
dementia:No;-0.0070625303953748
cancer:No;-0.0089118968141711
