Features;Individual Effect
age:8No;-0.1523616695011539
race:black;0.0091246755782147
sex:female;0.0631373766633303
hypertension:Yes;-0.0958592074373627
hyperlipidemia:No;-0.0044243224674651
diabetes:No;-0.0065746182834089
coronary.artery.disease:Yes;-0.0671996905306993
chf:No;-0.0229122253815982
cerebrovascular.disease:No;0.0158871064304578
hepatitis:No;-0.0272197729517088
endstage.renal.disease:No;0.005183536717298
chronic.kidney.disease:No;-0.0068002309982531
asthma:No;0.0116032270458938
copd:No;0.0012768033009648
dementia:No;0.003171849043086
cancer:Yes;-0.0542835024535726
