Features;Individual Effect
age:65.00;-0.0566712459699763
race:black;-0.0758657763860528
sex:male;-0.0397717191671719
hypertension:Yes;-0.0262134494524114
hyperlipidemia:Yes;-0.0515579385674895
diabetes:No;-0.0096095732585448
coronary.artery.disease:No;-0.0011259684935983
chf:Yes;-0.1642687607945954
cerebrovascular.disease:No;0.0012989660053807
hepatitis:No;0.0427532426545423
endstage.renal.disease:No;0.0175667856518652
chronic.kidney.disease:No;0.0131884587662913
asthma:No;-0.0091472630064501
copd:No;-0.0131692905836684
dementia:No;0.0096105831751324
cancer:No;0.0437378616450445
