Features;Individual Effect
age:77.00;-0.2039095521604766
race:hispanic;-0.0580496825299772
sex:female;0.0092948174908944
hypertension:Yes;0.0087949476946788
hyperlipidemia:No;0.0222874431157955
diabetes:Yes;-0.0856052704052062
coronary.artery.disease:No;0.0538354348893439
chf:No;-0.0022798649394514
cerebrovascular.disease:No;-0.007710780583437
hepatitis:No;-0.0019327837028924
endstage.renal.disease:Yes;-0.0132352765717396
chronic.kidney.disease:No;-0.0119276063683828
asthma:No;-0.028992949376869
copd:No;-0.0186498364209237
dementia:No;0.0477533310674506
cancer:No;0.0152350299416164
