Features;Individual Effect
age:72.00;0.089236520986472
race:black;-0.0048285031608918
sex:male;-0.0058347696840214
hypertension:Yes;0.0659026548769412
hyperlipidemia:Yes;0.0227349492750082
diabetes:Yes;-0.0034675298718945
coronary.artery.disease:No;0.1184875964760511
chf:No;0.0368345805162715
cerebrovascular.disease:No;0.0234173401790615
hepatitis:No;-0.0055947675438183
endstage.renal.disease:No;0.0312458113480516
chronic.kidney.disease:No;0.027130392515883
asthma:No;0.0260636381836428
copd:No;0.0009953522901661
dementia:No;-0.0138428304695181
cancer:No;0.0050649747651103
