Features;Individual Effect
age:63.00;-0.0557553746768846
race:other;-0.0762955925769474
sex:female;-0.0250270931285674
hypertension:Yes;-0.0174113763491576
hyperlipidemia:No;-0.0268015573525675
diabetes:No;-0.0656963997120979
coronary.artery.disease:No;0.0652821099709132
chf:No;0.0366251572080038
cerebrovascular.disease:No;0.0196983662695978
hepatitis:No;0.0079491378969557
endstage.renal.disease:No;-0.0641238910138739
chronic.kidney.disease:No;-0.043288383044794
asthma:No;-0.0012213027244805
copd:No;0.0276793842596147
dementia:No;0.0142660939160862
cancer:No;0.0091274302146651
