Features;Individual Effect
age:72.00;-0.0470673431652995
race:black;0.0452200968372754
sex:female;0.0204601100522612
hypertension:Yes;-0.0141896581866637
hyperlipidemia:No;0.0305116263355307
diabetes:No;0.0023482210937836
coronary.artery.disease:No;0.0476945169727291
chf:Yes;0.0126931285725625
cerebrovascular.disease:No;-0.0051758766271495
hepatitis:No;-0.0428974565434675
endstage.renal.disease:Yes;0.1065151361642507
chronic.kidney.disease:No;-0.0201887271712803
asthma:No;-0.0465093459818286
copd:Yes;-0.0368507927604459
dementia:No;0.0146614829646593
cancer:No;-0.0188655204206448
