Features;Individual Effect
age:85.00;-0.1821794398086859
race:black;0.0322630701375749
sex:female;0.0325981495036792
hypertension:Yes;0.0040099590678929
hyperlipidemia:No;-0.0113250213123638
diabetes:Yes;0.0050960205688518
coronary.artery.disease:Yes;-0.132953174515103
chf:No;-0.0176858111540646
cerebrovascular.disease:No;0.0178053853505688
hepatitis:No;0.0110506906155394
endstage.renal.disease:No;-0.0043502721836658
chronic.kidney.disease:No;-0.0082287455082493
asthma:No;0.0234476101872364
copd:No;-0.0072046591267989
dementia:No;-0.0142565456853254
cancer:No;0.0117481096729237
