Features;Individual Effect
age:72.00;-0.0389668583543213
race:asian;0.125494891435753
sex:female;0.0546563244342817
hypertension:Yes;0.0154364584007429
hyperlipidemia:Yes;-0.0059843383603219
diabetes:Yes;0.0700631978061968
coronary.artery.disease:Yes;-0.1365325294117586
chf:No;-0.024470317254288
cerebrovascular.disease:No;-0.0053344543122057
hepatitis:No;-0.0060598234250438
endstage.renal.disease:No;0.0154632562722404
chronic.kidney.disease:No;0.032727941698522
asthma:No;-0.0679148944883573
copd:No;-0.0098012641934722
dementia:No;0.0472886189916677
cancer:No;0.0242792115591701
