Features;Individual Effect
age:72.00;-0.1253914509419877
race:white;-0.0574762990337769
sex:male;-0.0598212595084958
hypertension:No;-0.0288954835848523
hyperlipidemia:No;0.0327164838087139
diabetes:No;-0.0209942421249195
coronary.artery.disease:Yes;-0.1011644493165768
chf:Yes;-0.0240390557782235
cerebrovascular.disease:No;0.0450464178925784
hepatitis:No;0.0203372169386969
endstage.renal.disease:No;0.0065436420117682
chronic.kidney.disease:No;-0.03149815474547
asthma:No;-0.0061489401970028
copd:No;-0.0227437995942641
dementia:No;-0.0011303898710678
cancer:No;-0.0228157822594263
