Features;Individual Effect
age:87.00;-0.0279142390322631
race:black;0.008498149714441
sex:female;0.0207497400035486
hypertension:Yes;0.0748351613051484
hyperlipidemia:No;0.0307654915921589
diabetes:Yes;0.0969041458603074
coronary.artery.disease:No;0.0594750082216475
chf:No;0.0183857446981057
cerebrovascular.disease:No;-0.0586998706082717
hepatitis:No;-0.0016858462506269
endstage.renal.disease:No;0.0321990995277045
chronic.kidney.disease:No;0.0418569079645948
asthma:No;-0.0436524362789682
copd:No;0.0049374065092233
dementia:No;-0.0237586265637224
cancer:No;0.0052709623185584
