Features;Individual Effect
age:82.00;-0.0678357280505241
race:black;0.0401408791030334
sex:female;0.0098945735046056
hypertension:No;-0.0366526876751031
hyperlipidemia:Yes;-0.00556381931
diabetes:Yes;-0.0471715939483186
coronary.artery.disease:Yes;-0.0952848629115474
chf:Yes;0.0065238976458367
cerebrovascular.disease:No;-0.0373649812774182
hepatitis:No;0.0374171246281097
endstage.renal.disease:No;0.010886197329519
chronic.kidney.disease:No;0.0113234969728124
asthma:No;0.0402707572892433
copd:No;-0.0176176525481515
dementia:No;-0.0479494912181512
cancer:No;0.0110922100029866
