Features;Individual Effect
age:56.00;0.1705477184055486
race:asian;0.0178514553580707
sex:female;0.0160192159078138
hypertension:No;0.0466082934506312
hyperlipidemia:No;0.0096369731032792
diabetes:No;0.0014553611644378
coronary.artery.disease:No;0.0569044506509447
chf:Yes;-0.0151942732452147
cerebrovascular.disease:No;0.0159867276428846
hepatitis:No;-0.0054188245310553
endstage.renal.disease:No;-0.0012688054693826
chronic.kidney.disease:No;0.0699153455247648
asthma:No;0.0020112983056386
copd:No;-0.0088600449747223
dementia:No;0.0111748806707846
cancer:No;0.0107912811196157
