Features;Individual Effect
age:7Yes;-0.0094941860793539
race:white;-0.0350839717322404
sex:male;-0.1436000100462066
hypertension:No;-0.1433175780724455
hyperlipidemia:No;-0.0087898723914506
diabetes:Yes;-0.1066658056515924
coronary.artery.disease:No;0.0493117023037124
chf:No;-0.0270013722261881
cerebrovascular.disease:No;4.943224079215561e-05
hepatitis:No;-0.0064148885034845
endstage.renal.disease:No;0.002023467165971
chronic.kidney.disease:No;0.0086839373495079
asthma:No;-0.017960442144375
copd:No;0.019679064921986
dementia:No;-0.0356788616521045
cancer:No;0.0791536122488255
