Features;Individual Effect
age:74.00;-0.3112781861809322
race:black;-0.0308542778994558
sex:male;-0.0792116998672551
hypertension:No;-0.0677514146236217
hyperlipidemia:No;-0.0776980399325575
diabetes:No;-0.0067709728195163
coronary.artery.disease:No;0.0449929504290233
chf:No;0.0195291099207598
cerebrovascular.disease:No;0.0085643041265702
hepatitis:No;0.0153824718589184
endstage.renal.disease:No;-0.0278006478951259
chronic.kidney.disease:No;-0.0184263403878371
asthma:No;-0.0088430449891324
copd:No;0.0064435741142832
dementia:No;-0.005808259400472
cancer:No;0.0025578205760657
