Features;Individual Effect
age:58.00;0.1304439748790142
race:black;-0.0345965029967849
sex:female;0.0629972531670294
hypertension:Yes;0.0015545233236714
hyperlipidemia:No;-0.065445333977216
diabetes:Yes;-0.0717202417590789
coronary.artery.disease:No;0.0755007647447385
chf:No;0.0149762480448768
cerebrovascular.disease:No;-0.0286968300003078
hepatitis:No;0.0323485018263621
endstage.renal.disease:Yes;0.057199981497193
chronic.kidney.disease:No;0.0567107193663709
asthma:No;-0.0525045412790057
copd:No;-0.0190317846207149
dementia:No;-0.0125501295170649
cancer:No;0.0393822996668835
