Features;Individual Effect
age:92.00;-0.1849490333685807
race:black;0.0376147452377149
sex:female;0.017431896495077
hypertension:No;0.0013718883378328
hyperlipidemia:No;-0.0265605893769943
diabetes:No;-0.0021903957124895
coronary.artery.disease:No;0.026744224736992
chf:No;0.0035965879384822
cerebrovascular.disease:No;-0.0173852549232591
hepatitis:No;-0.0019765594686069
endstage.renal.disease:No;0.0116854441458135
chronic.kidney.disease:No;-0.0008425568318789
asthma:No;0.0441585277770531
copd:No;-0.0029419532996703
dementia:Yes;-0.1914832402333547
cancer:No;0.021761224549686
