Features;Individual Effect
age:47.00;0.2574011530315834
race:other;-0.0286396969775177
sex:male;-0.0197265629598626
hypertension:No;-0.0618190675285711
hyperlipidemia:No;-0.0066182056103738
diabetes:No;0.0582637732675609
coronary.artery.disease:Yes;-0.08499845411984
chf:No;-0.0358355018149783
cerebrovascular.disease:No;-0.0154856534083799
hepatitis:No;0.0126271066830237
endstage.renal.disease:No;-0.0448717020696996
chronic.kidney.disease:No;-0.0306271740374172
asthma:No;-0.0044566744309647
copd:No;0.036373001779361
dementia:No;-0.0006585354312984
cancer:No;0.0530530213533317
