Features;Individual Effect
age:55.00;-0.0024536281828327
race:black;-0.0148212650671544
sex:female;-0.023479565566003
hypertension:No;-0.0853456082618539
hyperlipidemia:No;0.0232934971127809
diabetes:No;0.0210430385316492
coronary.artery.disease:No;0.0694681903820693
chf:No;0.0309157084406556
cerebrovascular.disease:No;0.0272791131929687
hepatitis:No;-0.0384210462098384
endstage.renal.disease:No;-0.0027933084817901
chronic.kidney.disease:No;0.0156052229885708
asthma:No;-0.01983134909547
copd:No;0.0483748017914075
dementia:No;0.0289437671233091
cancer:No;0.0271540328189483
