Features;Individual Effect
age:56.00;0.1729377465732348
race:black;-0.0032024797073258
sex:female;0.0624285897399775
hypertension:No;0.0109329664213131
hyperlipidemia:Yes;0.0295273648790988
diabetes:No;0.007606822268332
coronary.artery.disease:No;-0.001140061792604
chf:No;0.0035205021609257
cerebrovascular.disease:No;0.0006514034427256
hepatitis:No;0.0357021025113194
endstage.renal.disease:No;0.0169390522316708
chronic.kidney.disease:No;0.0051188936471543
asthma:No;0.0054143489175051
copd:No;-0.0173856741344602
dementia:No;-0.0233197045252169
cancer:No;0.0159246494492223
