Features;Individual Effect
age:72.00;-0.0103456684812076
race:white;0.0044500738320674
sex:female;0.0765580120821349
hypertension:Yes;0.0333653436878568
hyperlipidemia:No;-0.0275071864191966
diabetes:Yes;0.0683318241176609
coronary.artery.disease:Yes;-0.1086152130877677
chf:No;-0.0174382350001856
cerebrovascular.disease:No;-0.0416483107806637
hepatitis:No;0.0168376177357761
endstage.renal.disease:No;0.0124629811783812
chronic.kidney.disease:Yes;0.1788123375827345
asthma:No;-0.0216671757020755
copd:No;0.0450792512406279
dementia:No;0.026181828387907
cancer:No;0.0470751104737556
