Features;Individual Effect
age:66.00;0.1706205206114131
race:white;-0.0518402773000898
sex:female;0.0146254017450041
hypertension:No;-0.0159483420496956
hyperlipidemia:No;0.0024120440991504
diabetes:No;0.0371861877662565
coronary.artery.disease:No;0.1197642346698435
chf:No;0.0159415173273504
cerebrovascular.disease:No;-0.018924563652225
hepatitis:No;0.0281422205313918
endstage.renal.disease:No;-0.0037317031525376
chronic.kidney.disease:No;0.0076998416897605
asthma:No;0.0266821842314459
copd:No;-0.0092711292135266
dementia:No;-0.0001568059678442
cancer:No;-0.0139600402359318
