Features;Individual Effect
age:85.00;-0.0986775585871913
race:white;-0.0428727200313069
sex:male;-0.0139424960128422
hypertension:Yes;0.0363207891388105
hyperlipidemia:Yes;0.0445658847198324
diabetes:No;-0.0490811477444413
coronary.artery.disease:Yes;-0.0479730668499508
chf:Yes;-0.0563565424098852
cerebrovascular.disease:Yes;-0.0368063382564055
hepatitis:No;-0.0295522303146526
endstage.renal.disease:No;-0.0122911376300612
chronic.kidney.disease:Yes;-0.0009558692579406
asthma:No;-0.0357846214101084
copd:No;-0.0021817375441121
dementia:Yes;-0.1085725401474299
cancer:Yes;-0.0131119913335943
