Features;Individual Effect
age:5Yes;0.2065381779251793
race:white;0.0465971338766238
sex:female;0.0555276163550385
hypertension:Yes;0.04763599974713
hyperlipidemia:No;-0.0213473671307581
diabetes:Yes;0.02290406072715
coronary.artery.disease:No;0.0531346788188374
chf:No;0.0051326807299416
cerebrovascular.disease:No;0.0028087170382115
hepatitis:No;0.0290765738934548
endstage.renal.disease:No;0.0210799144203097
chronic.kidney.disease:No;-0.0205103319081427
asthma:No;-0.0362534933095752
copd:No;-0.044397712044066
dementia:No;0.0110989354352723
cancer:No;-0.0005205172652942
