Features;Individual Effect
age:66.00;0.0041872078954418
race:white;-0.0646151612369076
sex:male;0.0051905111006835
hypertension:No;-0.0436580398053136
hyperlipidemia:No;-0.1065548181821895
diabetes:No;0.0194042601670464
coronary.artery.disease:Yes;-0.2893515333294788
chf:No;-0.0399409077609379
cerebrovascular.disease:No;-0.0020436099994387
hepatitis:No;0.0485166803365254
endstage.renal.disease:No;-0.0159500151236329
chronic.kidney.disease:No;0.0191375220418881
asthma:No;0.0123431413413634
copd:No;0.0197458578231431
dementia:No;0.0094721943466202
cancer:No;0.0013675623796115
