Features;Individual Effect
age:73.00;0.0269262495887535
race:black;0.0332507642565196
sex:male;0.026320176893772
hypertension:Yes;0.0056608928627125
hyperlipidemia:No;-0.0071063640720993
diabetes:No;0.0232538197170062
coronary.artery.disease:No;0.0437711707013192
chf:No;-0.0050200618309293
cerebrovascular.disease:No;-0.0042829318348322
hepatitis:No;-0.0060733459095372
endstage.renal.disease:No;0.0226383940793986
chronic.kidney.disease:No;0.0069400192494792
asthma:No;-0.0363290406177877
copd:No;0.0119329963514231
dementia:No;-0.012891816680674
cancer:No;0.0148976995970639
