Features;Individual Effect
age:74.00;-0.0948408743523763
race:white;-0.0005464109296815
sex:male;-0.0487408215827875
hypertension:Yes;0.0309155058674835
hyperlipidemia:Yes;0.0964050359560637
diabetes:Yes;0.0504486889110304
coronary.artery.disease:Yes;-0.0186093176906743
chf:No;-0.0237740207341926
cerebrovascular.disease:No;-0.0928406373124941
hepatitis:No;-0.0031275516347199
endstage.renal.disease:No;-0.021239977317662
chronic.kidney.disease:No;0.0156111697331692
asthma:No;0.0305972161558413
copd:No;0.0211336933601169
dementia:No;-0.02466964873747
cancer:No;-0.0022891710077098
