Features;Individual Effect
age:84.00;-0.1586102553348572
race:black;-0.0751333573287562
sex:male;0.0357452308344294
hypertension:Yes;-0.0797746337808124
hyperlipidemia:No;0.0088186082821314
diabetes:No;0.0959836725927908
coronary.artery.disease:No;0.0635182240541294
chf:No;-0.0010801506863351
cerebrovascular.disease:No;-0.0155412388901987
hepatitis:No;0.0023453796659803
endstage.renal.disease:No;0.0168457366365827
chronic.kidney.disease:No;-0.0086323037834343
asthma:No;0.0079610836473798
copd:No;-0.0049925322890166
dementia:No;-0.0207039447047682
cancer:No;0.030186773592396
