Features;Individual Effect
age:79.00;-0.133570852885367
race:white;-0.1503311891413231
sex:male;-0.036844779307109
hypertension:No;0.0086385814008402
hyperlipidemia:No;-0.0152513836432709
diabetes:No;0.0362026538110506
coronary.artery.disease:No;0.0448249163973588
chf:No;0.0547685805619459
cerebrovascular.disease:No;-0.0276310069287932
hepatitis:No;-0.0207185148657811
endstage.renal.disease:No;0.0127113079293598
chronic.kidney.disease:No;-0.0046840456172763
asthma:No;0.0094197799782218
copd:No;0.0016365670926457
dementia:No;0.0227521457571306
cancer:No;0.0167988380230841
