Features;Individual Effect
age:23.00;0.311797095634826
race:other;0.0747321054601222
sex:male;-0.058258676707803
hypertension:Yes;-0.0255615262546753
hyperlipidemia:No;-0.0097147178756381
diabetes:Yes;-0.0213251763451362
coronary.artery.disease:No;0.0222536869197927
chf:No;-0.0312858945666921
cerebrovascular.disease:No;0.0381380359185478
hepatitis:No;-0.0053243442393625
endstage.renal.disease:No;0.0025178440021835
chronic.kidney.disease:No;0.0006006529512593
asthma:No;0.0083750352059598
copd:No;0.0035095271729434
dementia:No;-0.0078787182923175
cancer:No;0.0555929854800528
