Features;Individual Effect
age:70;0.0516456251509104
race:black;0.0377612159468955
sex:male;0.0680118969231371
hypertension:Yes;0.0244629010711368
hyperlipidemia:Yes;0.0650046722955662
diabetes:Yes;0.0182120378097664
coronary.artery.disease:No;0.0600794873661912
chf:No;0.0196982618136968
cerebrovascular.disease:Yes;-0.0395785030265525
hepatitis:No;-0.0394063006228813
endstage.renal.disease:No;0.0094623143712823
chronic.kidney.disease:No;-0.038269903676947
asthma:No;-0.0288204019341797
copd:No;-0.0495257527392802
dementia:Yes;0.040095935186635
cancer:No;0.004007423299826
