Features;Individual Effect
age:86.00;-0.1208799686159302
race:white;-0.0069242985989595
sex:female;0.0385214644303134
hypertension:Yes;0.0132643171608988
hyperlipidemia:Yes;0.0222211715294134
diabetes:Yes;0.0785568333855028
coronary.artery.disease:Yes;-0.056427546493379
chf:Yes;0.0360055368403605
cerebrovascular.disease:Yes;0.0383334784002735
hepatitis:No;-0.0203724429093877
endstage.renal.disease:No;-0.0199607808846606
chronic.kidney.disease:Yes;0.1241355984083064
asthma:No;0.0040220616920255
copd:No;-0.036405806132769
dementia:No;0.013718057795654
cancer:No;-0.0094830926744647
