Features;Individual Effect
age:89.00;-0.2020727746323289
race:white;-0.0808176155676942
sex:female;0.07131689448293
hypertension:No;0.0867732057542961
hyperlipidemia:No;-0.0233533669076915
diabetes:No;-0.0166124692026755
coronary.artery.disease:No;0.0863140953096502
chf:No;0.0284200820451544
cerebrovascular.disease:No;-0.0161905122539758
hepatitis:No;0.0095056797410369
endstage.renal.disease:No;0.0120540077990651
chronic.kidney.disease:No;-0.0309076272979308
asthma:No;-0.0182659035329309
copd:No;0.0114392309948807
dementia:No;-0.0307854274834395
cancer:No;-0.0687401938052562
