Features;Individual Effect
age:84.00;-0.0330400033776712
race:white;0.0123227325230926
sex:male;-0.0229305305134508
hypertension:No;0.0353592451817262
hyperlipidemia:No;-0.0062526814524902
diabetes:No;0.0681573503555348
coronary.artery.disease:No;0.0564761255294686
chf:No;-0.0095068542260469
cerebrovascular.disease:No;2.249237993025809e-05
hepatitis:No;0.0099538005616275
endstage.renal.disease:No;-0.0262061030445078
chronic.kidney.disease:No;-0.0232698915727552
asthma:Yes;0.0810393430149367
copd:Yes;0.039009239686525
dementia:No;0.0116153848426799
cancer:No;-0.0301956956626588
