Features;Individual Effect
age:84.00;-0.1101071489230022
race:white;0.0050217833764396
sex:female;0.1030223526591547
hypertension:No;0.0368543917208728
hyperlipidemia:Yes;0.00953562180661
diabetes:No;0.0037118264375751
coronary.artery.disease:Yes;-0.0785407765594
chf:No;0.0189462876660997
cerebrovascular.disease:Yes;0.0685281594221708
hepatitis:No;-0.0328610498510923
endstage.renal.disease:No;0.0182436908718984
chronic.kidney.disease:No;-0.0295634237322532
asthma:No;-0.0292197683623094
copd:No;0.0512028980107177
dementia:No;0.0167817671328862
cancer:No;-0.0147299209178517
