Features;Individual Effect
age:43.00;0.2827378375558458
race:hispanic;0.0378970904507686
sex:male;-0.0776245146047631
hypertension:Yes;0.03720037051934
hyperlipidemia:No;-0.0267094487643376
diabetes:Yes;-0.0379556442411056
coronary.artery.disease:No;0.0234170238573182
chf:No;-0.0247864257797671
cerebrovascular.disease:No;0.0394863737333087
hepatitis:No;-0.0129865906718682
endstage.renal.disease:No;-7.368096340592406e-06
chronic.kidney.disease:No;0.058398636905395
asthma:No;0.0242962705755438
copd:No;-0.0281291781245444
dementia:No;-0.0192987053658386
cancer:No;0.0125365924666121
