Features;Individual Effect
age:72.00;-0.0355952834467293
race:white;0.0403757677870468
sex:male;-0.0595203679313303
hypertension:Yes;0.0493172910430552
hyperlipidemia:No;-0.0060801849418336
diabetes:Yes;0.0760033401165253
coronary.artery.disease:Yes;-0.0804623947804709
chf:Yes;0.078029502852277
cerebrovascular.disease:No;-0.0216992765868227
hepatitis:No;-0.0340374204001052
endstage.renal.disease:Yes;0.0847395734167313
chronic.kidney.disease:Yes;0.1757183655885726
asthma:No;-0.0388110632784762
copd:No;-0.0034722861509705
dementia:No;0.0051422388970265
cancer:No;0.0340410375440088
