Features;Individual Effect
age:89.00;-0.2545112274468922
race:black;-0.0690127614463669
sex:male;-0.115251329826331
hypertension:Yes;0.0150179861184097
hyperlipidemia:No;0.0315791869994658
diabetes:Yes;-0.0305560128869464
coronary.artery.disease:No;-0.0156647464075505
chf:Yes;-0.0237395404165747
cerebrovascular.disease:No;-0.0380361039562204
hepatitis:No;0.0374422306486631
endstage.renal.disease:No;0.0201068234675792
chronic.kidney.disease:No;0.0385574316350169
asthma:No;-0.0144823840957875
copd:No;0.0110372306956364
dementia:No;-0.0163464742622887
cancer:No;0.0038802917864762
