Features;Individual Effect
age:77.00;-0.0537290295799751
race:black;0.0558787289876346
sex:female;0.0964531850694734
hypertension:Yes;-0.0008189763906212
hyperlipidemia:Yes;0.0069419611677747
diabetes:No;0.0101898951439379
coronary.artery.disease:No;0.0404526238886516
chf:No;0.0039193999441907
cerebrovascular.disease:No;-0.0110147121021272
hepatitis:No;0.0497917002225004
endstage.renal.disease:No;-0.0023800475849571
chronic.kidney.disease:No;-0.0134424494016097
asthma:No;0.0446170952281305
copd:No;0.0325857527427581
dementia:No;0.0147320817074707
cancer:No;-0.0178236082196989
