Features;Individual Effect
age:65.00;0.1994479191786278
race:white;0.0175161894379938
sex:male;-0.0309301436328383
hypertension:No;0.0146693851174233
hyperlipidemia:No;0.0169150370555728
diabetes:No;0.046150891340764
coronary.artery.disease:No;0.0749258290816013
chf:No;-0.0002311261257859
cerebrovascular.disease:No;-0.0025451413900361
hepatitis:No;-0.0271406680073294
endstage.renal.disease:No;-0.0449937514309141
chronic.kidney.disease:No;0.0033483109749203
asthma:No;0.0208269062798421
copd:No;0.009014350750818
dementia:No;-0.0153876017343771
cancer:No;0.0180985566381289
