Features;Individual Effect
age:65.00;0.0625717931534608
race:other;-0.0855860801623027
sex:male;-0.0551585152338087
hypertension:No;-0.0344583125426846
hyperlipidemia:No;-0.0090604626813687
diabetes:Yes;-0.0652103136469629
coronary.artery.disease:Yes;-0.177671540711611
chf:No;-0.0659658320036721
cerebrovascular.disease:No;0.0185244376795513
hepatitis:No;-0.0091625092128883
endstage.renal.disease:No;0.0137836045319156
chronic.kidney.disease:No;0.000760814568173
asthma:No;0.0344911351152341
copd:No;-0.0308556167381325
dementia:No;0.0207800249421983
cancer:No;0.027175834837141
