Features;Individual Effect
age:79.00;-0.0814560760652039
race:black;-0.0243939893250963
sex:male;-0.0218540787972423
hypertension:Yes;-0.0604615189939476
hyperlipidemia:No;-0.0074681799605086
diabetes:No;-0.0302472258789457
coronary.artery.disease:No;0.0212928630682171
chf:Yes;-0.0326453712791392
cerebrovascular.disease:Yes;-0.0602319473583678
hepatitis:No;0.0079413398129131
endstage.renal.disease:No;-0.0169547099722225
chronic.kidney.disease:Yes;-0.0741950489545907
asthma:No;-0.0007597728856393
copd:No;0.0200067410405087
dementia:Yes;-0.0604748737337817
cancer:No;0.0074116978415863
