Features;Individual Effect
age:56.00;0.3127120698419915
race:black;0.0323352748477372
sex:male;-0.0248919558934662
hypertension:Yes;0.0094280243361581
hyperlipidemia:No;-0.0056476277545961
diabetes:No;0.0184147371949357
coronary.artery.disease:No;0.07465617126145
chf:No;0.0283245093193425
cerebrovascular.disease:No;-0.0186045992220826
hepatitis:No;0.0296324034398698
endstage.renal.disease:No;-0.0192086686318102
chronic.kidney.disease:No;-0.0132434586386616
asthma:No;-0.0339108564457006
copd:No;0.0211461994944446
dementia:No;-0.010199978370956
cancer:No;-0.0044746811286887
