Features;Individual Effect
age:8No;-0.1663422512849995
race:black;-0.0360711589581013
sex:male;-0.1184980237719254
hypertension:Yes;0.0224800397783165
hyperlipidemia:Yes;0.0288503148525573
diabetes:Yes;-0.0354175543521525
coronary.artery.disease:No;0.0544042640104139
chf:No;-0.0158108482516823
cerebrovascular.disease:No;0.0248395996985869
hepatitis:No;0.008174462841312
endstage.renal.disease:No;0.003518591480176
chronic.kidney.disease:No;-0.0287829919873159
asthma:No;-0.0533452772575098
copd:No;0.0544856226424811
dementia:No;-0.0835878651059858
cancer:No;0.0485111328547435
