Features;Individual Effect
age:69.00;-0.068680343854915
race:black;-0.0120435235970165
sex:female;-0.0420384236002211
hypertension:Yes;0.0485318660016506
hyperlipidemia:No;0.0156260600590252
diabetes:Yes;-0.0316113946711441
coronary.artery.disease:No;-0.026577023470101
chf:No;0.0077355573410428
cerebrovascular.disease:No;0.0020000643131833
hepatitis:No;0.0050980247947382
endstage.renal.disease:Yes;-0.1846896486647519
chronic.kidney.disease:No;0.0275697492271934
asthma:No;0.0426864415128538
copd:No;0.0006603959239187
dementia:No;0.0037316189880119
cancer:No;0.0134536330616225
