Features;Individual Effect
age:68.00;0.0331606353128241
race:white;0.029793432892653
sex:male;-0.0402176252773254
hypertension:Yes;-0.0005140775687588
hyperlipidemia:Yes;0.0137578420706143
diabetes:Yes;0.0289896220249713
coronary.artery.disease:Yes;-0.0483542614841184
chf:Yes;0.1287503052419291
cerebrovascular.disease:No;0.0509986169819998
hepatitis:No;0.011478025086481
endstage.renal.disease:No;-0.0296055661604
chronic.kidney.disease:No;-0.0377589401173633
asthma:No;0.0013444574302428
copd:No;0.0067265744449083
dementia:No;0.0249617324432184
cancer:No;0.0442336929884502
