Features;Individual Effect
age:86.00;-0.147196760379719
race:black;-0.0274217273136416
sex:male;-0.1072012695710971
hypertension:Yes;-0.0215258014549696
hyperlipidemia:No;0.002082875895385
diabetes:Yes;-0.06246673306713
coronary.artery.disease:No;0.0446284932878025
chf:No;-0.0431722253004217
cerebrovascular.disease:No;0.0482442296691397
hepatitis:No;0.000920944121144
endstage.renal.disease:No;0.0434796182998852
chronic.kidney.disease:No;-0.017000354986533
asthma:No;-0.0022678540764575
copd:No;-0.0155053720422605
dementia:No;0.0048778316113619
cancer:No;0.0051500543719826
