Features;Individual Effect
age:63.00;0.0604035272059412
race:white;0.00695421090843
sex:male;-0.0252836596674979
hypertension:Yes;0.0507805947055974
hyperlipidemia:No;-0.0510943091619301
diabetes:No;-0.0019063039175708
coronary.artery.disease:Yes;-0.1704605974011162
chf:No;-0.0495765060474283
cerebrovascular.disease:No;0.0055237979973202
hepatitis:No;-0.0010494861486398
endstage.renal.disease:No;0.0166980262087149
chronic.kidney.disease:No;-0.0005549621669208
asthma:No;0.0116792555088836
copd:No;-0.0452019735009298
dementia:No;0.0120197733013105
cancer:No;0.0080249310994232
