Features;Individual Effect
age:88.00;-0.0004017899615518
race:black;0.0261884902887201
sex:female;0.0804082267866846
hypertension:No;0.1473301329456456
hyperlipidemia:No;0.0061734899860965
diabetes:No;-0.0102942297865378
coronary.artery.disease:No;0.0885300848211147
chf:No;0.0038829993276819
cerebrovascular.disease:No;-0.001732877677817
hepatitis:No;-0.0215064297613292
endstage.renal.disease:No;-0.0359500025285254
chronic.kidney.disease:No;0.0441832495846184
asthma:No;-0.0387739277261075
copd:No;-0.0171180999769943
dementia:No;0.0440612318498541
cancer:No;-0.0308942588577436
