Features;Individual Effect
age:80;-0.0186976375095344
race:black;0.0777084730997681
sex:female;0.1364062691388996
hypertension:No;0.1230602272245001
hyperlipidemia:No;0.0054151933061264
diabetes:No;0.0381248622198536
coronary.artery.disease:No;0.0145264027196477
chf:No;-0.0135982689144068
cerebrovascular.disease:No;0.0186113943457005
hepatitis:No;0.0283500046756666
endstage.renal.disease:No;0.0272701036050245
chronic.kidney.disease:No;-0.0269807603910261
asthma:No;0.0118686689083158
copd:No;-0.0517126310794135
dementia:No;0.0416414231337781
cancer:Yes;-0.0681694171235264
