Features;Individual Effect
age:58.00;0.0745394679583818
race:black;-0.0373965486909692
sex:male;-0.0437639699721485
hypertension:Yes;-0.0202038821086181
hyperlipidemia:Yes;-0.0885150878160212
diabetes:No;-0.0654102497705603
coronary.artery.disease:No;0.0190013188795984
chf:No;0.0291551240516943
cerebrovascular.disease:Yes;-0.2123906693708984
hepatitis:No;0.0094904855047873
endstage.renal.disease:No;0.0040926124485704
chronic.kidney.disease:No;0.0206996596581249
asthma:No;0.0114943827691423
copd:No;0.0198982979652597
dementia:No;-0.0070015963262032
cancer:No;0.0352435992210271
