Features;Individual Effect
age:7Yes;-0.0075421562932433
race:white;0.0199721337794757
sex:female;0.0359158920868609
hypertension:Yes;0.0325833734714819
hyperlipidemia:Yes;0.0291983150813987
diabetes:Yes;0.0041373654069116
coronary.artery.disease:Yes;-0.0350511758392372
chf:Yes;0.0743802925096165
cerebrovascular.disease:No;-0.0054794456443056
hepatitis:No;0.0097186341760182
endstage.renal.disease:No;-0.0111916479942379
chronic.kidney.disease:No;0.0127624766083903
asthma:Yes;0.0087750728835296
copd:Yes;0.1143334578384755
dementia:No;-0.0451021851756569
cancer:No;-0.0093940743151847
