Features;Individual Effect
age:46.00;0.091091145023178
race:black;-0.060105392543526
sex:female;-0.0160965018095068
hypertension:Yes;-0.0268618689625162
hyperlipidemia:No;-0.0348675418462471
diabetes:Yes;-0.0541947806198943
coronary.artery.disease:Yes;-0.1540273974005467
chf:Yes;-0.0567390119747014
cerebrovascular.disease:No;0.0345787626884626
hepatitis:No;-0.0082573595150078
endstage.renal.disease:Yes;-0.054673589168556
chronic.kidney.disease:No;-0.002827942372829
asthma:No;0.001070469490413
copd:No;-0.007866897654873
dementia:No;-0.0168998896761823
cancer:No;0.0030908783650152
