Features;Individual Effect
age:87.00;-0.1459039891319882
race:white;0.0019761435163142
sex:female;-0.0107625301028294
hypertension:No;-0.0234447633006115
hyperlipidemia:No;-0.02095012620255
diabetes:No;0.004647632824404
coronary.artery.disease:No;-0.0147219240549984
chf:Yes;-0.0005269868220749
cerebrovascular.disease:No;0.0030274168916782
hepatitis:No;0.0240077525852369
endstage.renal.disease:No;0.011229289055834
chronic.kidney.disease:No;0.0120010195370552
asthma:Yes;0.0086654874354071
copd:Yes;0.0146631567365097
dementia:No;0.0150103937153502
cancer:No;0.0275578698897672
