Features;Individual Effect
age:51;0.1772695738833681
race:black;0.083516774330041
sex:male;-0.0470367839376285
hypertension:No;-0.0409996778711903
hyperlipidemia:No;0.0127607016783269
diabetes:No;0.1031351041871954
coronary.artery.disease:No;0.0516659126249395
chf:No;0.0149843624082894
cerebrovascular.disease:No;-0.0467828627008195
hepatitis:No;-0.0009908534540342
endstage.renal.disease:No;-0.0128655169799546
chronic.kidney.disease:No;-0.0006937297301793
asthma:No;0.0212664442807742
copd:No;0.0138951136536036
dementia:No;-0.003043610623287
cancer:No;0.0243454295872495
