Features;Individual Effect
age:84.00;-0.1361909827757193
race:white;0.0568488797351345
sex:female;0.0813183483744646
hypertension:Yes;0.0269838092209471
hyperlipidemia:Yes;0.0453507966632609
diabetes:No;0.0682649640972032
coronary.artery.disease:No;0.0744661069629033
chf:No;-0.0639392436276972
cerebrovascular.disease:No;-0.0006008305576686
hepatitis:No;-0.0641513678138978
endstage.renal.disease:No;-0.0350732236169938
chronic.kidney.disease:No;-0.0303800583794488
asthma:No;0.0056642465347037
copd:No;0.0225162669034455
dementia:No;-0.0150945170548177
cancer:No;-0.0103655688259844
