Features;Individual Effect
age:74.00;-0.1309946787596617
race:asian;0.0254967674840657
sex:female;-0.0260797407303155
hypertension:Yes;0.0337929843580341
hyperlipidemia:No;-0.0001020342986117
diabetes:No;0.016404058948593
coronary.artery.disease:Yes;-0.1861392023432259
chf:No;0.0037849008625548
cerebrovascular.disease:No;0.0315996849130661
hepatitis:No;0.0046049880343756
endstage.renal.disease:No;0.0148018202926193
chronic.kidney.disease:No;-0.0317870235926359
asthma:No;-0.0070085661787016
copd:No;-0.0193045032938177
dementia:Yes;-0.0188479586440838
cancer:No;0.0221258241849539
