Features;Individual Effect
age:46.00;0.1515716148450065
race:hispanic;0.0600949089476779
sex:female;-0.006163250304863
hypertension:Yes;0.0188707587767698
hyperlipidemia:No;0.0581387429076847
diabetes:No;0.0166573396072924
coronary.artery.disease:No;0.0688355728834673
chf:No;-0.0050665590504782
cerebrovascular.disease:No;0.0050277826888986
hepatitis:No;0.0015592106958218
endstage.renal.disease:Yes;-0.0468762978303225
chronic.kidney.disease:No;0.0129695480569297
asthma:No;0.0002678300140075
copd:No;0.0061543678553576
dementia:No;-0.0092662077541178
cancer:No;-0.0019341905571985
