Features;Individual Effect
age:23.00;0.3607759580984818
race:other;0.0230070104509581
sex:male;0.0004900365135964
hypertension:Yes;-0.0110607156648907
hyperlipidemia:No;0.0238170441729392
diabetes:No;0.0266301759901272
coronary.artery.disease:No;0.0274571832399124
chf:Yes;-0.0079705024081872
cerebrovascular.disease:No;0.0010155340346854
hepatitis:No;0.0046959605823224
endstage.renal.disease:No;-0.0033196373923821
chronic.kidney.disease:No;-2.140868098413768e-05
asthma:No;-0.0115475082117911
copd:No;-0.0315572787268388
dementia:No;0.0153488986363996
cancer:No;-0.0040479406069697
