Features;Individual Effect
age:64.00;-0.0398329709326696
race:black;-0.0117714287968524
sex:female;-0.0018967772758612
hypertension:Yes;-0.0423408895145581
hyperlipidemia:No;-0.0571339633114934
diabetes:No;0.0122512087774959
coronary.artery.disease:No;0.0187205796126898
chf:No;-0.026048608121894
cerebrovascular.disease:Yes;-0.1485575632687097
hepatitis:No;0.0137910683584581
endstage.renal.disease:No;0.0381475925948942
chronic.kidney.disease:No;-0.051568556724475
asthma:No;-0.0029189418345273
copd:No;0.0332240624272055
dementia:No;-0.0040519446556084
cancer:No;0.0086895098442207
