Features;Individual Effect
age:9Yes;-0.0659156934662421
race:black;-0.0359907006053221
sex:male;-0.0007735689753872
hypertension:Yes;-0.0244086531457295
hyperlipidemia:Yes;0.0739653763100022
diabetes:No;0.0988013284251569
coronary.artery.disease:No;0.0628063753946451
chf:No;0.0269262279774985
cerebrovascular.disease:No;0.0097823638606823
hepatitis:No;0.0105615956319209
endstage.renal.disease:No;-0.0332965419630346
chronic.kidney.disease:No;-0.0106948711239441
asthma:No;-0.0587609246985187
copd:No;0.0142867129701624
dementia:No;-0.0073118797643944
cancer:No;-0.0069564826601989
