Features;Individual Effect
age:83.00;-0.1328088529549692
race:white;-0.0551352460219562
sex:female;0.0233896049668096
hypertension:Yes;-0.018892071132909
hyperlipidemia:Yes;-0.053742626807503
diabetes:No;0.0421838687401985
coronary.artery.disease:No;0.0709248816856805
chf:No;-0.0291745824797033
cerebrovascular.disease:No;-0.0074268628030887
hepatitis:No;0.0069293281486032
endstage.renal.disease:No;-0.0354691875675441
chronic.kidney.disease:No;0.0244760308944887
asthma:No;-0.0124822994606627
copd:No;0.0137770241336216
dementia:No;0.0031432543707404
cancer:No;0.0325051080285174
