Features;Individual Effect
age:72.00;-0.0139125957901284
race:black;-0.021077804347625
sex:male;-0.0607431142523819
hypertension:Yes;0.0156456230487795
hyperlipidemia:No;-0.049347607955305
diabetes:Yes;-0.036034064092624
coronary.artery.disease:No;0.1028067799845784
chf:No;-0.0086927717879288
cerebrovascular.disease:No;0.0239617240541313
hepatitis:No;0.085470868279033
endstage.renal.disease:No;0.0429851394505491
chronic.kidney.disease:No;-0.0004208020927267
asthma:No;0.0129663334149607
copd:No;0.004712482540472
dementia:No;0.0173526446086814
cancer:No;0.0372140646876613
