Features;Individual Effect
age:78.00;0.0646298980633413
race:black;0.097763570696798
sex:male;-0.0899667167412928
hypertension:No;0.0581994064157131
hyperlipidemia:No;0.0032089843345088
diabetes:No;0.0965615670796171
coronary.artery.disease:No;0.1086205278921998
chf:No;0.0602121271828659
cerebrovascular.disease:No;-0.0009837915579942
hepatitis:No;-0.027764525257706
endstage.renal.disease:No;-0.0223834169236917
chronic.kidney.disease:No;-0.0071062684084543
asthma:No;-0.0005366108034127
copd:No;-0.0194366353165881
dementia:No;-0.0197687109554975
cancer:No;-0.0125459841494123
