Features;Individual Effect
age:56.00;0.2186961970393367
race:black;0.0065509872822808
sex:female;0.0270615995927587
hypertension:Yes;0.0601710472448773
hyperlipidemia:No;0.0137364407762466
diabetes:Yes;0.0146972006114234
coronary.artery.disease:No;0.0094409711207833
chf:No;0.0206595583538901
cerebrovascular.disease:Yes;-0.0302924176947201
hepatitis:No;0.0046939548097728
endstage.renal.disease:No;-0.0153230256029227
chronic.kidney.disease:No;-0.0081678317349941
asthma:No;-0.0025006885180246
copd:Yes;-0.0186340148925687
dementia:Yes;-0.0370892193130943
cancer:No;0.0260627236131024
