Features;Individual Effect
age:75.00;-0.1389683180287578
race:black;0.0497167196020627
sex:female;0.0359555634773182
hypertension:Yes;0.0119439722183117
hyperlipidemia:Yes;0.0902912527242562
diabetes:Yes;0.0436980210837793
coronary.artery.disease:No;0.0263611589761789
chf:No;-0.0383366820523797
cerebrovascular.disease:No;-0.0332457593518339
hepatitis:No;0.0235944813843548
endstage.renal.disease:No;-0.0177553675427718
chronic.kidney.disease:No;0.0520323435849987
asthma:No;-0.0026943175297279
copd:No;-0.0713555584794303
dementia:No;-0.0046681037424248
cancer:No;0.0193299534203041
