Features;Individual Effect
age:37.00;0.2755115126887661
race:white;0.0063308031627984
sex:female;0.0546788553697278
hypertension:Yes;0.0147548337194195
hyperlipidemia:No;-0.0675647875961234
diabetes:No;-0.0165669024472323
coronary.artery.disease:No;0.0426992902079379
chf:No;0.01159750367666
cerebrovascular.disease:No;0.0431025246533736
hepatitis:No;-0.0072684013232644
endstage.renal.disease:No;0.0205158658774961
chronic.kidney.disease:No;0.0078127131259099
asthma:No;0.0363964489321405
copd:No;-0.0045147920890788
dementia:No;-0.0078845774771328
cancer:No;0.0168827027032108
