Features;Individual Effect
age:5No;0.0775310558719744
race:white;-0.0314986874624751
sex:female;0.0252676592985121
hypertension:Yes;-0.0033811602251704
hyperlipidemia:No;0.0474208908818697
diabetes:Yes;-0.0314013046407498
coronary.artery.disease:No;0.0316382641865556
chf:No;-0.0862948441528102
cerebrovascular.disease:No;0.0044819575674382
hepatitis:Yes;-0.2020060037380107
endstage.renal.disease:No;-0.0443612256575236
chronic.kidney.disease:No;-0.0419867546804056
asthma:No;-0.004345602579635
copd:No;-0.0054872436443558
dementia:No;0.0349225075791481
cancer:No;0.0111081941169237
