Features;Individual Effect
age:7No;0.1193698390165664
race:white;0.0567169630522644
sex:male;0.0082310567910361
hypertension:No;-0.0032095419807094
hyperlipidemia:No;0.0416613387852898
diabetes:No;0.0842448592864584
coronary.artery.disease:No;0.0423643775523523
chf:No;-0.0430137786277166
cerebrovascular.disease:No;-0.0074809341740225
hepatitis:No;-0.0043290142822655
endstage.renal.disease:No;-0.0037505714135042
chronic.kidney.disease:No;0.0108253383111195
asthma:No;-0.0012253679485161
copd:No;0.063081134885997
dementia:No;0.0233276888109832
cancer:No;-0.0094791905124628
