Features;Individual Effect
age:60;0.0116291748597421
race:other;0.0005478183827512
sex:male;-0.1044286692825867
hypertension:No;-0.0063045963340774
hyperlipidemia:No;-0.0104522816626998
diabetes:Yes;-0.1278473492625073
coronary.artery.disease:No;0.0352775955277726
chf:No;0.0088234160262915
cerebrovascular.disease:No;0.0017553150226494
hepatitis:Yes;-0.0299788985801102
endstage.renal.disease:No;-0.0316575135322599
chronic.kidney.disease:No;0.0085005792566442
asthma:No;-0.0441395995035258
copd:No;0.0049082444917171
dementia:No;-0.0390114743477675
cancer:No;0.0190613065035284
