Features;Individual Effect
age:3Yes;0.3443419912344373
race:white;-0.0209655918069514
sex:male;-0.0683710438450225
hypertension:No;-0.0026609706795887
hyperlipidemia:No;-0.0086354428327754
diabetes:No;0.0314546489188059
coronary.artery.disease:No;0.0290532953079837
chf:No;0.0096269594193833
cerebrovascular.disease:No;-0.0014979078827467
hepatitis:No;0.0200830461909942
endstage.renal.disease:No;-0.020692452006017
chronic.kidney.disease:No;0.0939703653537636
asthma:No;-0.0317896371426782
copd:No;-0.0121151954880955
dementia:No;-0.0036826981120663
cancer:No;-0.0077963752796234
