Features;Individual Effect
age:36.00;0.2512324227503952
race:black;0.0185194939923222
sex:female;0.0607238494234234
hypertension:No;0.0287931458093992
hyperlipidemia:No;-0.0025878549164473
diabetes:No;0.0814964584269665
coronary.artery.disease:No;0.0678958270803084
chf:No;0.0152592094059848
cerebrovascular.disease:No;0.0531664520350445
hepatitis:No;0.0042826941593552
endstage.renal.disease:No;-0.0242406802557326
chronic.kidney.disease:No;-0.0046527763210233
asthma:No;-0.0418092368693822
copd:No;0.015703366861531
dementia:No;-0.0109333738544825
cancer:No;-0.0077940715071469
