Features;Individual Effect
age:75.00;-0.0795905656348298
race:black;0.0328527075215192
sex:male;-0.0733920489866431
hypertension:Yes;0.0442062118983508
hyperlipidemia:No;-0.0216281033632375
diabetes:Yes;-0.0461333810212022
coronary.artery.disease:No;0.0498452414117433
chf:No;0.0235256559648225
cerebrovascular.disease:No;0.0314692530363633
hepatitis:No;0.0406068879979046
endstage.renal.disease:No;0.0389900360742417
chronic.kidney.disease:No;0.0082130847648562
asthma:No;0.0041436427845911
copd:No;-0.0391935916354036
dementia:No;-0.0336023577409291
cancer:No;0.0035456694423354
