Features;Individual Effect
age:64.00;0.1067662582584155
race:other;0.0232420567293748
sex:male;-0.0913622122197676
hypertension:No;-0.0392700377486035
hyperlipidemia:Yes;0.0819680976051589
diabetes:Yes;0.0533842417256639
coronary.artery.disease:No;0.0530110966274628
chf:No;-0.0066089875450912
cerebrovascular.disease:No;0.0241803669770135
hepatitis:No;-0.0268103745037817
endstage.renal.disease:No;0.0091854492490215
chronic.kidney.disease:No;-0.0202467582189114
asthma:No;-0.0511467040652518
copd:No;-0.0472496651326694
dementia:No;-0.0400887032326874
cancer:No;-8.463438413684591e-06
