Features;Individual Effect
age:66.00;0.0537687005498399
race:white;-0.1053342915259562
sex:female;0.0265244041013473
hypertension:Yes;-0.0084727153754881
hyperlipidemia:No;0.0052941180888061
diabetes:Yes;-0.0372134719400488
coronary.artery.disease:Yes;-0.1982145170204887
chf:No;-0.0689057986358627
cerebrovascular.disease:No;0.0780155137745773
hepatitis:No;0.0158313384253239
endstage.renal.disease:No;-0.0205470928091016
chronic.kidney.disease:No;-0.0239214480989338
asthma:No;0.0034358462745425
copd:No;0.0250884856610587
dementia:No;0.0145073571236119
cancer:No;0.0224802317453573
