Features;Individual Effect
age:37.00;0.2750464497230455
race:black;0.0291039342842249
sex:female;0.0451323311324754
hypertension:Yes;-0.0319379584830091
hyperlipidemia:Yes;-0.0420311251487559
diabetes:Yes;-0.0037196367653525
coronary.artery.disease:No;0.0280244173321469
chf:No;0.0051894224327191
cerebrovascular.disease:No;3.878642333249652e-05
hepatitis:No;-0.0199124136785297
endstage.renal.disease:No;0.0570718296726305
chronic.kidney.disease:No;-0.0002567037087665
asthma:No;-0.0118006587199113
copd:No;0.0530735639877154
dementia:No;0.0532758111939595
cancer:No;-0.0127098756113403
