Features;Individual Effect
age:24.00;0.3809553284198436
race:black;0.0194529469971755
sex:male;-0.0453573449818307
hypertension:Yes;-0.0203950111368822
hyperlipidemia:No;-0.0137110377586212
diabetes:Yes;-0.0484864957649494
coronary.artery.disease:Yes;-0.0567810607616984
chf:No;0.0045773531539403
cerebrovascular.disease:No;-0.0381472102803649
hepatitis:No;0.0140135545942591
endstage.renal.disease:No;0.008644780468736
chronic.kidney.disease:No;-0.0569584399751431
asthma:No;0.0424628122031091
copd:No;0.0490270602853815
dementia:No;0.0052857380613528
cancer:No;0.0249425479483437
