Features;Individual Effect
age:63.00;0.1299271577276439
race:black;0.0359830446687546
sex:female;0.0582223661392449
hypertension:Yes;-0.0142835654317095
hyperlipidemia:No;-0.0208858083652159
diabetes:No;0.0347447365364964
coronary.artery.disease:No;0.1098504004921875
chf:No;0.0009443423830069
cerebrovascular.disease:No;0.0051735453880048
hepatitis:No;0.0070586371168835
endstage.renal.disease:No;-0.016293544904988
chronic.kidney.disease:No;-0.0017828739673214
asthma:No;-0.0099577595027571
copd:Yes;0.0172745305903248
dementia:No;-0.0427974484159852
cancer:Yes;-0.0383368276824987
