Features;Individual Effect
age:67.00;0.022638588991065
race:white;-0.0781946220000232
sex:male;-0.0052719694172253
hypertension:No;-0.0694206858020205
hyperlipidemia:No;0.0027333091352445
diabetes:No;0.0774193184161084
coronary.artery.disease:No;0.0754394483019191
chf:No;0.0200010908909606
cerebrovascular.disease:No;0.0061716054292204
hepatitis:No;0.0124528095400101
endstage.renal.disease:No;-0.0164735456743662
chronic.kidney.disease:No;-0.0060888383432336
asthma:No;-0.0358346020595634
copd:No;0.0312478761487931
dementia:No;0.0113839402161051
cancer:No;0.013623597504545
