Features;Individual Effect
age:38.00;0.3470241339379536
race:asian;0.0366359386786577
sex:male;-0.0237348769003854
hypertension:No;-0.0328950667628491
hyperlipidemia:No;-0.0123971659039198
diabetes:No;0.0983880679803197
coronary.artery.disease:Yes;-0.1397444779048104
chf:No;-0.0092915535924786
cerebrovascular.disease:No;-0.0025282627566487
hepatitis:No;-0.0222101304495014
endstage.renal.disease:No;-0.0013382584988151
chronic.kidney.disease:No;-0.0078586668470779
asthma:No;0.01536692416185
copd:No;-0.0187346591450914
dementia:No;0.005495364014666
cancer:No;0.0148314547368484
