Features;Individual Effect
age:59.00;0.1679478325301457
race:black;-0.0495121602007171
sex:male;-0.04245475748731
hypertension:Yes;0.0841344123152902
hyperlipidemia:No;0.0031466725128443
diabetes:No;-0.0142596402079372
coronary.artery.disease:No;0.1183735104515252
chf:No;0.0217420126688306
cerebrovascular.disease:No;-0.0122251887114839
hepatitis:No;-0.0053953846771941
endstage.renal.disease:No;0.0081551477473154
chronic.kidney.disease:No;-0.0020998607863151
asthma:No;-0.0148643424980379
copd:No;-0.009035932707703
dementia:No;0.0008639010544216
cancer:No;0.0140712491732489
