Features;Individual Effect
age:85.00;-0.1924217938168642
race:black;0.0350936514340525
sex:male;-0.086471982493344
hypertension:No;0.0095507588452757
hyperlipidemia:Yes;-0.1044817600472005
diabetes:Yes;-0.0881442348590225
coronary.artery.disease:No;0.0202255461275664
chf:No;0.0297040353659667
cerebrovascular.disease:No;0.0062372407900801
hepatitis:No;-0.0036943448021265
endstage.renal.disease:No;-0.0209650103878573
chronic.kidney.disease:No;-0.0228673874544513
asthma:No;0.0011068122851964
copd:No;-0.0042042616802275
dementia:No;-0.0043393697332232
cancer:No;-0.009490637633471
