Features;Individual Effect
age:64.00;0.0980574206914679
race:black;0.0628003869999074
sex:male;-0.0416751678658379
hypertension:No;-0.0127699308189369
hyperlipidemia:No;-0.0254302851131316
diabetes:Yes;0.0033849417988782
coronary.artery.disease:No;0.0621462843152272
chf:No;-0.0183593420522006
cerebrovascular.disease:No;-0.0181682201994242
hepatitis:No;-0.0088288290987564
endstage.renal.disease:No;-0.0202096560575609
chronic.kidney.disease:No;0.0122189744501968
asthma:No;-0.0355177003126446
copd:No;-0.0057598265789415
dementia:No;-0.0146335240654943
cancer:No;-0.0105668489159482
