Features;Individual Effect
age:22.00;0.2840658550234581
race:white;-0.0067316397575043
sex:female;0.0109705149373196
hypertension:No;-0.0179172177033653
hyperlipidemia:No;0.0210211962910479
diabetes:No;0.0268044852698421
coronary.artery.disease:No;0.0599053645188213
chf:No;-0.0283362922749533
cerebrovascular.disease:No;0.016501135923345
hepatitis:No;0.0109503198941945
endstage.renal.disease:No;-0.0496097828551076
chronic.kidney.disease:No;0.0370690622649089
asthma:No;-0.0183529471308026
copd:No;-0.0131079551108644
dementia:No;0.0259430180215377
cancer:No;0.068028418427364
