Features;Individual Effect
age:67.00;0.0322125058419905
race:other;0.0850263670523067
sex:female;0.0709586940233354
hypertension:Yes;0.0062620784832756
hyperlipidemia:No;-0.0161787597140517
diabetes:Yes;-0.0145711564757537
coronary.artery.disease:No;0.0922377141216034
chf:No;0.026801299072341
cerebrovascular.disease:No;-0.0049662307221232
hepatitis:No;0.0533608292471398
endstage.renal.disease:Yes;0.0437860292414928
chronic.kidney.disease:No;-0.0115533247193803
asthma:No;-0.0036766801757114
copd:No;0.01841008014057
dementia:No;-0.0417436638655971
cancer:No;-0.0227628469982843
