Features;Individual Effect
age:75.00;-0.1466322798832721
race:black;0.1037658295978695
sex:male;-0.0624484675366564
hypertension:Yes;0.0703593484726033
hyperlipidemia:No;-0.0336015739105562
diabetes:No;0.0227813487895344
coronary.artery.disease:No;0.0268059531607876
chf:No;-0.0807798967537093
cerebrovascular.disease:No;0.0183220534604359
hepatitis:No;-0.0207384791775539
endstage.renal.disease:No;-0.0184344474391758
chronic.kidney.disease:No;0.0294106426962119
asthma:No;0.0477335495853579
copd:No;-0.0302492695962499
dementia:No;-0.01127407962801
cancer:No;0.0333901395480142
