Features;Individual Effect
age:9No;-0.1938998169435788
race:black;0.0435087793935073
sex:female;0.0594920600062694
hypertension:No;0.0341208599949616
hyperlipidemia:No;0.0135522840206633
diabetes:No;0.0228172983997632
coronary.artery.disease:No;0.0392195219934625
chf:No;0.0339628361256614
cerebrovascular.disease:No;0.0291892348123461
hepatitis:No;0.0029029318861888
endstage.renal.disease:No;-0.0080191380196491
chronic.kidney.disease:No;0.0266403841985143
asthma:No;0.0300381213040741
copd:No;0.0021513294068775
dementia:No;0.0102206331582211
cancer:No;0.0181196996763964
