Features;Individual Effect
age:63.00;-0.0445046253851714
race:white;-0.0625847210618321
sex:male;-0.0590356554769141
hypertension:No;-0.1131553473233402
hyperlipidemia:No;-0.0524349891875507
diabetes:Yes;-0.0969957803246244
coronary.artery.disease:No;0.0248965506985628
chf:No;0.0258380238889278
cerebrovascular.disease:No;0.0394581377259134
hepatitis:No;-0.0053633689130369
endstage.renal.disease:No;0.006351067123102
chronic.kidney.disease:No;0.0015478073501382
asthma:No;-0.0448570421821582
copd:No;-0.0120585663395973
dementia:No;0.0103847260443588
cancer:No;0.0258126975013625
