Features;Individual Effect
age:32.00;0.2911433719545607
race:black;0.017657990676848
sex:female;0.0348964880821822
hypertension:No;0.0170450853610092
hyperlipidemia:No;-0.0301159744348318
diabetes:No;0.0432193119470009
coronary.artery.disease:No;0.0727092978816765
chf:No;-0.0004309177253947
cerebrovascular.disease:No;-0.0314259722083262
hepatitis:No;-0.0066303917165337
endstage.renal.disease:No;-0.0103081312813871
chronic.kidney.disease:No;0.0382901979232107
asthma:No;-0.0016727564775741
copd:No;0.0408637818928848
dementia:No;-0.0144252070491433
cancer:No;-0.0063741216552195
