Features;Individual Effect
age:89.00;-0.0124958397758236
race:black;0.072068480621944
sex:female;0.0960938252208435
hypertension:No;-0.0245619074822223
hyperlipidemia:No;0.0059931960347865
diabetes:No;0.0015449091254066
coronary.artery.disease:No;0.0618140969234166
chf:No;0.0350590618256657
cerebrovascular.disease:No;0.0156578312514865
hepatitis:No;-0.0001742925887705
endstage.renal.disease:No;-0.0222916301894466
chronic.kidney.disease:No;0.0192487374238347
asthma:No;0.0616813620934281
copd:No;0.0263891444593794
dementia:Yes;-0.0611014194911428
cancer:No;-0.0019627208178917
