Features;Individual Effect
age:67.00;0.0884462849162016
race:white;0.0431273428099451
sex:male;0.0106441910281257
hypertension:Yes;0.0828375430630025
hyperlipidemia:No;0.0144440686908436
diabetes:Yes;0.0085054705082869
coronary.artery.disease:No;0.0431996585137699
chf:Yes;-0.005273297497851
cerebrovascular.disease:No;-0.0429294069521291
hepatitis:No;0.0230914029227784
endstage.renal.disease:No;0.0073241260745567
chronic.kidney.disease:No;0.0064228262060567
asthma:No;0.0363043861363761
copd:No;-0.0089710557439314
dementia:No;-0.0037222188627137
cancer:No;-0.0221957495802354
