Features;Individual Effect
age:64.00;-0.012921191871895
race:other;-0.1276546938797374
sex:female;-0.0254624515493502
hypertension:No;-0.0282750299108852
hyperlipidemia:No;-0.0126262788027359
diabetes:No;-0.0105070990407473
coronary.artery.disease:Yes;-0.1693241883206377
chf:No;-0.0218346407505189
cerebrovascular.disease:No;0.0248864658826252
hepatitis:No;-0.0101609784607712
endstage.renal.disease:No;0.0847112513743871
chronic.kidney.disease:No;0.0061873403297447
asthma:No;-0.0260594367809085
copd:No;-0.056518171099312
dementia:No;-0.0528268174901232
cancer:No;-0.0388864890437426
