Features;Individual Effect
age:59.00;0.130500254250291
race:black;-0.0204216752256453
sex:male;-0.1152467411842432
hypertension:Yes;0.1003196763967117
hyperlipidemia:No;0.02238238788748
diabetes:Yes;-0.0764207113585363
coronary.artery.disease:No;0.0805754824888397
chf:No;0.0082358436439978
cerebrovascular.disease:No;0.0016407084842993
hepatitis:No;-0.0121120104893646
endstage.renal.disease:No;0.0009237009740127
chronic.kidney.disease:No;-0.0344662265216179
asthma:No;-0.0010568022638443
copd:No;0.0143342431688241
dementia:No;-0.0076382789995006
cancer:No;0.0256770632854976
