Features;Individual Effect
age:86.00;-0.1122133013923184
race:white;0.0272951058846035
sex:female;0.0424409657583986
hypertension:Yes;0.003155172921169
hyperlipidemia:No;-0.0133283974066725
diabetes:No;-0.0964812173040983
coronary.artery.disease:No;0.0618153073232912
chf:No;-0.0272895662718623
cerebrovascular.disease:Yes;-0.0882210433802558
hepatitis:No;0.0367149661393137
endstage.renal.disease:No;0.0012598368199222
chronic.kidney.disease:No;-0.0127857743933591
asthma:No;0.0044993939872916
copd:No;0.0522480499500117
dementia:Yes;-0.0775582340535192
cancer:No;0.0454780657137774
