Features;Individual Effect
age:69.00;0.0515221975541735
race:asian;0.1928690986917641
sex:male;-0.0318989796347942
hypertension:No;-0.013376294367295
hyperlipidemia:No;0.0090938995412198
diabetes:No;0.0701206329786634
coronary.artery.disease:Yes;-0.1361791651253874
chf:No;0.0012541381794015
cerebrovascular.disease:No;-0.0324238546659531
hepatitis:No;-0.0145394948557211
endstage.renal.disease:No;-0.0062083385398539
chronic.kidney.disease:No;0.0425189394837691
asthma:No;0.0165184007764545
copd:No;-0.0457580699977648
dementia:No;-0.0171567646674887
cancer:No;-0.0090988924998439
