Features;Individual Effect
age:56.00;0.271431621485838
race:black;0.0278064600093597
sex:female;0.0170834042217708
hypertension:Yes;0.0897548129956175
hyperlipidemia:No;0.00359502222926
diabetes:No;0.0209916809079632
coronary.artery.disease:No;0.0471599732634365
chf:No;-0.0016451342451589
cerebrovascular.disease:No;-0.0017454157172514
hepatitis:No;0.0056091619182049
endstage.renal.disease:No;-0.0055985945848077
chronic.kidney.disease:No;0.0178705442735071
asthma:No;0.0004490783576079
copd:No;0.0009170305420934
dementia:No;-0.0197528833605058
cancer:No;0.0032740240317227
