Features;Individual Effect
age:86.00;-0.0715581934808221
race:black;0.0173056685117622
sex:female;0.1175437138027717
hypertension:Yes;0.0388280117469319
hyperlipidemia:No;0.023356141804049
diabetes:Yes;0.0773731451543902
coronary.artery.disease:No;0.0267847513498627
chf:No;0.0031660373976017
cerebrovascular.disease:No;0.0441452306125022
hepatitis:No;0.0084269664753735
endstage.renal.disease:No;0.0201320261915609
chronic.kidney.disease:No;0.0159441135140055
asthma:No;0.0214107983458948
copd:No;0.0027251477263235
dementia:No;-0.0219287104142774
cancer:No;0.0052816102563142
