Features;Individual Effect
age:74.00;-0.2403132470246603
race:black;-0.0360784589555119
sex:male;-0.047585473307227
hypertension:Yes;0.037593567835733
hyperlipidemia:No;-0.0137444014378928
diabetes:No;0.0233947507979803
coronary.artery.disease:No;0.0308338313012625
chf:No;-0.0003999241908978
cerebrovascular.disease:No;-0.021091305562066
hepatitis:No;0.0280819497486871
endstage.renal.disease:No;0.0389816618004256
chronic.kidney.disease:No;0.0298411632929809
asthma:No;0.0530553624144203
copd:No;-0.0294187997257447
dementia:No;-0.0073571097790889
cancer:No;0.0077489615067143
