Features;Individual Effect
age:27.00;0.266161660747041
race:black;0.0187361569426561
sex:male;-0.0054173680808339
hypertension:No;0.0411804830067396
hyperlipidemia:No;-0.0133616803899771
diabetes:No;0.032058421969026
coronary.artery.disease:No;0.0667699465843851
chf:No;-0.0473863538927291
cerebrovascular.disease:No;-0.0101446160299637
hepatitis:No;0.0463764146704942
endstage.renal.disease:No;-0.0196493702611457
chronic.kidney.disease:No;0.0067629982934851
asthma:No;0.0088646981254746
copd:No;-0.0391221756844175
dementia:No;0.0212791684440151
cancer:No;-0.0035295964153818
