Features;Individual Effect
age:78.00;-0.0072390492061301
race:black;0.0496904433978964
sex:female;0.0572152438938859
hypertension:Yes;-0.0084826656849195
hyperlipidemia:No;-0.0120941153970498
diabetes:No;0.0307796337756752
coronary.artery.disease:No;0.0320897823383444
chf:Yes;0.0178602173978689
cerebrovascular.disease:Yes;-0.0221699208517178
hepatitis:No;-0.0113622949197486
endstage.renal.disease:No;-0.0166149384830292
chronic.kidney.disease:No;0.0275766054267007
asthma:No;-0.0182712185296703
copd:Yes;0.0884667405781243
dementia:No;0.0405462782275896
cancer:No;-0.0242531385346582
