Features;Individual Effect
age:55.00;0.1147335068503934
race:asian;-0.1129431364329049
sex:male;-0.0328635761679061
hypertension:Yes;0.0039862747212555
hyperlipidemia:No;-0.0406854520831553
diabetes:No;-0.0140307414297173
coronary.artery.disease:Yes;-0.3067862415334967
chf:No;-0.0319517865928386
cerebrovascular.disease:No;0.0011302653325624
hepatitis:No;0.0317329296707894
endstage.renal.disease:No;-0.0181841305360651
chronic.kidney.disease:No;0.0037867855856615
asthma:No;0.0080466239398598
copd:No;0.0081344357032337
dementia:No;0.006769760268569
cancer:No;0.0267633466752725
