Features;Individual Effect
age:79.00;-0.1302929323993456
race:white;-0.0576374955090598
sex:female;0.0007731851988705
hypertension:Yes;0.0174506063658842
hyperlipidemia:Yes;0.0072094150013045
diabetes:No;-0.0019869832017441
coronary.artery.disease:No;0.0402130957799445
chf:Yes;-0.0175415809551896
cerebrovascular.disease:No;0.0836495716640906
hepatitis:No;0.0376617281355888
endstage.renal.disease:No;0.0107128369497068
chronic.kidney.disease:No;-0.0091544077929313
asthma:No;-0.0551487462522532
copd:No;0.0100911974494486
dementia:No;0.0290420883558501
cancer:No;-0.0064681680432427
