Features;Individual Effect
age:78.00;-0.1610390685511371
race:other;-0.0642188309780027
sex:female;0.0136420223758764
hypertension:Yes;-0.0087668326120057
hyperlipidemia:No;-0.0160374912390313
diabetes:Yes;-0.051160062974252
coronary.artery.disease:Yes;-0.1155838184013799
chf:No;-0.0319823113504111
cerebrovascular.disease:No;-0.0424524284753131
hepatitis:No;0.0378763467822631
endstage.renal.disease:No;0.0162090743882527
chronic.kidney.disease:No;-0.005473017967222
asthma:No;0.0079654839799368
copd:No;-0.0182103765995878
dementia:No;-0.002841748605101
cancer:No;-0.0087368564115976
