Features;Individual Effect
age:83.00;-0.1340586626485327
race:white;-0.0731607796075314
sex:female;0.0598096671913213
hypertension:Yes;-0.0552836552332149
hyperlipidemia:No;-0.0100922598333365
diabetes:Yes;-0.0090420637910141
coronary.artery.disease:Yes;-0.2244887924808969
chf:No;-0.0184158149015361
cerebrovascular.disease:No;-0.0133317886722364
hepatitis:No;0.0324603588873622
endstage.renal.disease:No;0.0054472545027501
chronic.kidney.disease:No;0.0382158615458655
asthma:No;0.0240221770940831
copd:No;-0.0298394688384153
dementia:No;0.0406640389636748
cancer:No;-0.0558504919964855
