Features;Individual Effect
age:67.00;-0.091919487446528
race:black;-0.0045833284418228
sex:male;-0.0408009483308178
hypertension:Yes;-0.0029993475358654
hyperlipidemia:Yes;-0.0938240218929745
diabetes:No;0.0001765376940104
coronary.artery.disease:Yes;-0.1681520671200057
chf:No;-0.0681276170698393
cerebrovascular.disease:No;0.0070917970501267
hepatitis:No;-0.0350823576675645
endstage.renal.disease:No;0.031511849543279
chronic.kidney.disease:No;0.0047793312305401
asthma:Yes;-0.0068114216260865
copd:No;-0.0029028374349353
dementia:No;0.0055933454130928
cancer:No;0.0300643413596185
