Features;Individual Effect
age:68.00;0.0749577160956293
race:black;0.0339387793452963
sex:male;0.0326523571416695
hypertension:Yes;0.0460424859542887
hyperlipidemia:No;0.0049998790519506
diabetes:No;-0.011517235310583
coronary.artery.disease:No;0.069098349757657
chf:No;0.0051151901834313
cerebrovascular.disease:No;0.0657910180534021
hepatitis:No;0.0140223394687829
endstage.renal.disease:No;-0.0024533110859135
chronic.kidney.disease:No;0.0067472176116675
asthma:No;-0.0079397894091009
copd:No;0.0116685195698605
dementia:No;-0.0311628102166998
cancer:No;0.0528423168926544
