Features;Individual Effect
age:80;-0.2138355301269772
race:black;0.0061295808115737
sex:male;-0.083765840079854
hypertension:Yes;-0.0009170679430243
hyperlipidemia:Yes;0.0407363858668495
diabetes:Yes;-0.0090350800827845
coronary.artery.disease:Yes;-0.0690853159720515
chf:No;-0.0377772079047204
cerebrovascular.disease:No;0.0007472317563367
hepatitis:No;-0.0193215233387378
endstage.renal.disease:No;-0.0266767638195573
chronic.kidney.disease:No;-0.0038990323304782
asthma:No;0.0174345945329093
copd:No;0.0462762518975054
dementia:No;-0.0089575175383677
cancer:No;-0.0582342230244137
