Features;Individual Effect
age:84.00;-0.2156451324729945
race:black;-0.035062255394586
sex:male;-0.028281126385587
hypertension:Yes;-0.030248203819911
hyperlipidemia:Yes;-0.0555271408020201
diabetes:No;0.0295624047543454
coronary.artery.disease:No;-0.0059402059555206
chf:No;-0.0101214179040076
cerebrovascular.disease:No;0.0258733009147491
hepatitis:Yes;-0.1257736548112601
endstage.renal.disease:No;-0.0378605978875725
chronic.kidney.disease:Yes;-0.0818856988454124
asthma:No;0.0194212626453684
copd:No;0.0021812293159978
dementia:No;0.0293278690107631
cancer:No;0.0058037474638455
