Features;Individual Effect
age:36.00;0.2840278524784194
race:white;0.0074996161888084
sex:female;0.0593458731760515
hypertension:No;-0.0113356715181368
hyperlipidemia:No;0.0151495915628087
diabetes:No;0.0354710363242473
coronary.artery.disease:No;0.0425887051107745
chf:No;-0.0013062059383237
cerebrovascular.disease:No;-0.0060667701443938
hepatitis:No;0.0108400614769494
endstage.renal.disease:No;0.0114239882779366
chronic.kidney.disease:No;-0.0015815992884138
asthma:No;0.0022542802228521
copd:No;0.0083701720340253
dementia:No;0.0380450766860582
cancer:No;0.004778041634912
