Features;Individual Effect
age:35.00;0.2556880402317483
race:black;0.0015704597552379
sex:male;-0.0035514943983811
hypertension:No;0.0758885876848005
hyperlipidemia:No;0.0062138822950206
diabetes:No;0.0675697946450563
coronary.artery.disease:No;0.0582531533074741
chf:No;-0.0525103379165982
cerebrovascular.disease:No;0.0416123643765549
hepatitis:No;-0.0015682859069763
endstage.renal.disease:No;-0.0002223617296076
chronic.kidney.disease:No;-0.0090198792236895
asthma:No;-0.0107415501229374
copd:No;-0.0125691141823302
dementia:No;0.0028816358395209
cancer:No;0.0015822384617169
