Features;Individual Effect
age:75.00;-0.1922132122123496
race:white;0.0232577497457788
sex:male;-0.0146642642227687
hypertension:No;-0.0135235913358846
hyperlipidemia:Yes;-0.0650372988981335
diabetes:No;-0.0137433453648691
coronary.artery.disease:Yes;-0.045870808485024
chf:Yes;0.0338503719383839
cerebrovascular.disease:No;-0.0157620194426444
hepatitis:No;0.0367532216572166
endstage.renal.disease:No;-0.0379212614264275
chronic.kidney.disease:Yes;-0.0404875048014916
asthma:No;-0.0164481137547912
copd:No;-0.0122397914016387
dementia:No;-0.0219002590464347
cancer:Yes;-0.0477080814890519
