Features;Individual Effect
age:46.00;0.177325169512713
race:black;0.0084761319865953
sex:male;-0.0600731260837992
hypertension:Yes;0.0461762633476687
hyperlipidemia:Yes;0.0275733279406749
diabetes:Yes;-0.0056268674451959
coronary.artery.disease:No;0.0063241083606489
chf:No;0.0070472356249909
cerebrovascular.disease:No;0.0026178870555561
hepatitis:No;-0.0152305527717251
endstage.renal.disease:No;0.06289579920525
chronic.kidney.disease:No;-0.0137350507310286
asthma:No;0.0138558053220814
copd:No;0.0087180517493851
dementia:No;0.0210074347766102
cancer:No;0.0035224864210113
