Features;Individual Effect
age:31;0.2992579422808216
race:black;0.0267026321467591
sex:female;0.0482987072689148
hypertension:Yes;0.0475479128247681
hyperlipidemia:No;-0.0241474174702571
diabetes:Yes;0.022978608504274
coronary.artery.disease:No;0.0621928073864651
chf:No;0.0198602576097509
cerebrovascular.disease:No;0.0097185874021846
hepatitis:No;-0.0015921759084981
endstage.renal.disease:Yes;-0.0242323117247142
chronic.kidney.disease:No;-0.0224382265472031
asthma:No;-0.0521899729648626
copd:No;-0.013395145591819
dementia:No;0.0050836191783589
cancer:No;0.0102003274128944
