Features;Individual Effect
age:48.00;0.204675994498792
race:black;0.1023791776820027
sex:male;-0.088094739545093
hypertension:No;0.0477289118323518
hyperlipidemia:No;0.0546031774456083
diabetes:No;0.1137713462102723
coronary.artery.disease:No;0.0494929166556134
chf:No;-0.006563959105703
cerebrovascular.disease:No;-0.0694167705039681
hepatitis:No;-0.0509371234418093
endstage.renal.disease:No;-0.0092858556081153
chronic.kidney.disease:No;-0.033527606381052
asthma:No;0.0096925977252775
copd:No;-0.0120649007054655
dementia:No;0.0161022165119613
cancer:No;-0.014771345973096
