Features;Individual Effect
age:53.00;0.1550338715920325
race:black;0.0461307800046016
sex:female;0.0447713090042373
hypertension:No;0.0038755201738568
hyperlipidemia:No;0.001046234832598
diabetes:No;0.0856452649811641
coronary.artery.disease:No;0.1058400819334654
chf:No;0.0136094876375664
cerebrovascular.disease:No;-0.0085569599455805
hepatitis:No;0.0056266620769019
endstage.renal.disease:No;0.0029239824706582
chronic.kidney.disease:No;-0.0392962818425652
asthma:No;0.0017270808750589
copd:No;-0.008312912290689
dementia:No;0.0457450422083664
cancer:No;0.0046927178877921
