Features;Individual Effect
age:89.00;-0.2175821570125795
race:white;-0.0178646732125689
sex:male;-0.05229181720633
hypertension:Yes;0.0108224198313796
hyperlipidemia:Yes;0.0417837059547684
diabetes:Yes;-0.0170002924740905
coronary.artery.disease:No;0.0102885761342666
chf:No;-0.013159302565425
cerebrovascular.disease:No;0.0405312290064098
hepatitis:No;0.0139915061508678
endstage.renal.disease:No;-0.0459802124398728
chronic.kidney.disease:No;0.0028834598314534
asthma:No;-0.0102604683489609
copd:No;-0.0282696518313639
dementia:No;-0.0570810623087015
cancer:No;0.0249800716840044
