Features;Individual Effect
age:87.00;-0.0924954153852193
race:white;0.0017580564212616
sex:male;0.0131416857449502
hypertension:No;0.0110055137267321
hyperlipidemia:No;3.183071505033063e-05
diabetes:No;0.0386544398577207
coronary.artery.disease:No;0.0519421647282438
chf:Yes;0.0195845903832212
cerebrovascular.disease:No;-0.0149736937308393
hepatitis:No;0.0292742706919741
endstage.renal.disease:No;0.0292982088351464
chronic.kidney.disease:No;-0.0149157647013074
asthma:No;-0.0138304168868179
copd:No;-0.0672525510162854
dementia:No;0.0077990128006325
cancer:No;-0.023147641928587
