Features;Individual Effect
age:8No;-0.0601779284083797
race:black;0.0745951465670944
sex:female;0.054261003860089
hypertension:No;0.0801499445798172
hyperlipidemia:No;0.0022352480924388
diabetes:No;0.0247671690670724
coronary.artery.disease:No;0.0665460950428994
chf:No;0.0014203278283986
cerebrovascular.disease:No;0.0459626699650088
hepatitis:No;0.0359443752431264
endstage.renal.disease:No;0.0029381309501546
chronic.kidney.disease:No;-0.0271101583976697
asthma:No;0.009010875410585
copd:No;0.0508490742667243
dementia:No;0.0024780288776795
cancer:No;-0.0216661588756778
