Features;Individual Effect
age:74.00;-0.0012665905545232
race:other;0.0455291887295107
sex:female;0.0666998008013321
hypertension:Yes;-0.0084260386634485
hyperlipidemia:No;0.0001833077509683
diabetes:No;0.0424296627742451
coronary.artery.disease:No;0.0449058077340369
chf:Yes;0.046768446887883
cerebrovascular.disease:No;0.0355132337128607
hepatitis:No;0.0139431707150402
endstage.renal.disease:No;-0.0338092608607255
chronic.kidney.disease:No;0.002729750216116
asthma:No;0.02510757742007
copd:No;-0.0025698624664447
dementia:No;-0.0021401206939319
cancer:No;0.0022572673863412
