Features;Individual Effect
age:64.00;0.0616607518412761
race:white;0.0532831395593653
sex:female;0.056198457869777
hypertension:Yes;0.0015041832965412
hyperlipidemia:No;0.0376246144560177
diabetes:Yes;-0.0331575504587366
coronary.artery.disease:No;0.0220881156154254
chf:No;0.0131403888133112
cerebrovascular.disease:No;-0.0030737441126581
hepatitis:Yes;-0.04467311364802
endstage.renal.disease:No;0.022975038395289
chronic.kidney.disease:No;0.0047494519328501
asthma:Yes;0.051821222120251
copd:Yes;0.062136988146571
dementia:No;0.0136638160311211
cancer:Yes;-0.0136264473799414
