Features;Individual Effect
age:59.00;-0.0161023448561228
race:other;-0.0392691285267732
sex:male;-0.0788428378600563
hypertension:No;-0.060038188339239
hyperlipidemia:No;-0.0752226918799016
diabetes:Yes;-0.0388597107546777
coronary.artery.disease:Yes;-0.1578776360311744
chf:No;-0.0173287548887737
cerebrovascular.disease:No;0.0137453693766175
hepatitis:No;-0.0113419851823191
endstage.renal.disease:No;0.0008052513259022
chronic.kidney.disease:No;-0.0168716683578013
asthma:No;0.0202004543140079
copd:No;0.0111210716939168
dementia:No;-0.0223610808651364
cancer:No;-0.0635400304550212
