Features;Individual Effect
age:86.00;-0.0621956334939578
race:white;-0.0186036708754643
sex:male;-0.0489946856381924
hypertension:Yes;0.0487819648059508
hyperlipidemia:Yes;0.0444146646319288
diabetes:No;0.0117701319811216
coronary.artery.disease:Yes;-0.0885448016716233
chf:No;-0.0041481151768801
cerebrovascular.disease:No;-0.0006049710712986
hepatitis:No;0.0243212016477562
endstage.renal.disease:No;-0.031019357925206
chronic.kidney.disease:No;0.0254686054928946
asthma:No;-0.0396412627002491
copd:No;-0.0345046309759644
dementia:No;0.015877475540077
cancer:Yes;0.0589822844466768
