Features;Individual Effect
age:59.00;-0.0676413071792569
race:black;0.0260064952847003
sex:male;-0.00774253404495
hypertension:No;-0.1422287904609929
hyperlipidemia:No;-0.0189800868076068
diabetes:No;0.0553236840681432
coronary.artery.disease:No;0.0699063435732519
chf:No;0.0200341353746326
cerebrovascular.disease:No;0.0282819883061852
hepatitis:No;-0.0321884368953012
endstage.renal.disease:No;-0.0093584169038107
chronic.kidney.disease:No;0.0116079316668795
asthma:No;0.0317413320148171
copd:No;-0.0530574605773495
dementia:No;0.0258790469605356
cancer:No;0.0100090712034363
