Features;Individual Effect
age:89.00;-0.1484506633960196
race:white;0.004114437337014
sex:female;0.1487406808981842
hypertension:Yes;-0.0598676354011554
hyperlipidemia:No;0.0577828435883654
diabetes:Yes;0.1100000895142712
coronary.artery.disease:No;0.0253005190238247
chf:No;0.0254794984162757
cerebrovascular.disease:No;-0.0160654972579924
hepatitis:No;-0.038049260388762
endstage.renal.disease:No;0.0825834151686839
chronic.kidney.disease:No;-0.0095780308368592
asthma:No;-0.008879579399408
copd:No;-0.050464199781749
dementia:No;-0.01939221463531
cancer:No;0.0011609139053812
