Features;Individual Effect
age:74.00;-0.0539028823874009
race:black;0.0454158125301042
sex:male;0.0029510443834404
hypertension:Yes;0.1162803652078687
hyperlipidemia:Yes;0.0572401368785648
diabetes:Yes;0.1106031085993413
coronary.artery.disease:No;0.0353291165234414
chf:No;-0.0161488626222784
cerebrovascular.disease:No;0.056381507690522
hepatitis:No;0.0076755099539038
endstage.renal.disease:No;0.0002623303337695
chronic.kidney.disease:No;0.0043037570448302
asthma:No;-0.05715909308227
copd:No;-0.0147927395311842
dementia:No;-0.0271517483331711
cancer:No;0.0218791875993025
