Features;Individual Effect
age:73.00;-0.0639747740605826
race:black;0.0958569420162111
sex:female;0.0650797627850717
hypertension:Yes;0.0707736719653779
hyperlipidemia:Yes;0.0758920779569817
diabetes:Yes;0.0230905961194839
coronary.artery.disease:Yes;-0.0482633908655592
chf:No;-0.0215358470422689
cerebrovascular.disease:No;-0.0537446655077941
hepatitis:No;0.0267143806350289
endstage.renal.disease:No;-0.0109569635423151
chronic.kidney.disease:No;-0.0206327873532228
asthma:No;-0.0254172594603999
copd:No;0.0241297471982828
dementia:No;-0.0072720815901608
cancer:No;0.0309832682301855
