Features;Individual Effect
age:54.00;0.0705289689261397
race:other;-0.121130489595642
sex:male;-0.0746877368953541
hypertension:No;-0.0570323502034218
hyperlipidemia:No;-0.0012915576094462
diabetes:No;-0.0018697878100852
coronary.artery.disease:Yes;-0.2466788033956983
chf:No;0.0024071715318715
cerebrovascular.disease:No;-0.035275290277011
hepatitis:No;-0.0092776863706304
endstage.renal.disease:No;0.0178334074528745
chronic.kidney.disease:No;0.0041646746525878
asthma:Yes;-0.0165684172938913
copd:No;-0.0076593577277979
dementia:No;0.0070102746369785
cancer:No;0.0218044374855982
