Features;Individual Effect
age:64.00;0.1213029608762032
race:white;-6.243701207591691e-05
sex:male;-0.0445261712634196
hypertension:Yes;0.0338372016671585
hyperlipidemia:Yes;0.0304840690440267
diabetes:Yes;-0.0498378989548312
coronary.artery.disease:Yes;-0.0291112646881108
chf:No;0.0106476511782188
cerebrovascular.disease:No;-0.0084014501081569
hepatitis:No;0.0109176902413383
endstage.renal.disease:No;0.0619240506309189
chronic.kidney.disease:No;0.0095054842109306
asthma:No;0.0104808729500398
copd:No;-0.0039354751336091
dementia:No;-0.0222037192936919
cancer:No;0.0408576476881792
