Features;Individual Effect
age:64.00;0.0909629899815254
race:white;0.0164958030605836
sex:male;-0.0018357481015705
hypertension:No;-0.0124540147912247
hyperlipidemia:No;-0.0421177215294047
diabetes:Yes;-0.0098652635824172
coronary.artery.disease:Yes;-0.0119311331241673
chf:No;-0.0186250483444465
cerebrovascular.disease:Yes;0.1098881923849373
hepatitis:No;0.019258633787586
endstage.renal.disease:No;-0.0024256983160413
chronic.kidney.disease:No;0.0070762165062695
asthma:No;0.0016406594663985
copd:No;-0.0119072152178506
dementia:No;0.0150268482666392
cancer:No;-0.0378537557604951
