Features;Individual Effect
age:34.00;0.3188192805119062
race:black;0.081206603670079
sex:female;-0.0141091698587721
hypertension:No;-0.0211563068494948
hyperlipidemia:No;0.0342527456086611
diabetes:No;-0.0049130250775028
coronary.artery.disease:Yes;-0.1159977556643251
chf:No;0.0132470896690497
cerebrovascular.disease:No;-0.0081747201089636
hepatitis:No;-0.0320763463123629
endstage.renal.disease:No;-0.0049160916568146
chronic.kidney.disease:No;0.0390905575074534
asthma:No;-0.0046117464224382
copd:No;0.0124975059912331
dementia:No;0.0240051975101667
cancer:No;-0.0073570263724075
