Features;Individual Effect
age:36.00;0.2826639412425898
race:black;0.0248818395588754
sex:male;0.0038718673285067
hypertension:No;0.0898363443819431
hyperlipidemia:No;-0.0061437166292548
diabetes:No;0.0232312703904509
coronary.artery.disease:No;0.055154364189442
chf:No;-0.0115812679126166
cerebrovascular.disease:No;-0.003572123667121
hepatitis:No;-0.0250139755306764
endstage.renal.disease:No;0.0033054811238774
chronic.kidney.disease:No;-0.0003472148536929
asthma:No;0.0042676923109323
copd:No;0.039502384805584
dementia:No;0.0124554207632023
cancer:No;-0.0332700729768935
