Features;Individual Effect
age:3No;0.2911456769734716
race:other;0.0147824709604276
sex:male;0.0370921763198596
hypertension:Yes;0.0076450540353513
hyperlipidemia:No;-0.0155716227732721
diabetes:No;0.0108965390235431
coronary.artery.disease:No;0.0496843375559204
chf:No;-0.0014092948977482
cerebrovascular.disease:No;0.0343378746920337
hepatitis:No;0.0041360538481174
endstage.renal.disease:Yes;0.0095957530395328
chronic.kidney.disease:No;0.0019083566880081
asthma:No;-0.0047511602066359
copd:No;-0.0063342092818372
dementia:No;0.0019914565108024
cancer:No;-0.0033139992370629
