Features;Individual Effect
age:79.00;-0.0646448524167144
race:black;0.1094340391688668
sex:female;0.0567332506193024
hypertension:No;0.0774769758934608
hyperlipidemia:No;0.0270919978557695
diabetes:No;0.02183877737994
coronary.artery.disease:No;0.0865997275940327
chf:No;-0.0527867910680294
cerebrovascular.disease:No;0.0282483884923769
hepatitis:No;0.0132487863525723
endstage.renal.disease:No;0.0290857876450688
chronic.kidney.disease:No;0.0158571490964171
asthma:No;-0.0639232378157795
copd:No;1.900444454843581e-05
dementia:No;-0.0287859767574419
cancer:No;0.0242421192126062
