Features;Individual Effect
age:52.00;0.0317617412169478
race:black;-0.0401814268431803
sex:male;-0.0672652549440417
hypertension:Yes;-0.003086718060524
hyperlipidemia:Yes;-0.1759643886510398
diabetes:No;-0.0570584180793183
coronary.artery.disease:No;-0.0321930348976318
chf:No;0.0010019440183852
cerebrovascular.disease:No;-0.0152803436948613
hepatitis:No;-0.0102273016038903
endstage.renal.disease:No;0.0212558223799543
chronic.kidney.disease:No;0.0126412299615537
asthma:No;-0.0256760888321724
copd:No;0.0033553507461579
dementia:No;-0.0162874108658558
cancer:No;0.0253355431902515
