Features;Individual Effect
age:49.00;0.1346629803871903
race:white;0.0201684274404134
sex:female;0.1181738353661005
hypertension:No;-0.0468821919160273
hyperlipidemia:No;0.0444350810013659
diabetes:No;0.0090431746095679
coronary.artery.disease:No;0.1165252376157247
chf:No;-0.0041043154852108
cerebrovascular.disease:No;0.0102637555851283
hepatitis:No;0.0319944006615667
endstage.renal.disease:No;-0.0096024514291726
chronic.kidney.disease:No;0.0017338197834685
asthma:No;-0.0098371617148365
copd:No;0.0315094802241711
dementia:No;0.0058068458357554
cancer:No;0.0267652558958785
