Features;Individual Effect
age:50;0.0810498000450137
race:other;-0.0396617338062091
sex:female;-0.0431174035144517
hypertension:No;-0.0037868584542541
hyperlipidemia:No;0.0332606001232698
diabetes:No;-0.0427986972064075
coronary.artery.disease:Yes;-0.2496780771870861
chf:No;-0.047178988210396
cerebrovascular.disease:No;0.0410525852110005
hepatitis:No;0.0009165498089746
endstage.renal.disease:No;-0.0598242680288232
chronic.kidney.disease:No;-0.026126059667528
asthma:No;-0.0421745039014726
copd:No;0.0213865736673121
dementia:No;0.0502095521488399
cancer:No;0.0358220771884452
