Features;Individual Effect
age:78.00;-0.0204096671052813
race:black;0.1190983760407344
sex:female;0.0200313161381291
hypertension:No;0.0281711831480624
hyperlipidemia:No;-0.0415393673533057
diabetes:No;0.0544018019094127
coronary.artery.disease:No;0.0628542662486463
chf:No;-0.0115548863872777
cerebrovascular.disease:No;0.0362090868339654
hepatitis:No;-0.0254182803924161
endstage.renal.disease:No;0.0407296072726977
chronic.kidney.disease:No;0.0140559030164045
asthma:No;-0.0068292549848526
copd:No;-0.0067156191094095
dementia:No;0.0259428280389868
cancer:No;-0.0006210343952583
