Features;Individual Effect
age:74.00;-0.1635760407058389
race:white;-0.0208067400152111
sex:male;-0.0203773922413557
hypertension:Yes;-0.0530952797784017
hyperlipidemia:No;-0.0435804358064796
diabetes:Yes;-0.0079239208520569
coronary.artery.disease:Yes;-0.1105934043916784
chf:Yes;-0.0005760123925825
cerebrovascular.disease:Yes;-0.0734982476421902
hepatitis:No;0.0265180448631342
endstage.renal.disease:No;0.0037210656988646
chronic.kidney.disease:No;-0.022801150059472
asthma:No;0.023490787682783
copd:No;0.0212896246181365
dementia:No;-0.001515248580749
cancer:No;0.0138585225762542
