Features;Individual Effect
age:84.00;-0.0861711955433868
race:asian;0.063912302213632
sex:male;0.0450946746209076
hypertension:Yes;0.0291962887012849
hyperlipidemia:No;-0.0256123392969393
diabetes:No;0.0422158346898542
coronary.artery.disease:No;0.0701421138524808
chf:No;0.0208757734397035
cerebrovascular.disease:No;0.0029164838305652
hepatitis:No;0.0226393600558031
endstage.renal.disease:No;-0.0311441029862854
chronic.kidney.disease:No;-0.0003592007002715
asthma:No;-0.0319551239571424
copd:No;0.0300603533383594
dementia:No;-0.002873931411762
cancer:Yes;-0.0214525075245484
