Features;Individual Effect
age:57.00;-0.1022564657667686
race:black;-0.0224326351097279
sex:male;-0.0944608830715235
hypertension:Yes;-0.0503675722522003
hyperlipidemia:No;-0.0294402157102405
diabetes:Yes;-0.1144946430670602
coronary.artery.disease:No;0.0421277777761402
chf:No;-0.0580427707013194
cerebrovascular.disease:No;0.0226616277727734
hepatitis:No;0.0277806991517026
endstage.renal.disease:No;-0.0052632601117579
chronic.kidney.disease:No;0.0098123863380773
asthma:No;0.01780076361162
copd:No;-0.0820397419390542
dementia:No;0.013234809907086
cancer:No;0.0567081715030092
