Features;Individual Effect
age:67.00;0.0112527445901129
race:black;0.0485538908640425
sex:female;0.0618027602168311
hypertension:No;0.0822788646296859
hyperlipidemia:No;-0.0015086032581441
diabetes:No;0.0849579814250527
coronary.artery.disease:No;0.0922475608350857
chf:No;-0.0040072544426375
cerebrovascular.disease:No;0.0145580683753643
hepatitis:No;-0.0280288391295478
endstage.renal.disease:No;0.0191451268534504
chronic.kidney.disease:No;-0.0045210701617013
asthma:No;-0.0032345159867041
copd:No;0.018818952667363
dementia:No;0.0088570747829808
cancer:No;-0.0007268108389423
