Features;Individual Effect
age:61;-0.0730449972115979
race:black;0.0268956957341432
sex:male;-0.0407595045788084
hypertension:No;-0.1875873394193934
hyperlipidemia:No;-0.0280212310942799
diabetes:Yes;-0.1721285944183264
coronary.artery.disease:No;-0.0099882985321782
chf:No;-0.0224740306626457
cerebrovascular.disease:No;0.0281289437444407
hepatitis:No;-0.0084040136700761
endstage.renal.disease:No;-0.0193232211932316
chronic.kidney.disease:No;0.034518419934479
asthma:No;-0.003025596356266
copd:No;-0.0130261986841632
dementia:No;0.0029214376488186
cancer:No;0.0081660561411672
