Features;Individual Effect
age:85.00;-0.2267040615633109
race:asian;-0.024397668240014
sex:female;-0.0203043641931333
hypertension:Yes;0.0077637629289408
hyperlipidemia:No;0.0404223129000546
diabetes:No;-0.0347402392661353
coronary.artery.disease:No;-0.051908260413852
chf:Yes;-0.0225559213360753
cerebrovascular.disease:No;0.0045972367295759
hepatitis:No;0.0159906737381473
endstage.renal.disease:No;-0.0411559240789367
chronic.kidney.disease:No;0.0020310371070463
asthma:No;-0.0083114691896473
copd:No;-0.0154823559709315
dementia:No;0.0064530837731759
cancer:No;0.0035036278990435
