Features;Individual Effect
age:68.00;-0.0627240085728981
race:asian;0.0540843503573611
sex:male;-0.0167969164388826
hypertension:Yes;0.0269609080756365
hyperlipidemia:Yes;0.0306701977717563
diabetes:No;-0.0091207004861584
coronary.artery.disease:No;-0.0008376163938675
chf:No;0.0230713216391898
cerebrovascular.disease:No;0.005799107784688
hepatitis:Yes;-0.1673195077171617
endstage.renal.disease:No;0.0037748758946889
chronic.kidney.disease:No;-0.0052043619382303
asthma:No;-0.0066296926463652
copd:No;0.0105133693677299
dementia:No;0.0228937434553967
cancer:Yes;-0.082759546710376
