Features;Individual Effect
age:74.00;-0.0748907680349804
race:white;0.0313932100610706
sex:female;0.1172861179557062
hypertension:No;0.0569911161954005
hyperlipidemia:No;-0.0386394826674662
diabetes:No;0.0080145415879621
coronary.artery.disease:No;0.1267210936502662
chf:No;-0.0389794849629402
cerebrovascular.disease:No;0.0160813757768391
hepatitis:No;-0.0172787601471944
endstage.renal.disease:No;0.0158445381213058
chronic.kidney.disease:No;-0.0372750786444927
asthma:No;0.0007043332907359
copd:No;-0.0060121835049065
dementia:No;0.0637788549551576
cancer:No;-0.0022976090469022
