Features;Individual Effect
age:66.00;0.0453545542485348
race:black;0.1449508071152252
sex:female;0.0742513049255949
hypertension:Yes;0.037294606272094
hyperlipidemia:No;0.0081323030838344
diabetes:Yes;-0.0703105316075473
coronary.artery.disease:Yes;-0.1401579946859647
chf:No;-0.0066376584237908
cerebrovascular.disease:No;0.0738854329884183
hepatitis:No;-0.0508000226135884
endstage.renal.disease:No;0.0063993074437385
chronic.kidney.disease:No;0.0035391382028366
asthma:No;-0.006924721360966
copd:No;0.0026358137415844
dementia:No;-0.0579367306091877
cancer:No;0.0377979630374118
