Features;Individual Effect
age:67.00;-0.1168801707798759
race:black;-0.0067253959035234
sex:male;-0.0802792583127684
hypertension:Yes;-0.0132438273808097
hyperlipidemia:Yes;-0.0796500938073862
diabetes:Yes;-0.0341464353008864
coronary.artery.disease:Yes;-0.1448414927897313
chf:No;-4.630414180988376e-05
cerebrovascular.disease:No;0.0208134785801607
hepatitis:No;-0.0370128911934767
endstage.renal.disease:No;-0.0018745922693434
chronic.kidney.disease:No;0.016569476290692
asthma:No;0.0234851917516071
copd:No;-0.0521841417920136
dementia:No;0.0107465743532513
cancer:No;0.0020051429476104
