Features;Individual Effect
age:56.00;0.1722048652134946
race:white;0.0053961596099508
sex:female;0.0691909774444882
hypertension:No;-0.0542833596117966
hyperlipidemia:No;-0.0400138314569394
diabetes:Yes;-0.035407562236038
coronary.artery.disease:No;0.0484884964382446
chf:No;0.0048104813888386
cerebrovascular.disease:No;0.0179777492563281
hepatitis:No;0.031847011234958
endstage.renal.disease:No;-0.0056711521612432
chronic.kidney.disease:No;0.0169213127705372
asthma:No;0.0329713795310327
copd:No;0.0143764166874586
dementia:No;0.0096153274282507
cancer:No;-0.0117663517519421
