Features;Individual Effect
age:92.00;-0.1407106284055033
race:black;0.0260679764107328
sex:male;-0.0569749203216533
hypertension:Yes;-0.0176241259921046
hyperlipidemia:Yes;0.0166854186727806
diabetes:Yes;-0.0420886849266469
coronary.artery.disease:Yes;0.0045724455639491
chf:No;-0.0184540551185383
cerebrovascular.disease:Yes;-0.1028990127030571
hepatitis:No;0.0440695508991381
endstage.renal.disease:No;-0.0019152658691451
chronic.kidney.disease:No;-0.0277433580894609
asthma:No;0.0483069061689918
copd:No;-0.04435806154221
dementia:No;0.0355033520607567
cancer:No;0.0241977372330216
