Features;Individual Effect
age:6Yes;0.1028197086417311
race:black;0.052364988581275
sex:female;0.1080832696588862
hypertension:No;0.0331427531945556
hyperlipidemia:No;-0.0056455760375593
diabetes:No;0.0422863594362768
coronary.artery.disease:No;0.1033057875013767
chf:No;0.0318494600330169
cerebrovascular.disease:No;-0.037244452212592
hepatitis:No;0.046424673431578
endstage.renal.disease:No;0.0107579177419494
chronic.kidney.disease:No;0.0011488744584904
asthma:No;0.0086570854383304
copd:No;-0.0063730349871778
dementia:No;0.0186588436245115
cancer:No;-0.0275819106366393
