Features;Individual Effect
age:89.00;-0.2406684155998144
race:white;-0.0659836541230948
sex:male;-0.0463583138970458
hypertension:Yes;0.0160548506290026
hyperlipidemia:No;-0.0046780806333694
diabetes:No;-0.0070316219775482
coronary.artery.disease:Yes;-0.0742631714899016
chf:No;0.0118008443544849
cerebrovascular.disease:No;-0.0023511301353151
hepatitis:No;-0.028259386366541
endstage.renal.disease:No;0.0056773854905921
chronic.kidney.disease:No;-0.0062253572932914
asthma:No;-0.0199807661558477
copd:No;-0.0010324350739934
dementia:Yes;-0.0142093240326976
cancer:No;0.033210229897444
