Features;Individual Effect
age:59.00;0.0766123341083001
race:asian;0.1633682114281563
sex:male;-0.112852966843251
hypertension:No;-0.0513659319608917
hyperlipidemia:No;-0.0335018343529474
diabetes:No;0.0623913554449864
coronary.artery.disease:No;0.1317140725861402
chf:No;-0.0360752262013363
cerebrovascular.disease:No;0.0269234710144522
hepatitis:No;-0.0234599312042132
endstage.renal.disease:No;-0.0128153969409368
chronic.kidney.disease:No;0.0342163796886332
asthma:No;-0.0029145657220553
copd:No;1.9812738651911466e-05
dementia:No;0.0389965577482659
cancer:No;0.0296634692360042
