Features;Individual Effect
age:29.00;0.3528416273283798
race:white;-0.0829330369851023
sex:female;0.0722343798757416
hypertension:No;0.0031154997929496
hyperlipidemia:No;0.0066082312513117
diabetes:No;-0.0040033736667712
coronary.artery.disease:No;0.0988932136753379
chf:No;0.0347648336757521
cerebrovascular.disease:No;-0.0360358381484877
hepatitis:No;0.0212743360638832
endstage.renal.disease:No;0.0394357788794823
chronic.kidney.disease:No;-0.0761683351454932
asthma:Yes;-0.0275494043768276
copd:No;0.0180242454613133
dementia:No;-0.0154398969054552
cancer:No;-0.0108296153634225
