Features;Individual Effect
age:66.00;0.1932725794595921
race:white;0.0505640179288997
sex:male;0.0177049349206158
hypertension:Yes;0.0369071630398716
hyperlipidemia:No;0.0366840549308109
diabetes:No;0.0438774567829345
coronary.artery.disease:No;0.0839385447402878
chf:No;0.0190058436485993
cerebrovascular.disease:No;0.0185906862840412
hepatitis:No;0.0277665754193268
endstage.renal.disease:No;0.0148960860930627
chronic.kidney.disease:No;-0.0259481985599275
asthma:No;3.349322621114953e-05
copd:No;0.0388842123953097
dementia:No;0.016322091899934
cancer:No;0.0246492651314113
