Features;Individual Effect
age:89.00;-0.0886646546146643
race:white;-0.0093967586813479
sex:female;0.1018377684124948
hypertension:No;0.0875499540348406
hyperlipidemia:No;-0.0154750910182456
diabetes:No;-0.0020917037289803
coronary.artery.disease:Yes;-0.0179941578171888
chf:No;-0.0043066972798013
cerebrovascular.disease:Yes;0.0351028140641523
hepatitis:No;0.0533804882651036
endstage.renal.disease:No;-0.0614409781756915
chronic.kidney.disease:No;-0.0239184567996717
asthma:Yes;0.0746242465849432
copd:Yes;0.0917896340925893
dementia:No;-0.0057517539648255
cancer:No;-0.0134593547399819
