Features;Individual Effect
age:83.00;-0.1769427472041612
race:other;0.0164388339524436
sex:female;-0.0113631417340575
hypertension:Yes;-0.0196758783677118
hyperlipidemia:Yes;-0.0337337786225922
diabetes:Yes;-0.0540599978808413
coronary.artery.disease:No;0.0468606463661845
chf:No;0.0014152682530394
cerebrovascular.disease:No;0.0033919624193858
hepatitis:No;-0.0007770938659602
endstage.renal.disease:No;-0.0125528257445518
chronic.kidney.disease:No;0.0367153493086685
asthma:No;-0.0377506663966178
copd:No;0.0192079609044381
dementia:No;-0.0005180838642141
cancer:No;0.0367097048004936
