Features;Individual Effect
age:68.00;-0.0010614082523308
race:black;0.0502357267258666
sex:male;0.0132026114285469
hypertension:Yes;0.0156227747635666
hyperlipidemia:Yes;0.0618901860657141
diabetes:No;0.0041461360764293
coronary.artery.disease:No;0.0638389198029014
chf:No;-0.011482567938678
cerebrovascular.disease:No;0.0299871050471749
hepatitis:No;-0.0160153339532144
endstage.renal.disease:No;-0.0088922171234675
chronic.kidney.disease:No;0.0030501025344
asthma:Yes;-0.0023982159789919
copd:Yes;-0.0206181065396092
dementia:No;0.0060653881697809
cancer:No;-0.0052728921659608
