Features;Individual Effect
age:89.00;-0.1669105447447351
race:asian;-0.0790014170885149
sex:female;0.0208598410757483
hypertension:No;0.0552091216682411
hyperlipidemia:No;0.0196691130366783
diabetes:No;-0.0177151803792303
coronary.artery.disease:Yes;-0.1331036592984628
chf:No;0.006794878922914
cerebrovascular.disease:No;-0.0082348838008455
hepatitis:No;-0.0220354659157006
endstage.renal.disease:No;-0.0676643867048841
chronic.kidney.disease:No;-0.0058904760760063
asthma:No;-0.0128939559476121
copd:No;-0.0106925189256034
dementia:No;0.0517688563083015
cancer:No;-0.0046650468988776
