Features;Individual Effect
age:58.00;-0.0452961870557836
race:other;-0.0292666952579327
sex:male;-0.0559825398802448
hypertension:Yes;0.0350684208171012
hyperlipidemia:No;-0.0441973768788344
diabetes:Yes;-0.0843195057214002
coronary.artery.disease:Yes;-0.223292455125408
chf:No;0.0083792080178201
cerebrovascular.disease:No;0.0074085350143966
hepatitis:No;0.0078344179156066
endstage.renal.disease:No;-0.0053176769080144
chronic.kidney.disease:No;0.0104326748442437
asthma:No;-0.0085211172539366
copd:Yes;-0.0370807187183059
dementia:No;0.0197866641320046
cancer:No;-0.008525116405878
