Features;Individual Effect
age:33.00;0.2956881474661775
race:asian;0.0420454549397892
sex:male;-0.0236761646914366
hypertension:No;0.030844811800587
hyperlipidemia:No;0.0114779251603627
diabetes:No;0.0613689046024851
coronary.artery.disease:No;0.05863862030385
chf:No;0.0167786808853758
cerebrovascular.disease:No;0.0081161801187855
hepatitis:No;-0.0356510256150445
endstage.renal.disease:No;0.0118700836929304
chronic.kidney.disease:No;-0.0135357356474243
asthma:No;-0.0268928986393708
copd:No;0.0108529637234883
dementia:No;0.037278926265353
cancer:No;0.0267992792144491
