Features;Individual Effect
age:74.00;-0.1006854206042158
race:black;-0.01585953367433
sex:female;0.0328473722907625
hypertension:Yes;-0.040987731275236
hyperlipidemia:No;-0.0250177696164698
diabetes:No;-0.0162054978232636
coronary.artery.disease:No;0.0438219135142593
chf:No;-0.0153057459432984
cerebrovascular.disease:No;-0.0553737676701954
hepatitis:No;0.024886181344223
endstage.renal.disease:No;0.04448060928446
chronic.kidney.disease:No;-0.0023279454875574
asthma:No;-0.0168128757423741
copd:No;-0.0158903400447312
dementia:No;0.0158305957208814
cancer:No;0.034171874686627
