Features;Individual Effect
age:89.00;-0.2658322265706212
race:white;-0.0208194109790506
sex:male;-0.0033209071051858
hypertension:Yes;-0.0228984828336124
hyperlipidemia:No;-0.0481561806364173
diabetes:No;0.0108424829091574
coronary.artery.disease:No;-0.024279901432066
chf:Yes;-0.0222558954264309
cerebrovascular.disease:No;-0.0072116830051169
hepatitis:No;0.0324473795576151
endstage.renal.disease:No;-0.0391263716205828
chronic.kidney.disease:No;0.0246939380738605
asthma:No;-0.0233796725173984
copd:No;0.0166679185974413
dementia:No;0.0136071621040689
cancer:No;0.0058205175889063
