Features;Individual Effect
age:75.00;-0.2951768334639372
race:black;0.0491402586942615
sex:female;0.0330484141775253
hypertension:Yes;-0.0204668033661994
hyperlipidemia:No;-0.0582447196925932
diabetes:Yes;-0.0075323715603613
coronary.artery.disease:Yes;-0.0718326080744384
chf:No;0.0041988596349259
cerebrovascular.disease:No;-0.0169523717954886
hepatitis:No;0.0136434189027593
endstage.renal.disease:No;-0.0188953256374799
chronic.kidney.disease:No;-0.0633614386671617
asthma:No;-0.056247357891586
copd:No;-0.031799821112152
dementia:No;-0.0157252623713021
cancer:No;6.361798096976481e-05
