Features;Individual Effect
age:64.00;0.0962482118323679
race:white;0.0564284595120981
sex:male;-0.0287865993414142
hypertension:Yes;0.0132107263939854
hyperlipidemia:Yes;0.0210814953068716
diabetes:No;0.0277542260218352
coronary.artery.disease:Yes;-0.0040243221532109
chf:Yes;-0.0199611237945168
cerebrovascular.disease:No;0.008016840901928
hepatitis:No;-0.0078684352017194
endstage.renal.disease:No;-0.0246222601336299
chronic.kidney.disease:No;-0.0248206959491817
asthma:No;-0.0074835395641101
copd:No;-0.0337211979904313
dementia:No;0.0125277469584366
cancer:No;0.0378010128405183
