Features;Individual Effect
age:60;0.0282255930262026
race:white;-0.0146288527296129
sex:male;0.0009038388318519
hypertension:Yes;-0.0466481881783436
hyperlipidemia:Yes;-0.0831355822604846
diabetes:Yes;-0.022242888461118
coronary.artery.disease:No;-0.0619256025125903
chf:Yes;-0.0767171467622604
cerebrovascular.disease:No;0.0065169558804763
hepatitis:No;0.0267198786267018
endstage.renal.disease:No;0.0397656703423075
chronic.kidney.disease:Yes;-0.0323978242321097
asthma:No;0.0428484769804387
copd:No;0.048065602613375
dementia:No;0.0011281548668044
cancer:No;-0.0167905392463081
