Features;Individual Effect
age:89.00;-0.082752516539535
race:asian;0.0788367896744546
sex:female;0.0780716930746252
hypertension:Yes;0.0658577373700871
hyperlipidemia:Yes;0.0653397529762559
diabetes:No;0.0073398643870028
coronary.artery.disease:Yes;-0.0938697064465426
chf:No;0.0023120256426408
cerebrovascular.disease:No;0.0080417159679608
hepatitis:No;-0.0062270810510414
endstage.renal.disease:No;0.0243171589883957
chronic.kidney.disease:No;-0.0264797724120714
asthma:No;-0.0293745695746974
copd:No;-0.0121258806991059
dementia:Yes;0.020844664661444
cancer:No;-0.0265836001233534
