Features;Individual Effect
age:66.00;0.1213810525148101
race:asian;0.0600403688192971
sex:male;-0.1069183039129984
hypertension:No;0.0670465954039415
hyperlipidemia:No;0.01889247979877
diabetes:No;-0.0280551764654676
coronary.artery.disease:No;0.0734853885160759
chf:Yes;0.0156383169066793
cerebrovascular.disease:No;-0.0118557144792845
hepatitis:No;0.001853221635478
endstage.renal.disease:No;-0.021728993902941
chronic.kidney.disease:No;-0.0290182707366995
asthma:No;-0.0028205176305034
copd:No;-0.0216415748689685
dementia:No;-0.0067316812085659
cancer:No;0.0004283347909174
