Features;Individual Effect
age:78.00;-0.044765931003547
race:black;0.0649201581164909
sex:male;0.0138576464788342
hypertension:No;-0.0044565070290344
hyperlipidemia:No;0.0394031727321341
diabetes:Yes;-0.0672246592324522
coronary.artery.disease:No;0.0662529332377725
chf:No;-0.0090857230817575
cerebrovascular.disease:Yes;0.0217980184659681
hepatitis:No;0.0057676207192141
endstage.renal.disease:No;-0.0182538824358286
chronic.kidney.disease:No;-0.0131410993461066
asthma:No;0.0291169848796277
copd:No;-0.0675324450444029
dementia:No;0.0045222502422315
cancer:No;0.0090553194674793
