Features;Individual Effect
age:57.00;0.133295890159675
race:black;0.0178573053006275
sex:female;0.0501631017924303
hypertension:No;0.0782318689297633
hyperlipidemia:No;-0.0438452710237274
diabetes:No;0.1004754883474892
coronary.artery.disease:No;0.0488768671978844
chf:No;0.0238378574322721
cerebrovascular.disease:No;0.0737342630843295
hepatitis:No;-0.037706011103908
endstage.renal.disease:No;-0.0445038270598763
chronic.kidney.disease:No;-0.0043663377792157
asthma:No;-0.0136194805475912
copd:No;-0.0068561091219319
dementia:No;0.0044466615813856
cancer:No;0.000983900072927
