Features;Individual Effect
age:75.00;-0.1221534478947687
race:white;-0.0543651414724103
sex:female;0.0507037541319942
hypertension:No;0.0310045990220488
hyperlipidemia:No;0.0054821013076641
diabetes:No;0.006496292541864
coronary.artery.disease:Yes;-0.224552566365378
chf:No;-0.0015296496180443
cerebrovascular.disease:No;-0.032059857081962
hepatitis:No;-0.0137944779414534
endstage.renal.disease:No;0.0082500857758691
chronic.kidney.disease:No;0.0090965310539636
asthma:No;-0.086209765287013
copd:No;0.008054430780323
dementia:No;0.0325566904909401
cancer:No;0.0208075680048293
