Features;Individual Effect
age:32.00;0.3211714669249897
race:other;-0.0130782620784168
sex:female;0.0605791494470426
hypertension:No;0.0033044572403001
hyperlipidemia:No;-0.0011262221814152
diabetes:No;-0.0186348230154363
coronary.artery.disease:No;0.0900923376696567
chf:No;0.0074441417601123
cerebrovascular.disease:No;0.016538533004166
hepatitis:No;-0.0601527538290729
endstage.renal.disease:No;-0.0003237403110985
chronic.kidney.disease:No;0.00881429607866
asthma:No;0.0050050015073169
copd:No;0.0290291338145688
dementia:No;0.0475625081601696
cancer:No;0.0073640931872057
