Features;Individual Effect
age:65.00;0.1287990924231968
race:white;-0.0491086586315838
sex:male;-0.0142708111704933
hypertension:No;-0.0350431980247061
hyperlipidemia:No;0.0126743549485346
diabetes:Yes;-0.150096707331163
coronary.artery.disease:No;0.0695305726945955
chf:No;-0.0272239203304127
cerebrovascular.disease:No;0.0210713426426715
hepatitis:No;-0.000529287627257
endstage.renal.disease:No;0.0027710303880874
chronic.kidney.disease:No;0.0041504698947641
asthma:No;0.0180400788717198
copd:No;0.0481525205786516
dementia:No;-0.0145338445708808
cancer:No;0.0257600699604803
