Features;Individual Effect
age:55.00;0.254721128144355
race:black;-0.0031045961745632
sex:female;0.03850055845392
hypertension:Yes;0.069829370413296
hyperlipidemia:No;-0.0132145655671808
diabetes:No;-0.026450974410817
coronary.artery.disease:No;0.0787935711485713
chf:No;0.0056188842083905
cerebrovascular.disease:No;-0.0476014233988134
hepatitis:No;0.0764394923365936
endstage.renal.disease:No;-0.0352691129924848
chronic.kidney.disease:No;-0.0249003767579212
asthma:No;0.0174197218486423
copd:No;0.0019568953381292
dementia:No;-0.0535903212588474
cancer:No;-0.0043395299422774
