Features;Individual Effect
age:62.00;-0.0206348541193702
race:other;-0.0391436475554976
sex:male;-0.0942560943310676
hypertension:Yes;0.0038274502060191
hyperlipidemia:Yes;0.0087869040279679
diabetes:Yes;-0.0262001330596754
coronary.artery.disease:Yes;-0.1339707990049172
chf:No;-0.005287723613848
cerebrovascular.disease:No;0.0029855877865791
hepatitis:No;0.003554357262558
endstage.renal.disease:No;0.0155439628077283
chronic.kidney.disease:No;-0.0381314465489729
asthma:Yes;-0.0556562560510751
copd:No;0.0164565697636132
dementia:No;0.0437316045918819
cancer:No;-0.0088007395400782
