Features;Individual Effect
age:80;-0.2220319403921387
race:black;-0.0280782286281748
sex:male;-0.0582837465840233
hypertension:Yes;0.0076290823893541
hyperlipidemia:Yes;-0.0562981427724028
diabetes:Yes;-0.0400233557248024
coronary.artery.disease:No;0.0423114747298448
chf:No;-0.0141536895004235
cerebrovascular.disease:Yes;-0.0370909896670526
hepatitis:No;0.0080784092388951
endstage.renal.disease:No;-0.051993278697114
chronic.kidney.disease:No;-0.005166861331187
asthma:No;-0.0103502806272457
copd:No;0.0168525032644164
dementia:No;0.0042906265450737
cancer:No;0.024428334389778
