Features;Individual Effect
age:69.00;-0.0079821844591729
race:black;-0.0111122942401596
sex:male;-0.0138992715057046
hypertension:Yes;0.0367490357157686
hyperlipidemia:Yes;-0.0365804240840831
diabetes:Yes;-0.0849324836407772
coronary.artery.disease:No;0.0680776611153388
chf:No;-0.0027433289548311
cerebrovascular.disease:No;0.0137003892636037
hepatitis:No;-0.0354947134922646
endstage.renal.disease:No;-0.0074783521539534
chronic.kidney.disease:No;-0.002866046126778
asthma:No;-0.0522723363856203
copd:No;0.0045577086564087
dementia:No;0.0084637533641155
cancer:No;-0.0125576272595664
