Features;Individual Effect
age:66.00;0.011882176530307
race:black;-0.0028757239392707
sex:female;0.049186191284117
hypertension:Yes;-0.0106353370570637
hyperlipidemia:Yes;-0.0141862549494185
diabetes:Yes;0.0052065959068235
coronary.artery.disease:Yes;-0.0539582980380657
chf:Yes;-0.0291887131906192
cerebrovascular.disease:No;-0.042769654799608
hepatitis:No;-0.0078679743738577
endstage.renal.disease:No;-0.0172357034173633
chronic.kidney.disease:Yes;0.0804815023968448
asthma:No;-0.0293470841408638
copd:No;0.0245006238103737
dementia:No;0.0305747421405108
cancer:No;0.0586247358056741
