Features;Individual Effect
age:86.00;-0.0419784232854466
race:white;0.0512052021326517
sex:male;0.0127492036191804
hypertension:No;-0.0349156236546302
hyperlipidemia:No;-0.0036723301950129
diabetes:Yes;0.0253529378225656
coronary.artery.disease:No;0.0317728415853609
chf:Yes;0.0060629532330204
cerebrovascular.disease:No;-0.0215287920536946
hepatitis:No;-0.002569174488066
endstage.renal.disease:No;-0.0347390930047739
chronic.kidney.disease:Yes;0.0716669232450843
asthma:Yes;0.0611024942720435
copd:Yes;-0.0064125635190408
dementia:No;0.0400597563514461
cancer:No;0.0252074167007658
