Features;Individual Effect
age:48.00;0.2164879110849479
race:black;0.1030209158214185
sex:male;-0.0399388732213712
hypertension:No;0.0016972016626323
hyperlipidemia:No;0.0209910795411056
diabetes:No;0.0877856499323914
coronary.artery.disease:No;0.0332521702722226
chf:No;0.0200452819767285
cerebrovascular.disease:No;0.011870661737875
hepatitis:No;0.0082803163658519
endstage.renal.disease:No;0.0350690996190843
chronic.kidney.disease:No;-0.0023838799729713
asthma:No;0.0022332492816534
copd:No;0.0028902147496921
dementia:No;-0.0108030394428728
cancer:No;-0.0031380481980514
