Features;Individual Effect
age:76.00;-0.2836033917023652
race:white;-0.0319019088252168
sex:male;-0.0233372807263973
hypertension:Yes;-0.0213386915583128
hyperlipidemia:Yes;-0.0087122547020546
diabetes:No;-0.0026184928380205
coronary.artery.disease:Yes;-0.1189359091894738
chf:No;-0.0207754608475934
cerebrovascular.disease:No;-0.0302081105123739
hepatitis:No;0.0693244909941116
endstage.renal.disease:No;0.0291493785662134
chronic.kidney.disease:No;-0.0335474011201957
asthma:No;-0.0137343824882685
copd:No;0.017896003321153
dementia:No;0.0101855782044468
cancer:No;-0.0263021340939529
