Features;Individual Effect
age:73.00;0.0027357420611282
race:black;0.0473908090291887
sex:female;0.0214473629833851
hypertension:Yes;0.024718654988802
hyperlipidemia:Yes;0.0401870187939293
diabetes:No;0.0214248524927257
coronary.artery.disease:No;0.0652017732662076
chf:No;-0.00710523857028
cerebrovascular.disease:No;0.0655711683447186
hepatitis:No;-0.0236375627994388
endstage.renal.disease:No;-0.0274806209590653
chronic.kidney.disease:No;-0.0087240408780034
asthma:No;0.0044296253498051
copd:No;0.0100577976096213
dementia:No;-0.0267164959451939
cancer:No;0.0190248349952918
