Features;Individual Effect
age:70;-0.0596281717663452
race:white;0.0242557378478559
sex:male;-0.0561030653859112
hypertension:Yes;-0.0331009428552076
hyperlipidemia:No;0.0043446475609573
diabetes:No;0.0033833285123191
coronary.artery.disease:No;0.0432629111594704
chf:No;0.0199530563190131
cerebrovascular.disease:No;-0.043683970338019
hepatitis:No;0.017731249386211
endstage.renal.disease:No;-0.0414211819456165
chronic.kidney.disease:No;0.0281657406628887
asthma:No;-0.0030500195799445
copd:Yes;-0.2323290919703293
dementia:No;0.0341403267164267
cancer:No;0.0275238580701683
