Features;Individual Effect
age:8No;-0.0035295669591966
race:black;0.1138973966723781
sex:female;0.123236371872838
hypertension:No;0.0579349356826491
hyperlipidemia:No;0.0607938237303534
diabetes:No;0.0367530833852904
coronary.artery.disease:No;0.0090008343250254
chf:Yes;0.0134146586373926
cerebrovascular.disease:No;0.0206695317878837
hepatitis:No;-0.0153420385603091
endstage.renal.disease:No;0.0166793700668372
chronic.kidney.disease:No;0.0015975462881107
asthma:No;-0.0136250930024361
copd:No;0.0235285156725919
dementia:No;0.0460596374273574
cancer:No;-0.057646510828394
