Features;Individual Effect
age:87.00;-0.0921732352900911
race:white;-0.0466731315337452
sex:female;0.0588805602919343
hypertension:Yes;0.0102149931783044
hyperlipidemia:Yes;0.0357308901083858
diabetes:No;0.0076452439708147
coronary.artery.disease:No;0.0497865223499567
chf:No;-0.000733767372332
cerebrovascular.disease:No;-0.033422020930022
hepatitis:No;0.0028914976804923
endstage.renal.disease:No;0.0098488583693713
chronic.kidney.disease:No;0.0110241448797454
asthma:No;-0.0124915634077661
copd:No;0.0275327826219777
dementia:Yes;-0.0549051965220844
cancer:No;0.0089968098000635
