Features;Individual Effect
age:53.00;0.0804825794483408
race:hispanic;-0.1320170038626762
sex:female;0.0679288509125403
hypertension:No;-0.0840368972070745
hyperlipidemia:No;0.0032924732892895
diabetes:Yes;-0.1003600313619109
coronary.artery.disease:No;0.0724490259729948
chf:No;-0.0075831336856681
cerebrovascular.disease:No;-0.0260646196126336
hepatitis:No;0.0517807230692187
endstage.renal.disease:No;-0.0375823930795696
chronic.kidney.disease:No;0.0180311179060474
asthma:No;0.0226980388631534
copd:No;0.0148154112297099
dementia:No;0.0125268119715624
cancer:No;-0.0171694595832795
