Features;Individual Effect
age:73.00;-0.1076560501701773
race:black;-0.0157793967232492
sex:male;-0.0158337354798783
hypertension:Yes;-0.1122383452713422
hyperlipidemia:Yes;-0.0424967014409945
diabetes:No;-0.0034984288396077
coronary.artery.disease:Yes;-0.1066587730244626
chf:Yes;-0.0056837126396582
cerebrovascular.disease:Yes;-0.0802740456129712
hepatitis:No;-0.0073642023061498
endstage.renal.disease:No;0.0213721040504253
chronic.kidney.disease:No;-0.0111735333156996
asthma:No;-0.0273105183809733
copd:No;-0.0127331525499897
dementia:No;0.0325406132369878
cancer:No;0.0010878273148204
