Features;Individual Effect
age:69.00;-0.183211665570818
race:white;-0.1127416965386918
sex:female;-0.0007319467978034
hypertension:No;-0.0697334104575835
hyperlipidemia:No;0.0557848965452829
diabetes:No;0.0428923804709231
coronary.artery.disease:No;0.0629272002189407
chf:No;-0.0771055202964063
cerebrovascular.disease:No;-0.0320611827944718
hepatitis:No;0.0208638045304167
endstage.renal.disease:No;0.0100666421255819
chronic.kidney.disease:No;0.0178720856448203
asthma:No;0.0016054420569269
copd:No;0.0089761218481089
dementia:No;0.0197680128677137
cancer:No;0.0491068849894931
