Features;Individual Effect
age:78.00;-0.1168846717262477
race:other;-0.053234988191466
sex:female;0.0009652952917709
hypertension:Yes;0.0222794830580341
hyperlipidemia:Yes;-0.0208008153097761
diabetes:Yes;-0.0112302251453001
coronary.artery.disease:Yes;-0.1041536934953582
chf:Yes;-0.0008064135401326
cerebrovascular.disease:No;0.0147616484264751
hepatitis:No;0.0325664295730772
endstage.renal.disease:No;-0.0040114919874001
chronic.kidney.disease:No;0.0338476405254868
asthma:No;0.0006005623506251
copd:Yes;-0.0405586699012716
dementia:No;-0.0181862523380664
cancer:No;-0.0195628878356328
