Features;Individual Effect
age:65.00;0.0096653423842691
race:white;-0.0826746827686703
sex:female;0.0674642636705635
hypertension:No;-0.0427759801869607
hyperlipidemia:No;-0.0175776242369461
diabetes:No;-0.031471382438301
coronary.artery.disease:Yes;-0.2773937336356327
chf:No;0.0032985909491968
cerebrovascular.disease:No;-0.0030571168049249
hepatitis:No;-0.0171462052709606
endstage.renal.disease:No;-0.0128239072576437
chronic.kidney.disease:No;-0.0049991965191987
asthma:No;-0.0103338473011371
copd:No;-0.0168743857642271
dementia:No;0.000690314472805
cancer:No;-0.0577231825360188
