Features;Individual Effect
age:63.00;-0.0048921917949738
race:other;-0.0814014421907907
sex:female;0.0999114195309823
hypertension:No;0.0136263862593506
hyperlipidemia:No;-0.0259443006860285
diabetes:No;-0.0066081483154104
coronary.artery.disease:No;0.0548176833612178
chf:No;-0.0671165011003575
cerebrovascular.disease:No;-0.029084908176969
hepatitis:No;-0.0102437611719755
endstage.renal.disease:No;0.0133116737511345
chronic.kidney.disease:No;-0.0021315632941357
asthma:No;-0.0123489387816169
copd:No;0.0240719935001736
dementia:No;0.0126240773488632
cancer:No;0.0019609980717433
