Features;Individual Effect
age:78.00;-0.0185994865328791
race:black;0.1459291800643642
sex:female;0.0221041276220671
hypertension:No;0.036556914847545
hyperlipidemia:No;0.0407640165741161
diabetes:No;0.0927942777994778
coronary.artery.disease:No;0.0712280861279293
chf:No;-0.0104115942664543
cerebrovascular.disease:No;-0.052462516692959
hepatitis:No;-0.0225856656508176
endstage.renal.disease:No;0.0051949169792363
chronic.kidney.disease:No;-0.0060435094335292
asthma:No;-0.0207062151950193
copd:No;-0.0158705735004399
dementia:No;0.0304595397182358
cancer:No;-0.0445839014831188
