Features;Individual Effect
age:70;0.1663560597139114
race:white;0.0316416404877039
sex:male;0.0111811765467589
hypertension:No;-0.0353242725066793
hyperlipidemia:No;0.074302951324235
diabetes:No;0.0446911123237412
coronary.artery.disease:No;0.0753582843403333
chf:No;-0.0197741543818884
cerebrovascular.disease:No;-0.0193947475380613
hepatitis:No;0.0017476615271566
endstage.renal.disease:No;-0.0403630797360288
chronic.kidney.disease:No;-0.0322810887067329
asthma:No;-0.0639429470293165
copd:No;0.0493622832234127
dementia:No;0.010798646430728
cancer:No;0.0291610250738464
