Features;Individual Effect
age:79.00;-0.0782316308630087
race:black;0.057544396930226
sex:male;-0.0184763256452396
hypertension:Yes;0.0270602955163608
hyperlipidemia:No;0.039213163611693
diabetes:Yes;-0.0648135632140579
coronary.artery.disease:No;0.0507958946227503
chf:No;-0.0139603805374344
cerebrovascular.disease:No;0.0090889958178429
hepatitis:No;-0.0065784890045514
endstage.renal.disease:No;0.0030811648052841
chronic.kidney.disease:No;0.0162936396349857
asthma:No;-0.0152192152082939
copd:No;-0.0475706647986036
dementia:No;0.0096490698005315
cancer:No;-0.0337388881786727
