Features;Individual Effect
age:6No;0.02422706824768
race:white;-0.0352472672693506
sex:male;-0.1124669024537345
hypertension:Yes;0.0548787274401058
hyperlipidemia:No;-0.0169114004869112
diabetes:Yes;-0.1620424135292606
coronary.artery.disease:No;0.0531472132478854
chf:No;0.0182919664050998
cerebrovascular.disease:No;-0.0414946998850381
hepatitis:No;0.0167894217790256
endstage.renal.disease:Yes;-0.0406684084404294
chronic.kidney.disease:No;-0.0079969850742674
asthma:No;0.0107128121426484
copd:No;0.0271598591893274
dementia:No;0.034667567286303
cancer:No;0.0422986143953433
