Features;Individual Effect
age:65.00;0.1144938301121576
race:asian;0.048708448544939
sex:male;-0.0574047219861868
hypertension:No;0.0358005465040521
hyperlipidemia:Yes;0.0232877662341032
diabetes:No;-0.0057365215030841
coronary.artery.disease:No;0.0711803958285344
chf:No;-0.0063035718805788
cerebrovascular.disease:No;-0.0369105353728584
hepatitis:Yes;-0.0474141792018536
endstage.renal.disease:No;-0.0214805487775034
chronic.kidney.disease:No;0.0218222135319597
asthma:No;0.0006369026883857
copd:Yes;-0.0098006428922273
dementia:No;0.0359471665678167
cancer:Yes;-0.0491941945992673
