Features;Individual Effect
age:89.00;-0.1291880414311259
race:white;-0.0621638693786505
sex:female;0.0884712840341167
hypertension:No;0.0072957404032579
hyperlipidemia:No;-0.0001871442467629
diabetes:No;0.0058018398410835
coronary.artery.disease:Yes;-0.0564073982098996
chf:Yes;0.0498969116604374
cerebrovascular.disease:No;0.039199667077553
hepatitis:No;0.0065848886933762
endstage.renal.disease:No;-0.0012637108647826
chronic.kidney.disease:No;0.0059220187824204
asthma:No;0.0478004730793855
copd:No;-0.0148565598769013
dementia:No;-0.0245075278547937
cancer:No;-0.0612211847687575
