Features;Individual Effect
age:78.00;-0.1235106752388046
race:white;-0.0249815291763614
sex:male;-0.0535594138917318
hypertension:No;-0.0338331243379191
hyperlipidemia:No;-0.0137599107133939
diabetes:No;0.030098313187712
coronary.artery.disease:No;-0.0108792317868956
chf:Yes;-0.0468479149479293
cerebrovascular.disease:Yes;-0.0444875084013475
hepatitis:No;-0.0475743017657269
endstage.renal.disease:No;0.0048702976488035
chronic.kidney.disease:No;-0.0243878964167413
asthma:No;-0.0098882740994592
copd:No;-0.018708567459322
dementia:No;-0.0004201430260305
cancer:Yes;-0.087859904842249
