Features;Individual Effect
age:37.00;0.3908910112441625
race:other;0.0438477868569973
sex:male;0.023277111574956
hypertension:No;-0.0312482553312104
hyperlipidemia:No;-0.0210143133421679
diabetes:No;0.1083023311007612
coronary.artery.disease:Yes;-0.1504718727825366
chf:No;-0.033635698843723
cerebrovascular.disease:No;0.0251107553456872
hepatitis:No;-0.0090404492200239
endstage.renal.disease:No;0.0092473594648405
chronic.kidney.disease:No;-0.0066117143432387
asthma:No;-0.0340284196592184
copd:No;0.0536768728591104
dementia:No;0.016160340744648
cancer:No;-0.0092497198238659
