Features;Individual Effect
age:22.00;0.343919975694859
race:other;0.0270359054736743
sex:female;0.010406154334812
hypertension:No;-0.0033702074923002
hyperlipidemia:No;-0.0032371608613426
diabetes:No;-0.0490906319314248
coronary.artery.disease:No;0.065293781820138
chf:No;0.0069115950169652
cerebrovascular.disease:No;-0.0627853632086081
hepatitis:No;-0.0111542405699116
endstage.renal.disease:No;0.0415485686885572
chronic.kidney.disease:No;0.0008715737916873
asthma:No;0.0223232537515509
copd:No;0.0022889156150213
dementia:No;0.0405011882549731
cancer:No;0.0068671141302065
