Features;Individual Effect
age:85.00;0.0006231275698915
race:white;0.0117552504586531
sex:male;0.0387127923491421
hypertension:No;-0.0409669817806505
hyperlipidemia:No;0.0036634796122086
diabetes:No;0.0615599253006846
coronary.artery.disease:No;0.0859332313279877
chf:No;-0.0188807379960254
cerebrovascular.disease:No;0.0289014261578415
hepatitis:No;-0.0233220374471373
endstage.renal.disease:No;0.0131785627396056
chronic.kidney.disease:No;0.0040773496740273
asthma:No;0.0305511269903359
copd:No;-0.0108929031694809
dementia:No;-0.0200901992909649
cancer:Yes;-0.0465765933519574
