Features;Individual Effect
age:14.00;0.3201145633847762
race:black;0.0540840948392641
sex:female;0.0305326028359396
hypertension:No;-0.027961435852596
hyperlipidemia:No;-0.0357821114052229
diabetes:No;0.0192805929072958
coronary.artery.disease:No;0.0414831845870186
chf:No;0.0081115684599109
cerebrovascular.disease:No;-0.0308011530528923
hepatitis:No;0.1030651562790945
endstage.renal.disease:No;0.001268246542891
chronic.kidney.disease:No;-0.0126457390753167
asthma:No;0.0099280117412927
copd:No;0.000646097991169
dementia:No;-0.0186503659281645
cancer:No;0.0095440580638911
