Features;Individual Effect
age:61;-0.0290811496580793
race:black;-0.0017874587444404
sex:male;-0.0997396088654564
hypertension:Yes;-0.0721685646986368
hyperlipidemia:No;-0.0531460713109652
diabetes:No;-0.0081212831732107
coronary.artery.disease:No;0.0168244953382496
chf:No;0.0044601675680147
cerebrovascular.disease:No;-0.0259215311179634
hepatitis:No;0.0048132499721756
endstage.renal.disease:No;-0.0175809520905827
chronic.kidney.disease:No;0.0693933314288649
asthma:No;0.0232108339984207
copd:No;-0.0075356666680702
dementia:No;0.0030162511936586
cancer:No;-0.016385592758496
