Features;Individual Effect
age:84.00;-0.2557116092465377
race:black;-0.05518301720693
sex:female;0.0420429281926355
hypertension:Yes;-0.0028747473174296
hyperlipidemia:Yes;0.036611429369447
diabetes:No;0.0056048719909474
coronary.artery.disease:No;0.0182685071023041
chf:No;-0.021796955731553
cerebrovascular.disease:No;-0.0105767825589233
hepatitis:No;-0.009636400287969
endstage.renal.disease:No;-0.00960239663854
chronic.kidney.disease:No;0.0184386963596705
asthma:No;-0.0278172172910862
copd:No;-0.0186355748223458
dementia:No;-0.0131723772463523
cancer:No;-0.0514243156159674
