Features;Individual Effect
age:73.00;0.017281431821234
race:white;-0.0124050540022701
sex:female;0.0416837047494717
hypertension:Yes;0.0063991304036129
hyperlipidemia:No;-0.0158938684702603
diabetes:No;0.0361144464945649
coronary.artery.disease:No;0.0724421006191208
chf:Yes;0.0071443562150803
cerebrovascular.disease:No;-0.0163309213849377
hepatitis:No;0.0100064752776947
endstage.renal.disease:No;-0.012389208364122
chronic.kidney.disease:No;-0.0332130022541478
asthma:No;0.0014095578243892
copd:Yes;-0.0003981471268982
dementia:No;-0.0014031984221013
cancer:No;0.0030615970384831
