Features;Individual Effect
age:81;-0.1003905144168406
race:white;0.0237426477369496
sex:female;0.0895183260444402
hypertension:No;-0.0386903633813834
hyperlipidemia:No;0.0461843800113624
diabetes:Yes;-0.0164175448404612
coronary.artery.disease:No;0.0316666494919646
chf:No;-0.0257454742660817
cerebrovascular.disease:No;-0.0056781208327724
hepatitis:No;0.0374963820256273
endstage.renal.disease:No;-0.0040196702471602
chronic.kidney.disease:No;-0.0122552808902686
asthma:No;0.0170496270322153
copd:No;-0.0171177187483963
dementia:No;0.0160298189643748
cancer:Yes;-0.1566568203649405
