Features;Individual Effect
age:76.00;-0.1704250359551378
race:other;-0.007545793378499
sex:female;0.0222490574480339
hypertension:Yes;-0.0542866696967709
hyperlipidemia:No;0.0016388820452553
diabetes:Yes;-0.0425882851392907
coronary.artery.disease:No;0.0613923262057305
chf:Yes;0.026618594747194
cerebrovascular.disease:No;-0.0113090481418108
hepatitis:No;-0.0009893102065737
endstage.renal.disease:No;-0.0236691420963901
chronic.kidney.disease:No;0.0071314195388997
asthma:No;-0.0133718773215021
copd:No;0.0387295974651913
dementia:No;0.0050289873666947
cancer:No;0.0035914117092424
