Features;Individual Effect
age:3No;0.3057211322315758
race:asian;0.0285182422634722
sex:female;0.0418015628789869
hypertension:No;0.0053631557692416
hyperlipidemia:No;-0.0072910007633442
diabetes:No;0.0101153978887945
coronary.artery.disease:No;0.0077017769134019
chf:Yes;-0.0005672970129703
cerebrovascular.disease:No;0.0051091754935454
hepatitis:No;0.0542676979051544
endstage.renal.disease:No;0.0067081362992248
chronic.kidney.disease:No;-0.0304770519684567
asthma:No;0.0171093812917738
copd:No;0.0086616035687254
dementia:No;0.0175792622823671
cancer:No;0.0124648581710278
