Features;Individual Effect
age:55.00;0.1112732227513906
race:white;-0.0083012883249972
sex:female;-0.0369370380625311
hypertension:Yes;0.002392445600703
hyperlipidemia:Yes;-0.0377423539528474
diabetes:Yes;-0.0648161645217088
coronary.artery.disease:No;-0.0230780692245348
chf:No;0.0162042536598432
cerebrovascular.disease:No;0.0523556192793893
hepatitis:No;-0.0087880197172983
endstage.renal.disease:No;0.0381694512515144
chronic.kidney.disease:No;8.810288081274355e-05
asthma:No;0.0378388258156311
copd:No;0.013496461132023
dementia:No;0.0039437794605087
cancer:Yes;-0.1703780434689908
