Features;Individual Effect
age:56.00;0.1773354875517366
race:other;0.0410205853701192
sex:female;0.0990216307341777
hypertension:No;-0.0198758396234275
hyperlipidemia:Yes;0.010955625300771
diabetes:Yes;-0.0202652353416512
coronary.artery.disease:No;0.0291831700778612
chf:No;0.0044324652201102
cerebrovascular.disease:No;0.0010020013836125
hepatitis:No;0.0175301663783972
endstage.renal.disease:No;-0.0108619320672875
chronic.kidney.disease:No;0.0189611143986162
asthma:No;0.0063461389133871
copd:No;0.0119535945840699
dementia:No;-0.0016630221284576
cancer:No;-0.0164867586452462
