Features;Individual Effect
age:78.00;-0.0071435344211852
race:black;0.0305514479347179
sex:female;0.0729402740668615
hypertension:Yes;-0.0519344539960769
hyperlipidemia:No;-0.000297931917572
diabetes:Yes;-0.0063242354885374
coronary.artery.disease:No;0.0612171376245975
chf:Yes;0.1001653938152213
cerebrovascular.disease:No;0.0405778408175055
hepatitis:No;0.0149516934127808
endstage.renal.disease:No;0.0102381591376046
chronic.kidney.disease:No;0.0531829939185488
asthma:No;-0.0480189797702762
copd:No;0.016131364270053
dementia:No;0.0055213415520145
cancer:No;-0.0609681438395687
