Features;Individual Effect
age:84.00;-0.0743717502657588
race:white;0.1125967420107511
sex:male;0.0442469633470655
hypertension:Yes;-0.0051135819817131
hyperlipidemia:No;0.0485089095565992
diabetes:No;0.0537297824280892
coronary.artery.disease:No;0.0882287927826948
chf:No;0.0145011355626476
cerebrovascular.disease:No;-0.0154580967079074
hepatitis:No;0.0176057246810915
endstage.renal.disease:No;-0.0217189101856263
chronic.kidney.disease:No;0.0004422339759294
asthma:No;-0.0072655382880158
copd:No;-0.011488987756215
dementia:No;0.0318277477531669
cancer:No;-0.0264910229097564
