Features;Individual Effect
age:85.00;-0.0965582725340702
race:white;0.0117732530080202
sex:male;-0.0286715992759297
hypertension:Yes;0.0433140844846818
hyperlipidemia:No;-0.0134305382735573
diabetes:Yes;0.0353163300005892
coronary.artery.disease:Yes;-0.0878226012138357
chf:No;-0.0090344113971299
cerebrovascular.disease:No;0.0310014697671528
hepatitis:No;-0.0316358709404951
endstage.renal.disease:No;-0.0378768759858745
chronic.kidney.disease:Yes;0.0884438552955731
asthma:No;0.0097129102184719
copd:No;0.0423027071774271
dementia:Yes;0.0254681182877906
cancer:No;-0.0333855215946759
