Features;Individual Effect
age:76.00;-0.2375281431276046
race:white;-0.0572746742772397
sex:male;-0.0556340650557076
hypertension:Yes;0.0084610751264899
hyperlipidemia:No;0.0170197636449986
diabetes:Yes;-0.0586266207508466
coronary.artery.disease:No;0.0301835860054443
chf:No;-0.0187422517671419
cerebrovascular.disease:No;0.0459055223885075
hepatitis:No;-0.0002075286832343
endstage.renal.disease:No;0.0274569301494737
chronic.kidney.disease:No;-0.0073153148470386
asthma:No;-0.0200346725778194
copd:No;-0.0268987913005945
dementia:No;-0.0357773339994401
cancer:No;-0.0197700203580077
