Features;Individual Effect
age:89.00;-0.2035653464093692
race:white;-0.0019148007672511
sex:male;-0.0223145117581807
hypertension:Yes;-0.0332984953521493
hyperlipidemia:No;-0.0037233854738065
diabetes:No;0.0257299367647139
coronary.artery.disease:Yes;-0.0353922873090721
chf:No;0.0216589406761954
cerebrovascular.disease:No;-0.0370431094583119
hepatitis:No;-0.0382809703015766
endstage.renal.disease:No;0.0025122751749819
chronic.kidney.disease:No;0.0038936549609276
asthma:No;-0.0034911399482038
copd:No;-0.002419077380267
dementia:No;0.0146894341448402
cancer:No;-0.0134130513752954
