Features;Individual Effect
age:86.00;-0.1738708750589474
race:white;0.0076949312393219
sex:male;-0.0506196935527599
hypertension:No;-0.0032630760517231
hyperlipidemia:No;0.019392790717692
diabetes:No;-0.0174662878730948
coronary.artery.disease:No;0.0626805156689756
chf:No;0.0055009715123104
cerebrovascular.disease:No;0.003190005018907
hepatitis:No;-0.0138607653605823
endstage.renal.disease:No;0.0275778256438166
chronic.kidney.disease:No;-0.0089875989054468
asthma:No;-0.0738594069496481
copd:No;-0.0099524515176495
dementia:Yes;-0.1162427031982451
cancer:No;0.0204761631657348
