Features;Individual Effect
age:82.00;-0.0695086518375376
race:black;0.0306441881249739
sex:female;0.0941391280230407
hypertension:No;0.0302959215511604
hyperlipidemia:No;-0.0132760886786243
diabetes:No;0.0609665845752281
coronary.artery.disease:No;0.0726822974821183
chf:No;0.0001221516294558
cerebrovascular.disease:No;0.0255071587529223
hepatitis:No;0.0366204015346375
endstage.renal.disease:Yes;0.094824809793042
chronic.kidney.disease:No;0.0016156542555224
asthma:No;-0.0403879791989135
copd:No;0.0130983421753219
dementia:No;0.0309033223458385
cancer:No;0.0167006530845576
