Features;Individual Effect
age:78.00;-0.1552464787545729
race:black;-0.0367893053381334
sex:female;0.0436330543964952
hypertension:Yes;0.0062766554541652
hyperlipidemia:Yes;-0.0173867794604263
diabetes:No;0.0042737798771335
coronary.artery.disease:No;0.0543356264704655
chf:No;0.0221823958413244
cerebrovascular.disease:No;0.0422661039452187
hepatitis:No;0.0216779484183818
endstage.renal.disease:No;0.0540550782694383
chronic.kidney.disease:No;-0.0075510443247373
asthma:No;-0.0271097189692463
copd:No;-0.0259653613832982
dementia:Yes;-0.1606688344581327
cancer:No;0.0482005010349464
