Features;Individual Effect
age:86.00;-0.1668497084293954
race:other;0.0795783478224991
sex:male;-0.0685206487595521
hypertension:Yes;0.0908532386972714
hyperlipidemia:Yes;0.0179565704909708
diabetes:No;0.0064155927735933
coronary.artery.disease:Yes;-0.1743425258784449
chf:No;0.0353656736039839
cerebrovascular.disease:No;-0.0108944866203884
hepatitis:No;-0.0077027398026872
endstage.renal.disease:No;0.0004442128231772
chronic.kidney.disease:No;-0.0427003047521487
asthma:No;-0.0304954025540355
copd:No;0.0201593318289584
dementia:Yes;-0.0588313904748401
cancer:No;0.0026327626034746
