Features;Individual Effect
age:88.00;-0.0718870762640758
race:black;0.0115781055726549
sex:male;0.0034969057290934
hypertension:Yes;-0.0066823241713271
hyperlipidemia:Yes;0.0395298084961741
diabetes:No;-0.0064005149870151
coronary.artery.disease:No;0.089169050077766
chf:No;-0.0229988040969959
cerebrovascular.disease:Yes;-0.0089452376160655
hepatitis:No;-0.0343319847896571
endstage.renal.disease:No;0.019464087507812
chronic.kidney.disease:No;-0.0059374717421966
asthma:No;0.0384065130834589
copd:No;-0.0398419543395649
dementia:Yes;-0.0285827903001602
cancer:No;0.0268234036727961
