Features;Individual Effect
age:34.00;0.2664256763669028
race:asian;0.0036068274980567
sex:female;0.0460639320229095
hypertension:No;0.0337921447579269
hyperlipidemia:No;0.0272772155112207
diabetes:No;0.0171382398135033
coronary.artery.disease:No;0.0974096592646655
chf:No;-0.0383294164021794
cerebrovascular.disease:No;0.0171251058679111
hepatitis:No;0.0111434254607397
endstage.renal.disease:No;0.0198116585467936
chronic.kidney.disease:No;0.0235496328318938
asthma:No;-0.003886785431465
copd:No;-0.0804868361100902
dementia:No;0.009518910196568
cancer:No;0.0115895348685135
