Features;Individual Effect
age:70;0.0054721356108694
race:black;0.0211378341667788
sex:female;0.0557361605534178
hypertension:Yes;-0.0367216735718183
hyperlipidemia:No;-0.0026016813552956
diabetes:No;-0.0306331583761018
coronary.artery.disease:No;0.038452430967087
chf:No;-0.0290372406177386
cerebrovascular.disease:No;-0.0055133055924863
hepatitis:No;0.008227502438864
endstage.renal.disease:No;0.0281743628045056
chronic.kidney.disease:No;-0.0199705777243071
asthma:No;0.0416027717127972
copd:No;0.0167478728827281
dementia:No;-0.0336035876355348
cancer:No;-0.0150992752475863
