Features;Individual Effect
age:64.00;0.0996821969504922
race:black;0.0547422841739222
sex:female;0.1384948476268277
hypertension:No;0.0993991359049515
hyperlipidemia:No;0.0121670571111767
diabetes:No;0.0291187853338887
coronary.artery.disease:No;0.0100510858848156
chf:No;0.0596254014260591
cerebrovascular.disease:No;-0.0173213526290157
hepatitis:No;-0.0115686637573974
endstage.renal.disease:No;0.0082041069572723
chronic.kidney.disease:No;-0.0009401863738523
asthma:No;-0.0360053713849746
copd:No;-0.0337170264697568
dementia:No;0.0196743277362064
cancer:Yes;-0.0321440622523188
