Features;Individual Effect
age:62.00;0.1348075201914378
race:white;-0.0090893120412539
sex:female;0.1679246762701249
hypertension:No;0.0182733579073089
hyperlipidemia:No;-0.0264234362868844
diabetes:No;-0.0174768527729908
coronary.artery.disease:Yes;-0.0777429512188302
chf:No;-0.0091237410402553
cerebrovascular.disease:No;-0.0124996669230517
hepatitis:No;0.0200238701970978
endstage.renal.disease:No;-0.029828881427128
chronic.kidney.disease:No;0.0063138101181353
asthma:No;-0.0116379175016053
copd:No;0.0165941478990127
dementia:No;0.0180379441539076
cancer:Yes;0.190851136713607
