Features;Individual Effect
age:7No;0.0672999233862732
race:asian;0.0606996532442312
sex:female;0.1023407606322606
hypertension:No;0.0178742012242411
hyperlipidemia:No;0.0169005151378408
diabetes:No;0.0273791800944123
coronary.artery.disease:Yes;-0.0804346334354596
chf:No;0.0163751244493791
cerebrovascular.disease:No;-0.0177704106958308
hepatitis:No;-0.0120171022258743
endstage.renal.disease:No;-0.0011508641084617
chronic.kidney.disease:No;0.0479654598743279
asthma:No;-0.0278591792924421
copd:No;-0.0112686298278882
dementia:No;0.0109805596724659
cancer:Yes;0.0724382083905036
