Features;Individual Effect
age:41;0.1568395778355044
race:black;0.003048757240066
sex:female;0.0481248105428988
hypertension:No;-0.0314108831385922
hyperlipidemia:No;0.000484770454002
diabetes:No;0.0020307813803647
coronary.artery.disease:No;0.0497914807355668
chf:No;0.0025646634084463
cerebrovascular.disease:No;0.0042826988412195
hepatitis:No;0.0138127836630125
endstage.renal.disease:No;-0.0286355247967622
chronic.kidney.disease:No;0.0317775807691374
asthma:No;0.0187964970278341
copd:No;0.0123464033660561
dementia:No;0.0079138695460697
cancer:No;0.0337847076723041
