Features;Individual Effect
age:7No;0.0759894684077424
race:other;0.1157242464918641
sex:male;0.0509466554391939
hypertension:Yes;-0.0002081818546678
hyperlipidemia:No;0.0058546179067978
diabetes:No;0.0385987477019593
coronary.artery.disease:Yes;-0.0541421889691418
chf:No;-0.0155807568094189
cerebrovascular.disease:Yes;0.016447155921476
hepatitis:No;-0.0105064380514159
endstage.renal.disease:No;-0.0639048665694291
chronic.kidney.disease:No;0.073330995141683
asthma:No;-0.0137754218711743
copd:No;-0.0325444388260843
dementia:No;-0.0516078520664288
cancer:No;0.0046663346117994
