Features;Individual Effect
age:69.00;0.0408368696834978
race:asian;0.0595220853856685
sex:female;0.0500067121006191
hypertension:Yes;-0.0251018677111433
hyperlipidemia:No;0.0322289855666503
diabetes:Yes;0.0398955408817265
coronary.artery.disease:No;0.1499364195826343
chf:No;0.006231591250819
cerebrovascular.disease:No;0.0378441023579852
hepatitis:No;0.0108691485821124
endstage.renal.disease:No;-0.0371003505729444
chronic.kidney.disease:No;0.0017997132214273
asthma:No;0.0188823934882295
copd:No;-0.0217611421549554
dementia:No;-0.0483406951946379
cancer:No;0.0723038760448299
