Features;Individual Effect
age:52.00;0.1041585414457084
race:white;0.0138846493576745
sex:male;-0.0924980062772157
hypertension:No;-0.12852590952957
hyperlipidemia:No;0.0393885615566434
diabetes:No;0.0424206313430809
coronary.artery.disease:No;0.0200030796800352
chf:Yes;-0.2140655035877547
cerebrovascular.disease:No;0.0240115624087836
hepatitis:No;-0.0172488831750563
endstage.renal.disease:No;0.0269384643136426
chronic.kidney.disease:No;-0.0103213796014796
asthma:No;-0.0202729805023973
copd:No;0.0147063716756875
dementia:No;-0.0053512071836198
cancer:No;0.0168971341783504
