Features;Individual Effect
age:72.00;-0.0055198299302991
race:black;0.0217034514057374
sex:male;-0.0196295598573
hypertension:Yes;0.0411331712549241
hyperlipidemia:No;0.0085726900548084
diabetes:Yes;0.004349021374234
coronary.artery.disease:No;0.0889423578788254
chf:No;0.0245987349685488
cerebrovascular.disease:No;0.0179388271432537
hepatitis:No;-0.0247842052660141
endstage.renal.disease:Yes;0.0043679337723649
chronic.kidney.disease:No;-0.0215365712749844
asthma:No;0.0094882403133465
copd:No;-0.0330912891099426
dementia:No;0.0055059816466898
cancer:No;0.0100429869091035
