Features;Individual Effect
age:58.00;0.1498827959917633
race:white;0.0121005919625943
sex:female;0.152982635992392
hypertension:Yes;0.0242917855840549
hyperlipidemia:No;-0.0098733883167445
diabetes:Yes;-0.0557426017752773
coronary.artery.disease:No;0.0338864513347558
chf:No;0.0063241244551355
cerebrovascular.disease:No;-0.0150154975566444
hepatitis:No;-0.0007728629702531
endstage.renal.disease:Yes;0.0331109178178705
chronic.kidney.disease:No;-0.0155612193849901
asthma:No;-0.0272008287014419
copd:Yes;-0.0013836101307782
dementia:No;0.0014906703502644
cancer:No;-0.0176339850328142
