Features;Individual Effect
age:82.00;-0.2183563052899622
race:black;-0.0544124312493154
sex:male;-0.0347971863060619
hypertension:Yes;-0.0820051173081187
hyperlipidemia:No;0.0150261203702729
diabetes:No;-0.0066040335887293
coronary.artery.disease:No;0.0385050345052766
chf:No;-0.0254650115452116
cerebrovascular.disease:No;0.0063904362749835
hepatitis:No;0.0231945406814762
endstage.renal.disease:No;-0.0632753175834027
chronic.kidney.disease:No;0.0113367436886125
asthma:No;0.0171197471538193
copd:No;0.0072566530117977
dementia:No;-0.0135897819292529
cancer:No;0.0656729850619239
