Features;Individual Effect
age:75.00;-0.0449906201716038
race:white;0.064090085117973
sex:female;0.0689112968883342
hypertension:No;0.0662933807388168
hyperlipidemia:No;0.0011349632351759
diabetes:No;-0.0019077305308109
coronary.artery.disease:No;0.1015254405232322
chf:No;0.00843707429298
cerebrovascular.disease:No;0.0078342502693722
hepatitis:No;-0.0307395729924751
endstage.renal.disease:No;-0.0182945163223808
chronic.kidney.disease:No;0.0561316030914978
asthma:No;-0.0200095711375825
copd:No;-0.0148283950533103
dementia:Yes;-0.0392568285051929
cancer:No;0.0601960300344043
