Features;Individual Effect
age:39.00;0.2635727393856557
race:white;-0.0149300252026872
sex:female;0.1207449916162594
hypertension:No;0.0176073410671994
hyperlipidemia:Yes;-0.0097081595939315
diabetes:No;0.0274701462281644
coronary.artery.disease:No;0.0514180226801825
chf:No;0.0100556480969348
cerebrovascular.disease:No;0.0274348542605266
hepatitis:No;-0.0042434616207557
endstage.renal.disease:No;-0.0152855895724092
chronic.kidney.disease:No;0.0375857105532381
asthma:No;-0.0131520709699306
copd:No;0.014330100699543
dementia:No;0.0303264635776529
cancer:No;-0.0116122775509211
