Features;Individual Effect
age:7No;0.0352997114356845
race:asian;-0.0283968166470249
sex:male;-0.0445009715954056
hypertension:Yes;-0.0677837088933419
hyperlipidemia:No;-0.0015378576972859
diabetes:Yes;-0.037382230961379
coronary.artery.disease:Yes;-0.1754625851863082
chf:Yes;0.0261494489550435
cerebrovascular.disease:No;0.0099163054296222
hepatitis:No;-0.0076931060556167
endstage.renal.disease:No;0.0388229075189648
chronic.kidney.disease:No;0.0133952315519725
asthma:No;-0.0062919919615791
copd:No;0.0070617929361291
dementia:No;-0.0167103842250982
cancer:No;0.0286649674588907
