Features;Individual Effect
age:76.00;-0.1916510241646364
race:white;-0.0502814595920524
sex:male;-0.0609180759705022
hypertension:Yes;-0.0434638708028703
hyperlipidemia:No;0.0279769054574478
diabetes:No;-0.0020754293822531
coronary.artery.disease:No;0.0843181832533268
chf:No;-0.0248205881282866
cerebrovascular.disease:No;0.006156689877565
hepatitis:No;0.0078268958416621
endstage.renal.disease:No;0.0056520233413624
chronic.kidney.disease:No;0.0054098186193319
asthma:No;0.0541695489127485
copd:No;-0.0531477744701517
dementia:No;-0.0017469420797959
cancer:No;-0.0364170160886053
