Features;Individual Effect
age:69.00;-0.0705664595418389
race:black;0.0377383665302115
sex:male;-0.0652591067810561
hypertension:No;-0.0353605476480857
hyperlipidemia:No;-0.0108634315755019
diabetes:No;-0.0167176105866063
coronary.artery.disease:Yes;-0.1862220247249457
chf:No;-0.0534305265411128
cerebrovascular.disease:No;0.0322855493712879
hepatitis:No;0.0176502338226429
endstage.renal.disease:No;-0.0140813979807858
chronic.kidney.disease:No;0.0123459055917065
asthma:No;-0.0249965872836264
copd:No;-0.0035555476763685
dementia:No;0.0633488717470642
cancer:No;0.0259984518040188
