Features;Individual Effect
age:91;-0.0370073933967314
race:black;0.1055933747000398
sex:female;0.0578365273098005
hypertension:Yes;0.0279030935152282
hyperlipidemia:No;-0.0333009196909073
diabetes:No;-0.0071615940406274
coronary.artery.disease:Yes;-0.0645138807706582
chf:No;-0.0050776298895545
cerebrovascular.disease:No;0.0177135755686069
hepatitis:No;0.0408198970549817
endstage.renal.disease:No;0.0209780044126228
chronic.kidney.disease:No;0.0015190225514994
asthma:No;0.0128025339110989
copd:No;-0.0308986069570607
dementia:Yes;-0.0384341894033561
cancer:No;-0.0192149164028626
