Features;Individual Effect
age:67.00;0.0137478331266685
race:white;-0.103321361612045
sex:male;-0.0581544712813469
hypertension:No;-0.0638796299223282
hyperlipidemia:No;0.0429231445420802
diabetes:No;0.0216115064899775
coronary.artery.disease:No;0.0272944683295435
chf:No;0.0176812082475066
cerebrovascular.disease:No;0.0083049126784224
hepatitis:No;-0.0075756064922438
endstage.renal.disease:No;0.0276400900183313
chronic.kidney.disease:No;-0.0037012454421655
asthma:No;0.0697304238853578
copd:No;0.0153030490611407
dementia:No;0.0080255501270506
cancer:No;-0.0136960308589318
