Features;Individual Effect
age:101;-0.1047935174905915
race:black;0.0111498548671025
sex:female;0.0992091548330754
hypertension:Yes;0.0299633238139716
hyperlipidemia:Yes;0.0077824935149026
diabetes:Yes;0.0362088275895147
coronary.artery.disease:No;0.0198256504570456
chf:Yes;0.0359926826296303
cerebrovascular.disease:No;0.0019817582897391
hepatitis:No;0.0463548700776383
endstage.renal.disease:No;0.0235440510542524
chronic.kidney.disease:No;0.0186744031320298
asthma:No;-0.0136061129017023
copd:No;-0.0029123877140983
dementia:No;-0.0243853544658313
cancer:No;0.0070540351725447
