Features;Individual Effect
age:60;0.0214594469418361
race:black;-0.0632886890742793
sex:female;0.0372219009387857
hypertension:Yes;-0.0167186023071837
hyperlipidemia:Yes;0.0191009687437437
diabetes:Yes;-0.1092928089501587
coronary.artery.disease:Yes;-0.1611663962426307
chf:No;0.0745566972220584
cerebrovascular.disease:No;0.0368857220252128
hepatitis:No;0.0212756773322606
endstage.renal.disease:No;0.0348068886400371
chronic.kidney.disease:No;0.0215835977936451
asthma:No;0.0093561773527416
copd:No;-0.0309318808894332
dementia:No;0.0311355487979219
cancer:No;0.0151796788766022
