Features;Individual Effect
age:67.00;0.0085322034261307
race:black;0.0357897445411545
sex:male;-0.0415173214288767
hypertension:Yes;0.0235516538464543
hyperlipidemia:No;0.0104310808202984
diabetes:Yes;-0.0132995030895925
coronary.artery.disease:Yes;-0.1881430082286129
chf:No;-0.0209358433726081
cerebrovascular.disease:No;0.0106213040517701
hepatitis:No;-0.0064347179506578
endstage.renal.disease:No;0.0026612237496441
chronic.kidney.disease:No;0.0052219422286349
asthma:No;0.0199442284670539
copd:No;0.035747583026687
dementia:No;-0.0127516389677686
cancer:No;0.0101936296438643
