Features;Individual Effect
age:85.00;-0.1770303715032751
race:white;-0.0033944490436017
sex:female;-0.0156676793889377
hypertension:No;-0.0162202938486598
hyperlipidemia:Yes;-0.0063704717699997
diabetes:No;0.0088428787298859
coronary.artery.disease:Yes;-0.0500402728378135
chf:Yes;0.0002875820581459
cerebrovascular.disease:No;-0.0323663471895669
hepatitis:No;0.0436686302118296
endstage.renal.disease:No;-0.0386603503499556
chronic.kidney.disease:No;0.0001796261524155
asthma:No;0.0007039462108985
copd:Yes;0.041181279551475
dementia:No;0.0153900692632793
cancer:No;0.0148372948347509
