Features;Individual Effect
age:63.00;0.0088364080068752
race:white;0.0209023529347461
sex:male;-0.1099134153247406
hypertension:Yes;0.0205119478707761
hyperlipidemia:Yes;-5.458918514274127e-05
diabetes:Yes;-0.0416668745912113
coronary.artery.disease:Yes;-0.0838040972126046
chf:No;-0.0075157468842257
cerebrovascular.disease:No;0.0678784163480693
hepatitis:No;-0.0190861490467079
endstage.renal.disease:No;-0.0354599153770066
chronic.kidney.disease:No;0.048989981637219
asthma:No;-0.0220704875123814
copd:No;-0.0406105543412935
dementia:No;0.041687479075907
cancer:No;-0.0026032251098325
