Features;Individual Effect
age:63.00;0.0831583049609023
race:asian;0.0842944008867763
sex:female;0.0886875429328072
hypertension:No;0.0668012432115751
hyperlipidemia:No;-0.0008379452554987
diabetes:No;0.0160279831939097
coronary.artery.disease:No;0.0568901665481811
chf:No;0.0122519949612846
cerebrovascular.disease:No;-0.0101529662903571
hepatitis:No;-0.0258767895270271
endstage.renal.disease:No;-0.0043886954207241
chronic.kidney.disease:No;-0.0352682621605752
asthma:No;-0.0020212198006356
copd:No;0.0484378723410675
dementia:No;-0.0166002325978746
cancer:No;-0.0030169554385307
