Features;Individual Effect
age:90;-0.1387668568563384
race:black;0.0954455748233743
sex:male;-0.0884085189470751
hypertension:No;-0.0427206491007101
hyperlipidemia:No;-0.0020380772652983
diabetes:No;0.0084604939919981
coronary.artery.disease:No;0.0417122167472233
chf:No;0.0012800455129365
cerebrovascular.disease:No;0.0236603682992634
hepatitis:No;-0.018153697474362
endstage.renal.disease:No;-0.0376900992902849
chronic.kidney.disease:No;0.0395047023499183
asthma:No;0.0136611778603696
copd:No;0.0082928584549142
dementia:Yes;-0.1198565116439883
cancer:No;-0.0092096045566235
