Features;Individual Effect
age:30;0.4087085626664847
race:white;-0.0525044412163024
sex:male;-0.0229864787613633
hypertension:No;0.0153391052918637
hyperlipidemia:No;0.0049226285192113
diabetes:No;0.0287427031409458
coronary.artery.disease:No;0.0750230302992336
chf:No;-0.0105008635328189
cerebrovascular.disease:No;0.0278000459562952
hepatitis:No;-0.0101210313832472
endstage.renal.disease:No;0.0122173337684893
chronic.kidney.disease:No;-0.0423156562463186
asthma:No;-0.0279817619230677
copd:No;-0.0075983101458189
dementia:No;0.0181466118786877
cancer:No;0.0112452677290397
