Features;Individual Effect
age:76.00;-0.0815811123253574
race:asian;0.0734295261179105
sex:female;0.0414389633575734
hypertension:No;0.0368274411447113
hyperlipidemia:No;0.0050417380386057
diabetes:No;0.0376497023299409
coronary.artery.disease:No;0.0561120115108948
chf:No;-0.0399627621755542
cerebrovascular.disease:No;0.0016429538367411
hepatitis:No;-0.032429919241661
endstage.renal.disease:Yes;0.0742532344169749
chronic.kidney.disease:No;0.0294174540795055
asthma:No;0.0263186052211241
copd:No;-0.0237400314129431
dementia:No;0.0371424467770353
cancer:No;-0.0323100896934408
