Features;Individual Effect
age:89.00;-0.1777948976471746
race:white;-0.0433806476513981
sex:male;-0.0444651282017193
hypertension:Yes;0.010750129051463
hyperlipidemia:Yes;0.0294229983548648
diabetes:No;-0.0213273722943517
coronary.artery.disease:Yes;-0.1261824521422701
chf:No;-0.0326606775649551
cerebrovascular.disease:No;0.003723032124778
hepatitis:No;0.0188185248948001
endstage.renal.disease:No;-0.0139559122445971
chronic.kidney.disease:No;-0.006140359724441
asthma:No;-0.0141555934652942
copd:No;-0.0009343522117325
dementia:Yes;-0.0768288040775567
cancer:No;0.0248715662519879
