Features;Individual Effect
age:54.00;0.2395032926842825
race:black;0.0539586992184193
sex:female;0.0216720070269509
hypertension:Yes;0.0754428603288758
hyperlipidemia:No;0.036018516693569
diabetes:Yes;0.0494472678987945
coronary.artery.disease:No;0.0669264545901092
chf:No;-0.0252962522207856
cerebrovascular.disease:No;-0.0341654570310774
hepatitis:No;-0.0052337911102716
endstage.renal.disease:No;0.0023126436370591
chronic.kidney.disease:No;-0.01376334135954
asthma:No;0.0092982105906382
copd:No;0.0148874995009889
dementia:No;0.0023334462593378
cancer:No;0.0331800051651886
