Features;Individual Effect
age:65.00;0.2214921597013031
race:white;0.04009637528012
sex:male;-0.0216686682508002
hypertension:Yes;0.0632340870526004
hyperlipidemia:Yes;-0.0104403332210507
diabetes:Yes;0.000339323637665
coronary.artery.disease:Yes;-0.0298963603011756
chf:No;0.0248254014618454
cerebrovascular.disease:Yes;0.0699256722916477
hepatitis:No;-0.009121948438908
endstage.renal.disease:No;-0.0134566034348879
chronic.kidney.disease:No;-0.0376883515498925
asthma:No;-0.02146791222437
copd:No;-0.0007405367869333
dementia:No;-0.0001592917358967
cancer:No;-0.0088807004445268
