Features;Individual Effect
age:65.00;0.1341093895128212
race:black;0.0374150284394931
sex:male;-0.0637674213280865
hypertension:Yes;0.0591812827322389
hyperlipidemia:No;0.003054301990265
diabetes:Yes;0.0172877417630497
coronary.artery.disease:Yes;-0.068532358158748
chf:No;0.0333057741022201
cerebrovascular.disease:No;0.0126584586364827
hepatitis:No;-0.0310176427756085
endstage.renal.disease:No;0.0022317812786959
chronic.kidney.disease:Yes;0.1584324903696476
asthma:No;-0.0248973828803899
copd:No;-0.0456299446213688
dementia:No;0.0442723340005497
cancer:No;0.0095640309646789
