Features;Individual Effect
age:79.00;-0.1537673711667335
race:white;-0.0328450504202909
sex:female;-0.0173416471315999
hypertension:Yes;-0.0620811752207088
hyperlipidemia:Yes;-0.032588183651402
diabetes:No;-0.0334214033366629
coronary.artery.disease:Yes;-0.101331800652252
chf:No;-0.0293706106108779
cerebrovascular.disease:Yes;-0.0166400919881852
hepatitis:No;0.006809069740739
endstage.renal.disease:No;-0.0003313914071026
chronic.kidney.disease:No;0.0249414052806702
asthma:No;0.0482018050305279
copd:No;-0.0116399282401526
dementia:No;0.0132404680459366
cancer:No;0.0048028352473059
