Features;Individual Effect
age:72.00;-0.0665318109095879
race:asian;-0.0192432951561662
sex:male;-0.0130886851272463
hypertension:No;-0.0606129735860866
hyperlipidemia:No;-0.0526896302791503
diabetes:Yes;0.0021856683105108
coronary.artery.disease:Yes;-0.1351847928689602
chf:Yes;-0.0359787466805388
cerebrovascular.disease:Yes;-0.0732975003578799
hepatitis:No;0.0092814450556901
endstage.renal.disease:No;0.0348923363703124
chronic.kidney.disease:Yes;0.0161271059110778
asthma:No;0.0344283651359963
copd:No;-0.0030553032805916
dementia:No;-0.0038293256734661
cancer:No;-0.0171869426700318
