Features;Individual Effect
age:71;-0.0682266235132215
race:white;-0.0239835376406389
sex:male;-0.0022376288602611
hypertension:Yes;0.0583472932125979
hyperlipidemia:No;-0.0168724518866276
diabetes:Yes;-0.0232854621234625
coronary.artery.disease:No;0.0585960756002541
chf:No;-0.0104089869487044
cerebrovascular.disease:No;0.0161089344528512
hepatitis:No;0.0131050391577639
endstage.renal.disease:No;-0.0512174622524686
chronic.kidney.disease:No;-0.0160676159771061
asthma:No;-0.019601669466389
copd:No;0.0028612135726271
dementia:No;0.0315317987668517
cancer:Yes;-0.2376731337258907
