Features;Individual Effect
age:85.00;-0.0142237066696578
race:white;0.0210614281428675
sex:male;0.105684441613784
hypertension:No;-0.0292627310415485
hyperlipidemia:No;0.0087812884187854
diabetes:No;0.0608596186443528
coronary.artery.disease:No;0.0474750002786468
chf:No;0.0256164393348654
cerebrovascular.disease:No;0.0089126736182153
hepatitis:No;0.0011084567347794
endstage.renal.disease:No;-0.0393554972327608
chronic.kidney.disease:No;0.0061794600004627
asthma:No;-0.0384335193416506
copd:No;-0.0020990911290403
dementia:No;0.0156264230018645
cancer:No;0.026995237443765
