Features;Individual Effect
age:78.00;-0.0402787264527909
race:black;0.0495440590342007
sex:male;-0.0014254755609301
hypertension:Yes;0.0420022052141193
hyperlipidemia:No;0.0909943305419225
diabetes:Yes;0.050217702733873
coronary.artery.disease:No;0.0712616259588539
chf:No;-0.092294124719344
cerebrovascular.disease:No;-0.0393540343648653
hepatitis:No;-0.0298015582844993
endstage.renal.disease:No;0.0192499679079475
chronic.kidney.disease:No;0.0052139488051404
asthma:No;-0.0636546516989814
copd:No;0.0225494055796891
dementia:No;0.0096150569170895
cancer:No;0.0082097750579629
