Features;Individual Effect
age:59.00;0.194777487580658
race:black;0.0157194736586779
sex:female;0.0347962108337696
hypertension:Yes;0.0034080156686312
hyperlipidemia:No;-0.0615755194566317
diabetes:No;0.0379948440849396
coronary.artery.disease:No;0.1066085147474837
chf:No;0.0142774096854962
cerebrovascular.disease:No;0.0323421741825937
hepatitis:No;0.0042807481804079
endstage.renal.disease:No;-0.0269724518083802
chronic.kidney.disease:No;0.004206862112658
asthma:No;-0.0018830815058207
copd:Yes;-0.0445391230500883
dementia:No;0.0012359791168656
cancer:No;-0.0194081644328087
