Features;Individual Effect
age:54.00;0.2037078438542883
race:black;0.029077954235912
sex:female;0.0915965056426126
hypertension:No;0.0400670713049312
hyperlipidemia:No;0.0076121571848754
diabetes:No;0.0101545470184833
coronary.artery.disease:No;0.0577881491173186
chf:No;0.0422052460405181
cerebrovascular.disease:No;0.0167977623612253
hepatitis:Yes;-0.0738444146441756
endstage.renal.disease:Yes;0.0294885739863871
chronic.kidney.disease:No;0.0163981679812829
asthma:No;-0.0175837954295823
copd:No;-0.0592719385262076
dementia:No;0.0457047471878928
cancer:No;0.001424483603721
