Features;Individual Effect
age:8Yes;-0.2395022876211625
race:black;-0.0302546735586243
sex:male;-0.0245057477886895
hypertension:No;0.0172992640301177
hyperlipidemia:No;-0.0085017391808289
diabetes:No;0.0143891355511433
coronary.artery.disease:No;-0.0076350262448612
chf:No;-0.0112936220526316
cerebrovascular.disease:No;0.004685855487138
hepatitis:No;0.0271422019851642
endstage.renal.disease:No;-0.0094041428410314
chronic.kidney.disease:No;0.0020928255714122
asthma:No;-0.0364982075219201
copd:No;0.0273025285129458
dementia:No;0.0239958278624091
cancer:No;0.0081543904060519
