Features;Individual Effect
age:59.00;0.156427698901349
race:white;0.0131060561804043
sex:female;0.0524930844707167
hypertension:Yes;0.0120937291349841
hyperlipidemia:Yes;0.0213121879897678
diabetes:Yes;0.1039016250339804
coronary.artery.disease:Yes;0.0705950420638018
chf:Yes;0.0038949497756563
cerebrovascular.disease:No;0.0011722177772175
hepatitis:No;-0.013439072065242
endstage.renal.disease:No;-0.0238898361466466
chronic.kidney.disease:Yes;0.0388403969880985
asthma:No;-0.0282292106715704
copd:No;-0.0191794951616807
dementia:Yes;-0.0127338418508866
cancer:Yes;-0.0011304543360542
