Features;Individual Effect
age:89.00;-0.1836202581604312
race:white;-0.0945872180639756
sex:female;0.1521311518413081
hypertension:No;-0.0142080316208451
hyperlipidemia:No;0.0180593993625163
diabetes:No;-0.047695295582856
coronary.artery.disease:No;0.0713991602456109
chf:No;0.0789540958716875
cerebrovascular.disease:No;0.0056524172669161
hepatitis:No;-0.0163252888521496
endstage.renal.disease:No;-0.0159007836576247
chronic.kidney.disease:No;0.0309722875899683
asthma:No;3.391994484053945e-05
copd:No;-0.0194907012460679
dementia:Yes;-0.0738856937861317
cancer:No;-0.0146786608789275
