Features;Individual Effect
age:74.00;-0.1407514274101406
race:white;-0.0024907702233526
sex:male;-0.0036113205776881
hypertension:Yes;-0.0049426880508254
hyperlipidemia:No;-0.0595225162569075
diabetes:Yes;-0.000703943206745
coronary.artery.disease:Yes;-0.1644949276749574
chf:Yes;0.0413267585982237
cerebrovascular.disease:No;0.019028245237313
hepatitis:No;0.0071842482090013
endstage.renal.disease:No;0.0076280011432808
chronic.kidney.disease:No;-0.0096112167527756
asthma:No;-0.0004873608936156
copd:No;-0.0024445681004124
dementia:No;-0.0417688001157694
cancer:No;0.0302846715388194
