Features;Individual Effect
age:69.00;-0.0635404371061697
race:other;-0.0780718991939753
sex:male;-0.0540137947029964
hypertension:No;-0.046487183315712
hyperlipidemia:No;-0.0106593856311008
diabetes:No;-0.0208421819057641
coronary.artery.disease:No;0.043732016060087
chf:Yes;-0.0164577259411981
cerebrovascular.disease:No;0.0810354504686343
hepatitis:No;0.0133205657753272
endstage.renal.disease:Yes;-0.0429813062945636
chronic.kidney.disease:No;0.0124441683208732
asthma:No;-0.0086059066660335
copd:No;0.0098789235755286
dementia:No;-0.0045522759752468
cancer:No;0.0239719740217091
