Features;Individual Effect
age:72.00;-0.0575962707403154
race:black;0.0219148869309499
sex:female;-0.0032991578655383
hypertension:Yes;-0.0550806850744336
hyperlipidemia:No;-0.0010789527732539
diabetes:No;-0.0302298836483661
coronary.artery.disease:No;0.0557779527140633
chf:No;0.0408759920265582
cerebrovascular.disease:No;0.0237363880848953
hepatitis:No;-0.0181535525486557
endstage.renal.disease:No;-0.0201957732319871
chronic.kidney.disease:No;0.0263746816645571
asthma:No;-0.0504083846485758
copd:No;0.0613762453627616
dementia:No;0.0181498662281242
cancer:No;0.0184020429171857
