Features;Individual Effect
age:8Yes;-0.3181725354839047
race:black;-0.0169441997181028
sex:female;0.0586520943092701
hypertension:No;0.0590069239833577
hyperlipidemia:No;0.0383284623386339
diabetes:No;0.0114016771004002
coronary.artery.disease:No;0.0129259417118508
chf:No;-0.0040856995534379
cerebrovascular.disease:No;0.0165133841608604
hepatitis:No;0.0117582593237038
endstage.renal.disease:No;-0.0009458439903484
chronic.kidney.disease:No;-0.0082874132082163
asthma:No;-0.0251191223745309
copd:No;0.0026189086543126
dementia:No;-0.0365945097279278
cancer:No;-0.0078404247602397
