Features;Individual Effect
age:82.00;0.0455147403574544
race:white;0.0909297468851376
sex:male;-0.0467994336206891
hypertension:No;0.0417793863789611
hyperlipidemia:No;0.0407835908469032
diabetes:No;0.026337611520318
coronary.artery.disease:No;0.0524533406129055
chf:No;-0.0171512354678295
cerebrovascular.disease:No;0.0006962421038264
hepatitis:No;0.0545065813896272
endstage.renal.disease:No;0.0059297767018396
chronic.kidney.disease:No;0.0406691934387629
asthma:No;-0.0107578858543456
copd:No;0.0079628640154895
dementia:No;-0.0124085960418533
cancer:No;0.0259687224045863
