Features;Individual Effect
age:73.00;-0.0652136314572723
race:black;0.0479046865210657
sex:male;-0.0375804934329455
hypertension:Yes;0.029568808747957
hyperlipidemia:No;-0.0455962053361742
diabetes:Yes;-0.0115794723120804
coronary.artery.disease:Yes;-0.2053378285167291
chf:No;0.007543295590652
cerebrovascular.disease:No;0.0233099972447648
hepatitis:No;0.008005463054844
endstage.renal.disease:No;-0.0358931441333122
chronic.kidney.disease:No;-0.0034264707838081
asthma:No;0.0100026597918425
copd:No;0.0439857233062685
dementia:No;-0.0482870611328442
cancer:No;0.0076046071544675
