Features;Individual Effect
age:66.00;0.0018022373832405
race:black;-0.0424208379133073
sex:female;0.0008996126004455
hypertension:Yes;-0.0304945227752273
hyperlipidemia:No;0.0029359346154899
diabetes:Yes;-0.0025346455958129
coronary.artery.disease:No;0.0303652376921239
chf:No;-0.0199915987575609
cerebrovascular.disease:No;0.0437400321462
hepatitis:No;-0.0092359560360959
endstage.renal.disease:No;-0.0256803529005075
chronic.kidney.disease:Yes;-0.0879794898813981
asthma:No;0.0252220386732841
copd:Yes;-0.1336454082833085
dementia:No;-0.0496384423789633
cancer:No;0.0271586145495934
