Features;Individual Effect
age:49.00;0.1261154072318948
race:black;0.2149274547867351
sex:male;-0.0903992217005043
hypertension:No;0.0281066223852755
hyperlipidemia:No;0.0200026322654731
diabetes:No;0.1078658844749933
coronary.artery.disease:No;0.0036962523846197
chf:No;-0.0100392813857093
cerebrovascular.disease:No;0.0030964962012117
hepatitis:No;-0.0415522384796938
endstage.renal.disease:No;-0.0343941685835059
chronic.kidney.disease:No;0.0137545557514129
asthma:No;-0.0388353935460695
copd:No;-0.0025392093546283
dementia:No;-0.0137339190933507
cancer:No;0.0811072792942936
