Features;Individual Effect
age:67.00;0.0378949996721273
race:black;0.109441426703086
sex:female;0.0566405343285886
hypertension:No;0.068387560298273
hyperlipidemia:No;-0.002717339544081
diabetes:No;0.054993350574157
coronary.artery.disease:No;0.0876751941005225
chf:No;0.0105029009537181
cerebrovascular.disease:No;-0.0151278407349546
hepatitis:No;0.0001450962620419
endstage.renal.disease:No;0.0066503098957114
chronic.kidney.disease:No;0.0071689080971237
asthma:No;-0.0228370450749789
copd:No;0.0014043281976475
dementia:No;-0.0096990736424445
cancer:No;0.0106795493104507
