Features;Individual Effect
age:66.00;-0.0107537001267977
race:black;-0.0487292495980033
sex:female;-0.0524956170982608
hypertension:Yes;-0.0161443936134883
hyperlipidemia:No;0.0185947833030483
diabetes:Yes;-0.0387173843110008
coronary.artery.disease:No;0.0276532986067221
chf:No;0.0475441627037518
cerebrovascular.disease:No;0.0112115817259514
hepatitis:No;-0.0366678469322136
endstage.renal.disease:No;0.0843499891426113
chronic.kidney.disease:No;0.0123819966000447
asthma:Yes;-0.1944508466463989
copd:No;-0.0668395511753519
dementia:No;0.0860313036657106
cancer:No;-0.0210281522885141
