Features;Individual Effect
age:5No;0.0649499018724431
race:white;-0.0047138883904211
sex:male;-0.0625756481571419
hypertension:No;-0.1389020772197851
hyperlipidemia:No;-0.0103109286527979
diabetes:Yes;-0.106059578653115
coronary.artery.disease:No;0.0218074071145548
chf:No;-0.0037011141561242
cerebrovascular.disease:No;-0.0441525314327525
hepatitis:No;0.0247805727383738
endstage.renal.disease:No;0.0253533018921566
chronic.kidney.disease:No;0.0020039124434939
asthma:No;-0.0524749750896912
copd:No;-0.0703832086809951
dementia:No;0.0156860667620972
cancer:No;0.016365548933029
