Features;Individual Effect
age:33.00;0.3154666023458091
race:white;-0.0158479757309316
sex:female;0.0335364990423084
hypertension:No;0.0368355986158163
hyperlipidemia:No;-0.0008946443484033
diabetes:No;0.0143823877187021
coronary.artery.disease:No;0.0494996327061143
chf:No;-0.0065505339112117
cerebrovascular.disease:No;0.0060994254115342
hepatitis:No;-0.003826034999156
endstage.renal.disease:No;0.0029083373137362
chronic.kidney.disease:No;-0.0084968842185517
asthma:No;-0.0006194482728055
copd:No;-0.0057650219314557
dementia:No;0.0276496315993977
cancer:No;-0.0140330632682974
