Features;Individual Effect
age:91;-0.1956345906054622
race:black;0.0369823221937927
sex:male;-0.1115549706741702
hypertension:Yes;-0.0569642373379026
hyperlipidemia:No;-0.0688392191320526
diabetes:No;0.0420828809294604
coronary.artery.disease:No;0.0112969896552549
chf:No;0.0255284189524146
cerebrovascular.disease:No;0.0171688531466219
hepatitis:No;-0.0043206010360861
endstage.renal.disease:No;-0.0073748013266786
chronic.kidney.disease:No;-0.0010631306095235
asthma:No;0.0020091248001647
copd:No;-0.0038679856681996
dementia:No;0.02267008806707
cancer:No;-0.0227971294122692
