Features;Individual Effect
age:75.00;-0.2006988596587987
race:asian;-0.0095456193018699
sex:male;-0.026015590523005
hypertension:Yes;0.0042843374391428
hyperlipidemia:Yes;0.0468852791453888
diabetes:Yes;0.0265120989147486
coronary.artery.disease:Yes;-0.1275340621188734
chf:No;0.0010004184559439
cerebrovascular.disease:No;0.018355283973278
hepatitis:No;-0.0165268609159775
endstage.renal.disease:No;-0.021137341169124
chronic.kidney.disease:No;0.0041499306727195
asthma:No;-0.0032409491369059
copd:No;-0.0125508043125404
dementia:No;0.0144964286491456
cancer:No;0.0066813995429486
