Features;Individual Effect
age:63.00;0.0776226746658819
race:other;-0.0116008175168449
sex:female;0.125594015087492
hypertension:No;-0.0146255720337131
hyperlipidemia:No;-0.0065672925184151
diabetes:Yes;0.0244015114464485
coronary.artery.disease:Yes;-0.1481717573454124
chf:No;-0.0135147692084832
cerebrovascular.disease:No;-0.0096241874041511
hepatitis:No;0.0182315105915064
endstage.renal.disease:No;-0.0418900612097722
chronic.kidney.disease:No;-0.0293032455794364
asthma:Yes;0.0674406902114343
copd:No;-0.0066342928214803
dementia:No;0.0241627108927182
cancer:No;-0.0168073692104086
