Features;Individual Effect
age:64.00;0.1331209067688255
race:black;-0.0181564088755698
sex:female;0.0674817314159078
hypertension:Yes;0.029017720187038
hyperlipidemia:Yes;0.0952429257835415
diabetes:No;-0.0229160139946251
coronary.artery.disease:No;0.0782731892714232
chf:No;0.0185507206553589
cerebrovascular.disease:No;-0.0272074148786056
hepatitis:No;0.0054157768254868
endstage.renal.disease:No;-0.0581147445215528
chronic.kidney.disease:No;-0.0163573813007013
asthma:No;0.0238849617771814
copd:No;-0.0487560651833965
dementia:No;0.0603207867994452
cancer:No;0.0420891401573855
