Features;Individual Effect
age:67.00;-0.070015148575842
race:black;-0.0336400107341027
sex:female;-0.0403498695613101
hypertension:Yes;-0.0976250427549648
hyperlipidemia:No;0.0137971955938756
diabetes:No;-0.0109198289001224
coronary.artery.disease:No;0.0221850694519714
chf:No;0.0234476329054592
cerebrovascular.disease:No;0.0277809292626222
hepatitis:No;0.0268334429658546
endstage.renal.disease:No;-0.0123100539504039
chronic.kidney.disease:No;0.0149798197637409
asthma:No;-0.0001341407507911
copd:Yes;-0.0944573482601423
dementia:No;-0.0362327383671716
cancer:No;0.0115447998547868
