Features;Individual Effect
age:6Yes;0.0891451217706216
race:black;0.1261715117583999
sex:male;-0.0528015801821006
hypertension:No;0.0359394981842946
hyperlipidemia:No;0.0026534320663036
diabetes:No;0.0921638927515046
coronary.artery.disease:No;0.0308071868474641
chf:No;0.0186159093189983
cerebrovascular.disease:No;0.0127128328094793
hepatitis:No;0.0045988996977892
endstage.renal.disease:No;-0.062869675722346
chronic.kidney.disease:No;0.0032468078264215
asthma:Yes;0.0465071569990531
copd:No;0.0051649623018154
dementia:No;0.0108561222912942
cancer:No;0.0648233552512863
