Features;Individual Effect
age:43.00;0.1297195408828073
race:other;-0.0674279425044017
sex:male;-0.0446731935771404
hypertension:No;-0.1158184988498844
hyperlipidemia:No;-0.0780632420131455
diabetes:Yes;-0.1317384390223567
coronary.artery.disease:Yes;-0.1871401674677136
chf:No;0.0059958151596043
cerebrovascular.disease:No;-0.0425444290911683
hepatitis:No;-0.0029076434125254
endstage.renal.disease:No;0.0108563956231312
chronic.kidney.disease:No;0.037570770580019
asthma:No;-0.0047678110620061
copd:No;-0.0061840378099643
dementia:No;0.02265363911085
cancer:No;0.0016469230819189
