Features;Individual Effect
age:22.00;0.3110755334493846
race:white;-0.0075975178974048
sex:female;0.0577516394807294
hypertension:No;-0.018278448413659
hyperlipidemia:No;0.0046184385583425
diabetes:No;0.074432544083
coronary.artery.disease:No;0.0854124098217675
chf:No;-0.0330668859869772
cerebrovascular.disease:No;0.0004575099127706
hepatitis:No;0.0305960360688955
endstage.renal.disease:No;-0.0096977848982309
chronic.kidney.disease:No;-0.0029085784061631
asthma:No;0.0185571037743657
copd:No;-0.0249997782007132
dementia:No;0.0230482742875076
cancer:No;-0.044371429957372
