Features;Individual Effect
age:68.00;-0.0645438682851748
race:white;-0.1036414804045032
sex:male;-0.0143562870340253
hypertension:No;-0.0495910814557224
hyperlipidemia:No;0.0009707546275142
diabetes:No;0.0406839417923187
coronary.artery.disease:No;0.0745569811644288
chf:No;-0.0322643905324108
cerebrovascular.disease:No;0.0131492099281767
hepatitis:No;-0.0459979202519626
endstage.renal.disease:No;0.0320317227945869
chronic.kidney.disease:No;0.0135228625634422
asthma:No;-0.0025622162078695
copd:No;0.0198361891768918
dementia:No;0.0380496989100573
cancer:No;0.0203178707805123
