Features;Individual Effect
age:82.00;-0.0931648850898187
race:white;-0.0255082784283057
sex:male;-0.0398216678633087
hypertension:No;-0.0530570273511466
hyperlipidemia:No;-0.0145919028923368
diabetes:Yes;-0.0400839119972942
coronary.artery.disease:No;-0.0286239355271794
chf:Yes;-0.0130380844244021
cerebrovascular.disease:No;0.0273924771637875
hepatitis:No;0.0497628413718118
endstage.renal.disease:No;0.0271568006604797
chronic.kidney.disease:No;0.0228415560403485
asthma:No;0.0146475734666725
copd:No;0.0023535899911451
dementia:Yes;-0.0665890359583012
cancer:Yes;-0.1020698246533199
