Features;Individual Effect
age:38.00;0.2207887877480055
race:black;0.0338153691778835
sex:female;0.0288390347407372
hypertension:No;0.0494977971973922
hyperlipidemia:No;-0.0054073144704715
diabetes:No;0.0143577205509393
coronary.artery.disease:No;0.0771902681157686
chf:No;0.042534865040033
cerebrovascular.disease:No;0.0078950206076157
hepatitis:No;0.0570855144975144
endstage.renal.disease:No;-0.0201518191920199
chronic.kidney.disease:No;0.0337663753666522
asthma:No;0.0258095745893779
copd:No;0.0273879346545726
dementia:No;0.0427023271900956
cancer:No;-0.0215540438099249
