Features;Individual Effect
age:45.00;0.217335474859816
race:other;0.0457641601494161
sex:female;0.1262259760117611
hypertension:No;-0.0569659042315884
hyperlipidemia:No;-0.0899550444241149
diabetes:Yes;-0.0294731729310881
coronary.artery.disease:Yes;-0.1548743808380683
chf:No;-0.0710920971311853
cerebrovascular.disease:No;0.0459979927071739
hepatitis:No;-0.0275697377725486
endstage.renal.disease:Yes;0.0868980760886718
chronic.kidney.disease:No;0.0084506385479604
asthma:No;0.0357733617118277
copd:No;-0.0028648951323792
dementia:No;-0.0312460081776808
cancer:No;0.0102440859121061
