Features;Individual Effect
age:67.00;-0.0895750046359684
race:white;-0.0606700402585219
sex:male;-0.0483608675119902
hypertension:Yes;0.0054763872872812
hyperlipidemia:Yes;-0.1068955270819647
diabetes:Yes;-0.0400474754614414
coronary.artery.disease:Yes;-0.1223609885754354
chf:No;-0.0248718538261303
cerebrovascular.disease:No;0.0249996383488754
hepatitis:No;0.0253113993368872
endstage.renal.disease:No;0.0433510383090134
chronic.kidney.disease:No;0.0178878171371677
asthma:No;-0.0006311956853522
copd:No;-0.025301482119341
dementia:No;0.008339909663043
cancer:No;0.0001743884631668
