Features;Individual Effect
age:87.00;-0.2029689285606937
race:white;-0.007426790405096
sex:female;-0.0005060881578655
hypertension:Yes;0.0009209254584728
hyperlipidemia:No;0.0006493548691978
diabetes:No;0.0053490082697828
coronary.artery.disease:Yes;-0.1478636980773137
chf:Yes;-0.0041406047513985
cerebrovascular.disease:No;0.0237615221683364
hepatitis:No;-0.0885485429354733
endstage.renal.disease:No;0.0211954653506393
chronic.kidney.disease:No;-0.0049601476193654
asthma:No;0.0106518584478866
copd:No;0.0401825119118529
dementia:No;-0.0197306027219625
cancer:No;0.0590199605595014
