Features;Individual Effect
age:89.00;-0.2051605321919704
race:white;-0.0597556253073302
sex:male;-0.0083610395806843
hypertension:No;-0.025448229258863
hyperlipidemia:No;-0.0120806664787937
diabetes:Yes;-0.1037417354095632
coronary.artery.disease:Yes;-0.0744829868997795
chf:Yes;0.0381531099638479
cerebrovascular.disease:No;-0.0096170802642148
hepatitis:No;-0.0111535414143103
endstage.renal.disease:No;-0.0202552242596685
chronic.kidney.disease:No;-0.0132484350224869
asthma:No;0.0225534364170345
copd:No;-0.004407536844008
dementia:No;0.0058024582628438
cancer:No;0.0272230046274185
