Features;Individual Effect
age:75.00;-0.2451388939995983
race:other;-0.0180918947537492
sex:male;-0.046449916152265
hypertension:Yes;0.0027536047700784
hyperlipidemia:No;-0.0382526196306381
diabetes:No;-0.0615434357554736
coronary.artery.disease:No;0.0566288829391756
chf:No;-0.0544799765073497
cerebrovascular.disease:No;-0.018695484836608
hepatitis:No;0.0409919781831986
endstage.renal.disease:No;-0.0258845193182132
chronic.kidney.disease:No;-0.0196685953670751
asthma:No;0.0026002277315415
copd:No;-0.0342252436010991
dementia:No;0.0300690804995958
cancer:No;0.0258186235895347
