Features;Individual Effect
age:92.00;-0.0864774048438156
race:black;0.0654514214803694
sex:male;0.0060746011715817
hypertension:No;0.1038195203920049
hyperlipidemia:No;0.0487886256518039
diabetes:No;0.0883196784012532
coronary.artery.disease:No;0.0076942606912793
chf:No;0.0217572205885447
cerebrovascular.disease:No;-0.0036442852762517
hepatitis:No;-0.0118302861497773
endstage.renal.disease:No;0.0143351542707654
chronic.kidney.disease:No;0.0175107880666419
asthma:No;0.039225307554719
copd:No;-0.0075789053524918
dementia:No;0.0048120282033306
cancer:No;0.0216593085664227
