Features;Individual Effect
age:86.00;-0.4004272320374588
race:black;0.0176309814095562
sex:female;0.052269543872046
hypertension:No;-0.0571480883938237
hyperlipidemia:No;-0.0664781090425426
diabetes:No;-0.0889296868425865
coronary.artery.disease:No;0.0715941609058369
chf:No;0.060682752115707
cerebrovascular.disease:No;-0.0107214857402329
hepatitis:No;0.0204903706212392
endstage.renal.disease:No;-0.0075203984963782
chronic.kidney.disease:No;0.0403787557002759
asthma:No;0.0339888594002049
copd:No;-0.0222964213824752
dementia:No;0.0238071288756001
cancer:No;-0.0029264674538026
