Features;Individual Effect
age:61;-0.0467380815769717
race:black;-0.0056113715660872
sex:male;-0.1786720837032973
hypertension:Yes;0.0078083413021363
hyperlipidemia:No;-0.0159173880969252
diabetes:Yes;0.0083098647944841
coronary.artery.disease:No;0.0695925197525343
chf:No;-0.0144700312369283
cerebrovascular.disease:No;0.0062802767136796
hepatitis:No;0.0018262441634758
endstage.renal.disease:No;0.0131987689256685
chronic.kidney.disease:No;0.0348156443605726
asthma:No;-0.0013655269877332
copd:Yes;-0.1500691126429871
dementia:No;0.0109111454685942
cancer:No;0.0140717223267142
