Features;Individual Effect
age:84.00;-0.147215424317413
race:white;-0.0561063347842939
sex:female;0.044990811083731
hypertension:No;0.0146870809078062
hyperlipidemia:No;-0.0585121129259131
diabetes:Yes;-0.0383800105398593
coronary.artery.disease:Yes;-0.1288485696508606
chf:Yes;0.0682908054380063
cerebrovascular.disease:No;0.0121414324863302
hepatitis:No;0.0251427594094998
endstage.renal.disease:No;0.0462726726453552
chronic.kidney.disease:No;-0.0154713558850267
asthma:No;-0.0596159924361859
copd:No;-0.021995821856596
dementia:No;-0.0347717141695164
cancer:No;0.0437587314756097
