Features;Individual Effect
age:62.00;0.0518651294885777
race:black;0.1115625744735375
sex:male;-0.1042779935271284
hypertension:No;0.0969254209747679
hyperlipidemia:No;0.0286726716279112
diabetes:No;0.0669192546869707
coronary.artery.disease:No;0.056316800396
chf:No;0.0298457428173832
cerebrovascular.disease:No;-0.0122770668020355
hepatitis:No;0.0161115849815221
endstage.renal.disease:No;-0.0105157874436564
chronic.kidney.disease:No;-0.0352559665692754
asthma:No;0.0320720034352181
copd:No;-0.0005037752813128
dementia:No;-0.0130163472054716
cancer:No;0.0235104998003354
