Features;Individual Effect
age:77.00;-0.0561742989058856
race:black;0.0349525113718787
sex:female;0.0625403257069435
hypertension:Yes;-0.0145308628426959
hyperlipidemia:Yes;0.0182709260937747
diabetes:Yes;-0.0365039354541174
coronary.artery.disease:No;0.0300473383497861
chf:Yes;0.0712975663124513
cerebrovascular.disease:No;0.03419281562944
hepatitis:No;0.0073843514763683
endstage.renal.disease:No;0.0260310243887149
chronic.kidney.disease:No;-0.0005392073021465
asthma:No;-0.00688728372261
copd:No;-0.0023146543058099
dementia:No;-0.0301982561929693
cancer:No;-0.0004905956544267
