Features;Individual Effect
age:89.00;-0.1542584276565752
race:white;-0.0257079330696669
sex:male;0.0653846345580241
hypertension:Yes;0.0046848169250455
hyperlipidemia:Yes;0.1766026752495792
diabetes:No;-0.0518474075458659
coronary.artery.disease:No;0.0840335027937965
chf:Yes;0.0065811140601077
cerebrovascular.disease:No;0.0080299990455672
hepatitis:No;0.033135689754583
endstage.renal.disease:No;-0.0172872941619612
chronic.kidney.disease:No;-0.0033990601717683
asthma:No;-0.073498530818025
copd:No;0.0136245537660132
dementia:No;-0.0451477800075665
cancer:No;-0.0682242742709844
