Features;Individual Effect
age:67.00;-0.0083066641500504
race:white;-0.0652984982195507
sex:male;-0.1141967723183141
hypertension:Yes;0.0665203639515312
hyperlipidemia:Yes;-0.1286722805465671
diabetes:Yes;-0.0685575475055285
coronary.artery.disease:No;0.0717769541984077
chf:No;-0.0385674146425354
cerebrovascular.disease:No;0.0260512418083122
hepatitis:No;-0.0261856253250784
endstage.renal.disease:No;0.0228196961352587
chronic.kidney.disease:No;-0.0157169258217417
asthma:No;0.0058073020929612
copd:No;-0.0023021581273927
dementia:No;0.0015815094459597
cancer:No;-0.0239932030595576
