Features;Individual Effect
age:76.00;-0.2623887852671397
race:white;-0.0496271433794912
sex:male;-0.0649998816380894
hypertension:Yes;0.00186708326012
hyperlipidemia:Yes;-0.0449665085151558
diabetes:Yes;0.0006079321015359
coronary.artery.disease:No;-0.0081381495691444
chf:No;-0.0097229971393517
cerebrovascular.disease:No;0.0028572307460528
hepatitis:No;-0.025080494156317
endstage.renal.disease:No;-0.0010168343786253
chronic.kidney.disease:No;0.0031770864368587
asthma:No;-0.0005395828701887
copd:No;-0.0224853774137757
dementia:No;-0.0091107172379457
cancer:No;-0.0440546081682061
