Features;Individual Effect
age:8Yes;-0.0256287112317651
race:white;0.0097011670856493
sex:female;0.0161612509755406
hypertension:Yes;0.0193877663435738
hyperlipidemia:No;0.0072295056785843
diabetes:Yes;0.109716723892549
coronary.artery.disease:Yes;-0.0707122762481525
chf:Yes;0.0406259606560334
cerebrovascular.disease:No;0.0337123258517612
hepatitis:No;2.8863811316229976e-05
endstage.renal.disease:Yes;0.0807083098824667
chronic.kidney.disease:Yes;0.0829719155652305
asthma:No;-0.0190610881831678
copd:No;0.0004433445888343
dementia:No;0.004954941118457
cancer:No;0.0274494902355131
