Features;Individual Effect
age:52.00;0.0835885685733803
race:white;-0.0594351193304177
sex:female;0.0464647699462086
hypertension:No;-0.056278324381437
hyperlipidemia:No;-0.0877589461972856
diabetes:Yes;-0.041749110725874
coronary.artery.disease:Yes;-0.2211996321336154
chf:No;-0.0358131220642095
cerebrovascular.disease:No;0.0425350245439178
hepatitis:No;-0.0187939284823385
endstage.renal.disease:No;0.0006234221190388
chronic.kidney.disease:No;-0.0063786869817257
asthma:No;0.0081080575244399
copd:No;-0.0020927760342355
dementia:No;-0.0109479728230512
cancer:No;2.6587658377472123e-05
