Features;Individual Effect
age:47.00;0.2998655908630787
race:other;0.0184092177812138
sex:male;0.0343172717137167
hypertension:Yes;0.0099432414292418
hyperlipidemia:No;0.0308090817427059
diabetes:No;0.0441009445851502
coronary.artery.disease:Yes;-0.0466275314110109
chf:Yes;0.0542646912648676
cerebrovascular.disease:No;-0.0062564299177839
hepatitis:No;-0.007140492812135
endstage.renal.disease:No;-0.0168506475391214
chronic.kidney.disease:No;-0.0112406454315689
asthma:No;0.0077446880608881
copd:No;-0.0394412238755872
dementia:No;0.0032690263097154
cancer:No;0.0176230906843443
