Features;Individual Effect
age:82.00;-0.0724810115773395
race:other;0.0220901289716785
sex:male;-0.0042138624765297
hypertension:Yes;0.0161066209783174
hyperlipidemia:No;-0.0390375165964028
diabetes:Yes;-0.021647881895288
coronary.artery.disease:No;0.0862420813675819
chf:No;-0.0139207896158308
cerebrovascular.disease:No;0.0248869667315717
hepatitis:No;-0.0258315650003358
endstage.renal.disease:Yes;0.0958499375240153
chronic.kidney.disease:No;-0.0016095726192959
asthma:No;-0.0418001541868918
copd:No;-0.0076639801592455
dementia:No;0.0038042581259254
cancer:No;0.0436557196434713
