Features;Individual Effect
age:54.00;0.0871904009990207
race:asian;-0.0236744521637407
sex:male;-0.0922239483671401
hypertension:No;-0.0694008355053971
hyperlipidemia:No;-0.0169237054375496
diabetes:Yes;-0.0544924063767393
coronary.artery.disease:Yes;-0.1514096755013979
chf:Yes;0.0352794208942592
cerebrovascular.disease:No;0.0236690897459721
hepatitis:No;0.0107217511848999
endstage.renal.disease:Yes;-0.0484326398802755
chronic.kidney.disease:No;0.0145587381791033
asthma:No;-0.0673273332739701
copd:No;0.0152521038501205
dementia:No;0.064513182268835
cancer:No;0.022940026215116
