Features;Individual Effect
age:39.00;0.1268072317665176
race:white;-0.0487570466630473
sex:male;-0.0777554306968328
hypertension:No;-0.0944060192501025
hyperlipidemia:No;-0.0505865267829956
diabetes:Yes;-0.0984704472981387
coronary.artery.disease:Yes;-0.1206697844951127
chf:No;-0.008013084520789
cerebrovascular.disease:No;0.0155870060147995
hepatitis:No;-0.0818746729392702
endstage.renal.disease:No;0.0632908842042285
chronic.kidney.disease:No;0.0677821209671168
asthma:No;0.0036112572957372
copd:No;0.0075093032712448
dementia:No;0.0373728994126555
cancer:No;-0.0191930287430951
