Features;Individual Effect
age:67.00;-0.0470348512072604
race:hispanic;-0.1202583354573637
sex:female;-0.0160974459440976
hypertension:Yes;0.0211874418225549
hyperlipidemia:No;-0.0032119546185153
diabetes:Yes;-0.0834451026797314
coronary.artery.disease:No;0.0477736014724369
chf:No;-0.0185776265921815
cerebrovascular.disease:No;-0.0048119281954848
hepatitis:No;-0.0114616063904859
endstage.renal.disease:No;-0.0037643912785452
chronic.kidney.disease:No;-0.0041042350011732
asthma:No;-0.0003485269355458
copd:No;-0.0130335594059287
dementia:No;-0.00679503431986
cancer:No;0.017300104059698
