Features;Individual Effect
age:46.00;0.205053929564501
race:black;0.0994306884258828
sex:male;0.0475158570912259
hypertension:No;0.0422121534654436
hyperlipidemia:No;0.033485155491749
diabetes:No;0.0405870956963899
coronary.artery.disease:No;0.0026712649676497
chf:No;-0.0081223238422909
cerebrovascular.disease:No;-0.0061256193241585
hepatitis:No;0.0165553310532246
endstage.renal.disease:No;0.0310413259221452
chronic.kidney.disease:No;-0.0029772784276216
asthma:No;-0.038164895000811
copd:No;-0.0191888936575094
dementia:No;-0.0342775510693925
cancer:No;0.0189750660384915
