Features;Individual Effect
age:52.00;0.2340769010769977
race:white;-0.0064038949650565
sex:male;-0.0315424186262568
hypertension:No;-0.0755883988011014
hyperlipidemia:No;0.0425792462426662
diabetes:No;0.1032892208583188
coronary.artery.disease:No;0.1015630697842152
chf:No;0.0136032655347765
cerebrovascular.disease:No;0.0305239041497542
hepatitis:No;-0.0016784453977199
endstage.renal.disease:No;-0.0283830542854118
chronic.kidney.disease:No;-0.0073908696875487
asthma:No;-0.0496268606005327
copd:No;-0.0282922318774947
dementia:No;-0.0295381320661295
cancer:No;0.0292535912172471
