Features;Individual Effect
age:78.00;-0.0450188332986951
race:white;-0.0065133483037814
sex:male;-0.0295105379986079
hypertension:Yes;0.0503818182008981
hyperlipidemia:No;0.0019685033039298
diabetes:Yes;0.0245189715157558
coronary.artery.disease:No;0.0118565901686382
chf:Yes;0.0483434989829555
cerebrovascular.disease:No;0.0110989644878482
hepatitis:No;-0.0318065163986329
endstage.renal.disease:No;-0.0029091412806262
chronic.kidney.disease:No;-0.0143598838761512
asthma:No;0.0014762502169171
copd:Yes;-0.0063390336771344
dementia:No;0.0420642652072883
cancer:No;0.0564447848063066
