Features;Individual Effect
age:66.00;0.1649982640862148
race:black;0.0077012106255941
sex:male;-0.0299309142336755
hypertension:Yes;0.0206541680874438
hyperlipidemia:No;0.0267238360134298
diabetes:Yes;-0.0192867020128878
coronary.artery.disease:No;0.1149853625780052
chf:No;0.0172420889023964
cerebrovascular.disease:No;-0.0047603242581946
hepatitis:No;-0.0290893134220884
endstage.renal.disease:No;-0.0038202107433985
chronic.kidney.disease:No;-0.0466698842134929
asthma:No;0.0026192955280444
copd:No;0.0026178431666012
dementia:No;-0.0064063377506462
cancer:No;0.0385514083168026
