Features;Individual Effect
age:69.00;-0.094205899946021
race:black;0.0396381181754461
sex:male;-0.0603057333270121
hypertension:No;-0.1430231673779565
hyperlipidemia:No;0.0634323462369211
diabetes:Yes;-0.1214358201370144
coronary.artery.disease:No;0.0894051834218283
chf:No;-0.0045596928411595
cerebrovascular.disease:No;0.0215248810603297
hepatitis:No;0.0117945374521668
endstage.renal.disease:No;-0.0034036174752518
chronic.kidney.disease:No;-0.054809707830785
asthma:No;0.0322023968404547
copd:No;-0.02386368080833
dementia:No;0.0306765809446969
cancer:No;-0.0662738961751991
