Features;Individual Effect
age:75.00;-0.1310376101543523
race:black;0.1091778932854844
sex:male;-0.0626968959647281
hypertension:Yes;0.0520102322913688
hyperlipidemia:No;0.0332086189978613
diabetes:No;0.0285128201356427
coronary.artery.disease:No;0.0563168681687101
chf:No;0.0155622482525249
cerebrovascular.disease:No;-0.003513530240635
hepatitis:No;0.0169403153707599
endstage.renal.disease:No;-0.0478347513482515
chronic.kidney.disease:No;-0.0129160995649193
asthma:No;-0.0145231632461138
copd:No;-0.0071461011273104
dementia:No;0.0169393344542883
cancer:No;7.184653868291119e-05
