Features;Individual Effect
age:85.00;-0.1636193249670278
race:white;-0.0665167107564863
sex:female;-0.0267270557610674
hypertension:No;0.0022190098336268
hyperlipidemia:No;-0.0332783908263493
diabetes:No;-0.0333953672501986
coronary.artery.disease:No;0.0090659046937164
chf:No;0.0257811333714933
cerebrovascular.disease:No;-0.0223072678237622
hepatitis:No;-0.0442028310913016
endstage.renal.disease:No;0.0294465258014183
chronic.kidney.disease:No;0.0102352586063593
asthma:No;0.0048955228643136
copd:No;0.0007233470437904
dementia:No;0.0316882007316202
cancer:Yes;-0.0868955954960428
