Features;Individual Effect
age:66.00;0.1189706422505781
race:black;0.0164188467789434
sex:male;-0.0536274123173877
hypertension:Yes;0.0213216534999497
hyperlipidemia:No;0.0485801183827977
diabetes:Yes;-0.0473761795461062
coronary.artery.disease:No;0.0622939624221976
chf:No;-0.0389964194595048
cerebrovascular.disease:No;0.0064882400311935
hepatitis:No;-0.0430306665190715
endstage.renal.disease:Yes;-0.0271286551555233
chronic.kidney.disease:No;-0.0168916359274015
asthma:No;0.0504426518427523
copd:No;-0.0179690290280047
dementia:No;0.0163025439263331
cancer:No;0.0339658068115481
