Features;Individual Effect
age:52.00;0.0482077461159953
race:white;-0.0779126612893409
sex:male;0.0181854814849482
hypertension:No;-0.0612867630358011
hyperlipidemia:No;-0.0772726034092332
diabetes:Yes;-0.0256330821494734
coronary.artery.disease:Yes;-0.1623782670726741
chf:No;-0.0216355540747279
cerebrovascular.disease:No;0.0182429702738125
hepatitis:No;0.0412518996773889
endstage.renal.disease:No;0.0096331796434908
chronic.kidney.disease:Yes;-0.0087777334218051
asthma:No;0.0107234820351274
copd:Yes;-0.0096276344481847
dementia:No;0.0077018921105749
cancer:No;-0.006552999873332
