Features;Individual Effect
age:74.00;-0.2065914661933905
race:black;-0.0477984441394289
sex:female;0.0949250415143111
hypertension:No;-0.0530000366109214
hyperlipidemia:No;-0.0110102254167216
diabetes:No;-0.0018637551550944
coronary.artery.disease:No;0.051049082081586
chf:No;-0.0172111974565696
cerebrovascular.disease:No;0.0067904192139449
hepatitis:No;0.0118962371422635
endstage.renal.disease:No;0.0007208160176791
chronic.kidney.disease:No;0.0369398987294079
asthma:No;-0.0112585278821014
copd:No;0.0098039669710034
dementia:No;0.0167941289340027
cancer:No;0.0119325228882557
