Features;Individual Effect
age:80;-0.2377826499375389
race:asian;0.1001124924665602
sex:male;-0.0138641993773869
hypertension:Yes;-0.1310145171615467
hyperlipidemia:No;-0.0003791300996683
diabetes:No;0.0116364427125566
coronary.artery.disease:No;0.0632815884741338
chf:No;0.0346315087472585
cerebrovascular.disease:No;0.0086565053203817
hepatitis:No;0.0327953888982221
endstage.renal.disease:No;-0.0032616027312395
chronic.kidney.disease:No;0.0418412072584508
asthma:No;0.004988008075778
copd:No;-0.0187210083050327
dementia:No;0.0183012041046478
cancer:No;0.0088618011898741
