Features;Individual Effect
age:56.00;0.3309055659474044
race:black;-0.0193756803432104
sex:male;-0.018195619168207
hypertension:Yes;0.0376797445003467
hyperlipidemia:No;0.003425366635487
diabetes:No;0.0052010594841402
coronary.artery.disease:No;0.0218165546792803
chf:No;0.0170928132951014
cerebrovascular.disease:No;-0.0294432296529506
hepatitis:No;-0.0338720186865706
endstage.renal.disease:No;0.0041633450022743
chronic.kidney.disease:No;0.0347196293820495
asthma:No;0.0267069855257195
copd:No;0.0315624994334607
dementia:No;0.0043280009502975
cancer:No;0.0197994369355501
