Features;Individual Effect
age:18.00;0.2756926528834161
race:black;0.0219345230030854
sex:female;-3.400801518547644e-05
hypertension:No;-0.009029872938603
hyperlipidemia:No;0.0349616179837968
diabetes:No;-0.0105556404299282
coronary.artery.disease:No;0.0396560291561905
chf:No;0.0286673953836066
cerebrovascular.disease:No;0.0216757903481909
hepatitis:No;-0.0057572744084372
endstage.renal.disease:No;-0.0212392195086421
chronic.kidney.disease:No;0.0103790255541096
asthma:Yes;-0.0202471717559053
copd:No;-0.0109463238379785
dementia:No;0.0187223859783558
cancer:No;0.0545525985537364
