Features;Individual Effect
age:35.00;0.0654424578651863
race:hispanic;-0.1012663491424139
sex:male;-0.0752147544081934
hypertension:Yes;-0.0186253870664616
hyperlipidemia:No;-0.0147726783564602
diabetes:Yes;-0.1758734691570632
coronary.artery.disease:No;0.0320882503182275
chf:No;-0.0278060312729016
cerebrovascular.disease:No;0.0133268071070272
hepatitis:No;0.0318041630554246
endstage.renal.disease:No;-0.0065502374714992
chronic.kidney.disease:No;-0.0047035942480121
asthma:No;0.0093707866659568
copd:No;0.0003236439838796
dementia:No;-0.009987519119838
cancer:No;0.0136572262634474
