Features;Individual Effect
age:65.00;0.10551589756998
race:black;-0.0302842532793572
sex:female;0.0811802829792688
hypertension:Yes;-0.0588585551072924
hyperlipidemia:No;-0.0329044221297945
diabetes:No;-0.0068470990123987
coronary.artery.disease:No;0.0243244323585835
chf:No;0.0290695578469848
cerebrovascular.disease:No;-0.0395880041382587
hepatitis:No;0.0025069520580423
endstage.renal.disease:No;-0.0059253363290164
chronic.kidney.disease:No;-0.0018111168055138
asthma:No;-0.0081421643737732
copd:No;0.0496110011680275
dementia:No;-0.0036238325264958
cancer:No;-0.0026735085778844
