Features;Individual Effect
age:63.00;0.1591380508725895
race:black;-0.0038237956067561
sex:female;0.1111886370737854
hypertension:Yes;0.0244966999433592
hyperlipidemia:Yes;0.0114146902454779
diabetes:Yes;-0.0925216418364265
coronary.artery.disease:No;0.0558056219064441
chf:No;0.0162846862613855
cerebrovascular.disease:No;-0.0044292244991124
hepatitis:No;-0.0837921844507093
endstage.renal.disease:Yes;0.0311661689274623
chronic.kidney.disease:No;-0.017847717103101
asthma:No;0.0374286156665372
copd:No;0.0441033615358755
dementia:No;-0.0454222188514964
cancer:No;-0.0007658491121883
