Features;Individual Effect
age:58.00;0.1709422032841727
race:other;0.001767361437272
sex:female;0.0193961189107447
hypertension:Yes;-0.0031086315895281
hyperlipidemia:No;-0.0315851339368447
diabetes:No;0.0506409418310663
coronary.artery.disease:No;0.0653982667293288
chf:No;0.0675610276954813
cerebrovascular.disease:No;-0.0035823987519136
hepatitis:No;-0.0453960151242095
endstage.renal.disease:No;-0.0058185538919919
chronic.kidney.disease:No;-0.0054994500315092
asthma:No;0.004300327528498
copd:No;0.0730482355446739
dementia:No;-0.0356471100627253
cancer:No;0.0009462008686188
