Features;Individual Effect
age:63.00;0.0209763870261991
race:black;0.0070266009032547
sex:female;0.0318413951117202
hypertension:No;0.0017269963223486
hyperlipidemia:No;-0.0300594325830492
diabetes:Yes;-0.0445738198692078
coronary.artery.disease:No;0.0690368533165124
chf:No;0.0167237138750618
cerebrovascular.disease:No;-0.0212991021833004
hepatitis:No;-0.0053312182085805
endstage.renal.disease:No;-0.0053706231386621
chronic.kidney.disease:No;-0.0198434195431104
asthma:No;-0.0072123507860098
copd:Yes;-0.023581905197836
dementia:No;0.0352907256734069
cancer:No;0.0203614251200517
