Features;Individual Effect
age:81;-0.1641324469303654
race:white;-0.060277446592233
sex:male;-0.0336222939599343
hypertension:Yes;-0.0370083285259496
hyperlipidemia:No;-0.0337252058988696
diabetes:Yes;-0.0167066633230136
coronary.artery.disease:No;0.1002439248803831
chf:No;-0.0398370123162874
cerebrovascular.disease:Yes;-0.0759957254218068
hepatitis:No;0.0369284566846578
endstage.renal.disease:No;-0.0186759267382765
chronic.kidney.disease:No;-0.0087705283513046
asthma:No;-0.0063006979826545
copd:No;-0.0739384463758055
dementia:Yes;0.008067670579196
cancer:No;0.0034708630558938
