Features;Individual Effect
age:76.00;-0.1030886249485877
race:white;-0.0479396603245977
sex:male;-0.0655656883443443
hypertension:No;-0.0855989979570696
hyperlipidemia:No;0.0242815362828542
diabetes:Yes;0.0184846955549165
coronary.artery.disease:Yes;-0.1774037218314007
chf:No;0.0037899395276497
cerebrovascular.disease:No;-0.0519091916776362
hepatitis:No;0.0022789743452738
endstage.renal.disease:Yes;-0.0453941938558303
chronic.kidney.disease:Yes;0.0599025756713234
asthma:No;0.0298545952007319
copd:No;0.0132740440798989
dementia:No;-0.0418918988762933
cancer:No;0.0246973487599546
