Features;Individual Effect
age:57.00;0.0944104040093347
race:black;0.0799935957710466
sex:male;0.0114716817799169
hypertension:No;0.0692448374089408
hyperlipidemia:No;0.003180566562671
diabetes:No;0.0774272747145288
coronary.artery.disease:No;0.043288201353298
chf:No;0.0058172982350678
cerebrovascular.disease:No;0.0024018229151857
hepatitis:No;-0.0106891791120805
endstage.renal.disease:No;-0.0349007687744242
chronic.kidney.disease:No;-0.0172855187104819
asthma:No;-0.0280885747275107
copd:No;-0.0439399813556457
dementia:No;0.0377812590802775
cancer:No;0.0231338966043928
