Features;Individual Effect
age:77.00;-0.1274725121718014
race:white;0.0240436152202451
sex:male;-0.0376421131713996
hypertension:No;-0.0399876599651111
hyperlipidemia:No;0.0257806169552113
diabetes:No;-0.0228118866177621
coronary.artery.disease:Yes;-0.1011490304661822
chf:Yes;0.0545835968723972
cerebrovascular.disease:No;-0.0599204247739366
hepatitis:No;-0.0284307837475021
endstage.renal.disease:No;0.0573777807112896
chronic.kidney.disease:Yes;-0.1034851801943187
asthma:No;-0.0147288203702583
copd:No;0.0282448944180189
dementia:No;0.0426637869234165
cancer:No;-0.0020197909501765
