Features;Individual Effect
age:49.00;-0.0037490793466618
race:white;-0.1169352264019072
sex:male;-0.0992889585230933
hypertension:No;-0.127010832695873
hyperlipidemia:No;-0.0205100746850658
diabetes:No;0.0628444480822887
coronary.artery.disease:No;0.085084957319077
chf:No;-0.0102347508877289
cerebrovascular.disease:No;0.0243487216501959
hepatitis:No;-0.0346749092417183
endstage.renal.disease:No;0.0600564120839292
chronic.kidney.disease:No;0.0163616699807385
asthma:No;0.0123750139452607
copd:No;-0.0601274970061541
dementia:No;0.061722820739891
cancer:No;0.0074842103070028
