Features;Individual Effect
age:77.00;-0.0696093242046162
race:white;0.0219493501716884
sex:female;0.0375085045977503
hypertension:No;0.0301727466326438
hyperlipidemia:No;0.0391293705070242
diabetes:No;-0.0015662395826647
coronary.artery.disease:No;0.0703409663183452
chf:No;-0.0190684276458782
cerebrovascular.disease:No;0.0236793704149888
hepatitis:No;-0.003802431736829
endstage.renal.disease:No;0.0073768472435121
chronic.kidney.disease:Yes;0.1334682189771883
asthma:No;-0.0133528406914941
copd:No;-0.0572805068514659
dementia:No;-0.0004387363888304
cancer:No;0.0093312195562163
