Features;Individual Effect
age:63.00;0.022809242754947
race:white;0.0335342066938723
sex:female;0.0841835321239898
hypertension:No;-0.0153394625393682
hyperlipidemia:No;-0.0243617235294336
diabetes:No;-0.0346717022625258
coronary.artery.disease:No;0.0801336517705538
chf:Yes;0.1052722784217789
cerebrovascular.disease:No;0.0122743983846585
hepatitis:No;0.0246899073156462
endstage.renal.disease:No;-0.0977820721494764
chronic.kidney.disease:No;-0.0209017021785321
asthma:No;-0.0150486292724693
copd:No;-0.0182867748705904
dementia:No;-0.0381386726732647
cancer:No;0.0107680873851972
