Features;Individual Effect
age:84.00;-0.1890149286061217
race:white;-0.0157946224889571
sex:male;-0.0003883578964587
hypertension:Yes;-0.0513601657727401
hyperlipidemia:No;-0.0083245932350324
diabetes:Yes;-0.0003359863728142
coronary.artery.disease:Yes;-0.125395603930517
chf:No;-0.022207876131868
cerebrovascular.disease:Yes;-0.021754047958624
hepatitis:No;0.0204972104116681
endstage.renal.disease:No;-0.0060688734083211
chronic.kidney.disease:No;-0.0653411911081029
asthma:No;-0.0559773405935016
copd:No;-0.0020700892290158
dementia:No;0.0390705076048108
cancer:No;0.0015581278396762
