Features;Individual Effect
age:28.00;0.3260409822831337
race:white;-0.0301264818160226
sex:female;0.0623584448219169
hypertension:No;0.0119683567729536
hyperlipidemia:No;-0.0099783521524683
diabetes:No;0.0264475535966067
coronary.artery.disease:No;0.0856016333254044
chf:No;-0.0220545029064336
cerebrovascular.disease:No;-0.0058648493839629
hepatitis:No;0.0099285899106394
endstage.renal.disease:No;0.0101709984382586
chronic.kidney.disease:No;-0.0086428702416232
asthma:No;0.0245264558816036
copd:No;-0.0241021015334557
dementia:No;0.0045060098160499
cancer:No;0.0385962457401859
