Features;Individual Effect
age:89.00;-0.1811633617445878
race:black;-0.0606828622908686
sex:female;0.0337362012867123
hypertension:Yes;-0.0840986789575608
hyperlipidemia:No;-0.054401829613302
diabetes:No;-0.0211010528125214
coronary.artery.disease:No;-0.0009761804255548
chf:No;0.0015239359638531
cerebrovascular.disease:No;0.0136264471853494
hepatitis:No;0.0254615604527403
endstage.renal.disease:No;0.0461453098511177
chronic.kidney.disease:No;0.0005409480623836
asthma:Yes;0.0118487071007181
copd:No;-0.0108990364992826
dementia:No;0.0342167419710851
cancer:Yes;-0.0955955719971234
