Features;Individual Effect
age:61;0.0563114419741919
race:black;-0.0023819031299707
sex:male;-0.0715901778020009
hypertension:Yes;0.076167133820414
hyperlipidemia:No;0.0002273906507792
diabetes:Yes;-0.0446338373096495
coronary.artery.disease:No;0.0562901801577147
chf:No;0.0234512246296923
cerebrovascular.disease:No;0.0200247978434009
hepatitis:No;0.0487604986257642
endstage.renal.disease:Yes;0.0052318858075384
chronic.kidney.disease:No;-0.0130108230419595
asthma:No;0.0092937546735646
copd:No;0.0258764978052433
dementia:No;-0.0169176669763083
cancer:No;0.0032799020929702
