Features;Individual Effect
age:74.00;-0.1022748987971301
race:white;-0.0069181607202125
sex:female;0.1353585416302619
hypertension:No;-0.0226728034989244
hyperlipidemia:No;0.0367230250387683
diabetes:Yes;-0.0630016701089548
coronary.artery.disease:No;0.0872381951834438
chf:No;0.0212212492068421
cerebrovascular.disease:No;0.0299337148653532
hepatitis:No;0.022417697835352
endstage.renal.disease:No;0.024660022023126
chronic.kidney.disease:No;0.002354123708497
asthma:No;-0.0332333256382516
copd:No;-0.0466834322030522
dementia:No;0.0411425396863375
cancer:No;0.0079640657437786
