Features;Individual Effect
age:73.00;-0.0193025269688424
race:other;-0.0017647238310596
sex:male;-0.011854336518954
hypertension:Yes;0.0788054104632673
hyperlipidemia:Yes;0.0984272000795935
diabetes:Yes;0.0100550487466663
coronary.artery.disease:Yes;-0.1181949160124026
chf:No;0.0156037235607421
cerebrovascular.disease:No;0.0120711141666584
hepatitis:No;-0.0109889425546861
endstage.renal.disease:No;0.0204776146050937
chronic.kidney.disease:No;0.0005346569199836
asthma:Yes;0.0484345920070511
copd:Yes;0.0842085618008853
dementia:No;-0.0217839430518646
cancer:No;-0.0562287342227421
