Features;Individual Effect
age:77.00;-0.0499561812374038
race:other;0.0808650697085445
sex:female;0.080934101731929
hypertension:Yes;-0.0177756522560368
hyperlipidemia:No;0.0068287473116457
diabetes:Yes;0.0152075786048973
coronary.artery.disease:No;0.0690032449474451
chf:No;0.0026198537046666
cerebrovascular.disease:Yes;0.0047929255156952
hepatitis:No;-0.0042941988101741
endstage.renal.disease:Yes;0.0661992573087946
chronic.kidney.disease:Yes;0.0525656495857365
asthma:No;-0.0058671928649884
copd:No;0.0146431369786096
dementia:No;-0.0549243776446946
cancer:No;0.0063470130651355
