Features;Individual Effect
age:67.00;0.0839230606154221
race:asian;0.0402672743971547
sex:male;-0.0166899256421583
hypertension:No;-0.0145881056627455
hyperlipidemia:No;-0.0400097374942066
diabetes:No;0.0551439432448113
coronary.artery.disease:No;0.0715446616056276
chf:No;0.0218405087124495
cerebrovascular.disease:No;-0.0157370123368743
hepatitis:No;0.0230936015263161
endstage.renal.disease:No;0.0054051844757644
chronic.kidney.disease:No;-0.0146833159347479
asthma:No;0.0252131354917837
copd:No;0.0522251124759217
dementia:No;-0.0146438192129192
cancer:No;0.0283958323339692
