Features;Individual Effect
age:64.00;-0.0099619850241951
race:black;0.0106169644981994
sex:male;-0.0808516829654892
hypertension:No;-0.0307054531370125
hyperlipidemia:No;0.0222335470850924
diabetes:No;0.0680775582121931
coronary.artery.disease:No;0.0337920855915572
chf:No;0.0462869150753646
cerebrovascular.disease:No;-0.0391725218633309
hepatitis:No;0.0325057014163807
endstage.renal.disease:No;-0.0066988061669897
chronic.kidney.disease:No;-0.0013419052010272
asthma:No;-0.0179786862037414
copd:No;0.0291383656089955
dementia:No;0.0261378792149305
cancer:No;0.0095117415599857
