Features;Individual Effect
age:7No;-0.041347168740484
race:white;-0.0315745732962823
sex:male;-0.0026598708484267
hypertension:Yes;0.0252342699152427
hyperlipidemia:Yes;-0.0552261725860358
diabetes:Yes;-0.0670019897775889
coronary.artery.disease:No;0.0530544075010274
chf:No;-0.0521887160989627
cerebrovascular.disease:No;0.0087025087591778
hepatitis:No;0.0077057592861369
endstage.renal.disease:Yes;-0.0822755379652723
chronic.kidney.disease:No;0.0038462818002179
asthma:No;0.0201195751823004
copd:No;0.0072434528552959
dementia:No;0.0275569736268125
cancer:No;0.0111661533657975
