Features;Individual Effect
age:84.00;-0.2639087753086007
race:black;-0.0618203789729102
sex:male;-0.0654928505242524
hypertension:Yes;-0.0348132646770166
hyperlipidemia:No;-0.010881063208904
diabetes:Yes;-0.077680474292477
coronary.artery.disease:No;0.0269041771556429
chf:No;0.0031204938233353
cerebrovascular.disease:No;0.0072606836601179
hepatitis:No;-0.0015542569080378
endstage.renal.disease:No;-0.0274305360442865
chronic.kidney.disease:No;-0.0126183512406488
asthma:No;-0.0049781177113711
copd:No;-0.0231060457655998
dementia:No;0.0017497432223476
cancer:No;-0.0017299188560396
