Features;Individual Effect
age:58.00;0.0078133026591528
race:black;-0.0181954290927388
sex:female;0.049820543179659
hypertension:Yes;0.0060686753896645
hyperlipidemia:No;-0.0391400946508207
diabetes:Yes;-0.0930000876625794
coronary.artery.disease:No;0.1171000071880653
chf:No;0.0188687955790387
cerebrovascular.disease:No;-0.0169627416042744
hepatitis:No;0.0139982684021596
endstage.renal.disease:No;0.019827325093807
chronic.kidney.disease:No;-0.024288034247676
asthma:No;0.0078213821538584
copd:No;0.0098627052757833
dementia:No;-0.0040052933987372
cancer:No;0.0432536285615212
