Features;Individual Effect
age:57.00;0.0221385428970629
race:white;-0.0753194255843213
sex:male;-0.0900621693102069
hypertension:No;-0.024197831977816
hyperlipidemia:No;-0.0492683971509108
diabetes:No;0.0038469653078779
coronary.artery.disease:Yes;-0.2428193156120362
chf:No;-0.013110615000213
cerebrovascular.disease:No;-0.0025907553667776
hepatitis:No;0.0130607686754069
endstage.renal.disease:No;-0.0039283073280138
chronic.kidney.disease:No;-0.0160217039807772
asthma:No;-0.0226426033121984
copd:No;-0.0113325683738992
dementia:No;0.0031001636810484
cancer:No;-0.0037037060258532
