Features;Individual Effect
age:54.00;0.191009545952511
race:white;0.0041015126614386
sex:female;0.024164450138325
hypertension:Yes;0.0049498814817778
hyperlipidemia:Yes;0.0785045733219755
diabetes:Yes;0.0469716263361175
coronary.artery.disease:Yes;-0.0579346332949198
chf:Yes;-0.0011688798086771
cerebrovascular.disease:No;0.0113319794044549
hepatitis:No;-0.0068482822226528
endstage.renal.disease:No;-0.0194974960607538
chronic.kidney.disease:No;0.0313116263754374
asthma:Yes;0.0031629287329685
copd:No;-0.0236128909261948
dementia:No;-0.0032763269326961
cancer:No;-0.0059558933742136
