Features;Individual Effect
age:75.00;-0.1391692887561193
race:other;-0.0090418643085742
sex:female;0.0340530989264613
hypertension:No;0.0337678006926748
hyperlipidemia:No;-0.019942371990557
diabetes:Yes;0.0375351006137179
coronary.artery.disease:Yes;-0.0851888128559331
chf:Yes;0.0156867531702762
cerebrovascular.disease:Yes;-0.0416319682356109
hepatitis:No;0.0307576119133892
endstage.renal.disease:No;0.0075242975019633
chronic.kidney.disease:Yes;0.0220196568778109
asthma:No;0.0278412556568404
copd:No;-0.0466285148654619
dementia:No;-0.0641857497294726
cancer:No;0.023240188788365
