Features;Individual Effect
age:84.00;-0.0528326340888197
race:white;0.0410012048041059
sex:female;0.0986062159932014
hypertension:No;0.0374360678971082
hyperlipidemia:No;-0.0142578734091676
diabetes:No;-0.0577478152170904
coronary.artery.disease:No;0.0575805985925682
chf:No;0.0544632081610654
cerebrovascular.disease:Yes;-0.0081071360884766
hepatitis:No;0.0314750328404741
endstage.renal.disease:No;-0.0429950436667702
chronic.kidney.disease:No;0.0134428785157121
asthma:No;-0.0152980803129771
copd:No;0.0006470977944954
dementia:No;0.0442235445829347
cancer:No;-0.0272684009836175
