Features;Individual Effect
age:66.00;0.0953372695401112
race:asian;0.0330096172552901
sex:male;0.0229679039018929
hypertension:Yes;0.0542037761292739
hyperlipidemia:Yes;0.0775102239814138
diabetes:No;0.0016949617852834
coronary.artery.disease:No;0.0555078656752367
chf:No;0.0306867729703905
cerebrovascular.disease:No;-0.0150054308485081
hepatitis:No;0.031022578304248
endstage.renal.disease:No;-0.0230364939771853
chronic.kidney.disease:No;0.0134552095393077
asthma:No;-0.0163774068930194
copd:No;0.011092635789584
dementia:No;-0.0193254264345397
cancer:Yes;-0.1355411426328074
