Features;Individual Effect
age:66.00;0.1267860484716712
race:white;0.0168129274421003
sex:male;-0.0253411501385188
hypertension:Yes;0.0031408807567774
hyperlipidemia:No;-0.0421354069536756
diabetes:No;-0.0046763827458984
coronary.artery.disease:Yes;-0.086922531433012
chf:Yes;0.0386344785820937
cerebrovascular.disease:No;0.027930805845251
hepatitis:No;-0.0161605836873793
endstage.renal.disease:No;0.0546440155060087
chronic.kidney.disease:No;-0.0166728120336069
asthma:No;-0.0242418069938864
copd:No;0.0005312967919763
dementia:No;0.0302046400619637
cancer:No;0.0211319456782896
