Features;Individual Effect
age:49.00;-0.0262655186220062
race:other;-0.0213996060154235
sex:male;-0.1251168671079989
hypertension:No;-0.1181600857359884
hyperlipidemia:Yes;-0.069197013824018
diabetes:No;-0.0147620229599744
coronary.artery.disease:No;0.0031604203753599
chf:No;0.0024161531364122
cerebrovascular.disease:No;0.014980853012642
hepatitis:No;0.0229073838813315
endstage.renal.disease:No;-0.0269246621159522
chronic.kidney.disease:No;0.0353121774907578
asthma:No;0.0157135427715825
copd:No;-0.0061764595726991
dementia:No;0.0222676547416664
cancer:No;0.0085210268418036
