Features;Individual Effect
age:64.00;-0.0802027396476804
race:white;-0.0704512301990166
sex:male;-0.0627613735014694
hypertension:No;-0.1230635071196586
hyperlipidemia:No;-0.0251379472672331
diabetes:No;0.0449876071472825
coronary.artery.disease:No;-0.0120461365902626
chf:No;-0.0046104352123512
cerebrovascular.disease:No;0.0235472763378441
hepatitis:No;0.008868506065222
endstage.renal.disease:No;-0.0070218904437905
chronic.kidney.disease:No;-0.0054364282079799
asthma:Yes;-0.0414665105882081
copd:No;0.0221036167560367
dementia:No;0.0278614754757387
cancer:No;0.0440245764718093
