Features;Individual Effect
age:67.00;0.0592392142034489
race:other;0.0815861374164576
sex:female;0.0771187739184225
hypertension:Yes;-0.0143447355029312
hyperlipidemia:Yes;0.0041155369961081
diabetes:Yes;0.0348937886085434
coronary.artery.disease:No;0.0496318965637322
chf:No;-0.0326094767152995
cerebrovascular.disease:No;0.0100979401006726
hepatitis:No;-0.0110981084199585
endstage.renal.disease:No;0.0075350988083154
chronic.kidney.disease:No;0.0286588884414545
asthma:No;0.0169580289164185
copd:No;-0.0579845379512997
dementia:No;0.0041845115041724
cancer:No;0.0385549300021024
