Features;Individual Effect
age:68.00;-0.0912132118746702
race:black;0.0344111275867595
sex:female;-0.0218637734826643
hypertension:No;0.0341993433308405
hyperlipidemia:No;0.0107228229189092
diabetes:No;0.0095225725356502
coronary.artery.disease:No;0.0379372640799922
chf:No;-0.0354403267527891
cerebrovascular.disease:Yes;-0.2280189476064608
hepatitis:No;0.0401767967868097
endstage.renal.disease:No;-0.0095619250085836
chronic.kidney.disease:No;-0.047108110796607
asthma:No;0.0036670106574316
copd:No;-0.0180036348003643
dementia:No;-0.0048026497190852
cancer:No;0.0114545085110842
