Features;Individual Effect
age:72.00;-0.0682875789916575
race:asian;-0.0064196863836737
sex:female;-0.0160231152859465
hypertension:Yes;-0.0219187303020976
hyperlipidemia:Yes;-0.0233212475340947
diabetes:Yes;-0.0282026121857231
coronary.artery.disease:No;0.0066143366655301
chf:No;0.0274077217102038
cerebrovascular.disease:Yes;-0.07263522754736
hepatitis:No;-0.0430482977598637
endstage.renal.disease:No;-0.0113359320604511
chronic.kidney.disease:Yes;-0.055493496484382
asthma:No;-0.0060538606300893
copd:No;-0.0208990441449538
dementia:No;0.0007326197453602
cancer:No;-0.0131050719625935
