Features;Individual Effect
age:69.00;-0.0099136962877797
race:other;0.0299916349835875
sex:female;0.0755308994870942
hypertension:Yes;0.055947841104715
hyperlipidemia:No;0.0360851050054654
diabetes:Yes;0.0299034699385872
coronary.artery.disease:No;0.0555750798053395
chf:No;-0.0056536574283735
cerebrovascular.disease:No;0.0456584756817959
hepatitis:No;-0.0031320277572705
endstage.renal.disease:No;-0.0318326981580155
chronic.kidney.disease:No;0.0248554302156501
asthma:No;0.0331706670676648
copd:No;0.0268793597680972
dementia:No;0.0065070065965532
cancer:No;0.0063217884860827
