Features;Individual Effect
age:63.00;0.0561970678189908
race:white;-0.0763642058363026
sex:female;0.082743306964349
hypertension:No;-0.034086535662191
hyperlipidemia:Yes;0.1170787237929786
diabetes:No;-0.0038916085483653
coronary.artery.disease:No;0.0829924728779585
chf:No;-0.0017966897404505
cerebrovascular.disease:No;-0.0091036585919147
hepatitis:No;-0.0049690508637137
endstage.renal.disease:No;-0.0131419298545398
chronic.kidney.disease:No;0.0256816741163515
asthma:No;0.0086391917443863
copd:No;-0.053493553431302
dementia:No;-0.0083951221399646
cancer:No;-0.0138949876116839
