Features;Individual Effect
age:77.00;-0.0747963482005119
race:white;0.0192672464061831
sex:female;0.1055725383643094
hypertension:No;0.0359394304924362
hyperlipidemia:No;0.0158789026247789
diabetes:Yes;-0.0211166301258171
coronary.artery.disease:No;0.0651822952933438
chf:No;-0.050629480950139
cerebrovascular.disease:No;-0.0598504678652898
hepatitis:No;0.0360833959762899
endstage.renal.disease:No;0.0088529908120435
chronic.kidney.disease:No;-0.0134069344905257
asthma:No;0.0356147437186577
copd:No;0.0226055006075765
dementia:No;0.0318767728357365
cancer:No;0.0202201459219391
