Features;Individual Effect
age:83.00;-0.2100052454794696
race:black;0.0037635474441991
sex:female;-0.0785160502667971
hypertension:Yes;-0.0984981897633126
hyperlipidemia:No;-0.0344525286284187
diabetes:No;0.0363025483744642
coronary.artery.disease:No;0.0235736498618704
chf:No;-0.0572251575383881
cerebrovascular.disease:No;-0.0199821739233956
hepatitis:No;0.0124643972067034
endstage.renal.disease:No;0.0440659838294851
chronic.kidney.disease:No;0.0125305996286153
asthma:No;0.0253428944096889
copd:Yes;-0.0373664669524338
dementia:No;-0.0219830454856586
cancer:No;0.0091197119934954
