Features;Individual Effect
age:77.00;-0.1452615459901721
race:black;0.0234885276835629
sex:male;-0.0030037293874774
hypertension:Yes;-0.0407047597812924
hyperlipidemia:Yes;-0.0994978377631546
diabetes:No;0.005841085671146
coronary.artery.disease:No;0.0448638481348278
chf:No;0.0190901619786139
cerebrovascular.disease:No;0.0292894650917702
hepatitis:No;0.0518532929044604
endstage.renal.disease:No;-0.0029800602642821
chronic.kidney.disease:Yes;-0.174088671798256
asthma:No;-0.0010259598218857
copd:No;0.0006620884659643
dementia:No;-0.030400841548181
cancer:No;-0.0254654775759318
