Features;Individual Effect
age:46.00;0.2220838880712619
race:other;-0.0979467231649965
sex:male;-0.015440524112032
hypertension:No;-0.0669189801578637
hyperlipidemia:No;-0.0321931170394588
diabetes:No;0.0506766074329004
coronary.artery.disease:Yes;-0.1838086278748242
chf:No;-0.0205951372340923
cerebrovascular.disease:No;0.077996947259901
hepatitis:No;-0.0295535328228841
endstage.renal.disease:No;-0.0030368428083639
chronic.kidney.disease:No;-0.0264706886605373
asthma:No;-0.0222523687873818
copd:No;-0.0339883920136453
dementia:No;0.001615740123039
cancer:No;0.0179627063358286
