Features;Individual Effect
age:75.00;-0.1334375649494511
race:black;0.0507738198715159
sex:female;0.0986515109682859
hypertension:No;0.04172355632839
hyperlipidemia:No;0.038877041501161
diabetes:No;0.0572966919673906
coronary.artery.disease:No;0.0819355823010906
chf:No;-0.0124112423680466
cerebrovascular.disease:No;0.0081593942332851
hepatitis:No;0.0153356452103461
endstage.renal.disease:No;-0.025890024709274
chronic.kidney.disease:No;0.0245709116365025
asthma:No;-0.0022379478235114
copd:No;0.0024935904349784
dementia:No;0.0022060807920593
cancer:No;0.0396296237678242
