Features;Individual Effect
age:66.00;0.1028015880811004
race:asian;-0.095464327744026
sex:male;-0.0552406542899125
hypertension:No;-0.061774163790849
hyperlipidemia:No;-0.003893632955448
diabetes:No;0.0120207783325056
coronary.artery.disease:No;0.082524282431441
chf:No;-0.007418408539566
cerebrovascular.disease:No;0.0460459476753151
hepatitis:No;-0.0233227649540186
endstage.renal.disease:No;-0.0305686923029287
chronic.kidney.disease:No;0.006157933090138
asthma:No;0.0028874811781728
copd:No;-0.0106088197186707
dementia:No;-0.0075414555751562
cancer:No;0.0354589590769064
