Features;Individual Effect
age:81;-0.1320414461296637
race:white;-0.0409392311372015
sex:female;0.0418349945376588
hypertension:Yes;-0.0719727783970605
hyperlipidemia:No;-0.0140479033152531
diabetes:Yes;-0.0089834561358124
coronary.artery.disease:Yes;-0.1910062434926493
chf:No;-0.0238184270585916
cerebrovascular.disease:Yes;-0.0538414801472317
hepatitis:No;0.036353903616087
endstage.renal.disease:No;0.04054542420107
chronic.kidney.disease:No;-0.0431740478070217
asthma:No;-0.0281888651698267
copd:No;-0.016673215796666
dementia:No;0.0110113937154568
cancer:No;0.0355158685428688
