Features;Individual Effect
age:52.00;0.0981800927000652
race:black;-0.0047772946822478
sex:male;-0.1238117829848918
hypertension:No;-0.1475564222575059
hyperlipidemia:No;0.0184273520983368
diabetes:Yes;-0.1937256882705837
coronary.artery.disease:No;-0.0009571119845603
chf:No;0.0405969010359729
cerebrovascular.disease:No;0.0423931866747253
hepatitis:No;0.0287924477886697
endstage.renal.disease:No;0.0267021326384663
chronic.kidney.disease:No;-6.58026133638738e-06
asthma:No;0.0501460772289602
copd:No;-0.0453318583583105
dementia:No;0.0185207002271925
cancer:No;0.010239808417545
