Features;Individual Effect
age:64.00;0.0835521085372255
race:white;0.0215179299530034
sex:female;0.0387562054827478
hypertension:No;0.019557556953683
hyperlipidemia:No;-0.0211589790866807
diabetes:Yes;-0.0087976915577734
coronary.artery.disease:Yes;-0.0134295518653999
chf:Yes;-0.0046414664232594
cerebrovascular.disease:No;-0.0081962394823592
hepatitis:No;-0.0131379497474068
endstage.renal.disease:No;0.0101328388770997
chronic.kidney.disease:No;0.0068744166736407
asthma:No;0.1216984591699681
copd:No;0.0078422895319307
dementia:No;-0.0348315983159808
cancer:Yes;0.0235822486542879
