Features;Individual Effect
age:75.00;-0.143750861750668
race:other;-0.0356194608704284
sex:female;0.0038086495773057
hypertension:No;-0.0454807897434426
hyperlipidemia:No;0.0099205489944045
diabetes:No;-0.0208781638619121
coronary.artery.disease:Yes;-0.1816336824783019
chf:Yes;0.0298841814668836
cerebrovascular.disease:No;0.0229041991658051
hepatitis:No;-0.0115965987741557
endstage.renal.disease:Yes;-0.0318002129905588
chronic.kidney.disease:No;0.0032561080290602
asthma:No;-0.0232478236327853
copd:No;0.0068217548558909
dementia:No;0.0233647746105652
cancer:No;-0.0658010039341774
