Features;Individual Effect
age:22.00;0.3342370674199398
race:white;0.0150910770300552
sex:female;0.0313640686578558
hypertension:No;-0.0068657253789157
hyperlipidemia:No;0.0089614976906727
diabetes:No;0.0204922030383873
coronary.artery.disease:No;0.0843667721649878
chf:No;0.0343019966126303
cerebrovascular.disease:No;-0.0117436993570538
hepatitis:No;0.0120305408338444
endstage.renal.disease:No;-0.0388392772029059
chronic.kidney.disease:No;-0.0065388753763236
asthma:No;0.0199532187914505
copd:No;0.0019088446394244
dementia:No;-0.023223814243616
cancer:No;-0.0121225646990993
