Features;Individual Effect
age:25.00;0.3315364043159137
race:black;0.0272902689427243
sex:male;0.0106561653484923
hypertension:No;0.0072143565816312
hyperlipidemia:No;-0.0042888913789582
diabetes:No;0.0277626402255077
coronary.artery.disease:No;-0.0305130814890767
chf:Yes;-0.0199987497527911
cerebrovascular.disease:No;-0.0096795330629739
hepatitis:No;-0.0037689887608705
endstage.renal.disease:No;0.0169242506294252
chronic.kidney.disease:No;0.0369682829615362
asthma:No;0.0364233879661803
copd:No;-0.0407128384736757
dementia:No;-0.0082274406969819
cancer:No;0.0006549233793638
