Features;Individual Effect
age:29.00;0.2640908633059093
race:black;-0.0015889455459589
sex:male;-0.0377088724292906
hypertension:Yes;0.0277718596131173
hyperlipidemia:No;0.0264277964546914
diabetes:Yes;-0.0439681844284783
coronary.artery.disease:No;0.039044742373413
chf:No;-0.0045045720033353
cerebrovascular.disease:No;-0.0011760231381154
hepatitis:No;0.0039158969902934
endstage.renal.disease:Yes;0.0965029157703421
chronic.kidney.disease:No;0.019837513496151
asthma:No;-0.0323830442285819
copd:No;-0.0218162453821449
dementia:No;0.0285417477016221
cancer:No;0.0042775939107526
