Features;Individual Effect
age:54.00;0.3130711744547574
race:white;-0.0365132788833373
sex:male;-0.0346464812660115
hypertension:No;-0.0546666781750166
hyperlipidemia:No;0.0319689981081083
diabetes:No;0.0433174700198397
coronary.artery.disease:No;0.0837311696016025
chf:No;0.0340236511759036
cerebrovascular.disease:No;-0.0267625966395779
hepatitis:No;0.0006726777519213
endstage.renal.disease:No;0.0022361146153266
chronic.kidney.disease:No;0.0230038988144249
asthma:No;0.0292170438901339
copd:No;0.0035299310267621
dementia:No;-0.0190266061763528
cancer:No;-0.0098034135816092
