Features;Individual Effect
age:73.00;-0.1563175658072634
race:black;-0.0487935679652037
sex:female;-0.0581869553989046
hypertension:No;-0.031514894886419
hyperlipidemia:No;0.0218874497105314
diabetes:No;0.0035745317705833
coronary.artery.disease:No;0.0538170832531882
chf:No;-0.021135465010667
cerebrovascular.disease:No;-0.0037653127848176
hepatitis:No;0.0350511218525433
endstage.renal.disease:No;0.0140650458546559
chronic.kidney.disease:Yes;-0.1572822059819015
asthma:No;-0.0158675511035224
copd:No;0.0343901939472849
dementia:No;0.0081968532247832
cancer:No;0.0028836158886602
