Features;Individual Effect
age:7No;0.0569115170778599
race:asian;0.0323348438914254
sex:male;0.0127897986473315
hypertension:Yes;0.0389704068813635
hyperlipidemia:Yes;0.0253881939326446
diabetes:Yes;-0.0095361301713349
coronary.artery.disease:Yes;-0.0441141771043816
chf:Yes;0.0470824886854718
cerebrovascular.disease:No;-0.0052512688401069
hepatitis:No;0.0032179400611549
endstage.renal.disease:No;0.0190334561579754
chronic.kidney.disease:Yes;0.0147991084867202
asthma:No;0.0349645686556714
copd:No;-0.00646068818027
dementia:No;0.0087092195986725
cancer:No;-0.0266649306659767
