Features;Individual Effect
age:72.00;-0.1255432627443047
race:white;-0.0780745103392242
sex:male;-0.0341962358982148
hypertension:Yes;0.0027500803297373
hyperlipidemia:Yes;-0.0032363686766763
diabetes:No;0.006395903934069
coronary.artery.disease:Yes;-0.2553972610643327
chf:No;0.0393227321579858
cerebrovascular.disease:No;0.0179588047791793
hepatitis:No;0.0037218321778951
endstage.renal.disease:No;0.024545648344184
chronic.kidney.disease:No;-0.0039216409563967
asthma:No;0.0214532713951524
copd:No;-0.0363736290402346
dementia:No;0.0521238122238195
cancer:No;-0.0429676607026405
