Features;Individual Effect
age:70;0.0987616981448365
race:other;0.0753958944028607
sex:male;-0.0311122250631496
hypertension:Yes;0.1069648143358209
hyperlipidemia:No;-0.0045393344614192
diabetes:No;0.012420095867791
coronary.artery.disease:No;0.079247990827924
chf:No;0.006671306997363
cerebrovascular.disease:No;0.0497181705796492
hepatitis:No;0.0075040587316957
endstage.renal.disease:No;0.0073225636768633
chronic.kidney.disease:No;-0.0046286984912904
asthma:No;0.0205713305037969
copd:No;0.0022737062160087
dementia:Yes;-0.0359573697916357
cancer:No;-0.0223880176649642
