Features;Individual Effect
age:73.00;0.1318990689914607
race:black;0.0488915641173897
sex:male;0.0263703104344532
hypertension:Yes;0.0435917662600021
hyperlipidemia:Yes;0.0367236916521878
diabetes:Yes;0.0102252200091401
coronary.artery.disease:No;0.0994175623166813
chf:No;-0.02009743564589
cerebrovascular.disease:No;-0.0216078063235105
hepatitis:No;-0.0045478747179622
endstage.renal.disease:No;0.0004836546280339
chronic.kidney.disease:No;0.023711526148144
asthma:No;-0.0231361271385495
copd:No;-0.0067950183699815
dementia:No;-0.0136419204090796
cancer:No;-0.0254392309090874
