Features;Individual Effect
age:76.00;-0.1312675936840908
race:black;-0.0210228782330744
sex:female;0.0626351759545843
hypertension:No;-0.0079486027048137
hyperlipidemia:No;0.0502810547540877
diabetes:No;-0.0470583214561226
coronary.artery.disease:No;0.006164627731483
chf:No;0.0356615995275557
cerebrovascular.disease:No;0.0353973838627883
hepatitis:No;0.0241001197788007
endstage.renal.disease:No;-0.0053289251472748
chronic.kidney.disease:No;-0.005387717636806
asthma:No;-0.0470294156151862
copd:No;0.0130986559670335
dementia:Yes;-0.2360813187119326
cancer:No;0.0293455334432392
