Features;Individual Effect
age:85.00;-0.0660170816653733
race:white;0.0194519962124345
sex:male;-0.0183928690984978
hypertension:No;0.0286289351762577
hyperlipidemia:Yes;0.0022441536409675
diabetes:Yes;0.0274254812296828
coronary.artery.disease:No;0.0181800584066393
chf:Yes;-0.0257642407379353
cerebrovascular.disease:No;0.0423052163871882
hepatitis:No;0.0258867925257369
endstage.renal.disease:No;0.0088419171718815
chronic.kidney.disease:Yes;0.0252547090027018
asthma:No;-0.0074924114185589
copd:No;-0.0225374881110379
dementia:Yes;0.0219228912679513
cancer:Yes;-0.0166827035340795
