Features;Individual Effect
age:72.00;0.048908103038636
race:white;0.00492956581838
sex:male;0.0467962768318166
hypertension:Yes;0.0558391653795108
hyperlipidemia:Yes;-0.0067103731364964
diabetes:Yes;0.0260221386493251
coronary.artery.disease:No;0.0442872435384089
chf:Yes;0.0483717976133522
cerebrovascular.disease:No;0.0002821514896789
hepatitis:No;-0.0134592874921916
endstage.renal.disease:No;-0.020629689803563
chronic.kidney.disease:No;0.0056777658773575
asthma:No;-0.0126449974250907
copd:Yes;-0.008205642953319
dementia:No;0.0188625272841711
cancer:No;-0.012332304414708
