Features;Individual Effect
age:73.00;-0.1360103176553307
race:white;-0.1152919065273012
sex:male;-0.0895853709686815
hypertension:No;-0.0940343817795972
hyperlipidemia:No;-0.0042991726096442
diabetes:No;0.0211262321496367
coronary.artery.disease:No;0.0540000387503939
chf:No;0.0238417782488673
cerebrovascular.disease:No;0.0113499541382019
hepatitis:No;0.0108939034577131
endstage.renal.disease:No;0.0115479743607813
chronic.kidney.disease:No;-0.0196789886167382
asthma:No;-0.020519625358218
copd:No;0.0165999850575057
dementia:No;0.0118340247176679
cancer:No;0.0349720545037544
