Features;Individual Effect
age:70;-0.0581809633606105
race:black;-0.0585078080540181
sex:male;-0.0506538362699333
hypertension:No;0.0102969525722615
hyperlipidemia:No;-0.027000309598966
diabetes:No;0.0292068620487197
coronary.artery.disease:No;0.0608243843685191
chf:No;0.0071272774644289
cerebrovascular.disease:No;0.0194590509982613
hepatitis:No;0.0043377501204871
endstage.renal.disease:No;0.0092476918395563
chronic.kidney.disease:No;0.0167004758677385
asthma:No;0.0110367403063928
copd:No;0.0182629195529005
dementia:No;0.0100605823612482
cancer:No;0.0147671323672216
