Features;Individual Effect
age:63.00;-0.0067228479296441
race:hispanic;-0.0659679068296868
sex:male;-0.1885844426538181
hypertension:Yes;0.0797064839051586
hyperlipidemia:No;0.0147637828201106
diabetes:Yes;-0.1054772894586019
coronary.artery.disease:No;0.0782754238778249
chf:No;0.0010759354228351
cerebrovascular.disease:No;-0.0579668654235367
hepatitis:No;-0.0296405737793748
endstage.renal.disease:No;0.0097169333321562
chronic.kidney.disease:No;-0.0117032302229514
asthma:No;0.0280228477943561
copd:No;-0.0079978423155839
dementia:No;0.0094652294296929
cancer:No;0.0525077172271594
