Features;Individual Effect
age:71;0.0413470632179097
race:black;-0.0092471792503817
sex:female;-0.0082683370512098
hypertension:Yes;0.0892587783258396
hyperlipidemia:No;-0.0038019009637043
diabetes:Yes;0.0377067021994802
coronary.artery.disease:No;0.1293258282633471
chf:No;-0.0103791730524543
cerebrovascular.disease:No;-0.0122366067610077
hepatitis:No;-0.0132492641857818
endstage.renal.disease:No;0.0082292119626725
chronic.kidney.disease:No;0.0065636253692708
asthma:No;0.0123742959774065
copd:No;0.0688454028489296
dementia:No;0.0818702239673929
cancer:No;-0.013592610880029
