Features;Individual Effect
age:91;-0.0980716346132427
race:black;0.0024527824075656
sex:male;-0.0908788386512349
hypertension:No;-0.0411874640709591
hyperlipidemia:No;-0.0233185472423425
diabetes:No;0.0388296656099581
coronary.artery.disease:No;0.0234075609724983
chf:No;0.0067890784665872
cerebrovascular.disease:No;0.0364546870321874
hepatitis:No;0.0165877381606504
endstage.renal.disease:No;0.0258569647870183
chronic.kidney.disease:No;0.0476114515273034
asthma:No;0.0621804832468457
copd:No;-0.000357233925347
dementia:No;0.0238232705925555
cancer:Yes;-0.2036633513841023
