Features;Individual Effect
age:63.00;0.0811753081558099
race:black;0.1289210808610949
sex:female;-0.000964690588938
hypertension:No;0.0128080026973414
hyperlipidemia:No;-0.0523296593633698
diabetes:No;0.0355204389837168
coronary.artery.disease:No;0.0949798760287043
chf:No;0.0008677257891996
cerebrovascular.disease:No;0.0134450883663181
hepatitis:No;-0.0199024698908613
endstage.renal.disease:No;0.0001928366132257
chronic.kidney.disease:No;-0.0363779175206328
asthma:No;0.0703973626350142
copd:No;0.0128388375547073
dementia:No;0.0612176912950857
cancer:No;-0.0041572280027978
