Features;Individual Effect
age:72.00;-0.1128547360028685
race:white;-0.0554474247933263
sex:female;-0.0087603358683479
hypertension:Yes;0.0053377164489824
hyperlipidemia:Yes;-0.0991628163532991
diabetes:Yes;-0.041633582575802
coronary.artery.disease:No;0.0557217910601342
chf:No;0.003300812093904
cerebrovascular.disease:No;-0.0359729588660304
hepatitis:No;0.0210062720915088
endstage.renal.disease:No;0.0085139666744224
chronic.kidney.disease:No;0.0401485787032693
asthma:No;0.0240601656506239
copd:No;0.0472445255171027
dementia:No;-0.0069021669754991
cancer:No;-0.0210769225666565
