Features;Individual Effect
age:60;-0.0120226252284244
race:black;-0.0167668391858491
sex:male;-0.1101722101479177
hypertension:Yes;0.0425380058507123
hyperlipidemia:No;0.0226693421912728
diabetes:Yes;-0.1561352197631927
coronary.artery.disease:No;0.0609551168797605
chf:No;0.0268855424137976
cerebrovascular.disease:No;0.0176837618496491
hepatitis:No;-0.0154045733789675
endstage.renal.disease:No;-0.0033491599498164
chronic.kidney.disease:No;0.0018884072194143
asthma:No;-0.0163436896408634
copd:No;-0.0095072794927202
dementia:No;-0.03727816147144
cancer:No;0.0176277402294624
