Features;Individual Effect
age:89.00;-0.1358112333667267
race:asian;0.0640944831496353
sex:female;0.0034145144981662
hypertension:Yes;0.0029799464851997
hyperlipidemia:Yes;-0.0090955518887596
diabetes:No;0.0259754583722997
coronary.artery.disease:No;0.0402491549938715
chf:No;-0.0220598284309514
cerebrovascular.disease:No;-0.0248070441534363
hepatitis:No;0.0533403964881418
endstage.renal.disease:No;-0.0409382270996759
chronic.kidney.disease:No;0.0185677704474353
asthma:No;0.0387550257964657
copd:No;-0.0309329595642161
dementia:Yes;-0.0643179398065787
cancer:Yes;-0.1431806228711932
