Features;Individual Effect
age:85.00;-0.039508657145339
race:white;0.0224405517877979
sex:male;-0.0176508507277408
hypertension:Yes;0.0212280921205563
hyperlipidemia:Yes;0.0699144738531227
diabetes:No;0.0092546802448782
coronary.artery.disease:No;0.0548126662263713
chf:No;0.0468185682432364
cerebrovascular.disease:No;0.0695023710618269
hepatitis:No;0.0142553942224564
endstage.renal.disease:Yes;0.0306874265587496
chronic.kidney.disease:No;0.0023919431497217
asthma:No;-0.0171938969079987
copd:No;-0.0217839501917692
dementia:No;-0.0018427051648602
cancer:No;0.0456325258446198
