Features;Individual Effect
age:72.00;0.0406431109273472
race:other;0.0340030956092833
sex:male;-0.0312752268875439
hypertension:Yes;0.0904819370982439
hyperlipidemia:No;-0.0383010956909857
diabetes:Yes;0.0102388090523436
coronary.artery.disease:No;0.0925175818239121
chf:No;0.0122489785377196
cerebrovascular.disease:No;0.0163380616503466
hepatitis:No;0.0051120438306965
endstage.renal.disease:No;0.0094686522169482
chronic.kidney.disease:No;0.0614277222008746
asthma:Yes;0.0311001296429259
copd:No;-0.0447881201420922
dementia:No;-0.045697909849382
cancer:No;-0.0228728028168816
