Features;Individual Effect
age:65.00;-0.0752571492007625
race:white;0.0226103921353301
sex:male;-0.0593164679616924
hypertension:Yes;-0.0094694471036226
hyperlipidemia:No;-0.0161491666790554
diabetes:No;0.0186491444886349
coronary.artery.disease:No;0.0437601956143872
chf:Yes;-0.0755654070159979
cerebrovascular.disease:No;0.0615513329964188
hepatitis:No;0.0212701195708549
endstage.renal.disease:No;-0.0194762560089706
chronic.kidney.disease:No;0.0093029488592613
asthma:Yes;-0.0484189265785117
copd:Yes;-0.0665872189055665
dementia:No;0.0113150370124089
cancer:No;0.0141692102322959
