Features;Individual Effect
age:73.00;-0.0125294363628634
race:asian;0.1090669672649715
sex:female;0.0523418646478982
hypertension:Yes;0.0074203526927871
hyperlipidemia:No;0.0742132989746966
diabetes:Yes;-0.0133518537218934
coronary.artery.disease:Yes;-0.1251828548215542
chf:No;-0.0215231107379545
cerebrovascular.disease:No;0.0338218830644056
hepatitis:No;-0.0290686590044232
endstage.renal.disease:No;0.0040277093595438
chronic.kidney.disease:No;-0.0057805770912652
asthma:No;-0.0255013651650901
copd:No;-0.0431695557181357
dementia:No;-0.0158189375242833
cancer:No;-0.027298096144074
