Features;Individual Effect
age:72.00;-0.1333912795276716
race:black;0.0457742165476262
sex:female;0.0028526254713708
hypertension:No;0.0056932927651004
hyperlipidemia:No;0.0503121152891618
diabetes:No;-0.0220770925909103
coronary.artery.disease:No;0.0296456982204508
chf:No;0.0051488504474041
cerebrovascular.disease:No;-0.0630844214382753
hepatitis:No;0.0332226073861834
endstage.renal.disease:Yes;-0.1495850971982183
chronic.kidney.disease:No;0.0376403787503238
asthma:No;0.0159019861616599
copd:No;0.0054214505157159
dementia:No;0.0058014883865186
cancer:No;0.0228888876226866
