Features;Individual Effect
age:71;0.0037542087470862
race:white;-0.0007568660037677
sex:male;0.0004165519899395
hypertension:Yes;0.0292033277595177
hyperlipidemia:Yes;0.1183415484226437
diabetes:Yes;0.0145998818883116
coronary.artery.disease:No;0.0475139079845286
chf:No;0.0126653328178739
cerebrovascular.disease:No;-0.0255885457965113
hepatitis:No;-0.0011098726070259
endstage.renal.disease:No;-0.0014244049037615
chronic.kidney.disease:No;0.0072763176725214
asthma:No;0.0052339366712466
copd:No;-0.0378473798176697
dementia:No;-0.0121696717262693
cancer:Yes;-0.0681061871571937
