Features;Individual Effect
age:8No;-0.0386676779260805
race:black;0.0432344155482563
sex:female;0.1033569953298172
hypertension:No;0.1176635523601484
hyperlipidemia:No;-0.0127018780930576
diabetes:No;0.0919300762848146
coronary.artery.disease:No;0.0176032893038618
chf:No;0.0119634085739744
cerebrovascular.disease:No;-0.0364443038240614
hepatitis:No;-0.0516085144750481
endstage.renal.disease:No;0.002081444569294
chronic.kidney.disease:No;0.0748236026214993
asthma:No;-0.0050528483742167
copd:No;0.005948553498211
dementia:No;0.0043489726759903
cancer:No;0.0076193429206499
