Features;Individual Effect
age:76.00;-0.209543330183765
race:black;0.0264198315491935
sex:male;-0.0255813390160847
hypertension:Yes;-0.0031051802322901
hyperlipidemia:Yes;-0.0960238279881782
diabetes:No;-0.0167178973353151
coronary.artery.disease:No;0.0374372291620471
chf:No;0.0134456395655265
cerebrovascular.disease:No;0.0194741091779267
hepatitis:No;0.0343335835509663
endstage.renal.disease:No;-0.0399998283925046
chronic.kidney.disease:No;0.0027242355599846
asthma:No;0.0128565805519351
copd:No;-0.0546436826304051
dementia:No;0.0121786023605007
cancer:No;-0.0140494675426888
