Features;Individual Effect
age:82.00;-0.0125745991065624
race:white;0.0205126007290748
sex:male;-0.0473858221193035
hypertension:Yes;0.0113178084002464
hyperlipidemia:No;-0.0262663516768936
diabetes:Yes;0.0621065555506338
coronary.artery.disease:Yes;-0.0791373426663993
chf:Yes;0.1548692267278687
cerebrovascular.disease:No;-0.0164967124140889
hepatitis:No;0.0058805825680442
endstage.renal.disease:No;0.0327693475578292
chronic.kidney.disease:No;-0.0207734635844863
asthma:No;-0.0338534730539095
copd:No;-0.0059747097033051
dementia:No;-0.0410183048776956
cancer:No;0.0439963997321051
