Features;Individual Effect
age:89.00;-0.1202443599027456
race:white;-0.0744879751436563
sex:female;0.1683191789059987
hypertension:No;-0.0479595688068845
hyperlipidemia:No;-0.00767613698754
diabetes:No;0.0247985419699574
coronary.artery.disease:No;0.0787867191118594
chf:No;0.0429751457500093
cerebrovascular.disease:No;0.0129764433259401
hepatitis:No;0.0059895608570914
endstage.renal.disease:No;-0.0298236682312354
chronic.kidney.disease:No;0.0212065356970319
asthma:No;0.0178788261297392
copd:No;0.0119878423061826
dementia:Yes;-0.0519253045962155
cancer:No;0.0388322066830441
