Features;Individual Effect
age:6Yes;-0.0191517375869502
race:hispanic;-0.124212963590245
sex:male;-0.0672820963876841
hypertension:Yes;0.0686260071874531
hyperlipidemia:No;-0.0225729816765974
diabetes:Yes;-0.0960701295665244
coronary.artery.disease:No;-0.0162600938622463
chf:No;-0.0281514094811765
cerebrovascular.disease:No;-0.0010285316120089
hepatitis:No;0.0068197589706291
endstage.renal.disease:No;-0.0159038656094767
chronic.kidney.disease:No;0.0163478489016507
asthma:No;-0.0065949526109819
copd:No;0.0053577110413442
dementia:No;0.0194984190532458
cancer:No;1.5277780747877112e-05
