Features;Individual Effect
age:56.00;0.1667160641522719
race:other;0.0054895487369807
sex:male;-0.0204877688576433
hypertension:Yes;0.0338446949831706
hyperlipidemia:No;-0.0309675995757394
diabetes:Yes;-0.0015269628343896
coronary.artery.disease:Yes;-0.0547224956831523
chf:Yes;0.0716818603035437
cerebrovascular.disease:No;-0.016305953188552
hepatitis:Yes;-0.0047855628622974
endstage.renal.disease:Yes;0.0295946177878009
chronic.kidney.disease:Yes;0.026177280312896
asthma:No;-0.0027078004674745
copd:No;0.0072382779837644
dementia:Yes;-0.0413428519522268
cancer:No;0.0019498090729725
