Features;Individual Effect
age:65.00;0.0317680987728901
race:asian;0.0500704716605865
sex:male;-0.0354729121672408
hypertension:Yes;0.0100246907906009
hyperlipidemia:No;0.0108041965145011
diabetes:No;-0.0181330842851477
coronary.artery.disease:No;0.0393310021461288
chf:Yes;-0.0764792253252248
cerebrovascular.disease:No;0.0186427605514128
hepatitis:No;-0.0263222919993535
endstage.renal.disease:No;0.0038754422328973
chronic.kidney.disease:No;0.007755691088135
asthma:No;0.0227387526688067
copd:No;0.0044201308716231
dementia:No;-0.0136624173580299
cancer:Yes;-0.1536063171414424
