Features;Individual Effect
age:58.00;0.0243130435362736
race:other;-0.0552464769999112
sex:male;-0.11580663225076
hypertension:Yes;0.0651942306144296
hyperlipidemia:No;-0.0367965347657832
diabetes:Yes;-0.0571752480579734
coronary.artery.disease:Yes;-0.1822272169486189
chf:No;0.0227942443695513
cerebrovascular.disease:No;0.0175856180826909
hepatitis:No;-0.015993098838018
endstage.renal.disease:No;-0.0213878662181192
chronic.kidney.disease:No;-0.0053692818599742
asthma:No;-0.0047153402648784
copd:No;0.0500882996529432
dementia:No;-0.0577573973136941
cancer:No;-0.0189888863130542
