Features;Individual Effect
age:57.00;0.0732373639582433
race:other;0.0068886958414799
sex:female;0.0397651486918638
hypertension:Yes;0.0252335227349156
hyperlipidemia:No;0.0013686286394473
diabetes:Yes;0.0093443106436059
coronary.artery.disease:Yes;-0.1314929930693482
chf:No;0.0375512517888167
cerebrovascular.disease:Yes;-0.065482596541293
hepatitis:No;-0.0055359592990757
endstage.renal.disease:No;0.0102282813839114
chronic.kidney.disease:No;-0.0157203708159223
asthma:No;0.0084416469913751
copd:No;-0.0378435199238622
dementia:No;-0.0008706834317872
cancer:No;0.0116476319061958
