Features;Individual Effect
age:89.00;-0.2520345096388537
race:white;-0.0421478681980329
sex:female;0.0504866752858041
hypertension:No;0.0060039855211055
hyperlipidemia:No;0.0183752786368256
diabetes:No;-0.0359427135693581
coronary.artery.disease:No;0.0286058741591477
chf:Yes;-0.054504791482887
cerebrovascular.disease:No;0.0172070872124749
hepatitis:No;-0.0528453478415538
endstage.renal.disease:No;0.0092237285626338
chronic.kidney.disease:No;0.0136649584894219
asthma:No;0.0097571292031221
copd:No;-0.0073533814351194
dementia:No;0.0145111151927341
cancer:No;0.0213663613435936
