Features;Individual Effect
age:27.00;0.279620616422647
race:black;0.0336923364518627
sex:female;0.0463391519000086
hypertension:No;-0.0002556545145176
hyperlipidemia:No;0.0287346000934799
diabetes:No;0.0217497917191934
coronary.artery.disease:No;0.0134455275689445
chf:No;-0.0252699401310836
cerebrovascular.disease:No;-0.0324134002218558
hepatitis:No;0.0656764849985328
endstage.renal.disease:No;0.0053481785668767
chronic.kidney.disease:No;0.0059835509669175
asthma:No;0.0082728316957808
copd:No;0.0621723309209781
dementia:No;-0.0010489204911734
cancer:No;0.0035724880922742
