Features;Individual Effect
age:48.00;0.0538438496920431
race:black;-0.0051582980221515
sex:male;-0.0654866433516879
hypertension:No;-0.0688177014149253
hyperlipidemia:No;-0.0301884112516255
diabetes:Yes;-0.2025439226400753
coronary.artery.disease:No;0.012925880340229
chf:No;-0.0372149250321457
cerebrovascular.disease:No;-0.0219674169417765
hepatitis:No;-0.0098399792986436
endstage.renal.disease:No;0.020252259667957
chronic.kidney.disease:No;0.0214449714792928
asthma:Yes;-0.0016138580039313
copd:No;0.0137320669059954
dementia:No;-0.0069010258718469
cancer:No;0.0024593738884106
