Features;Individual Effect
age:64.00;0.0915251916321586
race:other;-0.0124015745787134
sex:male;0.0024787681241301
hypertension:Yes;0.057482379357481
hyperlipidemia:Yes;0.0759618706649847
diabetes:Yes;0.0490724124898695
coronary.artery.disease:Yes;-0.0078130979918116
chf:Yes;0.0296314356984447
cerebrovascular.disease:No;0.0031741062689581
hepatitis:No;0.0239851286203437
endstage.renal.disease:Yes;0.0617809826059948
chronic.kidney.disease:Yes;0.0592600113636302
asthma:No;-0.002544409610573
copd:No;-0.0113086281975377
dementia:No;-0.0038012093440452
cancer:No;0.0190377636919661
