Features;Individual Effect
age:62.00;0.0582144989861976
race:white;-0.0276459085072793
sex:male;-0.0593874926030015
hypertension:Yes;0.0932908559569139
hyperlipidemia:No;0.0298580733531137
diabetes:Yes;0.0286008094180918
coronary.artery.disease:Yes;-0.1251568389100621
chf:No;-0.0359918605365901
cerebrovascular.disease:No;0.008799204712336
hepatitis:No;-0.0945118795949991
endstage.renal.disease:No;0.0186539736894826
chronic.kidney.disease:No;0.0656737584866714
asthma:No;0.0041498095223465
copd:No;-0.0466102753350007
dementia:No;-0.008253045216008
cancer:No;0.0581256632454549
