Features;Individual Effect
age:82.00;-0.0676972010146067
race:black;0.039692759579624
sex:female;0.0567494880538474
hypertension:Yes;0.0127281724536006
hyperlipidemia:Yes;0.1128855037489502
diabetes:No;0.0107957008601697
coronary.artery.disease:No;0.0696262929170259
chf:No;-0.0098211867812809
cerebrovascular.disease:No;0.0504496090194211
hepatitis:No;0.0159508656508432
endstage.renal.disease:No;-0.006936514696104
chronic.kidney.disease:No;0.0137177018330399
asthma:No;0.0180127076305859
copd:No;-0.014881963976686
dementia:No;0.035790941324559
cancer:No;0.0474219788934399
