Features;Individual Effect
age:22.00;0.3469579040493867
race:white;-0.026074121462669
sex:female;0.0582883117892217
hypertension:No;0.002039564480355
hyperlipidemia:No;0.0408228106928611
diabetes:No;0.0296385523441437
coronary.artery.disease:No;0.05187533092043
chf:No;-0.0114389806479346
cerebrovascular.disease:No;0.0249267521463005
hepatitis:No;-0.0335189910819898
endstage.renal.disease:No;-0.0171120355268776
chronic.kidney.disease:No;-0.0097993993244217
asthma:No;-0.0029052100221066
copd:No;-0.0199165118674259
dementia:No;0.041366705078097
cancer:No;0.0189044904877649
