Features;Individual Effect
age:53.00;0.2145056771540064
race:black;0.0649587778391742
sex:female;0.0129687587913746
hypertension:Yes;-0.0525447240338543
hyperlipidemia:No;0.0524854629269687
diabetes:No;-0.0762772551307488
coronary.artery.disease:No;0.0751010660192507
chf:No;0.0220507262808891
cerebrovascular.disease:No;0.0149483078079514
hepatitis:No;0.0122539102780878
endstage.renal.disease:Yes;-0.0428154963837534
chronic.kidney.disease:No;0.0511910894156146
asthma:No;0.0023024520235287
copd:No;0.0122328769463041
dementia:No;-0.0354010744747127
cancer:No;0.0138320275280189
