Features;Individual Effect
age:89.00;-0.1253191994312054
race:white;-0.0101773135104889
sex:female;0.0414628839891327
hypertension:Yes;0.0013659971005763
hyperlipidemia:Yes;-0.015688404459679
diabetes:No;-0.0005945146960024
coronary.artery.disease:Yes;-0.0309802583488234
chf:Yes;-0.0051016210755214
cerebrovascular.disease:No;0.0124982221533389
hepatitis:No;-0.010448841003155
endstage.renal.disease:No;0.006590449413448
chronic.kidney.disease:No;-0.0460555768452053
asthma:Yes;0.0484403194814338
copd:Yes;0.1465177110802706
dementia:No;-0.0086273598770675
cancer:No;-0.0403753892502818
