Features;Individual Effect
age:67.00;0.038501455137724
race:black;-0.0434811240958027
sex:female;-0.0152982177895754
hypertension:Yes;0.0007591853942259
hyperlipidemia:No;-0.0394932476972616
diabetes:No;0.0154835583087572
coronary.artery.disease:No;0.0639109661486472
chf:No;0.0186771710757913
cerebrovascular.disease:No;0.0249173395071549
hepatitis:No;0.0496596343760668
endstage.renal.disease:Yes;0.0632635694373268
chronic.kidney.disease:No;-0.0137613585120224
asthma:No;-0.0189065294008507
copd:No;0.0018333414599085
dementia:No;-0.0222609065238429
cancer:No;0.0058672451247825
