Features;Individual Effect
age:68.00;0.0048794220392884
race:black;0.0785348320125315
sex:male;-0.0096390621588392
hypertension:No;-0.0118210874187691
hyperlipidemia:No;0.0329995132447754
diabetes:No;0.0419261294198982
coronary.artery.disease:No;0.1523948666048204
chf:No;0.0075601941281845
cerebrovascular.disease:No;-0.0332340252745822
hepatitis:No;-0.0190244910897779
endstage.renal.disease:No;-0.0228268212210652
chronic.kidney.disease:No;0.0229425032716883
asthma:No;-0.034245183099295
copd:No;0.0411762778419608
dementia:No;-0.0142436879908946
cancer:No;-0.0031999579218377
