Features;Individual Effect
age:7No;0.0566263685507308
race:black;-0.0253883804243829
sex:male;-0.0326594567422487
hypertension:Yes;0.0681390537241853
hyperlipidemia:No;0.0149030359796138
diabetes:Yes;-0.0146752567826552
coronary.artery.disease:No;0.0733994357320767
chf:No;-0.0094217076534692
cerebrovascular.disease:No;-0.0033947728231646
hepatitis:No;-0.06321914523429
endstage.renal.disease:No;-0.023975026544915
chronic.kidney.disease:No;0.0179334231069742
asthma:No;-0.0246099721883537
copd:No;0.0042396490349674
dementia:No;0.0418863543629288
cancer:No;0.0117030434750667
