Features;Individual Effect
age:69.00;-0.0818366333770033
race:white;0.0108507905196014
sex:male;-0.0722071170762553
hypertension:No;-0.0573892526173715
hyperlipidemia:No;0.0016943848468513
diabetes:No;0.0189076893592796
coronary.artery.disease:No;0.0211069175324423
chf:Yes;0.0203083166198136
cerebrovascular.disease:No;-0.0659827038068684
hepatitis:No;-0.029002988677206
endstage.renal.disease:No;0.0170785296302645
chronic.kidney.disease:No;0.0149050556518396
asthma:No;0.0164431046514708
copd:No;-0.0318291526213251
dementia:No;0.0264902611602759
cancer:Yes;-0.1673730778568671
