Features;Individual Effect
age:6No;0.1412183275780735
race:white;0.0064648630411828
sex:female;0.0473905181759959
hypertension:Yes;-0.0088308159340422
hyperlipidemia:Yes;-0.0282446876181207
diabetes:No;0.0089019642764721
coronary.artery.disease:No;0.0524841664177449
chf:Yes;-0.0761741692890163
cerebrovascular.disease:No;0.0454249577106537
hepatitis:No;-0.0145206232778472
endstage.renal.disease:No;0.0127548915480322
chronic.kidney.disease:No;-0.0161199467079876
asthma:No;0.0578019449520624
copd:No;0.0358698146810505
dementia:No;0.0075649368831875
cancer:No;0.0027261804975475
