Features;Individual Effect
age:83.00;-0.0536334295762318
race:white;0.0447271292280563
sex:female;0.0706244614853432
hypertension:Yes;0.0277097481539291
hyperlipidemia:No;0.0406284304609904
diabetes:Yes;-0.0155797144727262
coronary.artery.disease:No;0.0792446231385214
chf:No;-0.0115888906520177
cerebrovascular.disease:Yes;-0.0369290630324019
hepatitis:No;-0.0085850363305424
endstage.renal.disease:No;-0.0363898296868561
chronic.kidney.disease:No;-0.0275212944119246
asthma:No;0.0090751459598013
copd:No;-0.0622502915520537
dementia:No;0.0147527041103704
cancer:No;-0.0183737374772003
