Features;Individual Effect
age:55.00;0.1316380955545026
race:other;0.0352250193568092
sex:female;0.062504996801026
hypertension:No;-0.0507715948167136
hyperlipidemia:No;-0.0387081304672576
diabetes:No;0.0103518414972235
coronary.artery.disease:Yes;-0.1545541021490858
chf:No;-0.0246013349037469
cerebrovascular.disease:No;0.0039715247117535
hepatitis:No;0.0394157774622493
endstage.renal.disease:No;-0.0076023315431285
chronic.kidney.disease:No;-0.0373702938426738
asthma:Yes;0.0949367746173935
copd:No;-0.0315749726481222
dementia:No;0.002186333000513
cancer:No;-0.0081814225014564
