Features;Individual Effect
age:89.00;-0.0468965013417075
race:black;0.0634978430174589
sex:male;-0.0915438709758457
hypertension:Yes;0.057754149810747
hyperlipidemia:Yes;0.086008469673055
diabetes:Yes;0.0133955262910342
coronary.artery.disease:Yes;0.0205064771977349
chf:No;-0.0341973264706186
cerebrovascular.disease:No;0.0157196835876734
hepatitis:No;0.0250309824138262
endstage.renal.disease:No;-0.0009927596474252
chronic.kidney.disease:No;0.0078852609789268
asthma:No;-0.0331659569748268
copd:No;-0.0189479079044247
dementia:No;0.0006664885095262
cancer:No;0.0286960342884308
