Features;Individual Effect
age:33.00;0.3329775231062031
race:black;0.009497677095975
sex:male;-0.0204483050957016
hypertension:No;0.0772270255148688
hyperlipidemia:No;0.0243800048310842
diabetes:No;0.0566530608670346
coronary.artery.disease:No;0.0124217697994911
chf:No;-0.0018669594984884
cerebrovascular.disease:No;0.0007854875062366
hepatitis:No;0.0106234552881622
endstage.renal.disease:No;-0.0048210600660422
chronic.kidney.disease:No;-0.0260028237752495
asthma:No;-0.0008461026757163
copd:No;-0.0007901805128972
dementia:No;0.01251817602842
cancer:No;0.0322560620500905
