Features;Individual Effect
age:89.00;-0.117663088216587
race:white;0.0005564131659826
sex:female;0.0875307376747463
hypertension:Yes;-0.0055820274207913
hyperlipidemia:Yes;0.0518283621133132
diabetes:No;-0.022454609465767
coronary.artery.disease:Yes;-0.0822609954778979
chf:No;-0.0007420477940483
cerebrovascular.disease:No;-0.0170004002821568
hepatitis:No;-0.0016938323479015
endstage.renal.disease:No;-0.0093353337594916
chronic.kidney.disease:No;-0.01591777078856
asthma:No;-0.0300305759506671
copd:No;-0.0195938302951782
dementia:Yes;-0.020046831628743
cancer:No;0.0381991039696478
