Features;Individual Effect
age:64.00;0.0073488438595862
race:black;-0.0334800556608462
sex:female;0.0048036942507874
hypertension:Yes;-0.0392408690784296
hyperlipidemia:No;-0.0301781636712158
diabetes:No;-0.041237864720775
coronary.artery.disease:No;-0.009810708065273
chf:No;0.0419156820558692
cerebrovascular.disease:No;-0.0073316251957981
hepatitis:No;-0.0317476462550841
endstage.renal.disease:No;0.0069926289286042
chronic.kidney.disease:No;0.0536517380092618
asthma:No;0.0037573061304365
copd:No;0.027505114688762
dementia:No;-0.0542012686210333
cancer:No;0.0460364075937951
