Features;Individual Effect
age:86.00;-0.0789741410170526
race:white;0.0083733659468588
sex:female;0.0182716235506109
hypertension:No;0.0096032021785132
hyperlipidemia:No;0.0010025101886458
diabetes:No;0.0004124244606785
coronary.artery.disease:No;0.0049907162880155
chf:No;-0.0208983483928817
cerebrovascular.disease:No;-0.0143792234838487
hepatitis:No;-0.0296407850323023
endstage.renal.disease:No;-0.0202931299703174
chronic.kidney.disease:No;0.0073373932951441
asthma:No;0.0373220602596745
copd:No;0.0914249303290527
dementia:No;0.0073643094743472
cancer:Yes;0.0138901379060539
