Features;Individual Effect
age:55.00;0.2285576715708396
race:other;-0.0161800196428408
sex:female;0.0412406949992427
hypertension:Yes;0.0822716746114859
hyperlipidemia:No;-0.0305546186545289
diabetes:Yes;0.0495926971233984
coronary.artery.disease:Yes;-0.1967987190795112
chf:No;0.0046119024963502
cerebrovascular.disease:No;-0.01204922715512
hepatitis:No;-0.020709129912988
endstage.renal.disease:No;-0.0119756361335475
chronic.kidney.disease:No;0.0260855430861491
asthma:No;-0.0422650739024601
copd:No;0.008973572246068
dementia:No;0.0048020981453838
cancer:No;-0.0008585568231843
