Features;Individual Effect
age:45.00;0.0952540035254332
race:black;-0.0499260382131962
sex:male;-0.093469302058181
hypertension:Yes;0.0373768006343734
hyperlipidemia:No;-0.0182877068303092
diabetes:Yes;-0.1563196366965033
coronary.artery.disease:No;-0.0210189173345762
chf:No;-0.0237585946657476
cerebrovascular.disease:No;-0.0267828979440292
hepatitis:No;-0.004670261627132
endstage.renal.disease:No;0.0132652428646253
chronic.kidney.disease:No;0.0017684501424508
asthma:No;-0.0140478854103079
copd:No;0.0051371859720552
dementia:No;-0.0141535847270897
cancer:No;-0.0262663660915767
