Features;Individual Effect
age:3Yes;0.4689947919956083
race:white;-0.0457275541560751
sex:female;0.0351333541551906
hypertension:Yes;0.0200958589605214
hyperlipidemia:No;-0.028908582754695
diabetes:No;-0.0026031291707453
coronary.artery.disease:Yes;-0.1568823841122301
chf:No;-0.0494517116690432
cerebrovascular.disease:No;0.0176389335405182
hepatitis:No;0.0236427819706926
endstage.renal.disease:No;-0.0144099324449238
chronic.kidney.disease:No;-0.0178108752042623
asthma:No;-0.018243275213643
copd:No;-0.0061683434210762
dementia:No;0.0563947129453085
cancer:No;-0.0016014063940955
