Features;Individual Effect
age:2No;0.3835017878963119
race:other;-0.0159148273217262
sex:female;-0.0120005526721868
hypertension:No;-0.0152546706560501
hyperlipidemia:No;-0.0062151725671405
diabetes:No;-0.0093861209784768
coronary.artery.disease:No;0.0733737324889796
chf:No;-0.0133820693999102
cerebrovascular.disease:No;0.0287452319297659
hepatitis:No;0.0319824907893425
endstage.renal.disease:No;-0.0215106270762413
chronic.kidney.disease:No;-0.0072712119780125
asthma:No;-0.0185993302873107
copd:No;-0.005382801999573
dementia:No;0.0045295936891986
cancer:No;-0.0056616403569517
