Features;Individual Effect
age:86.00;-0.1786097091195465
race:white;-0.013506684469106
sex:male;-0.0443149564043585
hypertension:Yes;-0.0111812130743088
hyperlipidemia:Yes;-0.0620390428873367
diabetes:No;-0.0415711046173763
coronary.artery.disease:No;0.0426544134350066
chf:Yes;-0.1175774445123448
cerebrovascular.disease:No;0.0073647886498205
hepatitis:No;0.0651716289713969
endstage.renal.disease:No;-0.0044367647327726
chronic.kidney.disease:No;-0.0609802030902181
asthma:No;-0.0038118283347774
copd:No;0.0341128177574801
dementia:No;0.0307756682714242
cancer:No;0.0116627166618576
