Features;Individual Effect
age:49.00;0.1478026150236273
race:other;0.0060819114971561
sex:male;-0.0547698221651838
hypertension:No;-0.0242839224495329
hyperlipidemia:No;-0.0009704463497196
diabetes:No;0.0129479563197403
coronary.artery.disease:No;0.0860714679318696
chf:No;-0.0255821819259767
cerebrovascular.disease:No;-0.0444638493494747
hepatitis:Yes;0.0225286527945668
endstage.renal.disease:No;0.0111024841914122
chronic.kidney.disease:No;0.0209073737231474
asthma:No;0.0026135069945095
copd:No;-0.020306941977769
dementia:No;0.0294307699389843
cancer:No;0.0438810067628692
