Features;Individual Effect
age:86.00;-0.0384992765297758
race:asian;-0.0147274227460326
sex:female;0.0411559143093039
hypertension:Yes;0.0435378376096953
hyperlipidemia:No;0.0120272438291066
diabetes:Yes;0.040786794069461
coronary.artery.disease:No;0.0683600584287974
chf:No;0.0069858954145431
cerebrovascular.disease:No;0.004552797461443
hepatitis:No;0.001564339243383
endstage.renal.disease:No;-0.0097935220406865
chronic.kidney.disease:No;0.0039563267136978
asthma:No;-0.0044726778587469
copd:No;0.0177581225654503
dementia:Yes;0.0478666187832751
cancer:No;0.0165838311992887
