Features;Individual Effect
age:76.00;-0.1350205489866714
race:black;0.0414547347641088
sex:male;-0.0558873787063676
hypertension:Yes;0.0112862479974929
hyperlipidemia:Yes;-0.0700803305270428
diabetes:Yes;-0.0568590444195619
coronary.artery.disease:No;-0.0266409375166423
chf:No;-0.0027003587018967
cerebrovascular.disease:No;0.0023739469522913
hepatitis:No;0.0294011935886478
endstage.renal.disease:No;-0.03308615254077
chronic.kidney.disease:No;-0.0186324319802727
asthma:No;0.0274613903999091
copd:No;-0.0351818107844331
dementia:No;0.0538386383285334
cancer:No;0.0218556492450404
