Features;Individual Effect
age:89.00;-0.2010142108962197
race:white;-0.0552877203813209
sex:male;-0.0632795475627068
hypertension:No;-0.072701315706666
hyperlipidemia:No;-0.0148880719415478
diabetes:Yes;0.0093047410644909
coronary.artery.disease:No;-0.0313727206691073
chf:Yes;-0.0207038707579554
cerebrovascular.disease:No;0.0072877946820608
hepatitis:No;0.0419915539343058
endstage.renal.disease:No;-0.0054910270562765
chronic.kidney.disease:No;-0.002001245507671
asthma:No;-0.0227788729623615
copd:No;0.0370296101948428
dementia:Yes;-0.0588811225782707
cancer:No;0.0091813155318328
