Features;Individual Effect
age:85.00;-0.054778275881448
race:other;0.0713712906496378
sex:male;-0.0259394055044256
hypertension:Yes;-0.0018196618769841
hyperlipidemia:Yes;0.0034430745209419
diabetes:Yes;-0.0412645069215844
coronary.artery.disease:No;0.0340048674988308
chf:Yes;0.0765370918649025
cerebrovascular.disease:Yes;-0.0521471917036975
hepatitis:No;0.0030004031368489
endstage.renal.disease:No;0.0089847818285808
chronic.kidney.disease:No;0.0057115002586026
asthma:No;-0.0102780711219038
copd:No;-0.00842435278263
dementia:No;-0.0034299312297132
cancer:No;-0.0236948256169709
