Features;Individual Effect
age:56.00;0.2331068727551688
race:black;0.0090113763688716
sex:female;0.0097573296930838
hypertension:Yes;0.0415517204636432
hyperlipidemia:No;0.0077026922404313
diabetes:No;-0.0149664283966789
coronary.artery.disease:No;0.0684669864469889
chf:No;0.0233593810715886
cerebrovascular.disease:No;0.0566114462145584
hepatitis:No;0.005161114528564
endstage.renal.disease:No;0.0008271315198094
chronic.kidney.disease:No;0.0243777048558424
asthma:No;0.0255101816219061
copd:No;-0.0016367074331943
dementia:No;0.013729698598157
cancer:No;0.0249538254043988
