Features;Individual Effect
age:87.00;-0.1059602494361482
race:white;-0.0810181451073973
sex:male;-0.0225429319349262
hypertension:No;-0.0079210295546939
hyperlipidemia:No;0.0034170339773516
diabetes:No;0.0185806960170517
coronary.artery.disease:Yes;-0.1295305519342691
chf:No;0.0324648390744357
cerebrovascular.disease:Yes;-0.019171832249169
hepatitis:No;0.0076883754505314
endstage.renal.disease:No;0.004463055985377
chronic.kidney.disease:No;0.0005867042950331
asthma:No;-0.0310201172967947
copd:No;0.0042364115709676
dementia:No;0.010506389332629
cancer:No;0.0189596547489561
