Features;Individual Effect
age:56.00;0.2317635819537082
race:white;0.0228314318807106
sex:male;-0.005495269747549
hypertension:Yes;0.041304697920506
hyperlipidemia:No;0.0673376226006188
diabetes:Yes;0.0064417830035302
coronary.artery.disease:No;0.0086102910666075
chf:Yes;-0.0124603455581993
cerebrovascular.disease:No;0.0787895180860112
hepatitis:No;0.0303367131893673
endstage.renal.disease:No;-0.0143574222718869
chronic.kidney.disease:No;0.0180765353718976
asthma:No;-0.0264266024568676
copd:No;-0.046555168240828
dementia:No;0.0597272947403114
cancer:No;0.006724051328245
