Features;Individual Effect
age:85.00;-0.1912415664049513
race:white;0.0102151580713576
sex:male;0.0149700425906986
hypertension:Yes;-0.0087141477670533
hyperlipidemia:Yes;-0.0714349713370328
diabetes:Yes;0.030714139733563
coronary.artery.disease:Yes;-0.0706558077354805
chf:Yes;-0.0329683544420197
cerebrovascular.disease:No;0.0023494366806047
hepatitis:No;0.0149712398967144
endstage.renal.disease:No;0.0035948908825253
chronic.kidney.disease:Yes;-0.0730727836733575
asthma:No;0.0245672883969345
copd:No;0.0009640365160223
dementia:No;-0.0178363572869146
cancer:No;0.0222349644407413
