Features;Individual Effect
age:77.00;-0.1295912299198025
race:white;-0.0343872305447392
sex:female;-0.0343464705322541
hypertension:Yes;-0.0442768346199537
hyperlipidemia:No;0.0325168238563744
diabetes:Yes;-0.0215037689525766
coronary.artery.disease:No;0.0034444739003361
chf:Yes;-0.0044774662257353
cerebrovascular.disease:Yes;-0.0517178129768124
hepatitis:Yes;-0.209630460005015
endstage.renal.disease:No;0.0151839729986536
chronic.kidney.disease:No;-0.0131264292650851
asthma:Yes;-0.0095729735975285
copd:No;-0.0067905418428895
dementia:No;0.0088045661399978
cancer:No;-0.0144428728987177
