Features;Individual Effect
age:75.00;-0.1469350455004519
race:black;0.0462348124515346
sex:male;-0.0389106134612633
hypertension:Yes;0.0838523677181954
hyperlipidemia:No;0.0516119373044832
diabetes:No;-0.0314062868931206
coronary.artery.disease:No;0.0728039871576319
chf:No;-0.0321899341534718
cerebrovascular.disease:No;-0.0375463318911144
hepatitis:No;-0.0117119654126929
endstage.renal.disease:No;0.0056846357138251
chronic.kidney.disease:No;0.0493822388835931
asthma:No;-0.0426654171903402
copd:No;0.0022966937924681
dementia:No;0.0435358835242973
cancer:No;0.0115436719220387
