Features;Individual Effect
age:5Yes;0.2388589263117734
race:white;0.0044963658905075
sex:male;-0.0061401921029847
hypertension:Yes;0.0285699705766335
hyperlipidemia:No;0.0352070050549624
diabetes:No;0.0373216540202376
coronary.artery.disease:No;0.1156749021905289
chf:No;-0.0588884109314811
cerebrovascular.disease:No;-0.0014896917012127
hepatitis:No;0.0006832084751404
endstage.renal.disease:No;-0.0657814828883972
chronic.kidney.disease:No;-0.0207671735683482
asthma:No;0.0051455996324829
copd:No;0.026665101305384
dementia:No;0.0217066962029481
cancer:No;0.0093997978531368
