Features;Individual Effect
age:87.00;-0.1302447711749599
race:white;-0.0115945927352835
sex:female;0.0486805539903141
hypertension:No;-0.0300634650286022
hyperlipidemia:Yes;-0.0214751574510868
diabetes:No;-0.0324913864380584
coronary.artery.disease:No;0.0037660542277832
chf:Yes;-0.0777428322689532
cerebrovascular.disease:No;0.0073190289765539
hepatitis:No;0.0143927832990941
endstage.renal.disease:No;-0.0177187717070214
chronic.kidney.disease:No;0.0084346942128458
asthma:No;-0.0398570396302196
copd:No;0.0152412598076036
dementia:Yes;-0.086542841054872
cancer:No;0.0157612740552685
