Features;Individual Effect
age:56.00;0.2700034448347569
race:black;-0.0249023361626023
sex:female;0.0370693358835375
hypertension:Yes;0.1095779010141324
hyperlipidemia:No;-1.8622171320544813e-05
diabetes:Yes;-0.0253992378966293
coronary.artery.disease:No;0.046918797854739
chf:No;0.0244559753747353
cerebrovascular.disease:No;-0.0005963143972837
hepatitis:No;0.0347113220821531
endstage.renal.disease:No;-0.0252724348499709
chronic.kidney.disease:No;0.0357462435443724
asthma:No;-0.0337251437537236
copd:No;0.0086734925645427
dementia:No;0.005951274012591
cancer:No;0.0164434411553103
