Features;Individual Effect
age:69.00;0.0191450791132519
race:black;0.0160844690974185
sex:female;0.0377544203080308
hypertension:Yes;-0.0715728113645048
hyperlipidemia:No;0.0137301412545223
diabetes:No;-0.0832271460604714
coronary.artery.disease:No;0.0289664314590308
chf:No;0.0131317316915461
cerebrovascular.disease:No;0.0223926196181544
hepatitis:No;0.0210106004721876
endstage.renal.disease:No;0.0201034723569102
chronic.kidney.disease:No;0.0161297782670642
asthma:No;0.0118166768878046
copd:No;-0.0222567187613465
dementia:No;-0.0168148688435532
cancer:No;0.0086655932441621
