Features;Individual Effect
age:82.00;-0.0700755472634458
race:black;0.0976116630884028
sex:female;0.0851373690151478
hypertension:No;0.0067133503807279
hyperlipidemia:No;-0.0078853945609217
diabetes:No;0.0399916086679538
coronary.artery.disease:No;0.0090069849826782
chf:Yes;0.1036989456801111
cerebrovascular.disease:No;0.0638873387171545
hepatitis:No;-0.0405975517246338
endstage.renal.disease:No;0.0066599488128845
chronic.kidney.disease:No;0.0398337896983976
asthma:No;-0.022834563514109
copd:No;-0.0187082781441908
dementia:No;-0.0004421853483688
cancer:No;0.0144334836175499
