Features;Individual Effect
age:55.00;0.0532775632820563
race:white;-0.0468624791781809
sex:male;-0.0759703342267732
hypertension:No;-0.0797595736649365
hyperlipidemia:Yes;-0.1464595827615468
diabetes:No;-0.0250082398233667
coronary.artery.disease:No;-0.005086356634822
chf:Yes;-0.0743518451722765
cerebrovascular.disease:No;-0.0276373401675712
hepatitis:No;-0.0068887124090457
endstage.renal.disease:No;0.0332930229665969
chronic.kidney.disease:No;-0.0183975037162769
asthma:No;0.0007029599395623
copd:No;-0.0099128589999004
dementia:No;0.0373077400178364
cancer:No;0.0535058484113453
