Features;Individual Effect
age:61;0.0044862827767816
race:black;0.0313593984994376
sex:male;-0.0463996198167152
hypertension:Yes;-0.0956489070345288
hyperlipidemia:Yes;0.0167204623317752
diabetes:No;-0.0516198373143658
coronary.artery.disease:Yes;-0.045894931462842
chf:Yes;-0.0150729677464787
cerebrovascular.disease:No;0.0307038497090269
hepatitis:No;0.0391803423501623
endstage.renal.disease:No;-0.0067573059804861
chronic.kidney.disease:Yes;-0.049257796008076
asthma:No;-0.0103794016828672
copd:Yes;-0.0819807707811894
dementia:No;0.0195717080079478
cancer:No;-0.0292655049104672
