Features;Individual Effect
age:71;-0.0800109098619897
race:black;-0.1396525733670707
sex:male;0.0033159663939554
hypertension:Yes;-0.0576135255099908
hyperlipidemia:No;0.0132562852391121
diabetes:No;-0.0500675665208228
coronary.artery.disease:No;0.0665556206489295
chf:No;0.0025055920101743
cerebrovascular.disease:No;0.0105663273352538
hepatitis:No;0.0066119492539239
endstage.renal.disease:Yes;-0.0634045818034669
chronic.kidney.disease:No;-0.0300280443102717
asthma:No;-0.0264017569557547
copd:No;0.0062210702527967
dementia:No;0.0428648601663374
cancer:No;0.0315885097724721
