Features;Individual Effect
age:6No;-0.045680532490419
race:asian;0.0050141409773667
sex:male;-0.0029210423261719
hypertension:No;-0.0649196859619104
hyperlipidemia:No;-0.0397550897302081
diabetes:Yes;-0.0912804299743371
coronary.artery.disease:Yes;-0.1975160368877051
chf:No;-0.0086548018582397
cerebrovascular.disease:No;0.0137282267534344
hepatitis:No;-0.0139885497662597
endstage.renal.disease:No;-0.0078729471487336
chronic.kidney.disease:No;0.0152685924694745
asthma:No;0.0366589884386029
copd:No;-0.0042157556760268
dementia:No;-0.005029441816861
cancer:No;-0.0271758679687714
