Features;Individual Effect
age:49.00;0.1511075196990848
race:other;0.0358305670249531
sex:male;-0.0786766496383068
hypertension:Yes;0.0503946808545466
hyperlipidemia:No;-0.0027322878478339
diabetes:Yes;-0.0111892026995959
coronary.artery.disease:No;0.036490302431197
chf:No;-0.0029095131116824
cerebrovascular.disease:No;0.0101157624485397
hepatitis:No;-0.0288719202743813
endstage.renal.disease:No;0.0401157491676741
chronic.kidney.disease:No;-0.0048214132634654
asthma:Yes;0.0265798171087827
copd:No;-0.0301659901066465
dementia:No;-0.0233757791184272
cancer:No;0.0405800112875764
