Features;Individual Effect
age:67.00;0.0895466411673225
race:white;0.037237781206837
sex:female;0.0299424690269326
hypertension:Yes;-0.0147148864010198
hyperlipidemia:No;0.0064115956783847
diabetes:No;-0.0074961743164152
coronary.artery.disease:No;0.0492554793967715
chf:Yes;0.0047833917978867
cerebrovascular.disease:No;0.0357485660447809
hepatitis:No;-0.0211221971680685
endstage.renal.disease:No;-0.0452361545587508
chronic.kidney.disease:No;-0.0281410705990592
asthma:No;0.0412183448215615
copd:No;-0.0076245977192684
dementia:No;0.0280775664117163
cancer:Yes;-0.0251495200242384
