Features;Individual Effect
age:7No;0.0661829847249453
race:black;-0.011093149817136
sex:female;0.0485279161190752
hypertension:Yes;0.052084015927365
hyperlipidemia:No;0.0072466983013897
diabetes:Yes;0.0207071086385825
coronary.artery.disease:No;0.0479396583927584
chf:No;-0.0107781115050169
cerebrovascular.disease:No;0.0234737154021735
hepatitis:No;-0.0686497451216188
endstage.renal.disease:No;0.049996423989125
chronic.kidney.disease:No;0.0030547757368275
asthma:No;0.0591343445784563
copd:No;-0.0292920117574535
dementia:No;-0.0526479478513832
cancer:No;0.0127331222395138
