Features;Individual Effect
age:89.00;-0.1261389713210335
race:white;-0.0238793582462487
sex:female;0.1114201634442189
hypertension:Yes;0.033084149332211
hyperlipidemia:No;0.0160022133970356
diabetes:No;-0.0282916248805403
coronary.artery.disease:Yes;-0.030141474090673
chf:Yes;0.0521702384530549
cerebrovascular.disease:No;-0.0535249261982292
hepatitis:No;0.022967047916284
endstage.renal.disease:No;-0.0544493907119028
chronic.kidney.disease:No;-0.0341817703178932
asthma:No;-0.0208881433331882
copd:No;0.0261264685502174
dementia:Yes;-0.0243824929805965
cancer:Yes;0.0559087130639983
