Features;Individual Effect
age:61;0.0970275884823259
race:asian;0.1592006450644828
sex:male;-0.0586154862770994
hypertension:Yes;-0.0004704246271359
hyperlipidemia:No;0.0004966554499348
diabetes:No;0.0222485161046811
coronary.artery.disease:No;0.0742542978197207
chf:No;-0.0036129954115179
cerebrovascular.disease:No;-0.0411185787213004
hepatitis:No;0.0231416567177848
endstage.renal.disease:No;-0.0085255216832401
chronic.kidney.disease:No;0.0478638194842004
asthma:No;-0.0322349493861965
copd:No;0.0030819708636597
dementia:No;0.0040654343357673
cancer:No;0.0514902000724832
