Features;Individual Effect
age:88.00;-0.0631850205706031
race:white;0.011604357797905
sex:female;0.0420283567984198
hypertension:Yes;-0.0383906248636484
hyperlipidemia:Yes;0.1006530811370829
diabetes:No;0.0104325909909979
coronary.artery.disease:Yes;-0.085158319714861
chf:No;-0.0009622714582958
cerebrovascular.disease:No;0.0016257074660069
hepatitis:No;-0.0476795774023607
endstage.renal.disease:No;0.0332775516433063
chronic.kidney.disease:No;0.0047901735661072
asthma:Yes;0.1284045874058501
copd:Yes;0.117188255784983
dementia:No;-0.0244347770610315
cancer:No;0.0168726555356847
