Features;Individual Effect
age:80;-0.027929445481381
race:black;-0.0189280017663902
sex:female;0.074406263179576
hypertension:Yes;-0.0060351478700209
hyperlipidemia:No;-0.0200838469223268
diabetes:Yes;0.0565805320236943
coronary.artery.disease:No;0.0309395114438231
chf:No;-0.000512312935835
cerebrovascular.disease:No;0.0068252818067384
hepatitis:No;-0.0045438278661224
endstage.renal.disease:No;-0.0156251221965564
chronic.kidney.disease:No;-0.0247746455257203
asthma:Yes;0.1191556507643921
copd:Yes;0.0804119566413329
dementia:No;0.0024969275276814
cancer:No;-0.0471318619177237
