Features;Individual Effect
age:50;0.0644709173506614
race:white;-0.0287964987681099
sex:female;0.0169836112978182
hypertension:Yes;-0.0245169455481957
hyperlipidemia:No;0.0138792065164186
diabetes:Yes;-0.0573168188587791
coronary.artery.disease:No;0.0289091086552861
chf:No;0.0149013704485085
cerebrovascular.disease:No;-0.0130331278112427
hepatitis:Yes;-0.18814829878927
endstage.renal.disease:No;0.0233059360053635
chronic.kidney.disease:Yes;-0.0419552504478894
asthma:No;-0.0471978116746328
copd:No;0.0064681776409443
dementia:No;0.0317540291419421
cancer:No;0.0163078089377718
