Features;Individual Effect
age:7No;0.1284451804158758
race:black;-0.0020799241246883
sex:male;-0.1020171437021811
hypertension:Yes;0.1048540690442566
hyperlipidemia:No;0.0059074710449312
diabetes:Yes;0.0085741544887121
coronary.artery.disease:No;0.0755672264096963
chf:No;0.0180600905801833
cerebrovascular.disease:No;0.0493689252957774
hepatitis:No;-0.0398717574475603
endstage.renal.disease:No;0.0289538830822616
chronic.kidney.disease:No;-0.0144364174522089
asthma:No;-0.0143420775845583
copd:No;-0.0100368763097538
dementia:No;-0.0123300044939754
cancer:No;-0.0512068266916022
