Features;Individual Effect
age:43.00;0.2666583223247932
race:black;0.0375025401373411
sex:female;0.0399093337192693
hypertension:No;0.0338706869021481
hyperlipidemia:No;0.0335546875656145
diabetes:No;0.0240869122739693
coronary.artery.disease:No;0.0489206557210311
chf:No;0.0139159754742865
cerebrovascular.disease:No;0.0168583976339427
hepatitis:No;0.0017797644396758
endstage.renal.disease:No;0.01560725384413
chronic.kidney.disease:No;0.0014133157535142
asthma:Yes;-0.0002532915937576
copd:No;-0.00345729658249
dementia:No;0.0126917153647315
cancer:No;-0.0046952571548033
