Features;Individual Effect
age:66.00;0.0475580886281122
race:white;-0.0490768839932051
sex:female;0.0672826318694113
hypertension:No;0.0389242478017984
hyperlipidemia:No;0.0130680915835543
diabetes:No;-0.0116998344416162
coronary.artery.disease:No;0.0386656793474971
chf:No;-0.0293146653726972
cerebrovascular.disease:No;0.0184645272872857
hepatitis:No;0.0232793581002181
endstage.renal.disease:No;0.008311664448256
chronic.kidney.disease:No;0.00558159027125
asthma:No;-0.0338599193765856
copd:Yes;-0.0971523347006319
dementia:No;0.0135094314174677
cancer:Yes;-0.0980862653742125
