Features;Individual Effect
age:85.00;-0.0531833409804587
race:white;-0.0308052870373164
sex:male;-0.0439983660207805
hypertension:No;-0.0723073915809599
hyperlipidemia:No;0.0286394806964882
diabetes:No;0.0724372108971601
coronary.artery.disease:No;0.0721219737782042
chf:No;0.0473475730550889
cerebrovascular.disease:No;0.0178433149478527
hepatitis:No;0.0813806875061703
endstage.renal.disease:No;0.0111510271823605
chronic.kidney.disease:No;0.0158809532748692
asthma:No;-0.0085982956571499
copd:No;-0.0316577332013464
dementia:No;-0.015924123936067
cancer:No;0.0008314390492895
