Features;Individual Effect
age:58.00;0.0911149120449842
race:white;0.0085581469382961
sex:male;-0.0434670298079606
hypertension:Yes;0.0758590370401825
hyperlipidemia:No;0.0343106053604676
diabetes:No;0.0444581474313063
coronary.artery.disease:No;0.0769733282785038
chf:No;0.0582870703421682
cerebrovascular.disease:No;-0.0025277726276712
hepatitis:No;0.0153351462005857
endstage.renal.disease:No;0.0552459837918896
chronic.kidney.disease:No;-0.0009204660387557
asthma:No;0.0320474692591763
copd:No;0.0214254584014863
dementia:No;-0.0213343825623341
cancer:No;-0.0578575962892936
