Features;Individual Effect
age:7No;0.0724877401164784
race:black;0.0778516011400975
sex:male;-0.0615179745550664
hypertension:Yes;0.0574542543713193
hyperlipidemia:No;0.0230570125635457
diabetes:Yes;0.0120664015307763
coronary.artery.disease:Yes;-0.1167800670506826
chf:No;-0.0410592520350129
cerebrovascular.disease:No;0.0218738840271238
hepatitis:No;-0.0161022115128737
endstage.renal.disease:No;0.0287215749809583
chronic.kidney.disease:No;-0.0165209801022066
asthma:No;-0.007376255931621
copd:No;-0.0270464758545455
dementia:No;0.0358455920661208
cancer:No;0.0029760136817993
