Features;Individual Effect
age:79.00;-0.1473149095761932
race:black;0.0312772665514676
sex:male;-0.0359879512597907
hypertension:Yes;-0.0364312550627496
hyperlipidemia:No;-0.0371410591960049
diabetes:Yes;0.0183000573901063
coronary.artery.disease:No;0.048723843024902
chf:No;-0.0352186689460208
cerebrovascular.disease:Yes;-0.0974643967870616
hepatitis:No;-0.0352991593261484
endstage.renal.disease:No;-0.0490259990820588
chronic.kidney.disease:No;-0.0197726016623645
asthma:No;-0.0063401908236761
copd:No;-0.0491035705315124
dementia:No;-0.0050940453541494
cancer:No;0.0029473068698712
