Features;Individual Effect
age:74.00;-0.1168497225799209
race:white;-0.0580306725038169
sex:male;0.0036529036759894
hypertension:Yes;0.0499244629962181
hyperlipidemia:Yes;-0.0246365372974704
diabetes:Yes;-0.0271718492201768
coronary.artery.disease:No;-0.0472198481998847
chf:No;-0.0200300569283326
cerebrovascular.disease:No;0.0270010865533346
hepatitis:No;0.0075505078687448
endstage.renal.disease:No;-0.0149089230670872
chronic.kidney.disease:No;-0.0243139282161139
asthma:No;0.0199638063535811
copd:No;-0.0101905923088995
dementia:No;0.0080972548624773
cancer:No;0.007946146273685
