Features;Individual Effect
age:89.00;-0.2224396867733362
race:asian;-0.0438477142412699
sex:male;-0.0866101044150218
hypertension:Yes;0.0287478040094974
hyperlipidemia:No;-0.0125617902228839
diabetes:Yes;-0.0166637100319776
coronary.artery.disease:No;0.0387763881697864
chf:No;-0.0023916367684529
cerebrovascular.disease:No;0.0024181922944289
hepatitis:No;0.0305786276436756
endstage.renal.disease:No;0.020794017630261
chronic.kidney.disease:No;0.0038069047219452
asthma:No;-0.0233217430825859
copd:No;-0.0162897119981671
dementia:Yes;-0.0460917957992663
cancer:No;0.0532781661770867
