Features;Individual Effect
age:58.00;0.0200511601454975
race:white;-0.1210348766533768
sex:male;-0.2000662501376484
hypertension:No;-0.0603143873567111
hyperlipidemia:No;-0.0195094451746974
diabetes:No;0.0522122862280099
coronary.artery.disease:No;0.0766611140525647
chf:No;0.0073986269436011
cerebrovascular.disease:No;-0.0084886781868287
hepatitis:No;0.024382874263821
endstage.renal.disease:No;-0.0053695010519066
chronic.kidney.disease:No;0.0077484808908028
asthma:No;0.0081966557102456
copd:No;-0.0184329352525553
dementia:No;0.0002482123061928
cancer:No;0.0446852011435931
