Features;Individual Effect
age:89.00;-0.1653435657336251
race:white;-0.0441439119526904
sex:female;0.0961545107774398
hypertension:No;0.0514761650377013
hyperlipidemia:No;-0.0174625918796432
diabetes:No;-0.0233386270476861
coronary.artery.disease:No;0.0423606705308101
chf:No;0.0128113700070954
cerebrovascular.disease:No;0.0110790345950057
hepatitis:No;0.033236207356666
endstage.renal.disease:No;0.0009160465312018
chronic.kidney.disease:No;0.0063316303508192
asthma:No;0.0626525370045221
copd:No;-0.0278777514957012
dementia:No;-0.0015513867572417
cancer:No;-0.0031056604658438
