Features;Individual Effect
age:80;-0.2177224056853205
race:white;-0.0300237396524629
sex:male;-0.1251102772741745
hypertension:Yes;0.0039330440617523
hyperlipidemia:No;0.0294884819044415
diabetes:No;-0.0185210671550963
coronary.artery.disease:No;0.0128055306549776
chf:No;0.0361118271461311
cerebrovascular.disease:No;0.0122803754671334
hepatitis:No;0.0062052522423755
endstage.renal.disease:No;-0.0575657500569659
chronic.kidney.disease:No;0.0321687340440056
asthma:No;0.0070048095123889
copd:No;-0.0426918047943903
dementia:Yes;0.0090813408131629
cancer:No;0.029936597480811
