Features;Individual Effect
age:89.00;-0.2373319789805939
race:white;-0.04250307787626
sex:male;-0.1067521238830229
hypertension:No;-0.0215918290482073
hyperlipidemia:No;-0.029393007189441
diabetes:No;-0.0057782323298847
coronary.artery.disease:No;0.000553662721156
chf:No;0.0244439040667005
cerebrovascular.disease:No;-0.0003196352626622
hepatitis:No;-0.0064440056157794
endstage.renal.disease:No;0.0009601908859188
chronic.kidney.disease:No;0.0357487240906848
asthma:No;-0.0521207391194606
copd:No;-0.0443162361913117
dementia:Yes;-0.0576176583443903
cancer:No;0.0420651274835454
