Features;Individual Effect
age:88.00;-0.066675323351904
race:white;-0.0118737408164769
sex:female;0.055372642421359
hypertension:Yes;0.025793384751335
hyperlipidemia:Yes;7.59709447096166e-05
diabetes:Yes;0.0782860738809826
coronary.artery.disease:Yes;-0.0550799310494741
chf:Yes;0.0589477176053419
cerebrovascular.disease:No;-0.0375020091550257
hepatitis:No;0.0050624619451405
endstage.renal.disease:No;0.0002328592528355
chronic.kidney.disease:Yes;0.0540931732553443
asthma:No;0.0059373340708869
copd:No;-0.0023742617258647
dementia:No;-0.0321423958452309
cancer:No;-0.085704150852075
