Features;Individual Effect
age:80;-0.0737882962975887
race:asian;0.0052256439740614
sex:male;-0.0321147125504366
hypertension:No;0.0415383821195536
hyperlipidemia:No;-0.0381645444430066
diabetes:No;-0.0402599710211524
coronary.artery.disease:No;0.0561019279963037
chf:No;-0.0109018446117541
cerebrovascular.disease:No;-0.0124808938678688
hepatitis:No;-0.0017405212509502
endstage.renal.disease:No;-0.0375757668038941
chronic.kidney.disease:No;0.0294168804717448
asthma:Yes;-0.0405859041678495
copd:Yes;-0.0306651949002709
dementia:No;-0.0102971299833735
cancer:No;0.00744287353888
