Features;Individual Effect
age:58.00;0.1165363758390032
race:white;0.0193816219682483
sex:male;-0.0281784789608147
hypertension:Yes;0.0868096365308518
hyperlipidemia:Yes;-0.0027932553686096
diabetes:Yes;-0.0492913209491113
coronary.artery.disease:No;0.0017519218524914
chf:No;0.0600194601153825
cerebrovascular.disease:No;-0.0298695355382737
hepatitis:No;0.0338449678485837
endstage.renal.disease:No;-0.0391842522948724
chronic.kidney.disease:No;-0.0047813692272986
asthma:No;-0.0173410908730412
copd:No;0.0232868830019226
dementia:No;0.0114363636091695
cancer:No;-0.0150619296320504
