Features;Individual Effect
age:68.00;-0.1063139476559645
race:black;-0.0544813344275508
sex:female;-0.1138591412960362
hypertension:Yes;-0.0994070856262984
hyperlipidemia:No;-0.0475461690447928
diabetes:No;0.0155530585366394
coronary.artery.disease:No;0.0400405957960132
chf:No;0.0033522646952382
cerebrovascular.disease:No;-0.0251745803282083
hepatitis:No;-0.022002273984056
endstage.renal.disease:No;0.0277676742228286
chronic.kidney.disease:No;0.0375772959163709
asthma:No;-0.0312123379622633
copd:No;0.0086323997614548
dementia:No;0.0420539640482527
cancer:No;0.0385459641236185
