Features;Individual Effect
age:36.00;0.2635446427561692
race:black;0.0019416588739508
sex:male;-0.0446976093916174
hypertension:No;0.0333273935322073
hyperlipidemia:No;0.0086643211889325
diabetes:No;0.082979701178734
coronary.artery.disease:No;0.0990698924969101
chf:No;0.0282470706326635
cerebrovascular.disease:No;-0.0181960233505034
hepatitis:No;0.0140612574415829
endstage.renal.disease:No;-0.00231023939715
chronic.kidney.disease:No;0.0143612449156745
asthma:No;-0.0441272613078223
copd:No;-0.0105830389578555
dementia:No;0.0088322689469763
cancer:No;-0.0159481570116287
