Features;Individual Effect
age:80;-0.0977909438479412
race:white;0.0211533470693224
sex:male;0.0338108070291272
hypertension:Yes;0.0783974567265944
hyperlipidemia:Yes;0.1075730693242141
diabetes:No;0.0574189331937803
coronary.artery.disease:Yes;-0.0805363418495076
chf:Yes;0.1049732698191804
cerebrovascular.disease:No;-0.0193937801918802
hepatitis:No;0.0088037870992737
endstage.renal.disease:No;-0.0236852678689425
chronic.kidney.disease:No;-0.0422687056887448
asthma:No;-0.0315224459828318
copd:No;0.024897324755666
dementia:No;-0.0179960773138579
cancer:No;-0.0064460115035959
