Features;Individual Effect
age:63.00;0.0655313987521512
race:black;-0.0078513946930556
sex:female;-0.0174114847311573
hypertension:Yes;-0.0295080020919443
hyperlipidemia:No;-0.0430388297039809
diabetes:No;0.0140294650993894
coronary.artery.disease:No;0.0197113584101096
chf:No;0.0360786923390489
cerebrovascular.disease:No;0.0026551226626851
hepatitis:No;0.0146865171735555
endstage.renal.disease:No;-0.021041890153976
chronic.kidney.disease:No;0.0541095274181399
asthma:No;-0.0682831141407923
copd:No;0.0050602788769546
dementia:No;0.0322917871722651
cancer:No;-0.0005728079634604
