Features;Individual Effect
age:67.00;0.0220664144136335
race:white;-0.0282396367078871
sex:male;-0.0473104363343477
hypertension:No;-0.0089728497355221
hyperlipidemia:No;-0.0011233310150265
diabetes:No;-0.0244904475673627
coronary.artery.disease:No;0.0332626266249152
chf:Yes;-0.0317953270200201
cerebrovascular.disease:No;-0.0288465709917979
hepatitis:No;0.0213889224398038
endstage.renal.disease:No;0.0519785195008578
chronic.kidney.disease:No;0.0348960973167949
asthma:No;0.0295175687488042
copd:No;-0.0421758589879674
dementia:Yes;-0.1537940249173827
cancer:No;-0.0291787015664762
