Features;Individual Effect
age:89.00;-0.1753530933153529
race:other;0.0176020366124572
sex:male;-0.0224211225468315
hypertension:Yes;-0.0194027447635086
hyperlipidemia:Yes;0.0265863699639722
diabetes:Yes;-0.0159085772168175
coronary.artery.disease:No;0.0263640149146921
chf:Yes;0.0031641048784431
cerebrovascular.disease:Yes;-0.1042502087550044
hepatitis:No;0.0333764111364366
endstage.renal.disease:No;-0.0174312813338054
chronic.kidney.disease:No;-0.0092782397005856
asthma:No;-0.0023904506251246
copd:No;-0.012476551356347
dementia:No;-0.0158621099430788
cancer:No;-0.0120593413973507
