Features;Individual Effect
age:70;-0.0488068813031423
race:white;-0.0682777353822552
sex:male;-0.0178463004552565
hypertension:Yes;0.0376384267746463
hyperlipidemia:Yes;-0.0228795868550507
diabetes:Yes;0.0053316799706831
coronary.artery.disease:Yes;-0.1688730916020638
chf:No;-0.0647317354265426
cerebrovascular.disease:No;0.0038922092556415
hepatitis:No;0.0042009297196562
endstage.renal.disease:No;0.0172985461054503
chronic.kidney.disease:No;-0.0325805465788259
asthma:No;0.0166508348453807
copd:No;-0.0460469902476372
dementia:No;0.0017035339265173
cancer:No;0.0118750706313095
