Features;Individual Effect
age:84.00;-0.0374175305572989
race:white;0.0196338850061604
sex:female;0.0475244962960111
hypertension:No;-0.0200667464081917
hyperlipidemia:No;0.0120984895769593
diabetes:Yes;-0.0146518378409602
coronary.artery.disease:No;0.0299800718359036
chf:No;0.0474848143477799
cerebrovascular.disease:No;0.0520859915468327
hepatitis:No;0.0727381811032805
endstage.renal.disease:No;0.036679003220284
chronic.kidney.disease:No;-0.0207359907642847
asthma:Yes;0.0729698951365561
copd:No;0.0139751593139527
dementia:No;0.0109656054473631
cancer:No;-0.0391628287867505
