Features;Individual Effect;Interaction Effect
age:42.00,sex:female;0.2166274937830596;0.0624449888135186
race:black,hypertension:No,diabetes:No;0.0320567761003564;0.0351401695778456
coronary.artery.disease:No,hyperlipidemia:No,chf:No;0.0400634086589744;0.0261834338925483
dementia:No;0.0218807926869898;0.0
hepatitis:No,endstage.renal.disease:No,chronic.kidney.disease:No;0.0132095099555534;0.0066263301912513
asthma:No;0.0156336926357091;0.0
cancer:No;0.015529202078305;0.0
cerebrovascular.disease:No;0.0110236706102044;0.0
copd:No;0.0036185140187727;0.0
