Features;Individual Effect;Interaction Effect
age:85.00;-0.1838360063151709;0.0
coronary.artery.disease:Yes;-0.1085501550168305;0.0
cancer:Yes;-0.0454705661827116;0.0
copd:No;0.0290115683648703;0.0
hepatitis:No;0.0230461449063605;0.0
sex:female;0.0146228218007528;0.0
hyperlipidemia:No;0.0111585516033182;0.0
chf:Yes;0.0083506500401839;0.0
hypertension:Yes,diabetes:Yes,chronic.kidney.disease:Yes;-0.0757011221288653;0.0824151406014246
endstage.renal.disease:No;0.0058176120699386;0.0
asthma:No;0.0052055793799403;0.0
cerebrovascular.disease:No,dementia:No;-0.0088212942907945;0.0112683211816784
race:white;0.0002230202730146;0.0
