Features;Individual Effect;Interaction Effect
race:black,hyperlipidemia:No;0.032278889018543;0.0378421581658044
cerebrovascular.disease:No,coronary.artery.disease:No,chf:No;0.0155295219941685;0.0460213602460434
hypertension:No,age:84.00,sex:male;-0.2278177878120384;0.1814916716971768
diabetes:No;0.0422150915404369;0.0
asthma:No;0.0127311003957671;0.0
chronic.kidney.disease:No,dementia:No;0.0021130786018355;0.0081321523580291
copd:No;-0.0047295088938007;0.0
hepatitis:No;0.0038309943978073;0.0
endstage.renal.disease:No,cancer:No;0.0052195865816009;-0.0056730498615987
