Features;Individual Effect;Interaction Effect
age:68.00,hypertension:Yes,diabetes:Yes;-0.0615552224395022;0.1807344616339313
hyperlipidemia:Yes,copd:Yes,cancer:Yes;-0.1419996728493864;0.2004418027285867
coronary.artery.disease:No,chf:No;0.0147212298019427;0.0360533666186842
chronic.kidney.disease:No,sex:male,asthma:No;-0.0477266077347627;0.0819164858105743
race:white;0.0212229483245817;0.0
dementia:No;0.0109838351082059;0.0
endstage.renal.disease:No;-0.0042373925070941;0.0
hepatitis:No;0.0031193846186244;0.0
cerebrovascular.disease:No;-0.0004021870988874;0.0
