Features;Individual Effect;Interaction Effect
asthma:No,age:89.00,coronary.artery.disease:Yes;-0.3027591994690087;0.077827833616025
hypertension:No,diabetes:No;-0.0278156408853764;0.0985444575017117
cancer:No,race:white,chronic.kidney.disease:No;-0.0209710356858967;-0.0278555715248866
sex:female,copd:No;0.010208792956925;0.0297907227023432
hyperlipidemia:No,chf:Yes,dementia:No;-0.0042819160881739;0.0394464072331055
endstage.renal.disease:No;-0.0091726303461251;0.0
hepatitis:No;0.004131303791636;0.0
cerebrovascular.disease:No;-0.0034627440395645;0.0
