Features;Individual Effect;Interaction Effect
race:asian,age:76.00,coronary.artery.disease:Yes;-0.2271579361098188;-0.1703071284112863
copd:No,dementia:No;0.0141776544051173;-0.02956765344895
hepatitis:No;0.0136435122431603;0.0
diabetes:No,sex:female,cancer:No;0.0475834823140772;-0.058840289366611
chf:No;-0.0084937148046257;0.0
hypertension:No;0.0078804510830219;0.0
hyperlipidemia:No;-0.0058623236344347;0.0
endstage.renal.disease:No;0.0048831954979559;0.0
chronic.kidney.disease:No,cerebrovascular.disease:No,asthma:No;0.0086785933305117;-0.0124583516627938
