Features;Individual Effect;Interaction Effect
sex:female,age:26.00,coronary.artery.disease:Yes;0.2075515954003375;0.0425471600287859
race:asian,dementia:No;0.0547482387831576;0.0291095268796179
chronic.kidney.disease:No;0.0376381862171113;0.0
hypertension:No;-0.0318896233036844;0.0
hepatitis:No;-0.0248914485435947;0.0
cerebrovascular.disease:No;-0.0238330192323518;0.0
hyperlipidemia:No;-0.0216054404637777;0.0
copd:No;0.0182848764627062;0.0
cancer:No;-0.0148219013105369;0.0
asthma:No;-0.0122020504189959;0.0
diabetes:Yes;-0.008019451642413;0.0
chf:No;0.0078514476582438;0.0
endstage.renal.disease:No;-0.0044123821443145;0.0
