Features;Individual Effect;Interaction Effect
hyperlipidemia:No,age:72.00,copd:Yes;-0.0672036918532585;-0.0934425910808492
hypertension:Yes,sex:female,diabetes:No;0.0080152439707215;-0.0378335609711307
race:white,coronary.artery.disease:No,chf:Yes;0.02114279582981;-0.0351832717816789
hepatitis:No,chronic.kidney.disease:No;0.0107621104678453;-0.0048158297114138
dementia:No;0.0044237358598258;0.0
asthma:No;-0.0036439203281766;0.0
cerebrovascular.disease:No;-0.0035543796523033;0.0
endstage.renal.disease:No;0.0034829743675298;0.0
cancer:No;0.0006726737842115;0.0
