Features;Individual Effect;Interaction Effect
race:black,age:72.00,coronary.artery.disease:No;0.018279202433827;0.167840862792414
hypertension:No,diabetes:No;-0.0100225123178656;0.0808464877343717
hyperlipidemia:No;0.0266970478159412;0.0
endstage.renal.disease:No,asthma:No;-0.0079003925250765;0.0320393019957893
cerebrovascular.disease:No,cancer:No;-0.0105249446339156;0.0338453799267025
chronic.kidney.disease:No;-0.0128341106451461;0.0
sex:male,copd:No,dementia:No;-0.0451308968631178;0.0401747642445165
chf:No;0.0042708184723815;0.0
hepatitis:No;-0.0019731728977994;0.0
