Features;Individual Effect;Interaction Effect
dementia:Yes;-0.1570675691398071;0.0
coronary.artery.disease:No,age:92.00,sex:female;-0.0918467860376688;-0.0145920308436793
race:black;0.0212994275867128;0.0
chf:No;0.0194726529704589;0.0
diabetes:No;-0.0162970357330331;0.0
hepatitis:No;-0.0144558582050466;0.0
cancer:No;0.0112528448792694;0.0
asthma:No;-0.0057774041020943;0.0
hyperlipidemia:No,endstage.renal.disease:No;0.003752316173904;-0.0087290965391459
hypertension:No,cerebrovascular.disease:No;-0.0127777911379015;0.017736965137527
chronic.kidney.disease:No;0.0031494417327771;0.0
copd:No;0.0006303335509277;0.0
