Features;Individual Effect;Interaction Effect
age:89.00,hypertension:Yes;-0.1731525096457012;-0.0575667323429304
sex:male,hyperlipidemia:No;-0.044577255414638;-0.0463867955709937
coronary.artery.disease:No,cerebrovascular.disease:Yes;-0.0244482357578241;-0.0595774079438992
copd:Yes;0.051896040324587;0.0
race:white,diabetes:No;-0.0157025838533563;-0.0138052714200416
cancer:No;-0.0087296076930788;0.0
chronic.kidney.disease:No;0.0085704762952097;0.0
chf:Yes,endstage.renal.disease:No;-0.0055226007588364;0.0128531559915778
asthma:Yes;0.0067636822937011;0.0
dementia:No;0.0042819712100032;0.0
hepatitis:No;0.003733698495034;0.0
