Features;Individual Effect;Interaction Effect
chronic.kidney.disease:Yes;-0.1173732475474865;0.0
age:79.00,diabetes:Yes;-0.1800482981872249;0.0641519690747624
race:white,coronary.artery.disease:Yes;-0.1327467548302551;0.0509886801539399
cancer:No;0.0471508454102661;0.0
dementia:No;0.0121375294041242;0.0
hyperlipidemia:Yes,chf:Yes,asthma:Yes;-0.0102339586640621;0.0222240353951895
sex:female;0.0088207018085279;0.0
hypertension:Yes;-0.0076823546440837;0.0
hepatitis:No;-0.0074865501179306;0.0
endstage.renal.disease:No;-0.0072335276977937;0.0
cerebrovascular.disease:No;-0.0026213064149212;0.0
copd:Yes;0.0013801095926038;0.0
