Features;Individual Effect;Interaction Effect
chronic.kidney.disease:No,hypertension:Yes,diabetes:Yes;-0.0421103371018009;0.1077040383784277
race:black;0.0512566632835531;0.0
asthma:No;-0.0269329719404974;0.0
sex:male;-0.0215026300154407;0.0
age:80,endstage.renal.disease:Yes;-0.119704051856758;0.1004085301748519
cancer:No;0.0132861098487645;0.0
hepatitis:No;-0.005792870120439;0.0
cerebrovascular.disease:No;-0.0042636179726459;0.0
copd:No;-0.0032694120635229;0.0
dementia:No,hyperlipidemia:Yes,coronary.artery.disease:Yes;-0.1421378351013503;0.1433657820702377
chf:No;-0.0004172230277998;0.0
