Features;Individual Effect;Interaction Effect
chf:No,age:67.00,coronary.artery.disease:Yes;-0.0972788944423362;-0.1775283724236099
race:white,sex:male,hypertension:No;-0.0697069714119352;-0.1310010409799238
diabetes:No;-0.0162329206794668;0.0
hyperlipidemia:No;0.0106520990276523;0.0
dementia:No;0.0102265263293842;0.0
cancer:No,endstage.renal.disease:No,copd:No;0.0263798271889738;-0.0355178315139953
hepatitis:No,cerebrovascular.disease:No,asthma:No;0.0061871689354624;-0.0085020638066881
chronic.kidney.disease:No;-0.0021129985755701;0.0
