Features;Individual Effect;Interaction Effect
chf:No,age:78.00,hypertension:Yes;-0.116043315216823;-0.156687617390502
sex:male;-0.0888030657412161;0.0
race:black;0.0436541072164341;0.0
hepatitis:No,dementia:No;0.015297268589952;0.0282348279217743
diabetes:No;-0.0400399297847086;0.0
coronary.artery.disease:No;0.0267663085306349;0.0
hyperlipidemia:No;-0.0174274022515077;0.0
cerebrovascular.disease:No;0.0115762910147471;0.0
copd:No;0.0107612363371192;0.0
endstage.renal.disease:No,chronic.kidney.disease:No;0.0024085701405256;0.00418866756138
asthma:No;-0.0034624662326471;0.0
cancer:No;-0.0017552679428934;0.0
