Features;Individual Effect;Interaction Effect
hepatitis:No,coronary.artery.disease:No,chf:No;0.0339795604989643;0.0464318036606292
age:66.00,hypertension:No,hyperlipidemia:No;0.0600407436099709;0.0166473922483523
sex:female,cerebrovascular.disease:No;0.04287064758514;0.0067613145023476
dementia:Yes;-0.0427487495514132;0.0
diabetes:No,race:white,copd:Yes;-0.0520961346637159;0.0793830167877982
chronic.kidney.disease:No;-0.012121890648087;0.0
asthma:No;-0.0120018745164263;0.0
endstage.renal.disease:No;0.0078617550960544;0.0
cancer:No;0.0024271627524485;0.0
