Features;Individual Effect;Interaction Effect
race:white,age:70,sex:male;-0.0238177207369566;0.1466780402216181
dementia:No,cancer:No;0.0161503017520513;0.0084239681910409
cerebrovascular.disease:No;-0.0230752536889894;0.0
chf:No;0.0141886577124295;0.0
hyperlipidemia:Yes,coronary.artery.disease:Yes,copd:Yes;-0.1624762175448871;0.1721049895445799
endstage.renal.disease:No;-0.0076054236282877;0.0
hypertension:Yes;0.0072799137886715;0.0
chronic.kidney.disease:No;-0.0035698418527482;0.0
asthma:No;-0.0024072287450225;0.0
hepatitis:No;0.0015447920845292;0.0
diabetes:No;0.0012974265392367;0.0
