Features;Individual Effect;Interaction Effect
diabetes:No,age:37.00,race:other;0.2494604014970187;0.1464410168897845
cerebrovascular.disease:No,dementia:No;0.000819810737347;0.0595644715897565
sex:male;-0.0505808527356061;0.0
coronary.artery.disease:No;0.0433615513049922;0.0
chf:No;0.0399281173828443;0.0
hepatitis:No;0.0298712600067418;0.0
endstage.renal.disease:No;-0.0262675388366376;0.0
hyperlipidemia:No;0.0201059301956401;0.0
asthma:No;0.018009809562937;0.0
chronic.kidney.disease:No;-0.0149412654983655;0.0
cancer:No;0.0124848672085314;0.0
copd:No;-0.0116585641348671;0.0
hypertension:No;0.0103347462930664;0.0
