Features;Individual Effect;Interaction Effect
diabetes:No,race:asian,coronary.artery.disease:Yes;-0.0937450834983781;-0.1289611688017682
age:34.00,hyperlipidemia:No;0.2633311933539136;-0.0784015668446046
sex:male,chf:No;-0.0514278291986972;-0.0324937725704843
hypertension:No;-0.0598055101159788;0.0
copd:No;0.0274687910406398;0.0
asthma:No;0.0230363307548403;0.0
cerebrovascular.disease:No;0.0123720297087597;0.0
hepatitis:No,endstage.renal.disease:No;0.0141544434796049;-0.0226109905672882
chronic.kidney.disease:No,dementia:No;0.0059809752444086;0.0023518018767854
cancer:No;-0.0073698094048456;0.0
