Features;Individual Effect;Interaction Effect
age:89.00,hyperlipidemia:No,chronic.kidney.disease:Yes;-0.2225664637570083;-0.0074602660185461
coronary.artery.disease:Yes,hypertension:Yes,asthma:No;-0.1069560541910841;0.0271346936608927
diabetes:No,race:white,copd:Yes;-0.0364959399474844;-0.0084998779205314
sex:male;-0.0363094349283383;0.0
cerebrovascular.disease:No;0.0198637358658423;0.0
chf:Yes,dementia:No;0.0052424390812255;0.0113401232832892
hepatitis:No;-0.0072431136572942;0.0
endstage.renal.disease:No;0.0027892498080108;0.0
cancer:No;0.0014167470772495;0.0
