Features;Individual Effect;Interaction Effect
sex:female;0.1104367205332654;0.0
hypertension:No,age:63.00,race:other;-0.0304877001456198;-0.045696090277834
coronary.artery.disease:No;0.0528407971861609;0.0
hyperlipidemia:No;-0.0297932140288843;0.0
chf:No,cerebrovascular.disease:No;-0.0156594611353879;-0.0079560714998172
diabetes:No;-0.0217919193867951;0.0
hepatitis:No;-0.0112697613440873;0.0
chronic.kidney.disease:No;-0.0097076633431492;0.0
dementia:No;-0.0096529854700522;0.0
copd:No,cancer:No;0.0153837594357075;-0.0233822400737305
endstage.renal.disease:No,asthma:No;-0.0054481630927443;-0.0025219571359522
