Features;Individual Effect;Interaction Effect
race:white,age:89.00,sex:male;-0.2346632068007293;-0.0434922097256767
endstage.renal.disease:No,cancer:Yes;-0.0915560250461503;0.00493278059461
hyperlipidemia:No;-0.0251858608833671;0.0
hepatitis:No,chronic.kidney.disease:No;0.0010471092713295;0.0233555618105635
coronary.artery.disease:No,chf:Yes;0.0499714106423441;-0.0659184281156915
dementia:No,diabetes:No,copd:No;-0.0008209250693888;0.0108334492761677
hypertension:No;-0.0047476499920137;0.0
cerebrovascular.disease:No;0.0039226748904892;0.0
asthma:No;0.0026921584513542;0.0
