Features;Individual Effect;Interaction Effect
asthma:No,age:33.00,dementia:No;0.2917476578158633;0.0114878692100856
sex:female,hypertension:No,diabetes:No;0.0140950343502764;0.086428895203348
coronary.artery.disease:No,copd:No;0.055523182271042;0.0062867972453596
chronic.kidney.disease:No;0.019273478548606;0.0
cerebrovascular.disease:No;0.0136779262037363;0.0
hepatitis:No;-0.0111605275990563;0.0
endstage.renal.disease:No;0.0036385013678062;0.0
hyperlipidemia:No;0.0034566055272417;0.0
chf:No;-0.0013715820731197;0.0
race:white,cancer:No;-0.0187745607326861;0.0196250811626958
