Features;Individual Effect;Interaction Effect
race:white,age:6No,hypertension:Yes;0.0353894557295507;0.0769246872071002
hyperlipidemia:No,diabetes:Yes,chronic.kidney.disease:Yes;-0.0762615390363043;0.1249776160255488
cancer:No;-0.0341486472319279;0.0
chf:Yes;0.0295365467810618;0.0
sex:male,endstage.renal.disease:Yes;-0.0530893305535514;0.0294403979989861
dementia:No;-0.0139645418891962;0.0
copd:No;-0.0072509117044346;0.0
cerebrovascular.disease:No;0.0061169491893287;0.0
coronary.artery.disease:No;0.0027507300057323;0.0
hepatitis:No;-0.0012728458998194;0.0
asthma:No;-0.0008592299971621;0.0
