Features;Individual Effect;Interaction Effect
sex:male,age:89.00,race:white;-0.2390989400495068;-0.133222009338675
hypertension:No,hyperlipidemia:No;-0.0207359704708238;-0.0219453483613715
hepatitis:No;0.0259573126722365;0.0
coronary.artery.disease:No;0.0178913229843439;0.0
diabetes:No;0.0174483172024986;0.0
dementia:No,endstage.renal.disease:No,cancer:No;0.0099845236705966;0.003470310328903
chf:No;-0.0088771242665751;0.0
chronic.kidney.disease:No;0.0082813645645487;0.0
asthma:No;0.002924918418429;0.0
cerebrovascular.disease:No;-0.0026003482958399;0.0
copd:No;-0.0006006791004885;0.0
