Features;Individual Effect;Interaction Effect
age:89.00,cerebrovascular.disease:No,dementia:No;-0.1694644211215393;-0.0591876732032612
sex:female;0.0703400559387414;0.0
race:white,diabetes:No;-0.0145114053390601;-0.0545916025596195
coronary.artery.disease:No;0.0440309180882276;0.0
chf:Yes;0.0416003717261107;0.0
copd:No;-0.0368914244814412;0.0
hyperlipidemia:No;0.0269701228722474;0.0
asthma:No;-0.0222168282093551;0.0
chronic.kidney.disease:No;-0.0193237458810215;0.0
hypertension:Yes;-0.0115376335216054;0.0
endstage.renal.disease:No;-0.0108433243439078;0.0
hepatitis:No,cancer:No;0.0215964015550261;-0.0203710276049997
