Features;Individual Effect;Interaction Effect
dementia:Yes;-0.1728180203283221;0.0
age:89.00;-0.1348020958909654;0.0
sex:male;-0.0654112762994171;0.0
cerebrovascular.disease:No;0.0430628433788684;0.0
coronary.artery.disease:Yes;-0.0377246636314605;0.0
race:white,chronic.kidney.disease:No;0.0002346732457537;-0.0355965993016508
asthma:No;0.0252158615988173;0.0
hypertension:No,hepatitis:No;-0.0177407546482476;-0.0033363023720613
diabetes:No;0.0158907514660043;0.0
chf:No;-0.009371249930684;0.0
endstage.renal.disease:No;0.0084483930322449;0.0
cancer:No;-0.007973808517787;0.0
copd:No;0.0073892596541813;0.0
hyperlipidemia:No;0.0026795878397032;0.0
