Features;Individual Effect;Interaction Effect
age:53.00,hypertension:Yes,diabetes:Yes;0.1146513657525344;0.2723465675616465
race:white,dementia:No;-0.0109998206051664;0.0268083275584912
chf:No,hyperlipidemia:Yes,coronary.artery.disease:Yes;-0.157386035187212;0.1453334189352755
asthma:No;0.0084736146318691;0.0
chronic.kidney.disease:No,copd:No;0.0165289655955607;-0.0234984041257562
hepatitis:No;-0.0067576661843584;0.0
cerebrovascular.disease:No;-0.0039937161733149;0.0
sex:male,cancer:No;-0.0511452711480877;0.05258551077528
endstage.renal.disease:No;0.0008124042956232;0.0
