Features;Individual Effect;Interaction Effect
chronic.kidney.disease:No,age:65.00,asthma:No;0.098644989889835;0.0394403176774889
hypertension:Yes,race:other,hyperlipidemia:Yes;-0.0243176688288973;0.1033288373730497
cerebrovascular.disease:No,coronary.artery.disease:No,chf:No;0.0532000203471229;0.0175105868911478
diabetes:No;0.0584949541816477;0.0
cancer:No;0.0203231074267049;0.0
dementia:No;0.0139510622804721;0.0
hepatitis:No;0.0108901507175774;0.0
copd:No;0.0102945388295199;0.0
sex:male;-0.0044467214883361;0.0
endstage.renal.disease:No;-0.003636243615217;0.0
