Features;Individual Effect;Interaction Effect
sex:male,age:32.00,race:other;0.2339076338635084;0.1080475875069488
dementia:No,coronary.artery.disease:No,hepatitis:No;0.0490777816748473;0.0004704069689374
diabetes:No;0.0457476428091362;0.0
hyperlipidemia:No;0.0163443472107793;0.0
cerebrovascular.disease:No;0.0136084886356719;0.0
asthma:No,hypertension:No,cancer:No;-0.0124665287328823;0.0193281842255677
endstage.renal.disease:No,copd:No;-0.0074408461335595;0.0134989333228083
chf:No;-0.0020720351546532;0.0
chronic.kidney.disease:No;-0.0010320376186646;0.0
