Features;Individual Effect;Interaction Effect
chf:No,coronary.artery.disease:No,hepatitis:No;0.0706182026819449;0.005018972889838
race:white,age:74.00,sex:female;-0.1311992091872316;0.1954498997823508
hypertension:No,diabetes:No;-0.0165254277978104;0.0715163749839124
asthma:Yes,cerebrovascular.disease:Yes,dementia:Yes;-0.1794523411149445;0.1288676961887631
cancer:No;0.0081099681254733;0.0
hyperlipidemia:No,copd:No;-0.0089861387282198;0.0162695214608966
chronic.kidney.disease:No;0.0050573182408629;0.0
endstage.renal.disease:No;-0.0030752726705019;0.0
