Features;Individual Effect;Interaction Effect
race:black,age:70,hypertension:No;0.0260773567166356;-0.2317917080593914
coronary.artery.disease:No,diabetes:Yes,chronic.kidney.disease:No;0.0001205295723745;-0.139233805155898
sex:female;0.0612594556116352;0.0
endstage.renal.disease:No,copd:No;0.0086840514068082;0.0267741972080424
chf:No;-0.0299215993330458;0.0
cerebrovascular.disease:No;0.0244623502655716;0.0
hyperlipidemia:No;-0.0192057803540081;0.0
dementia:No;0.0092524717326063;0.0
asthma:No;0.0070890985338014;0.0
hepatitis:No;0.0067134713368202;0.0
cancer:No;-0.0052400643689547;0.0
