Features;Individual Effect;Interaction Effect
age:53.00,dementia:No;0.1853570173028405;0.0285375701073373
hyperlipidemia:No,coronary.artery.disease:Yes;-0.1373099287209069;-0.0190619233479719
race:black,hypertension:No,diabetes:No;0.0134483865291433;0.1274907855824881
copd:No;0.0331358293892901;0.0
chf:No;0.0182018626242298;0.0
sex:male,endstage.renal.disease:No;-0.0348287562210212;0.0228574409699867
asthma:No;-0.0113476074875165;0.0
cancer:No;-0.007058709983019;0.0
cerebrovascular.disease:No;-0.0059721136779256;0.0
hepatitis:No;-0.0042673335702706;0.0
chronic.kidney.disease:No;-0.0032005970667482;0.0
