Features;Individual Effect;Interaction Effect
race:black,age:84.00,hypertension:Yes;-0.1346294669596879;-0.1736310772247426
sex:male,diabetes:Yes,chf:No;-0.1058103824045373;-0.054074327252032
coronary.artery.disease:No,dementia:No;0.0466842609448194;-0.0281491624811099
cancer:No;-0.0155247914775502;0.0
endstage.renal.disease:No;-0.0151336258418466;0.0
hyperlipidemia:No;-0.0151113895846117;0.0
hepatitis:No,asthma:No;0.0028539276653538;-0.0063804961250894
cerebrovascular.disease:No;0.0033696583693889;0.0
chronic.kidney.disease:No;0.0026475524657834;0.0
copd:No;-0.0016332712824668;0.0
