Features;Individual Effect;Interaction Effect
sex:female,coronary.artery.disease:Yes,cancer:Yes;-0.1978775051731086;0.3281175849346842
diabetes:No,age:78.00,hypertension:No;-0.1122855114201296;0.1834050609390852
cerebrovascular.disease:No;-0.0172309779642161;0.0
dementia:No,hyperlipidemia:No,copd:No;-0.0217929841230801;0.038213974233263
hepatitis:No,chronic.kidney.disease:No;0.0064853677897718;-0.0167410167444984
race:white,endstage.renal.disease:No;-0.0230861924759429;0.031795406137623
chf:No,asthma:No;-0.0176937081375686;0.0170726067867518
