Features;Individual Effect;Interaction Effect
race:white,age:72.00,coronary.artery.disease:Yes;-0.1842059651632818;-0.1022121993122473
sex:male;-0.09115655852424;0.0
hypertension:Yes,cancer:Yes;-0.1074276041525015;0.0564258900572355
diabetes:Yes;-0.0358676664760946;0.0
copd:No;-0.025622548193109;0.0
chf:No;-0.0196057265428852;0.0
cerebrovascular.disease:No;-0.0174861334496665;0.0
asthma:No;-0.0167064745597399;0.0
dementia:No;-0.0108952851811211;0.0
hepatitis:No,chronic.kidney.disease:No;0.0155449007584371;-0.0079661290073998
hyperlipidemia:No;0.0038197437002579;0.0
endstage.renal.disease:No;0.0002586195404428;0.0
