Features;Individual Effect;Interaction Effect
age:7Yes,hypertension:Yes,diabetes:Yes;-0.0373507667252819;0.2285796663782287
sex:male,hyperlipidemia:Yes,cancer:Yes;-0.1574571647104667;0.0299821350416991
coronary.artery.disease:No;0.0722439561639105;0.0
chf:No;0.017289787577795;0.0
asthma:No;0.011765166725082;0.0
endstage.renal.disease:No;-0.0056459127263574;0.0
hepatitis:No,race:black,chronic.kidney.disease:No;0.0259829966698195;-0.0205139730276724
cerebrovascular.disease:No;0.0047737048878525;0.0
copd:No;0.0040575797274701;0.0
dementia:No;0.0016893818761474;0.0
