Features;Individual Effect;Interaction Effect
age:76.00,chronic.kidney.disease:No;-0.1230862975481582;0.0244793145540919
coronary.artery.disease:No;0.0937833361034787;0.0
hypertension:Yes;-0.0714152916009604;0.0
dementia:No,sex:male,asthma:No;-0.0293946163895065;-0.0371392297060341
race:black;0.0483497167491503;0.0
diabetes:No,chf:No;0.0038040042203346;-0.0333809234141684
endstage.renal.disease:No;-0.0241395428485995;0.0
cancer:No;0.0231567337375697;0.0
hyperlipidemia:No;0.0217991981586957;0.0
hepatitis:No;0.0210959038406736;0.0
cerebrovascular.disease:No;-0.0131838469134311;0.0
copd:No;0.0032681294432295;0.0
