Features;Individual Effect;Interaction Effect
diabetes:No,race:white,coronary.artery.disease:Yes;-0.1424765752925316;-0.1049550953559178
age:8Yes,hypertension:Yes;-0.1475942834454308;-0.002289997085322
hyperlipidemia:Yes,asthma:Yes;-0.021015188472593;0.0625750539747892
endstage.renal.disease:No,copd:No;0.005050650039385;-0.0337006335656853
cerebrovascular.disease:No;0.0184212774407482;0.0
hepatitis:No;0.0151803170966196;0.0
dementia:No;0.0095343350553098;0.0
sex:female;0.0085251401851961;0.0
cancer:No;-0.00545299159995;0.0
chronic.kidney.disease:No;0.0045839562807079;0.0
chf:No;0.0022843061102506;0.0
