Features;Individual Effect;Interaction Effect
coronary.artery.disease:No;0.0636275023785836;0.0
race:white,diabetes:No;-0.0247399456410783;-0.0342294828213448
sex:female,age:89.00,hypertension:No;-0.1580354454803501;0.0995459458852436
chf:No;0.0312956983745173;0.0
hepatitis:No;0.0242631884214515;0.0
dementia:No;0.0178635099484063;0.0
asthma:No;-0.0174825533306588;0.0
hyperlipidemia:No;0.0159561258146011;0.0
cerebrovascular.disease:No;-0.0135698140249492;0.0
endstage.renal.disease:No;-0.0129429091735217;0.0
copd:No;0.011251140788751;0.0
chronic.kidney.disease:No,cancer:No;-0.0138340488981153;0.0149482672884757
