Features;Individual Effect;Interaction Effect
coronary.artery.disease:No,age:82.00,race:black;-0.0455762288424132;-0.156355884269674
hyperlipidemia:No,chf:No;-0.0074942381296355;-0.0286042255565273
diabetes:No;0.0275377246739887;0.0
sex:male,hypertension:Yes;-0.0392210965628689;0.0150603134375817
hepatitis:No;0.0146638731282698;0.0
endstage.renal.disease:No,cerebrovascular.disease:No,cancer:No;-0.0043389251363153;0.0117164063489649
chronic.kidney.disease:No;-0.0047817181712682;0.0
copd:No;0.0045959938922938;0.0
dementia:No;0.0029492586596091;0.0
asthma:No;0.0009332131642594;0.0
