Features;Individual Effect;Interaction Effect
cerebrovascular.disease:No,age:28.00,race:white;0.2921318857684661;0.0190567409122657
coronary.artery.disease:No,cancer:No;0.0465954114944331;0.0270234742255685
sex:female,hypertension:No,diabetes:No;0.016683234774852;0.0565490830521642
dementia:No;0.008199551703346;0.0
endstage.renal.disease:No,chronic.kidney.disease:No;0.0290842104756807;-0.0368770317879214
hyperlipidemia:No,hepatitis:No;-0.0051441096102791;0.0127307667475149
asthma:No,copd:No;-0.0148790872861976;0.0093486486137906
chf:No;0.000747159753771;0.0
