Features;Individual Effect;Interaction Effect
sex:male,age:45.00,chf:Yes;0.1496542736608025;0.1389697735697137
chronic.kidney.disease:No,diabetes:Yes,cerebrovascular.disease:Yes;-0.1245715017884213;0.0769221520639772
cancer:No;0.0314681253297004;0.0
asthma:No;-0.0265966341884409;0.0
copd:No;-0.0186181327371936;0.0
coronary.artery.disease:No;0.0175224185562162;0.0
race:black;0.0157599751273939;0.0
hypertension:Yes;0.010182042700117;0.0
hepatitis:No;0.0094659351250887;0.0
endstage.renal.disease:No;0.0075073585125009;0.0
dementia:No;0.0027758130390717;0.0
hyperlipidemia:No;0.002229316389618;0.0
