Features;Individual Effect;Interaction Effect
hyperlipidemia:No,age:45.00,race:white;0.165548936210671;0.0503855165240507
sex:male,coronary.artery.disease:Yes,chf:Yes;-0.1819404212831423;0.2016675098096496
hepatitis:No,hypertension:No,diabetes:No;-0.0263244881525476;0.0459567868943405
chronic.kidney.disease:No,dementia:No;0.0047737113253212;0.0072149521193708
copd:No;0.0074356863343823;0.0
asthma:No;0.0050593537532666;0.0
endstage.renal.disease:No,cancer:No;0.0131289309365923;-0.0081899941488352
cerebrovascular.disease:No;0.0006159751233618;0.0
