Features;Individual Effect;Interaction Effect
race:black,sex:female,cerebrovascular.disease:Yes;-0.0143917068399059;-0.1686734180173864
age:83.00,hyperlipidemia:Yes,coronary.artery.disease:No;-0.0760938573250417;-0.0434437865159151
hypertension:Yes;-0.0150796759667084;0.0
dementia:No;0.0142453947206923;0.0
cancer:No;0.0134273666966153;0.0
chronic.kidney.disease:No;0.012087928427483;0.0
copd:No,chf:Yes,endstage.renal.disease:No;-0.008857069529504;0.018704052399165
diabetes:Yes;-0.0088590969892378;0.0
hepatitis:No;-0.002454974114312;0.0
asthma:No;0.0017396772498676;0.0
