Features;Individual Effect;Interaction Effect
race:white,age:89.00,sex:male;-0.2372604192777947;-0.1674038925299381
endstage.renal.disease:No,diabetes:No,dementia:Yes;-0.050975381072536;-0.0262069568740483
hypertension:Yes,coronary.artery.disease:No;0.0428815850651437;-0.004661992499463
hyperlipidemia:No;-0.0233257235661518;0.0
cerebrovascular.disease:No;-0.0133709327302894;0.0
cancer:No;0.0055145183369174;0.0
hepatitis:No;0.0032959425097496;0.0
copd:No;0.002748116582242;0.0
chf:No,asthma:No;-0.0129065674090163;0.0150491897242901
chronic.kidney.disease:No;0.0016864000522968;0.0
