Features;Individual Effect;Interaction Effect
coronary.artery.disease:No,age:89.00,hypertension:Yes;-0.1220072493243822;-0.1514366426745981
sex:female;-0.0429163442894045;0.0
race:white;-0.0419583548450329;0.0
cancer:No;0.0175583356428478;0.0
chf:No;0.0175544148236589;0.0
chronic.kidney.disease:No;0.0134592879583913;0.0
diabetes:No,hyperlipidemia:Yes,hepatitis:No;-0.006883145690271;-0.0045492601946016
endstage.renal.disease:No,cerebrovascular.disease:No,asthma:No;-0.0147362302111424;0.0107036914161671
dementia:No;-0.0020532026492225;0.0
copd:No;0.0019014670036826;0.0
