Features;Individual Effect;Interaction Effect
hypertension:No,age:68.00,race:white;-0.0328645190799532;-0.1400367558121478
sex:male;-0.0882965242493408;0.0
diabetes:No,coronary.artery.disease:No,cancer:Yes;-0.0521296914974053;-0.0342125544983598
hyperlipidemia:No;-0.0274355870879856;0.0
asthma:No,endstage.renal.disease:No,copd:No;0.0010324177968953;-0.0204389178281172
chronic.kidney.disease:No;-0.0155397853807487;0.0
chf:No;-0.0125563571563251;0.0
hepatitis:No;0.0112037033393847;0.0
dementia:No;0.004121134488654;0.0
cerebrovascular.disease:No;0.0019423397491092;0.0
