Features;Individual Effect;Interaction Effect
asthma:No,age:8Yes,cancer:No;-0.1524898745088381;-0.0105006020763953
sex:female;0.0902676874381182;0.0
diabetes:Yes;0.0708070249708866;0.0
hepatitis:No;-0.0585061586147001;0.0
dementia:No;-0.0509891022198508;0.0
hyperlipidemia:No;-0.0456082063814293;0.0
race:black;-0.0307956930131723;0.0
endstage.renal.disease:No;0.0175861859490993;0.0
hypertension:Yes;-0.0160371293310224;0.0
chronic.kidney.disease:No;-0.0140177107968043;0.0
coronary.artery.disease:No;0.010446000400209;0.0
cerebrovascular.disease:No;-0.0059991009473781;0.0
chf:No;-0.0044602415438289;0.0
copd:No;0.0024334736733496;0.0
