Features;Individual Effect;Interaction Effect
age:7Yes,hypertension:Yes,diabetes:Yes;-0.0439891201675913;0.2318841339692809
coronary.artery.disease:No;0.0879608751805357;0.0
race:other;-0.053753218900582;0.0
cerebrovascular.disease:No,cancer:No;-0.0030448872444096;0.0535154410474429
hepatitis:No,dementia:No;0.0206281806533789;0.0091251795503201
chf:No;0.0210938985438256;0.0
endstage.renal.disease:No;0.0199639598343498;0.0
sex:male;-0.0134988485849562;0.0
chronic.kidney.disease:No;-0.006856751338061;0.0
asthma:No;-0.0067026788413144;0.0
copd:No;-0.0065038253632976;0.0
hyperlipidemia:No;0.004069240026796;0.0
