Features;Individual Effect;Interaction Effect
hypertension:Yes,age:42.00,race:other;0.1889143314224853;0.1344899735219292
asthma:Yes;-0.0430200760801336;0.0
hyperlipidemia:Yes,chronic.kidney.disease:No;-0.0100487588156488;0.0502402179856889
hepatitis:No;0.029258514170581;0.0
sex:male,coronary.artery.disease:Yes,chf:Yes;-0.1585870075163535;0.1800555313321863
diabetes:No;0.0124322436177888;0.0
endstage.renal.disease:No;-0.0107292629570779;0.0
cancer:No;-0.0090942676607365;0.0
dementia:No;-0.0071251435232177;0.0
cerebrovascular.disease:No;-0.0027055723332973;0.0
copd:No;-0.0020500663872408;0.0
