Features;Individual Effect;Interaction Effect
race:white,coronary.artery.disease:Yes;-0.15734148290202;-0.0385439505786996
hypertension:Yes,age:68.00,cerebrovascular.disease:Yes;-0.0981071438555047;-0.0017156605452261
hepatitis:No;0.0292208664970746;0.0
diabetes:No;-0.0270901488396814;0.0
hyperlipidemia:No;-0.0176019224660091;0.0
copd:No;-0.0145967724563167;0.0
sex:male;0.0105888261878692;0.0
endstage.renal.disease:No;0.0047070933930896;0.0
chf:No;0.0045698154573444;0.0
asthma:No;0.0044670354034014;0.0
chronic.kidney.disease:No;-0.0021914380759663;0.0
dementia:No,cancer:No;-0.0041297010539661;0.0031053608371895
