Features;Individual Effect;Interaction Effect
diabetes:No,age:28.00,race:other;0.3094662079013985;0.0565721370783259
asthma:No;-0.0256337735343499;0.0
cerebrovascular.disease:No;0.0237894501665895;0.0
hepatitis:No,copd:No;-0.0082859043612797;-0.0111789775450528
hypertension:No,coronary.artery.disease:Yes,chf:Yes;-0.1498134777013974;0.1306566755726947
sex:female;0.014810492147825;0.0
endstage.renal.disease:No;0.0123614703259221;0.0
dementia:No;-0.0042099662287975;0.0
hyperlipidemia:No;-0.0029603381215548;0.0
chronic.kidney.disease:No;0.0021621896824722;0.0
cancer:No;-0.0009794709463948;0.0
