Features;Individual Effect;Interaction Effect
hypertension:Yes,age:65.00,race:white;0.0741677968288109;0.1360149353247973
diabetes:Yes,chronic.kidney.disease:Yes;-0.0641407894067896;0.1449829004963833
sex:male,coronary.artery.disease:Yes,cerebrovascular.disease:Yes;-0.2479956246679928;0.1780271019851965
hepatitis:No;0.009554868208748;0.0
endstage.renal.disease:No;0.0061204933750583;0.0
chf:No;0.0045093759304864;0.0
hyperlipidemia:No;-0.004310420398817;0.0
asthma:No,cancer:No;0.0168895574726379;-0.0200693205957514
copd:No;0.0022111543423425;0.0
dementia:No;0.0018220878421983;0.0
