Features;Individual Effect;Interaction Effect
race:white,coronary.artery.disease:Yes;-0.1431763506111083;-0.1066142172014855
asthma:No,age:85.00,sex:female;-0.119858312339798;-0.0717680891523203
hyperlipidemia:Yes,copd:No;-0.0089167777795281;0.0526353629023327
dementia:No;-0.0103423369334178;0.0
endstage.renal.disease:No;0.0097424429299175;0.0
hypertension:Yes;-0.0084436213670128;0.0
diabetes:No;-0.0050945809734642;0.0
hepatitis:No,chronic.kidney.disease:No;0.0106107554274609;-0.0155460144880067
chf:No,cancer:No;0.0072750840587969;-0.0058504182340819
cerebrovascular.disease:No;0.0009706486760562;0.0
