Features;Individual Effect;Interaction Effect
hypertension:Yes,age:39.00,sex:male;0.1487256663375704;-0.2451225842253408
race:black,coronary.artery.disease:No;0.07428414625069;-0.1451773953030162
hyperlipidemia:No;-0.034541079032114;0.0
hepatitis:No,endstage.renal.disease:No;0.0209217760865405;-0.0454383055562166
diabetes:No;0.0215769639698534;0.0
dementia:No,chf:No,cancer:No;-0.0084945872307569;-0.0113959436408112
cerebrovascular.disease:No;0.0085125654657395;0.0
asthma:No;-0.0063318135299076;0.0
copd:No;-0.0059509883780841;0.0
chronic.kidney.disease:No;-0.0033094875415625;0.0
