Features;Individual Effect;Interaction Effect
age:89.00,cancer:Yes;-0.2775502224402595;0.0392469637820644
coronary.artery.disease:Yes;-0.0787829176035571;0.0
sex:male;-0.0518844835299425;0.0
chronic.kidney.disease:No;-0.0340927747223301;0.0
endstage.renal.disease:No;0.0288081737221729;0.0
diabetes:Yes;-0.026889834576991;0.0
hyperlipidemia:Yes;-0.0177827714803043;0.0
cerebrovascular.disease:No;-0.0162341684548121;0.0
race:white;-0.0141860379797473;0.0
copd:No,dementia:No;-0.005985021366007;0.0151810775770471
asthma:No;-0.0047173276420329;0.0
hypertension:Yes;-0.0045357360088703;0.0
hepatitis:No;0.0040152002979699;0.0
chf:No;-0.0012439754041924;0.0
