Features;Individual Effect;Interaction Effect
hyperlipidemia:Yes,age:76.00,race:white;-0.1502549766526094;-0.0954607836486166
diabetes:No,sex:female,cerebrovascular.disease:Yes;-0.0159857571784561;-0.0560097931467489
asthma:Yes;0.0427568605207386;0.0
coronary.artery.disease:No;0.0333210467643439;0.0
hepatitis:No;0.0205625225914666;0.0
copd:No;-0.018686941369995;0.0
dementia:No,hypertension:Yes,endstage.renal.disease:No;-0.0026291711403112;-0.0141847714305371
cancer:No;-0.0132671769850211;0.0
chf:No;-0.0102180087064635;0.0
chronic.kidney.disease:No;0.0071448868824006;0.0
