Features;Individual Effect;Interaction Effect
hypertension:No,age:89.00,diabetes:Yes;-0.2397078430199024;0.1636738927772225
race:other,chf:Yes;-0.032497710426946;0.104313035575609
coronary.artery.disease:No;0.0617134845090979;0.0
sex:male,hyperlipidemia:No,chronic.kidney.disease:Yes;-0.0773788158689487;0.1053185948526152
hepatitis:No;-0.0135124915200789;0.0
endstage.renal.disease:No,cancer:No;0.0176367763126216;-0.0056030354689091
asthma:No,dementia:No;-0.0078981819831677;-0.0003421527873182
cerebrovascular.disease:No,copd:No;-0.0193383125854086;0.0191371214019704
