Features;Individual Effect;Interaction Effect
age:84.00,coronary.artery.disease:Yes;-0.2953774690514914;0.0319903339504137
sex:male,dementia:Yes;-0.1481933031340754;0.0873751987790717
asthma:No;-0.0490488517268641;0.0
race:white;-0.044170294528742;0.0
chronic.kidney.disease:No;-0.0303374981893205;0.0
cerebrovascular.disease:Yes,endstage.renal.disease:No;-0.0673593494758056;0.0387570118246805
chf:No;-0.026691798408335;0.0
diabetes:No;0.0202472777817248;0.0
hyperlipidemia:Yes;-0.0145215737887314;0.0
copd:No;-0.0130847673653315;0.0
hypertension:Yes;0.0123112189080015;0.0
hepatitis:No;0.0044800553363685;0.0
cancer:No;0.004122115730613;0.0
