Features;Individual Effect;Interaction Effect
sex:male,age:79.00,race:white;-0.1805272860531762;-0.1208995020427575
coronary.artery.disease:Yes;-0.1036172340917586;0.0
chf:No,hepatitis:No;-0.0081507387907391;-0.0388334540764143
copd:No,chronic.kidney.disease:No,cancer:No;-0.0020698956217121;-0.024569703727427
asthma:No;-0.0244285245330773;0.0
hyperlipidemia:No;0.0165693721463159;0.0
dementia:No;-0.0108078306641568;0.0
cerebrovascular.disease:No;0.0061453559346262;0.0
diabetes:No;0.0052941332319616;0.0
endstage.renal.disease:No;-0.0047691294917131;0.0
hypertension:No;-0.0040499076862621;0.0
