Features;Individual Effect;Interaction Effect
age:89.00,race:other;-0.1947837451871205;-0.0566960940668929
coronary.artery.disease:Yes;-0.0610730770227597;0.0
sex:male,dementia:No;-0.0616951971338665;0.002044411662686
endstage.renal.disease:No;0.029499898306113;0.0
cancer:No;-0.0205052953440661;0.0
hypertension:No;0.0171228285239451;0.0
chf:Yes;0.0135203937066679;0.0
asthma:No;-0.0126741564684943;0.0
copd:No;0.0124917045691107;0.0
hyperlipidemia:No;-0.0103526029239078;0.0
diabetes:Yes;0.0075964918397099;0.0
cerebrovascular.disease:No;-0.0067478119556335;0.0
chronic.kidney.disease:No;0.0051511646469207;0.0
hepatitis:No;-0.0017994140866908;0.0
