Features;Individual Effect;Interaction Effect
dementia:No,age:78.00,hypertension:No;-0.1183675022503776;-0.0066359906088151
coronary.artery.disease:No;0.0766746609487658;0.0
chf:No;0.0431441881572427;0.0
race:white;-0.0420005142941177;0.0
chronic.kidney.disease:No;-0.0263229197647075;0.0
asthma:No;-0.0250959987959085;0.0
cerebrovascular.disease:No;0.0230623362138275;0.0
endstage.renal.disease:No;0.0224623970001837;0.0
sex:male;-0.019936080882761;0.0
hepatitis:No;-0.0154093676644688;0.0
cancer:No;0.0147123219921756;0.0
copd:No;0.0133849838073909;0.0
hyperlipidemia:No;0.0052047834108237;0.0
diabetes:No;-0.0017111710990611;0.0
