Features;Individual Effect;Interaction Effect
hyperlipidemia:No,age:53.00,sex:male;0.1409936938794729;0.0946777179982474
coronary.artery.disease:No;0.1229176071145485;0.0
chronic.kidney.disease:No,hypertension:No,diabetes:No;-0.0185234605551449;0.0650203016440772
cerebrovascular.disease:No;0.0296603856952581;0.0
copd:No;-0.0157773546453463;0.0
asthma:No;-0.0133003724057872;0.0
race:hispanic;-0.0132918710507683;0.0
dementia:No;0.0121342548395885;0.0
chf:No;0.0065432408827477;0.0
endstage.renal.disease:No,cancer:No;0.0044482961710311;-0.002887294637988
hepatitis:No;-0.0015488944598699;0.0
