Features;Individual Effect;Interaction Effect
race:other,age:57.00,sex:male;0.0205501273871415;-0.1908488431627189
hypertension:No;-0.0838055277208934;0.0
coronary.artery.disease:No;0.0358844415027928;0.0
chf:No;-0.0306895505236344;0.0
hepatitis:No,diabetes:No,cerebrovascular.disease:No;0.0010034127349638;0.0201703647276304
copd:No;0.0163689272905503;0.0
hyperlipidemia:No;-0.011690284129267;0.0
asthma:No,endstage.renal.disease:No,dementia:No;-0.0066303520737571;0.0155646797218009
chronic.kidney.disease:No;-0.0082284026301901;0.0
cancer:No;0.0073672837751276;0.0
