Features;Individual Effect;Interaction Effect
diabetes:No,age:89.00,hypertension:Yes;-0.1885165997492841;-0.1130691858610452
sex:female,race:white,coronary.artery.disease:Yes;-0.1179131962671453;-0.0654815338449162
dementia:No;0.0104743105989169;0.0
asthma:No;0.0103018837697945;0.0
cerebrovascular.disease:No;0.0088239196433588;0.0
endstage.renal.disease:No,chronic.kidney.disease:No;0.0365271104254041;-0.0447960728247014
hepatitis:No;-0.0059173792206928;0.0
hyperlipidemia:No,chf:Yes;-0.0109684090926596;0.0069028494502248
copd:No,cancer:No;0.0126743972807058;-0.0148840201636413
