Features;Individual Effect;Interaction Effect
hypertension:Yes,age:45.00,race:hispanic;0.170546381508837;0.184567481238947
coronary.artery.disease:No;0.0485730754369488;0.0
sex:male,chf:No;-0.0513738205153869;0.0088398710664339
diabetes:Yes,endstage.renal.disease:No,copd:No;-0.0542825917164671;0.0121104902471878
cerebrovascular.disease:No,hepatitis:No;-0.0012922730383543;0.0119986405997046
dementia:No,cancer:No;0.0121293473004572;-0.0017086103965267
chronic.kidney.disease:No,asthma:No;-0.0073948977339202;0.0003235583491202
hyperlipidemia:No;0.0063159123383968;0.0
