Features;Individual Effect;Interaction Effect
hypertension:Yes,age:58.00,hyperlipidemia:Yes;0.066726306583762;0.1657701575144102
race:black;0.0421142112139221;0.0
diabetes:Yes,chronic.kidney.disease:Yes;-0.0638128687106556;0.025120752963334
chf:No;0.0313444348664022;0.0
sex:male;-0.0232618054665164;0.0
asthma:No;-0.0221548051154079;0.0
coronary.artery.disease:No;0.0155346098379;0.0
copd:No;0.0065428946356864;0.0
endstage.renal.disease:No;-0.0064685009879687;0.0
cerebrovascular.disease:No;-0.0019493474449242;0.0
dementia:No,hepatitis:No,cancer:No;-0.0024191614433088;0.0023306842268598
