Features;Individual Effect;Interaction Effect
diabetes:Yes,age:55.00,hypertension:Yes;0.1246270466386416;0.1568983591397751
coronary.artery.disease:No,chronic.kidney.disease:No;0.0503211481964566;0.0167215814424138
race:black;0.0355741953981814;0.0
chf:No;0.0321912188111187;0.0
cerebrovascular.disease:No;0.0179037100121285;0.0
dementia:No;0.0178458460072819;0.0
hepatitis:No;0.0170697034227697;0.0
cancer:No;0.0102152906284153;0.0
copd:No,sex:male,hyperlipidemia:No;-0.0442544076170699;0.0349315148679473
endstage.renal.disease:No;-0.0075441649659257;0.0
asthma:No;0.0055821944047892;0.0
