Features;Individual Effect;Interaction Effect
hyperlipidemia:No,race:asian,cerebrovascular.disease:No;0.0480589510316343;0.0214904722912938
coronary.artery.disease:No,chronic.kidney.disease:No,cancer:No;0.0649337013425978;-0.0088902836244776
sex:female,copd:No;0.0340308794390702;0.0161500979847952
age:82.00,chf:Yes;-0.132674877629025;0.0843825003734252
hypertension:Yes,diabetes:Yes,dementia:Yes;-0.1420753055116589;0.1695881381208937
endstage.renal.disease:No;-0.0087970022415952;0.0
asthma:No;-0.0066852971109822;0.0
hepatitis:No;-0.0043198597911709;0.0
