Features;Individual Effect;Interaction Effect
cancer:Yes;-0.2053922770069762;0.0
age:89.00;-0.1443756815263705;0.0
dementia:Yes;-0.1156498110910772;0.0
coronary.artery.disease:No;0.0465076254373732;0.0
race:white,asthma:No;-0.0112418621706272;-0.0218459689344852
cerebrovascular.disease:No;-0.0272102441672696;0.0
hypertension:Yes;0.0269923629403113;0.0
sex:female;0.0255786582927573;0.0
copd:No;0.0234161748149561;0.0
diabetes:Yes;-0.0183392818706486;0.0
hyperlipidemia:No,chronic.kidney.disease:No;0.0014867626392035;0.0148539510896818
hepatitis:No;0.0152998356037757;0.0
endstage.renal.disease:No;0.0114654547201682;0.0
chf:No;-0.0021879779273324;0.0
