Features;Individual Effect;Interaction Effect
chf:No,age:67.00,coronary.artery.disease:Yes;-0.1180364523411368;-0.1619008536704967
sex:male,hypertension:No;-0.0598040070616837;-0.0793741862260867
race:black,diabetes:No;0.0157616424277157;0.0295010373647199
hepatitis:No,hyperlipidemia:No,asthma:No;0.0095641859698987;0.0136431631342006
chronic.kidney.disease:No;0.0218488164592345;0.0
copd:No;0.0141180435872276;0.0
dementia:No;0.0084252625700176;0.0
endstage.renal.disease:No;0.005733159789926;0.0
cancer:No;-0.0022000086630722;0.0
cerebrovascular.disease:No;-0.0010646922711053;0.0
