Features;Individual Effect;Interaction Effect
diabetes:No,age:6No,hypertension:Yes;0.0723784848491241;0.1541984778143286
coronary.artery.disease:No;0.1210342809112265;0.0
sex:male,asthma:Yes;-0.0394993155905734;-0.005750372491235
hepatitis:No;-0.0345261241561163;0.0
dementia:No;0.0297036262625428;0.0
copd:No,cancer:No;0.0199129456049304;0.0076480485011087
race:black;0.0243794891864983;0.0
chf:No;0.0132908281924293;0.0
endstage.renal.disease:No;0.012594647383128;0.0
hyperlipidemia:No;-0.0051688106131177;0.0
cerebrovascular.disease:No;0.003726727960822;0.0
chronic.kidney.disease:No;0.0004652297337463;0.0
