Features;Individual Effect;Interaction Effect
diabetes:No,race:white,coronary.artery.disease:Yes;-0.1247930631078206;-0.136523804980743
hyperlipidemia:No,age:82.00,hypertension:Yes;-0.1333958843747892;-0.0469740247437037
cancer:No;0.0151202894584255;0.0
copd:No;-0.0130339563694205;0.0
sex:female;0.0109013418344043;0.0
asthma:No;0.0103628922541711;0.0
cerebrovascular.disease:No,hepatitis:No;-0.0084211266463476;0.0161484890755881
dementia:No;0.006303408178629;0.0
chronic.kidney.disease:No,chf:Yes,endstage.renal.disease:Yes;0.0006056485253171;0.002321426627281
