Features;Individual Effect;Interaction Effect
race:black,age:65.00,chf:Yes;0.0969628732834023;-0.3067827403432768
hypertension:Yes;-0.0806163530240463;0.0
sex:female,coronary.artery.disease:No,copd:Yes;0.0638308453064769;-0.0886952683300871
diabetes:No,cerebrovascular.disease:No;0.0146276685527344;-0.032179412387091
hyperlipidemia:No;-0.0171448132114476;0.0
endstage.renal.disease:No;-0.0169254743058336;0.0
asthma:No;-0.0079085205535404;0.0
hepatitis:No;0.0067555942084366;0.0
cancer:No;0.0067400719121627;0.0
dementia:No;-0.0031248592492967;0.0
chronic.kidney.disease:No;-0.0017429185942164;0.0
