Features;Individual Effect;Interaction Effect
age:59.00,coronary.artery.disease:No,chf:No;0.1050054462259824;0.0743834456320951
diabetes:No,race:black,hypertension:No;-0.0098550402328202;0.0984423366976038
sex:male,asthma:Yes;-0.0466323417923126;0.093060571539885
hyperlipidemia:No,cancer:No;0.0025171095953517;0.0347778739394924
endstage.renal.disease:No;-0.0065294419601798;0.0
cerebrovascular.disease:No;0.0031554442001617;0.0
hepatitis:No;0.0026738923865783;0.0
chronic.kidney.disease:No;-0.0021819502848755;0.0
copd:No;0.0016725001304187;0.0
dementia:No;-0.0011071259539897;0.0
