Features;Individual Effect;Interaction Effect
chf:No,age:78.00,hypertension:Yes;-0.1010976823480577;-0.133042644708519
sex:female,chronic.kidney.disease:No;0.0317241849154567;-0.0780551296400453
cancer:No;0.0281597894904414;0.0
coronary.artery.disease:No,race:black,diabetes:Yes;0.0186028631081199;-0.0414012703142638
hepatitis:No;0.0151817263612468;0.0
cerebrovascular.disease:No,endstage.renal.disease:No;0.0103357440817806;-0.0240273680313503
hyperlipidemia:No;0.0125048380944811;0.0
copd:No;0.0089283804745944;0.0
dementia:No;-0.0038158415834371;0.0
asthma:No;-0.0017137356038941;0.0
