Features;Individual Effect;Interaction Effect
race:white,hyperlipidemia:No,coronary.artery.disease:No;0.0301747632439319;0.0281471816239021
hypertension:No,age:63.00,hepatitis:Yes;-0.0897106448602188;0.1444400379508705
sex:male,diabetes:No;-0.0230618929396948;0.0509096782260339
cancer:No;0.0231502362619261;0.0
chronic.kidney.disease:No;-0.0183490376927983;0.0
dementia:No;0.0180223683623565;0.0
chf:No;0.0174101206388905;0.0
endstage.renal.disease:No;0.0143343661033083;0.0
cerebrovascular.disease:No;0.0131621099305308;0.0
asthma:No;-0.0110954255845831;0.0
copd:No;-0.0104637205439357;0.0
