Features;Individual Effect;Interaction Effect
hyperlipidemia:No,age:53.00,race:black;0.1910361552204196;0.0966562753807504
coronary.artery.disease:No;0.0669186162167061;0.0
diabetes:No,chf:No;0.0091206168250502;0.0158656496670871
cerebrovascular.disease:No,asthma:No;0.0133670528881701;0.0089967422095394
hypertension:Yes;-0.0203988196829519;0.0
chronic.kidney.disease:No,dementia:No;0.0045826070668347;0.0145499940949489
sex:female;0.0174090967843849;0.0
hepatitis:No,endstage.renal.disease:No;-0.0012094848290145;0.0084366509890173
cancer:No;0.0068266262370297;0.0
copd:No;0.0015042850411866;0.0
