Features;Individual Effect;Interaction Effect
chf:No,race:asian,diabetes:Yes;-0.02329961482163;0.1603084703600013
hypertension:No,age:89.00,coronary.artery.disease:Yes;-0.3374531032408905;0.2437389611684436
hyperlipidemia:No;0.0267269585019218;0.0
dementia:No;0.0158510769646797;0.0
chronic.kidney.disease:No,endstage.renal.disease:No,copd:No;-0.0065034803507086;0.0160177950734201
cancer:No;-0.0092520627318459;0.0
hepatitis:No;0.0069458738038931;0.0
sex:male,asthma:No;-0.0426831677204695;0.0377040039538431
cerebrovascular.disease:No;-0.0006306447760045;0.0
