Features;Individual Effect;Interaction Effect
sex:male,coronary.artery.disease:Yes,chf:Yes;-0.172384542925389;0.2690448207691587
age:78.00;-0.0629945384950937;0.0
hypertension:Yes,hyperlipidemia:Yes;-0.0147170334486954;0.0742159544241913
race:white,dementia:No;-0.0209957869125518;0.0603069181820842
asthma:No;-0.0382206068810857;0.0
diabetes:No;0.019185046629654;0.0
copd:No;-0.0137192960884899;0.0
chronic.kidney.disease:No;0.0104648750247083;0.0
cancer:No;-0.0047457104694629;0.0
hepatitis:No,endstage.renal.disease:No;-0.0053443918215317;0.0015952039806497
cerebrovascular.disease:No;-0.0011504571757898;0.0
