Features;Individual Effect;Interaction Effect
age:53.00,hypertension:Yes,diabetes:Yes;0.1253064548064542;0.1235789908373152
coronary.artery.disease:No;0.0599923963799724;0.0
endstage.renal.disease:Yes;-0.0323082526751623;0.0
hyperlipidemia:No;-0.020589277480199;0.0
race:black;0.0188926150462165;0.0
asthma:No,dementia:No;0.0107041685902785;0.0023042134933512
cerebrovascular.disease:No;0.0124448106845216;0.0
sex:female;0.0122177634187026;0.0
copd:No;0.0083883556922828;0.0
chronic.kidney.disease:No;0.0073427829910001;0.0
hepatitis:No;-0.0042269964161872;0.0
cancer:No;-0.0006617615817462;0.0
chf:No;4.647174433915907e-05;0.0
