Features;Individual Effect;Interaction Effect
sex:female,race:white,coronary.artery.disease:Yes;-0.1166711958664021;-0.0047865847323913
hypertension:No;-0.0559353140533506;0.0
cerebrovascular.disease:No,age:62.00,diabetes:Yes;-0.0045222980338425;-0.0450807397629761
chronic.kidney.disease:No,asthma:Yes,copd:No;-0.0113268423449236;-0.0210920274783797
endstage.renal.disease:No;0.010930285773694;0.0
hepatitis:No;0.0101368688975637;0.0
chf:No;-0.0095094292955065;0.0
dementia:No;0.0083550850390182;0.0
cancer:No;-0.0077270422156656;0.0
hyperlipidemia:No;0.0002259256493038;0.0
