Features;Individual Effect;Interaction Effect
copd:No,age:89.00,sex:female;-0.1472157091398933;0.0377358099711674
cerebrovascular.disease:Yes,hepatitis:No,chronic.kidney.disease:No;-0.0662283205415638;-0.0219213554162598
coronary.artery.disease:No,dementia:Yes;-0.04657842847687;0.0989703618997127
race:black;-0.0466586330965941;0.0
hypertension:Yes,hyperlipidemia:Yes;-0.0026136377912484;-0.0204218050627761
chf:No;0.0221354065488623;0.0
endstage.renal.disease:No;0.0160546181302614;0.0
diabetes:Yes;0.015943273225397;0.0
asthma:No,cancer:No;0.0048473990477294;0.0015670020826126
