Features;Individual Effect;Interaction Effect
coronary.artery.disease:No,age:86.00,race:black;-0.0967918743578452;-0.1908766987573852
asthma:No,sex:male,hypertension:No;-0.0678269482773901;-0.0462059496864481
endstage.renal.disease:No;0.012457695279645;0.0
hepatitis:No;0.0123389314181928;0.0
chronic.kidney.disease:No;-0.0114698631089566;0.0
cancer:No;-0.0103487508978546;0.0
dementia:No;0.0094965176403613;0.0
cerebrovascular.disease:No;-0.0080409184879263;0.0
diabetes:No,hyperlipidemia:No,chf:No;0.0174228296644393;-0.0190463565407573
copd:No;-7.06996406880378e-05;0.0
