Features;Individual Effect;Interaction Effect
hypertension:No,age:89.00,coronary.artery.disease:Yes;-0.3379465187273648;0.1664690499383265
sex:male,diabetes:No,dementia:No;-0.0331296311035507;0.0689105336430814
race:white,cerebrovascular.disease:No,endstage.renal.disease:No;-0.0396720582768674;0.0276199434638004
chf:No;0.0118401426658536;0.0
chronic.kidney.disease:No;0.0075104478780621;0.0
cancer:No,hepatitis:No,asthma:No;-0.0197521593571597;0.0125129855822129
hyperlipidemia:No;-0.0066693930169261;0.0
copd:No;-0.0060977303449861;0.0
