Features;Individual Effect;Interaction Effect
chronic.kidney.disease:No,age:74.00,sex:male;-0.199882886827402;-0.0148616517948186
coronary.artery.disease:Yes,cerebrovascular.disease:No,cancer:No;-0.1107198341733566;-0.002804327643585
hyperlipidemia:No;-0.045945941363656;0.0
hypertension:Yes,chf:No,copd:Yes;-0.0243444862100454;0.0601599775393367
endstage.renal.disease:No,race:white,asthma:Yes;-0.0112467900850921;0.0020821689765048
diabetes:No;0.0011316360820982;0.0
hepatitis:No,dementia:No;0.0180261161149761;-0.0181814487926025
