Features;Individual Effect;Interaction Effect
sex:female,age:66.00,asthma:Yes;0.103427495309252;-0.3041660037962321
dementia:No,race:black,hypertension:Yes;0.021275665140238;-0.1466636780972547
diabetes:Yes,copd:No;-0.0455464402428817;-0.0068686579145808
hyperlipidemia:No,coronary.artery.disease:No;0.0215764316140195;-0.0489211049486131
chronic.kidney.disease:No;0.0179905774599973;0.0
chf:No;-0.0057403076479845;0.0
cerebrovascular.disease:No;-0.0042673030626197;0.0
hepatitis:No,endstage.renal.disease:No;-0.0008607476193288;-0.0019421815098586
cancer:No;0.0012789363624239;0.0
