Features;Individual Effect;Interaction Effect
sex:female,age:6No,diabetes:No;0.1026718072024244;0.1467133049079044
race:black,hypertension:No;-0.0081471900127197;0.0611862588530641
asthma:No,chf:Yes,chronic.kidney.disease:No;-0.0240151136773494;-0.0289966729511118
coronary.artery.disease:No;0.0465609708709999;0.0
dementia:No;0.0172092262207812;0.0
cerebrovascular.disease:No,endstage.renal.disease:No;0.0121417756270326;0.0003000102995134
cancer:No;0.0097617449209904;0.0
hyperlipidemia:No;0.0089538283127857;0.0
hepatitis:No,copd:No;-0.0243926477877878;0.0255488031969224
