Features;Individual Effect;Interaction Effect
hypertension:Yes,age:72.00,cancer:Yes;-0.1178943143435133;-0.1195381616592783
coronary.artery.disease:No,sex:male,diabetes:Yes;-0.0314336106379052;-0.0514575384030692
chf:No;-0.0309935701325281;0.0
hyperlipidemia:No;-0.0301576110417487;0.0
copd:No;-0.0150527247552288;0.0
cerebrovascular.disease:No;0.0119070717697349;0.0
race:black,chronic.kidney.disease:No;0.0150151904874989;-0.0253980703547598
endstage.renal.disease:No;0.0086044736251983;0.0
asthma:No;-0.0081998697983056;0.0
dementia:No;-0.0078083014652998;0.0
hepatitis:No;-0.00490909587415;0.0
