Features;Individual Effect;Interaction Effect
race:white,age:66.00,coronary.artery.disease:Yes;-0.0647470077571259;-0.2052626516137807
asthma:No,sex:male,hyperlipidemia:Yes;-0.0468537699540793;-0.0316541025815909
diabetes:Yes;-0.0665727569504781;0.0
chf:No;-0.029855484661531;0.0
dementia:No;-0.0146005337836284;0.0
chronic.kidney.disease:No;-0.0126338883931004;0.0
endstage.renal.disease:No;-0.0096012795479484;0.0
cerebrovascular.disease:No,cancer:No;0.014108875671596;-0.0045977431380153
hypertension:Yes;-0.0086088091694629;0.0
hepatitis:No,copd:No;-0.0057755866781459;0.0066989455646201
