Features;Individual Effect;Interaction Effect
hyperlipidemia:No;0.0646470640390921;0.0
sex:female,age:89.00,hypertension:No;-0.1950961175027725;0.1396169894803707
coronary.artery.disease:No;0.0533391726066409;0.0
race:white,diabetes:No;-0.0115919316444541;-0.0329017259842175
dementia:No;-0.0270075330824304;0.0
cerebrovascular.disease:No;0.0231204643219844;0.0
chf:No;0.0170860914773894;0.0
hepatitis:No;0.0167889354797127;0.0
asthma:No;0.0160294761139503;0.0
chronic.kidney.disease:No;-0.0160285617614337;0.0
cancer:No;0.0061614776539989;0.0
copd:No;0.0020446753776839;0.0
endstage.renal.disease:No;0.0013478072305847;0.0
