Features;Individual Effect;Interaction Effect
sex:male,age:89.00,race:white;-0.2583053812578083;-0.1540772992340812
asthma:No,chf:No,copd:No;-0.0220217192458006;-0.0117732584384381
diabetes:No;0.0285737536206783;0.0
hyperlipidemia:No;-0.0250732465910269;0.0
cerebrovascular.disease:No;0.0219281698517272;0.0
cancer:No;0.0183935547353587;0.0
endstage.renal.disease:No;0.0161348216889428;0.0
chronic.kidney.disease:No;-0.0124632800587014;0.0
hypertension:No;-0.0080124629602639;0.0
coronary.artery.disease:No;0.0058534518531289;0.0
dementia:No;0.0041303195011283;0.0
hepatitis:No;-0.0001193605882793;0.0
