Features;Individual Effect;Interaction Effect
dementia:No,age:27.00,race:white;0.2935055441321613;0.0206084935533974
hyperlipidemia:No,coronary.artery.disease:No,endstage.renal.disease:No;0.0287229166591441;0.0389461951764793
sex:female,cerebrovascular.disease:No;0.0395321842127278;0.0135264609935304
hypertension:No,diabetes:No;-0.0120324564015598;0.0403408745254445
cancer:No;0.0244917251049824;0.0
asthma:No;0.0096711945271985;0.0
hepatitis:No,chronic.kidney.disease:No;0.0096892278920879;-0.0008921642836555
chf:No,copd:No;0.0033521558448539;-0.0052428989259351
