Features;Individual Effect;Interaction Effect
coronary.artery.disease:No,age:86.00,race:black;-0.1082430836787534;-0.1172625170547758
hepatitis:No,sex:male,diabetes:Yes;-0.0845284563534642;-0.0750628431540146
copd:No;0.0325954570767929;0.0
hyperlipidemia:No;-0.0274054682328239;0.0
hypertension:Yes;0.0265660740059102;0.0
endstage.renal.disease:No;-0.0262296462094723;0.0
asthma:No;-0.0149219112764878;0.0
chf:No;0.0123256644727281;0.0
cancer:No;-0.0072210368327072;0.0
cerebrovascular.disease:No;0.0049643306556037;0.0
dementia:No;-0.002464633162674;0.0
chronic.kidney.disease:No;-0.0016677188154493;0.0
