Features;Individual Effect;Interaction Effect
asthma:No,age:73.00,coronary.artery.disease:Yes;-0.2021494531785345;-0.0955175479864313
chf:No,race:white,dementia:No;-0.0072915152267803;-0.0500700361337466
hypertension:Yes,cerebrovascular.disease:Yes;-0.083286359177705;0.0277106852585471
sex:male,cancer:No;-0.029602171678113;0.0146938780865907
copd:No;-0.0114266860512616;0.0
hyperlipidemia:No,hepatitis:No;0.0059319388200488;-0.0157312554249995
diabetes:No;-0.0054988551359606;0.0
endstage.renal.disease:No;-0.0046204586863828;0.0
chronic.kidney.disease:No;-0.0016466606443918;0.0
