Features;Individual Effect;Interaction Effect
diabetes:No,age:89.00,race:white;-0.1662459623711392;-0.0927364187450636
sex:male,coronary.artery.disease:No;-0.0049240857093433;-0.0484887589928008
hyperlipidemia:No;-0.04728731882458;0.0
hypertension:No,chronic.kidney.disease:No;-0.0187548677777651;0.0467728417253005
copd:Yes;0.027747337831629;0.0
chf:No;-0.026461768831442;0.0
cerebrovascular.disease:No,endstage.renal.disease:No;0.00771484397127;0.0046024415040715
dementia:No;0.0115361710254573;0.0
hepatitis:No,asthma:No;0.0006983631008333;-0.0103204017497123
cancer:No;-0.0031833606093474;0.0
