Features;Individual Effect;Interaction Effect
age:72.00,endstage.renal.disease:Yes;-0.0274694091669315;-0.0895737508314958
sex:male,chronic.kidney.disease:No;-0.041149124462257;-0.0122838638001374
diabetes:No;-0.03764953099788;0.0
chf:Yes,hyperlipidemia:Yes,coronary.artery.disease:No;0.0553967703765053;-0.0779984664613584
cancer:No;0.0097090668855823;0.0
dementia:No;0.0096168308484273;0.0
race:white,cerebrovascular.disease:No;-0.0097254222747388;0.01815246986369
asthma:No;-0.0072180559457378;0.0
hypertension:Yes,copd:Yes;-0.028014203650226;0.033872744328286
hepatitis:No;0.001724052464646;0.0
