Features;Individual Effect;Interaction Effect
sex:male,age:29.00,race:other;0.2446540816689708;0.1158748167977117
cancer:No;0.0257422521376991;0.0
hyperlipidemia:No;0.0203769431953967;0.0
coronary.artery.disease:No;0.0183830561196045;0.0
diabetes:No;0.016980313029453;0.0
chronic.kidney.disease:No,asthma:No;0.02043012391355;-0.0099748975840544
cerebrovascular.disease:No;0.0062677425114781;0.0
chf:No,hepatitis:No;0.0023164488002647;0.0035948070349721
hypertension:Yes;0.0046732955727811;0.0
endstage.renal.disease:No;0.0042109274381088;0.0
dementia:No;0.0026851817406314;0.0
copd:No;-0.0013625402600039;0.0
