Features;Individual Effect;Interaction Effect
diabetes:No,age:89.00,race:white;-0.1978984773822719;-0.089242045178306
dementia:Yes,coronary.artery.disease:No,chf:Yes;-0.0484493579608437;-0.1352030353358581
sex:female,hyperlipidemia:No;0.0336984330504914;0.0080526323135873
asthma:No;-0.0256947641140148;0.0
endstage.renal.disease:No;0.022718143988108;0.0
cerebrovascular.disease:No;-0.0189689042546447;0.0
hepatitis:No;0.0155116552038312;0.0
chronic.kidney.disease:No;0.0137966845677952;0.0
hypertension:No;0.0086364482920734;0.0
copd:No;-0.0057981141998623;0.0
cancer:No;-0.005615204827586;0.0
