Features;Individual Effect;Interaction Effect
diabetes:No,age:32.00,race:white;0.2908639942841337;0.0402082453718333
coronary.artery.disease:No;0.0546179405321016;0.0
dementia:No;0.0222974357536144;0.0
cancer:No;-0.0124113596128055;0.0
cerebrovascular.disease:No;0.009884899010597;0.0
endstage.renal.disease:No,asthma:No;-0.0067598336182972;0.0148736352496646
hyperlipidemia:No;-0.0073471828468146;0.0
sex:female;0.0072872722538844;0.0
chf:No;0.0070061023445987;0.0
hypertension:No;0.0054298857158051;0.0
chronic.kidney.disease:No;0.0051155953246593;0.0
copd:No;0.0042335045826196;0.0
hepatitis:No;0.0023916970574155;0.0
