Features;Individual Effect;Interaction Effect
age:89.00,race:white;-0.1974010709683654;0.0132569606032681
diabetes:No,coronary.artery.disease:Yes;-0.1221687330399538;-0.0544419544231643
hypertension:No,dementia:Yes;-0.1210142349979633;0.0130479989396226
asthma:No;-0.0568257688622666;0.0
chf:No;-0.0445433894263178;0.0
hyperlipidemia:No;0.0228684080549073;0.0
chronic.kidney.disease:No;0.0198764362042515;0.0
hepatitis:No;-0.0172773744571469;0.0
sex:female;0.0139242095255102;0.0
cerebrovascular.disease:No;0.0084710636186871;0.0
copd:No;0.0057931337798029;0.0
cancer:No;0.0029183706165602;0.0
endstage.renal.disease:No;0.0009540508593589;0.0
