Features;Individual Effect;Interaction Effect
coronary.artery.disease:Yes,hypertension:No,endstage.renal.disease:No;-0.1334742434446409;0.0014391507132983
age:67.00;0.105925576775216;0.0
race:white,sex:female,diabetes:Yes;-0.0349939531189537;0.1260710953251483
chronic.kidney.disease:No;-0.0194156732888652;0.0
chf:No;-0.0157464369721778;0.0
hepatitis:No,cancer:No;0.0056496969728436;-0.0183507943504317
copd:No;-0.0097625428361164;0.0
dementia:No;-0.0089656991126305;0.0
cerebrovascular.disease:No;-0.0028810632407629;0.0
hyperlipidemia:No,asthma:No;-0.0134940914340109;0.0130670137029006
