Features;Individual Effect;Interaction Effect
age:68.00;-0.1380142018252353;0
coronary.artery.disease:Yes;-0.11676232231516;0
chf:No;-0.0899982197666465;0
cancer:No;0.0513921218288142;0
copd:Yes;0.0334943701980779;0
diabetes:No;-0.0310037311887432;0
endstage.renal.disease:No;0.0254408448092164;0
chronic.kidney.disease:No;0.0252470439622519;0
race:white;-0.02286378436522;0
cerebrovascular.disease:No;-0.0209559008342889;0
hyperlipidemia:Yes;0.0178736338644448;0
hepatitis:No;0.0065548028330351;0
asthma:No;-0.006239695308821;0
sex:male;-0.0021153603925504;0
hypertension:Yes;0.001547872592716;0
dementia:No;-0.0006008751113514;0
