Features;Individual Effect;Interaction Effect
chf:Yes,age:43.00,race:other;0.174193685253295;0.099856319334597
sex:female,coronary.artery.disease:No;0.0952269235183568;-0.0047870351407463
hyperlipidemia:No,endstage.renal.disease:No;-0.016049975522961;0.0441654574670327
cerebrovascular.disease:No,hepatitis:No;0.0076926852884496;0.0149940232532115
diabetes:No;0.0196245669229297;0.0
hypertension:No;0.0176813261958757;0.0
chronic.kidney.disease:No,asthma:No;-0.0062649161264751;0.019174911722758
dementia:No;0.0095158564689516;0.0
cancer:No;-0.0064721071613237;0.0
copd:No;0.000690345849778;0.0
