Features;Individual Effect;Interaction Effect
cerebrovascular.disease:No,coronary.artery.disease:Yes,chf:Yes;-0.149843457665061;0.1908999213017916
sex:female;0.0308542419891363;0.0
hyperlipidemia:No;0.0116053721144167;0.0
asthma:No,cancer:No;0.0180426628647948;-0.0094470305608307
diabetes:No;0.0078792849741111;0.0
dementia:No;-0.0037202156705606;0.0
endstage.renal.disease:No;0.0035859047931697;0.0
hypertension:Yes;0.0032323473278296;0.0
hepatitis:No;0.0032093953459054;0.0
chronic.kidney.disease:No;0.0014687578033124;0.0
copd:Yes,age:84.00,race:white;-0.2079357946458909;0.2086166351006202
