Features;Individual Effect;Interaction Effect
age:51,sex:female,copd:No;0.2137348331886929;0.0137066225451349
chronic.kidney.disease:No,hyperlipidemia:No,coronary.artery.disease:No;0.0404162493093371;0.0573059413893042
race:black,hypertension:No,diabetes:No;-0.0047005815942364;0.0851905266441993
dementia:No,cancer:No;0.0036307260312036;0.0452619596678433
chf:No;0.0182990776130706;0.0
asthma:No;0.0082051066230279;0.0
cerebrovascular.disease:No;0.0059477177550643;0.0
endstage.renal.disease:No;-0.0028621311378969;0.0
hepatitis:No;-0.0021919174744486;0.0
