Features;Individual Effect;Interaction Effect
cancer:No,coronary.artery.disease:No,chf:No;0.0400184824389524;0.0477082747329874
diabetes:No,asthma:No;0.0056235370282131;0.0530308874206304
race:white;-0.0576250788240835;0.0
hyperlipidemia:No,age:76.00,hypertension:No;-0.1404438328642083;0.1055578039437175
cerebrovascular.disease:No;0.0150136990459243;0.0
copd:No;0.0090762363271714;0.0
sex:male;-0.0066599302351416;0.0
endstage.renal.disease:No;0.0060108061262022;0.0
chronic.kidney.disease:No,dementia:No;0.0005544320139463;-0.0056648925220368
hepatitis:No;0.0014437173334253;0.0
