Features;Individual Effect;Interaction Effect
sex:male;-0.0839712647180346;0
chf:Yes;0.0682871505780196;0
coronary.artery.disease:Yes;-0.067705132043359;0
hypertension:No;-0.0568560358174797;0
diabetes:Yes;-0.0528588435788123;0
asthma:No;-0.043938245932514;0
endstage.renal.disease:Yes;-0.0429008400977895;0
cancer:No;0.0360992869223434;0
copd:No;0.0263788016919557;0
hepatitis:No;0.0245254793645717;0
age:82.00;-0.0226227675659415;0
dementia:No;0.0217534836278391;0
cerebrovascular.disease:No;0.0164782857575462;0
hyperlipidemia:No;0.0091189852365225;0
race:white;0.0018739785908008;0
chronic.kidney.disease:No;-0.0005241112708887;0
