Features;Individual Effect;Interaction Effect
diabetes:Yes,dementia:No;-0.0672832797465153;-0.0005382048108998
sex:female;0.0533052573370184;0.0
age:63.00;0.0244444216371838;0.0
race:black,endstage.renal.disease:No;0.015978764312367;-0.0041495180333406
cerebrovascular.disease:No,asthma:No;0.0100704967074228;0.0002965458134019
hyperlipidemia:No;-0.0062310190618986;0.0
chronic.kidney.disease:No,chf:No,cancer:No;0.0060869648233981;-0.000170525186393
hepatitis:No,coronary.artery.disease:No,copd:Yes;0.0229968705573699;-0.0204853221597639
hypertension:No;0.0015276090973192;0.0
