Features;Individual Effect;Interaction Effect
age:44.00,sex:female,diabetes:Yes;0.2062559224327824;0.0594098587119715
coronary.artery.disease:No;0.084275834515691;0.0
chronic.kidney.disease:No;-0.0301695888360632;0.0
dementia:No;0.02435487479735;0.0
chf:No;0.0236309168398891;0.0
hepatitis:No,endstage.renal.disease:No;0.0071042312563707;0.0148611006585428
cancer:No;0.0214259955249551;0.0
hyperlipidemia:No;-0.0194373101821758;0.0
copd:No;0.0177625863209524;0.0
race:black;0.017254972189635;0.0
hypertension:No;-0.0169418240771604;0.0
asthma:No;0.0107624617408727;0.0
cerebrovascular.disease:No;0.0087357254373588;0.0
