Features;Individual Effect;Interaction Effect
sex:male,age:45.00,race:other;0.1202326692643819;0.1689849235260894
coronary.artery.disease:Yes;-0.1341540025746596;0.0
diabetes:No;0.0671426100752314;0.0
hypertension:No;-0.0407293482067108;0.0
hepatitis:No;-0.0191770863791271;0.0
hyperlipidemia:No;-0.0182393103811836;0.0
endstage.renal.disease:No;0.0117408747200606;0.0
cerebrovascular.disease:No;0.003498861252246;0.0
chronic.kidney.disease:No,copd:No;-0.0060085120795417;0.0085338545191187
cancer:No;0.0022604804688821;0.0
chf:No,dementia:No;-0.0089121958891962;0.0073879551356659
asthma:No;9.628756179136562e-05;0.0
