Features;Individual Effect;Interaction Effect
race:white,age:77.00,hyperlipidemia:Yes;-0.1281363214067116;-0.0998085568317264
sex:female,coronary.artery.disease:Yes;-0.1141909672803868;0.0336918230634445
cerebrovascular.disease:Yes;-0.0595741383312313;0.0
chf:No,endstage.renal.disease:No;-0.0039718365181751;-0.0142146591901274
hepatitis:No;-0.0151864955984301;0.0
chronic.kidney.disease:No;-0.0129209747840121;0.0
hypertension:Yes,cancer:No;0.0173996862858184;-0.0301619431575553
diabetes:Yes;0.0107437284076208;0.0
copd:No;-0.0096516272103891;0.0
dementia:No;0.0089089721233637;0.0
asthma:No;0.0040838262758799;0.0
