Features;Individual Effect;Interaction Effect
chf:No,race:black,cancer:No;0.0397078761922582;0.0650829190742426
endstage.renal.disease:No,sex:female,hepatitis:No;0.0473199214794872;0.0514034914761129
age:8Yes,hyperlipidemia:Yes,coronary.artery.disease:Yes;-0.2664383555702604;0.1802707967458063
dementia:No,hypertension:Yes,diabetes:Yes;-0.0529210801251174;0.1091663947929569
chronic.kidney.disease:No;-0.0113527291752429;0.0
copd:No;-0.0106132795671569;0.0
cerebrovascular.disease:No;0.0073668000633807;0.0
asthma:No;0.0062600099959255;0.0
