Features;Individual Effect;Interaction Effect
diabetes:Yes,age:83.00,race:black;-0.1331765373370231;-0.0415730512720888
chronic.kidney.disease:No,hepatitis:No,dementia:Yes;-0.0791307314925406;0.0165530812888554
coronary.artery.disease:No,sex:female,cerebrovascular.disease:Yes;-0.01338437100907;-0.0490547444988385
hypertension:Yes;-0.0214690087872964;0.0
cancer:No;0.0143586594274481;0.0
endstage.renal.disease:No;-0.0130350839796385;0.0
chf:Yes;-0.0110146157397181;0.0
hyperlipidemia:No,asthma:No;-0.024449230954621;0.0328958897631215
copd:No;0.0078952498114144;0.0
