Features;Individual Effect;Interaction Effect
age:51;0.1956534471851582;0.0
diabetes:Yes;-0.1112733534701601;0.0
hypertension:Yes;0.0882506301600571;0.0
chf:No;-0.0777777965237602;0.0
hyperlipidemia:No;0.0754498561172567;0.0
sex:male;-0.0579275846866861;0.0
asthma:No;-0.0477165574119094;0.0
dementia:No;0.0334325808395812;0.0
coronary.artery.disease:No;0.0291707169538851;0.0
hepatitis:No;-0.0153377709701649;0.0
cerebrovascular.disease:No;0.0096775514081177;0.0
copd:No;0.0092423994434406;0.0
endstage.renal.disease:No,chronic.kidney.disease:No;0.001430365603233;0.004417083896508
race:black;0.0027537846417296;0.0
cancer:No;-0.0014959658244339;0.0
