Features;Individual Effect;Interaction Effect
age:77.00,diabetes:Yes;-0.1419740793301017;-0.067083741947423
sex:female,coronary.artery.disease:No,cerebrovascular.disease:Yes;0.0110326213311063;-0.137368609245567
race:black,hypertension:Yes;0.0315808451204477;-0.1117418945986434
hyperlipidemia:No;0.0166346365019079;0.0
chf:No;-0.0147375076544766;0.0
hepatitis:No;0.0103930422718096;0.0
endstage.renal.disease:No,asthma:No;-0.0241719912433518;0.0183422366009404
copd:No,dementia:No;0.0078383363628654;-0.0118142391384612
chronic.kidney.disease:No,cancer:No;0.0054343863120993;-0.0049639963544009
