Features;Individual Effect;Interaction Effect
sex:male,age:89.00,race:white;-0.2493681921772809;-0.1514644662537219
hyperlipidemia:No;-0.0359699185781777;0.0
diabetes:No;0.0286317939634486;0.0
hepatitis:No;0.0201540780070667;0.0
endstage.renal.disease:No;-0.0142898288149813;0.0
dementia:No;0.0117940596232914;0.0
cerebrovascular.disease:No;0.0117530907260669;0.0
chf:No,cancer:No;-0.0065815377613763;-0.0032387505595727
hypertension:No;0.0052433128810499;0.0
chronic.kidney.disease:No,coronary.artery.disease:No,asthma:No;0.051399380100931;-0.0488912473741958
copd:No;-0.0020361056839242;0.0
