Features;Individual Effect;Interaction Effect
chronic.kidney.disease:No,age:7Yes,race:other;-0.0103372501895301;0.1113805740314221
coronary.artery.disease:Yes;-0.06677734901718;0.0
hyperlipidemia:No,hypertension:No,diabetes:No;-0.0368427837507401;0.0987857965411396
copd:No;-0.0321555912609355;0.0
sex:male,dementia:No;-0.0450104157322618;0.067825642879864
cerebrovascular.disease:No;-0.0134486824232888;0.0
cancer:No;0.0111200889981855;0.0
hepatitis:No;0.0101178225828068;0.0
chf:No;-0.0089007804966682;0.0
endstage.renal.disease:No,asthma:No;-0.0046130622344522;0.0117934488798656
