Features;Individual Effect;Interaction Effect
age:79.00,race:black;-0.1006198297879772;0.0133717966781172
hyperlipidemia:No,coronary.artery.disease:No;0.0268106241698296;0.0264563426613533
endstage.renal.disease:No;0.034601067593276;0.0
hypertension:Yes,diabetes:Yes;-0.0534650232954501;0.0211302810931856
hepatitis:No;0.0290384031366278;0.0
dementia:No;-0.0262822505012027;0.0
sex:male;-0.021773681729795;0.0
cerebrovascular.disease:No;0.0182349415897487;0.0
asthma:No,cancer:No;0.0064757749855172;0.0103380995924729
copd:No;-0.0121632234617085;0.0
chf:No;-0.0085757641539371;0.0
chronic.kidney.disease:No;-0.0063128992407247;0.0
