Features;Individual Effect;Interaction Effect
race:black,age:7Yes,diabetes:No;0.0113927011303917;-0.1597907506040716
hyperlipidemia:Yes;-0.0421713513155813;0.0
coronary.artery.disease:No;0.0343204764092016;0.0
hypertension:Yes,sex:female,asthma:No;0.0357857328152103;-0.0691222137625112
dementia:No;0.0208390741595507;0.0
cerebrovascular.disease:No,copd:No,cancer:No;0.0086791032797128;-0.0057881388937843
chronic.kidney.disease:No;0.0027452046323223;0.0
hepatitis:No,endstage.renal.disease:No;0.0038915605977808;-0.002287393504335
chf:No;0.0016007757439481;0.0
