Features;Individual Effect;Interaction Effect
endstage.renal.disease:Yes,age:59.00,hyperlipidemia:Yes;0.0553504900089967;0.1481602433885373
sex:male,coronary.artery.disease:Yes,chf:Yes;-0.1691898367843078;0.1319755872162639
cancer:No,race:black,hepatitis:No;0.0550930840497598;-0.0303288691440297
chronic.kidney.disease:No;-0.013925446705519;0.0
hypertension:Yes,diabetes:Yes;-0.0401198377269336;0.035071963682905
dementia:No,cerebrovascular.disease:No,asthma:No;0.0178870911341787;-0.0136555300978935
copd:No;-0.0014591588577484;0.0
