Features;Individual Effect;Interaction Effect
copd:Yes,cancer:No;-0.0237346399516698;-0.1153812506291403
cerebrovascular.disease:No,sex:male,diabetes:Yes;-0.0959008003068963;-0.0283501027679587
age:6Yes,race:black,hypertension:Yes;0.0867645637318427;-0.1520386132052293
coronary.artery.disease:No;0.0424947937995999;0.0
chronic.kidney.disease:No;0.0179179452094733;0.0
chf:No;-0.0155628019388809;0.0
dementia:No;-0.0138977551344462;0.0
asthma:No;-0.0121634409195705;0.0
endstage.renal.disease:No;-0.0099882731923925;0.0
hyperlipidemia:No;0.004810061052545;0.0
hepatitis:No;-0.0038768386050744;0.0
