Features;Individual Effect;Interaction Effect
diabetes:No,age:89.00,hypertension:Yes;-0.1787535296600595;-0.2128987525693229
sex:female;0.029566668112287;0.0
coronary.artery.disease:No;0.02513332752734;0.0
hyperlipidemia:No;-0.0195192520494115;0.0
cerebrovascular.disease:No;-0.015044643016049;0.0
endstage.renal.disease:No,copd:No;-0.0020003590144695;0.0168972556940523
chronic.kidney.disease:No;0.0133636310087389;0.0
race:black;0.0125738754559914;0.0
asthma:No;0.0124679844149704;0.0
dementia:No;-0.0034535648135714;0.0
cancer:No,chf:No,hepatitis:No;0.0018787188136888;0.000330536634174
