Features;Individual Effect;Interaction Effect
race:white,age:72.00,asthma:Yes;-0.0512333134236814;-0.1545304222758836
hypertension:No;-0.0535610189997026;0.0
coronary.artery.disease:No;0.0525616368952021;0.0
copd:No;-0.0184387273747892;0.0
endstage.renal.disease:No,sex:female,diabetes:No;0.0481579015459894;-0.0323318893273993
chf:No;-0.0110959778109404;0.0
hepatitis:No;0.0066995597167512;0.0
cancer:No;0.0047332491920616;0.0
chronic.kidney.disease:No;-0.0036775365586814;0.0
dementia:No;0.0006741404634693;0.0
hyperlipidemia:No,cerebrovascular.disease:No;-0.0093331449613659;0.0088890400383337
