Features;Individual Effect;Interaction Effect
chf:No,age:43.00,sex:female;0.2387826052222149;0.0811949509406388
cancer:No,hyperlipidemia:No,coronary.artery.disease:No;0.050100780301221;0.0313928027554727
asthma:No;-0.0377912848835392;0.0
endstage.renal.disease:No;0.0208659265788371;0.0
copd:No;-0.0193475317954324;0.0
diabetes:No;-0.0094775604862463;0.0
race:white;0.0076917231284725;0.0
cerebrovascular.disease:No;-0.0061251753084463;0.0
chronic.kidney.disease:No;-0.0060312304533701;0.0
hepatitis:No;0.0052935771372933;0.0
hypertension:Yes;-0.0026560884258026;0.0
dementia:No;0.0022125079818078;0.0
