Features;Individual Effect;Interaction Effect
race:other,sex:female,diabetes:Yes;-0.0194730490516156;0.2279917572303135
age:75.00;-0.097975391104014;0.0
hepatitis:No,coronary.artery.disease:No,endstage.renal.disease:No;0.0440356121205453;0.0262615665332703
hypertension:No,cerebrovascular.disease:No;-0.0122409574168841;0.0663138884084497
hyperlipidemia:No,asthma:No;-0.0146677569572132;0.0398501047012113
chf:No;-0.0096286863449899;0.0
dementia:No,cancer:No;0.0154170593351545;-0.007326892379716
copd:No;0.0064038983153288;0.0
chronic.kidney.disease:No;-0.0059978908596978;0.0
