Features;Individual Effect;Interaction Effect
age:71,hypertension:Yes,diabetes:Yes;-0.0477097271023231;0.2745381837775434
coronary.artery.disease:No;0.0753000151052002;0.0
cancer:No;0.0276354739721204;0.0
cerebrovascular.disease:No;-0.0254127341019253;0.0
chronic.kidney.disease:No;0.0243406124813089;0.0
hyperlipidemia:No,endstage.renal.disease:No;-0.0041882565572862;0.0283688696551151
race:black,hepatitis:No;0.0204940513945657;-0.0022386207516727
chf:No;0.0155984518038373;0.0
asthma:No;0.0139309533922326;0.0
sex:male;-0.0098804902105342;0.0
dementia:No;0.0079522514604277;0.0
copd:No;0.0071503959776429;0.0
