Features;Individual Effect;Interaction Effect
chronic.kidney.disease:No,age:63.00,diabetes:No;-0.0061026934545984;0.1584923494531502
hypertension:No,race:black,dementia:No;0.0129948916873838;0.1257133128451573
coronary.artery.disease:No,cerebrovascular.disease:No;0.0458294614893729;0.025959739619931
sex:male;-0.0269112103939468;0.0
cancer:No;0.0219460706699125;0.0
chf:No,hepatitis:No;-0.014234953626557;0.0250057250192795
hyperlipidemia:No;0.0048640009520837;0.0
endstage.renal.disease:No;0.0018999812420828;0.0
copd:No;-0.0006319563665994;0.0
asthma:No;-0.0004445989174608;0.0
