Features;Individual Effect;Interaction Effect
diabetes:No,age:79.00,race:other;-0.1498562371029434;-0.1796321311157032
sex:female,copd:No;0.0296187707332336;0.0237676401652972
endstage.renal.disease:No,hyperlipidemia:No,chf:No;-0.0192715496106972;-0.0222183917760949
coronary.artery.disease:No;0.040659877343138;0.0
hypertension:No,cerebrovascular.disease:No;-0.0228243703895324;-0.0149085456553126
hepatitis:No;0.0092955593942949;0.0
asthma:No;-0.0069323022370523;0.0
dementia:No;-0.004330318323536;0.0
cancer:No;-0.0004519521827636;0.0
chronic.kidney.disease:No;-0.0002514889056713;0.0
