Features;Individual Effect;Interaction Effect
race:white,age:72.00,coronary.artery.disease:Yes;-0.1840917392837692;-0.1575462251159711
sex:female;0.0544411828447823;0.0
hypertension:No,diabetes:Yes,chronic.kidney.disease:No;-0.0741756799615553;0.0265971360855063
chf:No;-0.026882320173632;0.0
endstage.renal.disease:No,cancer:No;-0.0153936152606742;0.0024114128023962
hyperlipidemia:Yes;0.0056566299151582;0.0
cerebrovascular.disease:No,copd:No;0.0158165292010729;-0.0206440850899411
hepatitis:No,asthma:No;-0.0016689386921449;-0.0015792362465367
dementia:No;0.002816743126566;0.0
