Features;Individual Effect;Interaction Effect
copd:No,age:89.00,hypertension:Yes;-0.1811459153397392;-0.1172296768927173
sex:female,race:white,coronary.artery.disease:Yes;-0.1326672668836203;-0.0699343210051232
hyperlipidemia:Yes,chf:Yes;-0.0106922987561004;0.0352745320153329
diabetes:Yes;0.0196685488316999;0.0
asthma:No;-0.0119662217374006;0.0
endstage.renal.disease:No;0.0060779236290241;0.0
cancer:No,hepatitis:No,dementia:No;0.0238815880939184;-0.0261875595433023
cerebrovascular.disease:No;0.0014837965347982;0.0
chronic.kidney.disease:No;0.0014233911145602;0.0
