Features;Individual Effect;Interaction Effect
endstage.renal.disease:No,hyperlipidemia:Yes,coronary.artery.disease:Yes;-0.141955061783165;0.01042977747462
hypertension:Yes,cerebrovascular.disease:No,copd:No;0.0209238418752678;0.0336365375954168
diabetes:No,chf:No;-0.0011461762593162;0.0473903856318111
sex:female,age:89.00,dementia:Yes;-0.2335407648701111;0.1977389384183454
race:white,chronic.kidney.disease:No;-0.0269072403553508;-0.0040743385471373
hepatitis:No;0.0115629871734829;0.0
cancer:No;0.0108728650609051;0.0
asthma:No;0.0019236576938903;0.0
