Features;Individual Effect;Interaction Effect
chronic.kidney.disease:Yes,age:88.00,race:asian;-0.1006378539640237;-0.1789530360584582
coronary.artery.disease:Yes;-0.0974388227472168;0.0
cancer:No;-0.0386209972366518;0.0
sex:male;-0.0304191265845124;0.0
dementia:No;0.0304133974782153;0.0
cerebrovascular.disease:No;-0.0266399410473946;0.0
hyperlipidemia:Yes;0.0244163320353985;0.0
hepatitis:No;0.0226883707060416;0.0
hypertension:Yes;0.0143224164183133;0.0
diabetes:No;-0.0129834774255405;0.0
asthma:Yes;0.0099676812536613;0.0
endstage.renal.disease:No;0.0090854481159511;0.0
copd:Yes;0.0083620817436736;0.0
chf:Yes;-0.0020951156704357;0.0
