Features;Individual Effect;Interaction Effect
age:56.00,hypertension:Yes,diabetes:Yes;0.1424025546592158;0.1257373020231559
coronary.artery.disease:No,chf:No;0.0366859151892677;0.0505213174875771
sex:female;0.0482671216251807;0.0
race:black;0.0194191210163922;0.0
hepatitis:No;-0.0178906977856395;0.0
hyperlipidemia:No,copd:No;-0.0168334345794275;0.0289394979584853
cerebrovascular.disease:No;0.0089837744894759;0.0
chronic.kidney.disease:No,dementia:No;0.020771989415695;-0.0138355038529965
asthma:No;0.0067596582644749;0.0
endstage.renal.disease:No;-0.0043642471984216;0.0
cancer:No;0.0018657959654797;0.0
