Features;Individual Effect;Interaction Effect
hyperlipidemia:No,age:2Yes,race:white;0.2890753187954065;0.0012735722700759
sex:female,hypertension:No,diabetes:No;0.036594498047527;0.047599655752097
coronary.artery.disease:No,hepatitis:No;0.0574044470201819;-0.0055513657625241
cancer:No;0.0113064726003877;0.0
endstage.renal.disease:No,dementia:No;0.0094270376264711;0.00101285612188
cerebrovascular.disease:No;-0.0064708899683657;0.0
chf:No;0.005393802285612;0.0
chronic.kidney.disease:No,copd:No;-0.0073417302788263;0.0109972357445672
asthma:No;0.0010267628805372;0.0
