Features;Individual Effect;Interaction Effect
hepatitis:No,age:65.00,copd:No;0.0960309216517003;-0.0456925920994572
cancer:No,hyperlipidemia:No,coronary.artery.disease:No;0.0448859136727513;0.0054047392303273
sex:male,cerebrovascular.disease:Yes;-0.1066114315212112;0.0868719721560654
chronic.kidney.disease:No;-0.0189454202832586;0.0
race:black;-0.0142863432176216;0.0
endstage.renal.disease:No;-0.0132920002660688;0.0
hypertension:Yes,diabetes:Yes;-0.0460468346466805;0.0529921671423653
chf:Yes,asthma:No;-0.0049727103314534;0.008501958169813
dementia:No;-0.0014412311378587;0.0
