Features;Individual Effect;Interaction Effect
age:33.00;0.306765126510463;0.0
hypertension:No,sex:female,coronary.artery.disease:No;0.0903404817435695;0.015726213843232
race:other,chf:Yes;-0.0323517220133988;0.0561620717471507
diabetes:No;-0.0226011093998444;0.0
dementia:No;0.0195600922641179;0.0
chronic.kidney.disease:No;-0.0108624824030204;0.0
cancer:No;0.0086939343414083;0.0
cerebrovascular.disease:No;0.0086235025170107;0.0
endstage.renal.disease:No,asthma:No;-0.0192112744593188;0.012680469319932
copd:No;0.0051780323810911;0.0
hyperlipidemia:No;-0.003369139572218;0.0
hepatitis:No;-0.0020983909281128;0.0
