Features;Individual Effect;Interaction Effect
endstage.renal.disease:No,age:7No,hyperlipidemia:No;0.008647128705268;0.0723932322417383
sex:female,race:black,coronary.artery.disease:Yes;-0.057612085256424;0.1054645868399033
hypertension:Yes;0.0267642272423774;0.0
copd:No,cancer:No;0.0121554322669613;-0.0001985140665186
cerebrovascular.disease:No,asthma:No;0.0231534800035384;-0.0177691887694122
dementia:No,diabetes:No,chronic.kidney.disease:No;-0.0084409357123406;0.0123164045159491
hepatitis:No;-0.0005507870417539;0.0
chf:No;-0.0002754066122013;0.0
