Features;Individual Effect;Interaction Effect
hyperlipidemia:No,coronary.artery.disease:No,hepatitis:No;0.0119839411771096;0.0380621980082845
race:black;0.0474668034998014;0.0
chronic.kidney.disease:No,sex:female,diabetes:Yes;-0.0142030694780848;0.0501016933398623
endstage.renal.disease:Yes,dementia:No;0.0101609223683633;0.0120637554890063
copd:No;-0.013745253674819;0.0
cerebrovascular.disease:No,asthma:No;0.0226178996296639;-0.0158604136219208
hypertension:Yes,age:75.00,chf:Yes;-0.1852992981701444;0.1824937545470571
cancer:No;0.0013479222380856;0.0
