Features;Individual Effect;Interaction Effect
race:black,hypertension:No,diabetes:No;0.0043481336912949;0.1302957847515434
age:83.00;-0.1055686373579821;0.0
sex:female;0.1001721623767735;0.0
coronary.artery.disease:No;0.0409210757952119;0.0
cerebrovascular.disease:No;-0.0182858514926712;0.0
copd:No;-0.0171425810289471;0.0
chronic.kidney.disease:No;-0.0102580632408259;0.0
hepatitis:No;-0.0081624587070005;0.0
endstage.renal.disease:No,cancer:No;0.0247649130059935;-0.0172332650452864
chf:No;-0.0041554952524045;0.0
hyperlipidemia:No,dementia:No;0.0003365710252618;-0.0014138779276254
asthma:No;-0.0003335594006087;0.0
