Features;Individual Effect;Interaction Effect
race:black,age:58.00,diabetes:Yes;0.051462034320894;-0.1251820650739998
coronary.artery.disease:No;0.067342429060812;0.0
cerebrovascular.disease:No;0.0289336445719352;0.0
chronic.kidney.disease:No,cancer:No;-0.0129235465426277;-0.0082976115776053
copd:No;-0.0166358360272107;0.0
hyperlipidemia:No;-0.0158970584892756;0.0
endstage.renal.disease:No;0.0089627547630548;0.0
chf:No;0.0072043302961523;0.0
asthma:No;0.0023273133688828;0.0
dementia:No;0.0015746892956856;0.0
sex:female,hypertension:Yes;0.0398313318273682;-0.0408593798484998
hepatitis:No;-0.0006512436494643;0.0
