Features;Individual Effect;Interaction Effect
hypertension:Yes,age:36.00,coronary.artery.disease:Yes;0.1512368322272361;0.091422848038529
hepatitis:No;0.0209722934713408;0.0
cancer:No,hyperlipidemia:No,chf:No;-0.0065800825157005;-0.0072429928754792
diabetes:No;0.0124747285078317;0.0
dementia:No;-0.0088438066051874;0.0
cerebrovascular.disease:No,asthma:No;-0.0187815340102254;0.0272936451223045
copd:No;0.0052686740984451;0.0
endstage.renal.disease:No,race:asian,sex:male;-0.0158172246872546;0.0174027942764917
chronic.kidney.disease:No;-0.0004609935417305;0.0
