Features;Individual Effect;Interaction Effect
race:black,age:9No,hypertension:No;-0.1994622729861779;0.1431343885320187
coronary.artery.disease:No;0.0482441514952304;0.0
endstage.renal.disease:No,cancer:No;0.0089803190435833;0.014182743017408
dementia:No;-0.0221798373616454;0.0
hepatitis:No;0.0213383793100027;0.0
chronic.kidney.disease:No;-0.0206120564847232;0.0
sex:female;0.0204188797199834;0.0
diabetes:No,asthma:No;-0.0013401754055948;0.0169913316288452
copd:No;0.0135684106321667;0.0
chf:No;0.0134712018371133;0.0
hyperlipidemia:No;-0.0102540080479698;0.0
cerebrovascular.disease:No;-0.0082405228178364;0.0
