Features;Individual Effect;Interaction Effect
age:27.00,sex:female;0.3411373813815721;-0.0561182009850292
race:black,hypertension:No,diabetes:No;-0.0143460709920936;0.0681067368743873
coronary.artery.disease:No,copd:No;0.0379477754613486;0.0040052686020251
dementia:No;0.0220216703779962;0.0
hepatitis:No,chf:No,chronic.kidney.disease:No;-0.0337050103615476;0.0471670233119015
cancer:No;0.0128602295773402;0.0
cerebrovascular.disease:No;0.0127719398806105;0.0
asthma:No;-0.0033759918808746;0.0
hyperlipidemia:No;-0.00300963506829;0.0
endstage.renal.disease:No;-0.000604829731624;0.0
