Features;Individual Effect;Interaction Effect
sex:male,age:64.00,hypertension:Yes;-0.0419611095670807;0.2215657371629145
chf:No,copd:No,cancer:No;0.0078633583800051;0.0675873426050868
race:black,diabetes:No;0.0362794153353633;0.0362865419436684
coronary.artery.disease:No;0.0596629724215955;0.0
dementia:No;-0.0105156856170928;0.0
chronic.kidney.disease:No;0.0046297983305439;0.0
hyperlipidemia:No,cerebrovascular.disease:No;-0.0013813900569565;-0.0026822825549746
asthma:No;-0.0034542170378873;0.0
hepatitis:No;-0.0020412279104317;0.0
endstage.renal.disease:No;-0.0017264526035243;0.0
