Features;Individual Effect;Interaction Effect
age:89.00,cancer:Yes;-0.286712803232833;0.0406246592444968
coronary.artery.disease:Yes;-0.1343591585769111;0.0
sex:male;-0.0807519188776274;0.0
diabetes:No;0.0370309498038733;0.0
hyperlipidemia:Yes,chronic.kidney.disease:No;-0.003720625796707;0.026202328154584
asthma:No;0.019366843283641;0.0
copd:No;-0.0190317479471113;0.0
hypertension:Yes;-0.0161348214789351;0.0
cerebrovascular.disease:No,dementia:No;0.0074238283014823;-0.0006007569212169
race:white;-0.0067881838330452;0.0
endstage.renal.disease:No;-0.0060739749598403;0.0
hepatitis:No;-0.0058723838050116;0.0
chf:No;0.0025981084651834;0.0
