Features;Individual Effect;Interaction Effect
age:27.00;0.2786372526999505;0.0
hypertension:No,race:black,hepatitis:No;0.0110770878784476;0.0396962965476769
coronary.artery.disease:No;0.0444796454916792;0.0
cerebrovascular.disease:No;0.0263451034673439;0.0
endstage.renal.disease:No,asthma:No;-0.0080349484976989;0.0324431867747077
copd:No;-0.022097973989242;0.0
chronic.kidney.disease:No;0.0203895043581002;0.0
sex:female;0.0189485562460084;0.0
diabetes:No;0.017009148175261;0.0
cancer:No;0.0131412898175222;0.0
chf:No,dementia:No;-0.0164082674018339;0.0090276860235986
hyperlipidemia:No;0.0033019826994884;0.0
