Features;Individual Effect;Interaction Effect
race:white,age:53.00,coronary.artery.disease:Yes;0.0491035160981039;-0.3142025221604058
cancer:No,hyperlipidemia:No,dementia:No;-0.0142749287315762;-0.0386245467451875
hypertension:No;-0.0417618868861986;0.0
sex:male;-0.0375653586448838;0.0
asthma:Yes,copd:No;-0.01129813739377;-0.0066502819996287
cerebrovascular.disease:No;-0.0134467388627143;0.0
chronic.kidney.disease:No;-0.010761758461971;0.0
chf:No;-0.0031950815613376;0.0
diabetes:No;-0.0022267031771004;0.0
endstage.renal.disease:No;0.0005289640515311;0.0
hepatitis:No;3.754631110770845e-05;0.0
