Features;Individual Effect;Interaction Effect
diabetes:No,age:89.00,hypertension:Yes;-0.1829946151130051;-0.1554915006603561
sex:male;-0.0686470107818958;0.0
hyperlipidemia:No;-0.0410711746899923;0.0
cancer:No,race:white,asthma:No;0.0074323528536683;-0.0332144670619245
dementia:No;0.021942688115113;0.0
endstage.renal.disease:No;0.0200801315822236;0.0
copd:No;-0.0199275659712518;0.0
hepatitis:No;0.0130001039897706;0.0
cerebrovascular.disease:No,coronary.artery.disease:No,chf:Yes;0.0266350706881216;-0.018596208121842
chronic.kidney.disease:No;-0.0045129137389893;0.0
