Features;Individual Effect;Interaction Effect
hyperlipidemia:No,age:68.00,copd:Yes;-0.0479714077925478;-0.0770669576208686
race:other;-0.057511962275797;0.0
hypertension:Yes,coronary.artery.disease:No,chronic.kidney.disease:Yes;0.0119459385718718;-0.0678581930313615
sex:male,diabetes:Yes;-0.0856259190385958;0.0342673581203399
hepatitis:No;0.0333190697296544;0.0
asthma:Yes;-0.009507150796723;0.0
chf:No;-0.0083449392164626;0.0
dementia:No,cancer:No;0.0150507685262901;-0.023332728982344
cerebrovascular.disease:No;0.0013031997776172;0.0
endstage.renal.disease:No;-0.0003819552150597;0.0
