Features;Individual Effect;Interaction Effect
dementia:Yes,sex:female,hyperlipidemia:No;-0.0505366116026268;-0.1146885869212797
coronary.artery.disease:Yes,asthma:Yes;-0.1430032131227796;0.0743350570274307
age:84.00,copd:Yes;-0.1809821564474289;0.1230968145005184
diabetes:No;-0.0438862409816778;0.0
chronic.kidney.disease:No;0.0316504156136425;0.0
chf:Yes;-0.0298061478186597;0.0
cancer:No;-0.0124622898650128;0.0
endstage.renal.disease:No;0.0086432005739121;0.0
hepatitis:No;0.0074990645046577;0.0
race:white;0.0063569806068664;0.0
hypertension:Yes;0.0005642230518488;0.0
cerebrovascular.disease:No;0.0004600997943129;0.0
