Features;Individual Effect;Interaction Effect
coronary.artery.disease:Yes,chf:No;-0.1294623667722347;-0.0270176038635641
diabetes:No,cancer:Yes;-0.0993652636768007;0.0058232216170406
sex:male;-0.081040469402425;0.0
race:other;-0.0480398824009502;0.0
hyperlipidemia:Yes,chronic.kidney.disease:No;-0.0095166605748374;0.0528251662942714
dementia:No;-0.0279578101293837;0.0
asthma:No;0.0232596960585355;0.0
cerebrovascular.disease:No;0.0219541908583002;0.0
hypertension:Yes;0.0206623328927169;0.0
endstage.renal.disease:No;0.0176284517125744;0.0
age:63.00;-0.0107785172600453;0.0
hepatitis:No;0.0084038676613972;0.0
copd:No;0.0019533842290176;0.0
