Features;Individual Effect;Interaction Effect
age:25.00,race:white;0.3052750420566814;-0.0178483013682121
diabetes:No,sex:female,hypertension:No;0.0198559257040207;0.0554290319948748
cerebrovascular.disease:No,coronary.artery.disease:No,chronic.kidney.disease:No;0.0558104995248078;0.0008801941397502
hepatitis:No;0.0172758672612036;0.0
cancer:No;0.0159710259703776;0.0
dementia:No,chf:No,endstage.renal.disease:No;-0.0042236321001034;0.0162461268904772
asthma:No;0.0020820856733416;0.0
copd:No;-0.0018307257254626;0.0
hyperlipidemia:No;0.0001025031586918;0.0
