Features;Individual Effect;Interaction Effect
age:89.00;-0.2099746668363303;0.0
coronary.artery.disease:Yes,cancer:Yes;-0.2316521539891028;0.1256827497253666
sex:male,dementia:Yes;-0.1508341810200784;0.0675212335930971
endstage.renal.disease:Yes;-0.0651449579796776;0.0
asthma:No;-0.0363275501595352;0.0
race:white;-0.0286719080367387;0.0
chronic.kidney.disease:No;0.0160239242563402;0.0
diabetes:No;0.0122829821418267;0.0
hypertension:Yes;0.0105296850518765;0.0
copd:No;0.0081637253335989;0.0
cerebrovascular.disease:No;0.0064929104963172;0.0
chf:Yes;0.0054173328827376;0.0
hepatitis:No;-0.0029489657892008;0.0
hyperlipidemia:Yes;-0.0009701092905826;0.0
