Features;Individual Effect;Interaction Effect
diabetes:Yes;-0.066444092259835;0.0
age:58.00,chf:No;0.0633365722478954;0.002971019653738
sex:male;-0.0374343844008532;0.0
hyperlipidemia:No,coronary.artery.disease:No;0.0529162901247897;-0.0169584775447624
chronic.kidney.disease:No;-0.0233437212211422;0.0
hypertension:Yes,cerebrovascular.disease:No,endstage.renal.disease:No;-0.0045925626075042;0.0260050333587783
cancer:No;0.0136748239485439;0.0
race:black,copd:No;0.0112912137191694;-0.0247692705325788
hepatitis:No;0.01013700886049;0.0
asthma:No;-0.0096774748172435;0.0
dementia:No;0.0083980011275174;0.0
