Features;Individual Effect;Interaction Effect
hypertension:Yes,hyperlipidemia:Yes;-0.0049032280980003;0.0850320082014278
age:78.00,coronary.artery.disease:Yes,chf:Yes;-0.2339909823470785;0.1778834920567996
diabetes:Yes,dementia:No;-0.0447083593368597;0.0740179380600391
race:white,sex:female;0.0061570004732648;0.0116075301610624
endstage.renal.disease:No,copd:No;-0.0126855530287887;0.0016968903982189
cerebrovascular.disease:No,cancer:No;0.0122286511730552;-0.0213322290651308
asthma:No;0.0089895631111536;0.0
chronic.kidney.disease:No;-0.0044868599565477;0.0
hepatitis:No;-0.0031899294915154;0.0
