Features;Individual Effect;Interaction Effect
age:78.00,race:white;-0.1271444337599856;-0.1001413079381678
cerebrovascular.disease:Yes;-0.0625079306173161;0.0
sex:male,hyperlipidemia:Yes;-0.0547490867409916;-0.0036872582114254
coronary.artery.disease:No;0.0298128987745582;0.0
cancer:No;0.0159305354583739;0.0
chf:No,dementia:Yes;-0.1024186338621709;0.0935921300135036
asthma:No;0.0058164020925294;0.0
hypertension:Yes,copd:No;-0.0127952491357861;0.0160018005898713
chronic.kidney.disease:No,diabetes:Yes,hepatitis:No;-0.0536378232626988;0.0564333957179725
endstage.renal.disease:No;-0.0026101965739931;0.0
