Features;Individual Effect;Interaction Effect
race:white,age:89.00,hypertension:Yes;-0.2147476628854943;-0.1229607173015229
sex:female,coronary.artery.disease:Yes;-0.1124327971066063;-0.0343686162531269
copd:No,hyperlipidemia:Yes,chf:Yes;-0.0140972125033601;-0.0021836552872514
cancer:No;0.0138120294397211;0.0
endstage.renal.disease:No;-0.0131955554129966;0.0
cerebrovascular.disease:No;0.0099014245996184;0.0
asthma:No;-0.0092132272141945;0.0
diabetes:No;-0.007844783854475;0.0
hepatitis:No,chronic.kidney.disease:No;-0.0054540771345847;0.0119455835285787
dementia:No;0.0025350698686545;0.0
