Features;Individual Effect;Interaction Effect
asthma:No,age:83.00,hypertension:Yes;-0.1218116408715605;-0.0595790385675052
race:white,hyperlipidemia:Yes,coronary.artery.disease:No;0.0223333532617571;-0.0924411950592657
copd:No;-0.0254825787537396;0.0
hepatitis:No;0.017407345682417;0.0
diabetes:No;-0.0139253464809666;0.0
cancer:No;0.0138804568502046;0.0
sex:male,chronic.kidney.disease:No;-0.0275767241305627;0.0148064016585109
cerebrovascular.disease:No;-0.0058822969948288;0.0
chf:No;0.0006100974143683;0.0
endstage.renal.disease:No,dementia:No;-0.0073859900827476;0.007055422646828
