Features;Individual Effect;Interaction Effect
coronary.artery.disease:No,age:60,sex:female;0.1658247173102903;0.1034963788843996
chf:No;0.0434804750301102;0.0
copd:No,hypertension:Yes,diabetes:Yes;-0.0320576907253016;0.0026693475725512
cerebrovascular.disease:No;0.021682453481116;0.0
asthma:No;0.0208571894525046;0.0
race:black;0.0188193679389702;0.0
dementia:No;0.013332028095067;0.0
cancer:No;-0.0096743762192147;0.0
endstage.renal.disease:No,chronic.kidney.disease:No;0.0056007010218991;-0.0132642845709353
hyperlipidemia:No;-0.0026023392827472;0.0
hepatitis:No;0.0024850009022938;0.0
