Features;Individual Effect;Interaction Effect
age:86.00;-0.2042246290079266;0.0
sex:female,race:white,coronary.artery.disease:Yes;-0.0866842721251109;-0.0635042380632723
chf:Yes,diabetes:No,chronic.kidney.disease:Yes;-0.0390890761274811;-0.0317214579805842
cancer:No,asthma:No,dementia:No;0.0224028265988776;-0.0302904105693581
hypertension:Yes,endstage.renal.disease:No;-0.0068738035527744;-0.0006683507863353
cerebrovascular.disease:No;-0.0058411880419853;0.0
hyperlipidemia:Yes;-0.0035660585671789;0.0
hepatitis:No;-0.0029718654857925;0.0
copd:No;0.0019770449620109;0.0
