Features;Individual Effect;Interaction Effect
age:44.00;0.2535573919956078;0.0
coronary.artery.disease:No,sex:female,hypertension:No;0.0459717586423242;0.0960793390811768
asthma:No,dementia:No;-0.0081370922616146;0.0499898983402886
hyperlipidemia:No;-0.0250841041782347;0.0
copd:No;0.0137526469908896;0.0
endstage.renal.disease:No;-0.01302846262537;0.0
diabetes:No;0.0108113346369963;0.0
race:white;-0.0080344097356103;0.0
chf:No;-0.0079529342482893;0.0
chronic.kidney.disease:No;-0.0059101948714459;0.0
hepatitis:No,cancer:No;0.0060072031121293;-0.0024840195865508
cerebrovascular.disease:No;0.0007360345493082;0.0
