Features;Individual Effect;Interaction Effect
chf:No,age:67.00,coronary.artery.disease:Yes;-0.0962039536331453;-0.1840457228006639
race:white,sex:male,hypertension:No;-0.0784014969411445;-0.1237369262168372
diabetes:No;-0.0306957035682346;0.0
cerebrovascular.disease:No;-0.017334331316963;0.0
asthma:No;0.0129527543453015;0.0
hyperlipidemia:No;0.0109906448655692;0.0
endstage.renal.disease:No;0.0064908088630504;0.0
hepatitis:No,chronic.kidney.disease:No;-0.0070689024497925;0.0025265657230968
dementia:No;-0.0039615769310481;0.0
copd:No,cancer:No;0.0066736665571809;-0.004369063204921
