Features;Individual Effect;Interaction Effect
chf:No,race:white,coronary.artery.disease:Yes;-0.1393482156015689;-0.194461355990992
hypertension:No,cancer:No;-0.0182638131640783;-0.0402344727666265
age:63.00;-0.0455081428238266;0.0
sex:female;0.0382497932526948;0.0
hyperlipidemia:No;-0.0279019721152047;0.0
diabetes:No;-0.0189447435366718;0.0
endstage.renal.disease:No;0.0050598501400883;0.0
chronic.kidney.disease:No;0.0034159456478806;0.0
cerebrovascular.disease:No,hepatitis:No,copd:No;-0.0150152474814537;0.01651373885117
dementia:No;0.0006081959499726;0.0
asthma:No;-0.0003360422265117;0.0
