Features;Individual Effect;Interaction Effect
age:27.00,sex:female;0.3441017491282048;-0.0382459513040222
coronary.artery.disease:No;0.0529079327196362;0.0
race:black,hypertension:No,diabetes:No;0.0118245159895521;0.0385421308517284
cerebrovascular.disease:No;0.0183364529227477;0.0
cancer:No;0.0173277257267242;0.0
chronic.kidney.disease:No;-0.0153045467044769;0.0
hyperlipidemia:No;0.0128312839618218;0.0
asthma:No;0.0121017332495272;0.0
endstage.renal.disease:No;-0.010797361390205;0.0
chf:No,dementia:No;0.0063856104229557;0.0011627807989346
copd:No;-0.0061235196115728;0.0
hepatitis:No;-0.0047273314267375;0.0
