Features;Individual Effect;Interaction Effect
asthma:No,coronary.artery.disease:No,cancer:Yes;-0.0509284307712033;-0.1026079243393948
race:black,age:71,diabetes:No;0.0221210854878645;-0.1703343842743576
sex:male;-0.072776735025257;0.0
cerebrovascular.disease:No;-0.0297859588035504;0.0
dementia:No;0.0150348560503391;0.0
hyperlipidemia:No;-0.0132725349183805;0.0
chf:No;0.0123039314077776;0.0
endstage.renal.disease:No;0.0075883357016971;0.0
copd:No;-0.0065185130488743;0.0
chronic.kidney.disease:No;-0.0050439711510679;0.0
hepatitis:No;-0.0020835340388467;0.0
hypertension:Yes;0.002033301929366;0.0
