Features;Individual Effect;Interaction Effect
coronary.artery.disease:No,sex:male,diabetes:Yes;-0.0170416936651721;-0.1156017910748367
hypertension:No;-0.0880742373298465;0.0
age:77.00;-0.0608738409054453;0.0
race:black;0.0577967059151753;0.0
endstage.renal.disease:No;0.0350280823657381;0.0
hepatitis:No;-0.0344277344438791;0.0
dementia:No;-0.0314906122993078;0.0
chronic.kidney.disease:No;-0.028160473597171;0.0
chf:No;0.0220100699213213;0.0
hyperlipidemia:No,asthma:No;0.0017011924202067;0.0118316693790251
copd:No;0.0131586877212623;0.0
cerebrovascular.disease:No;0.0033481896025417;0.0
cancer:No;-0.0011971008668577;0.0
