Features;Individual Effect;Interaction Effect
age:89.00,hyperlipidemia:Yes,coronary.artery.disease:Yes;-0.3344848235393828;0.1270792443472808
sex:male,cerebrovascular.disease:No;-0.0228320212615363;0.0636888167199132
race:white,diabetes:Yes,chf:Yes;-0.0668718546953184;0.0957760557074923
hypertension:Yes;0.018257058961363;0.0
hepatitis:No;-0.0125436274168272;0.0
endstage.renal.disease:No;-0.006702674509019;0.0
copd:No;-0.0052907832957169;0.0
cancer:No;-0.0032959988973929;0.0
chronic.kidney.disease:No,asthma:No,dementia:No;-0.0051575761478853;0.0040188026162386
