Features;Individual Effect;Interaction Effect
sex:male,age:62.00,copd:Yes;-0.0192294040920001;-0.2186537625195026
coronary.artery.disease:No;0.0457978648810848;0.0
hypertension:Yes,chf:No,dementia:No;-0.0160214844022128;-0.0229069000714126
hyperlipidemia:No;-0.0240680893102534;0.0
chronic.kidney.disease:No,endstage.renal.disease:No,asthma:No;0.0096096223341879;-0.019613902199794
hepatitis:No;0.0088986417253632;0.0
diabetes:No,cerebrovascular.disease:No;0.0135244730570533;-0.0217397567436397
cancer:No;-0.0039772865689141;0.0
race:white;0.0023323494943945;0.0
