Features;Individual Effect;Interaction Effect
diabetes:No,hypertension:No,dementia:Yes;-0.1163645597166043;-0.0676238036358595
cancer:No,age:82.00,chf:No;-0.1229280379662958;-0.0109396025756737
coronary.artery.disease:No,cerebrovascular.disease:No;0.0471831887253723;0.0089344597223132
asthma:No;0.0274341966886314;0.0
race:asian,endstage.renal.disease:No,chronic.kidney.disease:No;0.0319382228521341;-0.056472708101311
hepatitis:No;0.0133120522882464;0.0
sex:female;0.0095067909797932;0.0
hyperlipidemia:No;-0.006565003181099;0.0
copd:No;-0.0037217068806722;0.0
