Features;Individual Effect;Interaction Effect
coronary.artery.disease:No;0.0744207706899537;0.0
hypertension:No,diabetes:No;-0.0013408362023145;-0.0553188422519491
cancer:No,race:white,endstage.renal.disease:No;0.0053146775600079;-0.039365575402569
dementia:No,age:67.00,sex:male;-0.0215019638214864;0.0501940402621127
hyperlipidemia:No;0.0247765617626489;0.0
chf:No,asthma:No;0.0026822701137551;-0.0242085116911906
chronic.kidney.disease:No;0.018503151176069;0.0
cerebrovascular.disease:No;0.0174882728451608;0.0
copd:No;0.0013778067947897;0.0
hepatitis:No;0.0013718354940009;0.0
