Features;Individual Effect;Interaction Effect
age:7Yes,hypertension:Yes,diabetes:Yes;-0.0505011176341769;0.2912864124600985
coronary.artery.disease:No,chf:No;0.0468878718437243;0.0648149500669261
race:black;0.0462329654244142;0.0
cancer:No;0.023838741775853;0.0
hyperlipidemia:No,asthma:No,dementia:No;-0.0296695645655135;0.0469532000760762
cerebrovascular.disease:No;0.0161382001092493;0.0
sex:male;-0.0113198359937674;0.0
endstage.renal.disease:No;0.007273166088718;0.0
hepatitis:No,copd:No;0.0030779438338257;-0.0012150699242039
chronic.kidney.disease:No;-1.494989384926565e-05;0.0
