Features;Individual Effect;Interaction Effect
hyperlipidemia:No,age:8No,sex:male;-0.1617393203791444;-0.0857584496631045
chf:Yes,asthma:No;-0.001411172635489;0.0876012681085412
diabetes:No;-0.0717079149622163;0.0
coronary.artery.disease:Yes;-0.0692960035770507;0.0
cerebrovascular.disease:No;-0.0401664635463995;0.0
race:white;-0.0336191525488048;0.0
hypertension:Yes;-0.029025558657541;0.0
endstage.renal.disease:No;0.023270332328744;0.0
copd:No;0.0171291545855336;0.0
chronic.kidney.disease:No;0.0139302716635512;0.0
dementia:No;-0.0090276805173122;0.0
cancer:No;0.0052848586315504;0.0
hepatitis:No;0.0007461495859355;0.0
