Features;Individual Effect;Interaction Effect
race:black,age:63.00,chf:Yes;0.0462567393895183;-0.2866798056427067
sex:male;-0.071667877876682;0.0
hypertension:Yes;-0.0471285921600024;0.0
coronary.artery.disease:No;0.0442949066876445;0.0
endstage.renal.disease:No,chronic.kidney.disease:No;-0.0122354405163011;-0.0176131030631544
cancer:No;0.0259725582632021;0.0
copd:No;-0.0212146658670257;0.0
hepatitis:No;-0.0134961603379084;0.0
cerebrovascular.disease:No;-0.0098764906583844;0.0
dementia:No;0.0094380203309092;0.0
diabetes:No;-0.0054889805470058;0.0
hyperlipidemia:No;0.0005723351249662;0.0
asthma:No;0.0004926022096099;0.0
