Features;Individual Effect;Interaction Effect
diabetes:No,age:89.00,hypertension:Yes;-0.1840162578991407;-0.0898419934949885
dementia:Yes,sex:female,chf:Yes;-0.068866194860872;-0.1142505129204813
cancer:No,race:white,hyperlipidemia:Yes;-0.0112769119542359;-0.0487199337276621
asthma:No;0.0319416304110023;0.0
hepatitis:No;0.021006516491332;0.0
endstage.renal.disease:No;0.0139249256463118;0.0
coronary.artery.disease:No;0.012776694472266;0.0
chronic.kidney.disease:No;0.0090402572882004;0.0
cerebrovascular.disease:No;0.0081244918383029;0.0
copd:No;0.0025831741810767;0.0
