Features;Individual Effect;Interaction Effect
age:74.00,diabetes:No;-0.1431785930124977;-0.0943985134487776
sex:male,cerebrovascular.disease:No;-0.0489043908062073;-0.0241684565689399
coronary.artery.disease:No;0.0494082220541343;0.0
endstage.renal.disease:No;-0.029423198748645;0.0
asthma:No;-0.0287951240852643;0.0
chronic.kidney.disease:No;0.0277046887832092;0.0
hyperlipidemia:No;-0.0183570138819495;0.0
hypertension:Yes;0.0159305346127188;0.0
race:black;0.0123607220223052;0.0
copd:No,dementia:No;-0.0076362251336445;0.0159627442789646
hepatitis:No;0.0076831784325047;0.0
chf:No;-0.0051740057722126;0.0
cancer:No;0.0048997039373271;0.0
