Features;Individual Effect;Interaction Effect
race:white,age:88.00,sex:male;-0.1581991402724863;-0.0778375694059498
coronary.artery.disease:Yes;-0.1233304756406252;0.0
endstage.renal.disease:Yes;-0.0588662211923404;0.0
diabetes:No,cancer:No;0.0158399069809728;-0.0410557230623698
asthma:No;-0.0243316414245065;0.0
hypertension:Yes;-0.0216938171118016;0.0
cerebrovascular.disease:No;0.0199359612484829;0.0
hepatitis:No;0.0123139202083205;0.0
hyperlipidemia:No,chf:Yes;-0.0034708904870819;0.0131229459875362
dementia:No;-0.0059174386481052;0.0
chronic.kidney.disease:No;0.0042384179234705;0.0
copd:No;-0.0002416975863442;0.0
