Features;Individual Effect;Interaction Effect
asthma:No,age:68.00,race:asian;0.0143182421326901;0.0899061447424906
hypertension:Yes,sex:female,diabetes:Yes;-0.0217411168751319;0.1115861350429198
cancer:No,coronary.artery.disease:Yes,chf:Yes;-0.1187724683537189;0.0448392924358567
copd:No;-0.0232634279424129;0.0
hyperlipidemia:No;-0.0232183413109319;0.0
chronic.kidney.disease:No;0.0176001082703521;0.0
hepatitis:No;-0.0075541103329517;0.0
endstage.renal.disease:No;0.0069688719904232;0.0
cerebrovascular.disease:No;-0.0054351045531315;0.0
dementia:No;-0.0002181475168181;0.0
