Features;Individual Effect;Interaction Effect
race:white,age:72.00,coronary.artery.disease:Yes;-0.1707982705866168;-0.222072877882534
copd:No,sex:male,endstage.renal.disease:No;-0.0054780215007352;-0.0552082813164425
cancer:No,hyperlipidemia:Yes,diabetes:No;-0.004308678744635;-0.0246874156382538
chf:No;-0.0137037394910743;0.0
dementia:No;0.0124615970887512;0.0
hypertension:Yes;-0.0098865606782052;0.0
asthma:No;0.0082661418240188;0.0
chronic.kidney.disease:No;-0.0082239959782377;0.0
cerebrovascular.disease:No,hepatitis:No;0.0085216925124348;-0.0042272088189261
