Features;Individual Effect;Interaction Effect
diabetes:No,age:73.00,chronic.kidney.disease:Yes;-0.0832734860827218;-0.1957031954934857
race:black;-0.054605561101997;0.0
coronary.artery.disease:No;0.0208310735423095;0.0
asthma:No,dementia:No;0.0149871915101692;-0.0082560747499013
chf:No;0.0062964981284113;0.0
endstage.renal.disease:No;0.0060844150148453;0.0
hyperlipidemia:No,cancer:No;0.0091073564473561;-0.0046920679685817
hypertension:No,hepatitis:No;-0.0289177429679344;0.0249814520579539
copd:No,sex:female,cerebrovascular.disease:No;0.0556177854619099;-0.0547685645240816
