Features;Individual Effect;Interaction Effect
chf:No,age:63.00,sex:female;0.0348410928718203;0.128645691339064
hypertension:Yes,diabetes:Yes;-0.0368976863921574;0.0763934879788632
asthma:Yes;0.0237317478655893;0.0
hepatitis:No;-0.0150568919046342;0.0
copd:No,race:black,coronary.artery.disease:Yes;-0.1152435072894562;0.1254248191315991
dementia:No;0.0096381712259027;0.0
cerebrovascular.disease:No;0.0094100173444542;0.0
cancer:No;-0.0074052140968854;0.0
chronic.kidney.disease:No;-0.0041045997199898;0.0
endstage.renal.disease:No;0.0008381460124275;0.0
hyperlipidemia:No;-0.0005391761956747;0.0
