Features;Individual Effect;Interaction Effect
age:80,cancer:No;-0.0983298086171546;-0.0645560910930808
race:black,coronary.artery.disease:Yes,chronic.kidney.disease:No;-0.1072607229153335;0.035198244889225
sex:male;-0.061659824645999;0.0
hepatitis:No;0.0395029472250144;0.0
hyperlipidemia:Yes;0.035081189382231;0.0
cerebrovascular.disease:No;0.0320251440712655;0.0
endstage.renal.disease:No;-0.0188172312993847;0.0
hypertension:Yes;-0.0185689133503292;0.0
dementia:No;-0.0148549933616493;0.0
diabetes:Yes;-0.013340327716559;0.0
chf:No;-0.0101193786764812;0.0
copd:No;-0.007262285484471;0.0
asthma:No;-0.0050651587672443;0.0
