Features;Individual Effect;Interaction Effect
coronary.artery.disease:No,age:53.00,hyperlipidemia:No;0.2214098097929711;0.1129728306832966
race:black,hypertension:No,diabetes:No;0.0118119986914908;0.0697443023318256
chf:No,dementia:No;-0.0015544246473661;0.0329237229587449
sex:male,endstage.renal.disease:No;-0.0489988102617517;0.0184727063607845
hepatitis:No,cerebrovascular.disease:No,cancer:No;-0.0025104411023754;0.030972063868044
chronic.kidney.disease:No;0.0073995785205813;0.0
asthma:No;-0.004618871950402;0.0
copd:No;0.0027743724955275;0.0
