Features;Individual Effect;Interaction Effect
diabetes:Yes,coronary.artery.disease:Yes;-0.1696917996620573;0.050456607611385
dementia:No,asthma:Yes,copd:Yes;-0.0248299209966641;0.087457299013608
age:72.00;-0.0501894990366651;0.0
endstage.renal.disease:No,hypertension:Yes,hyperlipidemia:Yes;-0.014161653663507;0.0532225967677247
chronic.kidney.disease:No;0.0171875857458988;0.0
hepatitis:No;0.0150500062994004;0.0
race:other;-0.0148284648364028;0.0
sex:female,cerebrovascular.disease:No,cancer:No;0.0673927333465416;-0.0609814474485668
chf:No;0.0056163326105812;0.0
