Features;Individual Effect;Interaction Effect
diabetes:No,age:73.00,coronary.artery.disease:Yes;-0.1966219373104158;-0.0645923236031442
hypertension:Yes;-0.0548380325650004;0.0
endstage.renal.disease:No,sex:female,hepatitis:No;0.027962892746782;-0.0028344539384969
asthma:Yes,race:black,chf:Yes;0.0130263175548168;-0.0290861517555492
hyperlipidemia:No;-0.0138517559387894;0.0
cerebrovascular.disease:No,dementia:No;0.0141031309596085;-0.0089468947037071
chronic.kidney.disease:No;-0.0035280533413251;0.0
cancer:No;-0.0015077806224885;0.0
copd:No;0.0001879500058054;0.0
