Features;Individual Effect;Interaction Effect
hypertension:No,race:black,sex:female;0.0626155328925837;0.1074716411528737
asthma:No,diabetes:No,endstage.renal.disease:No;-0.0154550120755199;0.0807408891267449
age:73.00,copd:No;-0.0646072981529454;0.0174453464745321
dementia:No;0.0370266162166894;0.0
cerebrovascular.disease:No;-0.0147260264985791;0.0
hyperlipidemia:No;0.0111225283892888;0.0
coronary.artery.disease:Yes,chf:Yes;-0.118157879765777;0.1074900241555152
cancer:No;-0.0097739597041343;0.0
chronic.kidney.disease:No;-0.0076627959453143;0.0
hepatitis:No;-0.0041308423607358;0.0
