Features;Individual Effect;Interaction Effect
sex:female,age:92.00,hypertension:Yes;-0.1667263453419266;-0.2733630826037307
hyperlipidemia:No;-0.0403005203518252;0.0
diabetes:No;-0.034960048485319;0.0
asthma:No;-0.0339291062835445;0.0
copd:No;0.0282253867134359;0.0
cerebrovascular.disease:No;0.0254465288924162;0.0
endstage.renal.disease:No;0.0174962378463374;0.0
chronic.kidney.disease:No;-0.0120816769129103;0.0
chf:No;-0.0109882497125799;0.0
cancer:No,race:black,coronary.artery.disease:No;0.0831234114437711;-0.0774244185606731
dementia:No;-0.0042355665816807;0.0
hepatitis:No;-0.0032184982252728;0.0
