Features;Individual Effect;Interaction Effect
age:65.00,hypertension:No;0.0601118660586599;0.0664096894372842
race:white,sex:female;0.0217493375985579;0.0857683780728463
cerebrovascular.disease:No;0.0155783588232082;0.0
dementia:No;0.0143230567566413;0.0
copd:Yes,coronary.artery.disease:Yes,cancer:Yes;-0.2581894744301589;0.2453172641046835
asthma:No;0.0126309553021387;0.0
endstage.renal.disease:No;-0.0106196152050985;0.0
chf:No;-0.0094013861165868;0.0
diabetes:No;0.0066448031065755;0.0
hepatitis:No;0.0062666904141068;0.0
hyperlipidemia:No,chronic.kidney.disease:No;-0.0152495421785279;0.0098761002922719
