Features;Individual Effect;Interaction Effect
sex:male,age:38.00,race:other;0.2245235613877815;0.0883569355211806
chronic.kidney.disease:No,hypertension:No,diabetes:No;0.0176695940911891;0.0315051143154422
dementia:No,coronary.artery.disease:No,endstage.renal.disease:No;0.046345329552623;-0.0015097181692973
cancer:No;0.0133894735877789;0.0
hyperlipidemia:No;0.0088992734511173;0.0
asthma:No,hepatitis:No,copd:No;-0.0194940002034051;0.0159014787175135
chf:No;0.0016209928890913;0.0
cerebrovascular.disease:No;0.0006867877060636;0.0
