Features;Individual Effect;Interaction Effect
chf:No,race:white,coronary.artery.disease:Yes;-0.1338156764258755;-0.1522538722627585
age:69.00;-0.0551393741541293;0.0
hyperlipidemia:No;-0.0258621928727532;0.0
hypertension:Yes;0.0254154316723237;0.0
diabetes:Yes;-0.0162259642469434;0.0
cancer:No;0.0157864095017402;0.0
cerebrovascular.disease:No,asthma:No;-0.0125911322379782;0.0265360595448885
copd:No;0.0099322221452451;0.0
endstage.renal.disease:No;-0.0074340179047341;0.0
hepatitis:No,chronic.kidney.disease:No;0.0125543414101058;-0.0064212608954887
dementia:No;-0.005123668132598;0.0
sex:male;-0.0005825388219211;0.0
