Features;Individual Effect;Interaction Effect
race:white,age:66.00,coronary.artery.disease:Yes;-0.0777833437977194;-0.0941469866139164
cerebrovascular.disease:No,chronic.kidney.disease:Yes;-0.0085879155731072;-0.0809996702007304
sex:female;0.0337587350388694;0.0
diabetes:No;-0.0321549404947128;0.0
dementia:No;-0.0184434535132567;0.0
endstage.renal.disease:No;0.0166936172450495;0.0
copd:No;0.0062160193710521;0.0
hepatitis:No,cancer:Yes;-0.1131013427496885;0.1174038584848412
hyperlipidemia:No;0.0038564145502065;0.0
chf:No;-0.0032487777940471;0.0
asthma:No;0.0029614318525815;0.0
hypertension:No;-0.0013053786067721;0.0
