Features;Individual Effect;Interaction Effect
coronary.artery.disease:No,age:6No,sex:female;0.1520577528295094;0.1364546730567686
race:black,hypertension:No,diabetes:No;0.0227525538601783;0.0898109135774884
dementia:No,chronic.kidney.disease:No,asthma:No;0.0037580718707623;0.0220275743795646
hepatitis:No;0.0188693933717767;0.0
endstage.renal.disease:No;-0.0131797308753482;0.0
cancer:No;0.01227567725563;0.0
copd:No;0.0115656541000607;0.0
chf:No;0.0104004465467378;0.0
hyperlipidemia:No;0.0051975790730671;0.0
cerebrovascular.disease:No;-0.0006836442116592;0.0
