Features;Individual Effect;Interaction Effect
sex:male,age:59.00,hypertension:No;0.0046426809079671;-0.2021243800547403
cancer:No;0.0169150355677876;0.0
hepatitis:No;-0.0158949968402848;0.0
chf:No,cerebrovascular.disease:No,asthma:No;-0.0024520209628744;-0.0099437169701896
race:black;0.0085548101320137;0.0
dementia:No;0.0058655089310424;0.0
diabetes:No,copd:No;0.0107179908823654;-0.0067275771844269
hyperlipidemia:No,coronary.artery.disease:No,chronic.kidney.disease:No;0.0575134514780834;-0.0539141107131725
endstage.renal.disease:No;-0.0028342061083094;0.0
