Features;Individual Effect;Interaction Effect
chronic.kidney.disease:No,coronary.artery.disease:No,chf:No;0.0441968488731717;0.0731916389042272
race:black,hypertension:No,diabetes:No;0.0094601176248452;0.1023199657599632
hepatitis:No,age:67.00,sex:male;0.0027257083666195;0.0914121750498454
hyperlipidemia:No;0.0215328042876003;0.0
asthma:No,dementia:No;-0.0166319475656244;0.0349808906161033
endstage.renal.disease:No;-0.0171322490020562;0.0
cancer:No;0.012515343718334;0.0
copd:No;0.0121769992356982;0.0
cerebrovascular.disease:No;0.0113186397983741;0.0
