Features;Individual Effect;Interaction Effect
cancer:No,age:71,coronary.artery.disease:Yes;-0.1345811802766;-0.1536540166157813
race:other;-0.054317701614266;0.0
sex:female;0.0483811096734268;0.0
chf:No;-0.0306886833798759;0.0
copd:No;-0.0161884436619562;0.0
endstage.renal.disease:No;0.0144005927289336;0.0
hepatitis:No;0.0141263925387912;0.0
cerebrovascular.disease:No;0.0134386489223436;0.0
dementia:No;0.0073298267500573;0.0
hypertension:Yes,hyperlipidemia:No;-0.0057861734190192;0.0015655030376383
diabetes:Yes;0.0005457677560423;0.0
asthma:No;-0.0004541972543346;0.0
chronic.kidney.disease:No;-0.0002424217087336;0.0
