Features;Individual Effect;Interaction Effect
sex:male,age:89.00,coronary.artery.disease:Yes;-0.3474955433016466;0.2106802015701643
chronic.kidney.disease:No,race:white,chf:Yes;-0.0505061658490341;0.170204901282213
cerebrovascular.disease:No,diabetes:No,asthma:No;0.0105697800710591;0.0440459614876566
hypertension:Yes;0.0460303606546245;0.0
copd:No;-0.0271811100456213;0.0
hyperlipidemia:No;0.0222114893251761;0.0
dementia:No;-0.0099591685965852;0.0
hepatitis:No,endstage.renal.disease:No;-0.0120684538199909;0.0049164724719252
cancer:No;-0.0065561005271133;0.0
