Features;Individual Effect;Interaction Effect
diabetes:Yes,age:75.00,chf:No;-0.2087356736696448;-0.014356736739725
hypertension:Yes,race:asian,chronic.kidney.disease:Yes;0.0232851774677798;-0.0960418137280503
coronary.artery.disease:No,dementia:Yes;-0.0555756765996622;-0.0026428071182723
cancer:No;0.0156792099579493;0.0
copd:No,hepatitis:No,asthma:No;-0.0030515180850333;0.0174210393601516
sex:female;0.0097307042337853;0.0
endstage.renal.disease:No;0.004805868855168;0.0
cerebrovascular.disease:No;0.0019097892126923;0.0
hyperlipidemia:No;-5.094863598778532e-05;0.0
