Features;Individual Effect;Interaction Effect
age:48.00;0.19923072547796;0.0
sex:female,hyperlipidemia:No,coronary.artery.disease:No;0.0846296484983832;0.0674745865253068
chronic.kidney.disease:No,cancer:No;-0.0163631988796698;0.0455632503757814
hypertension:Yes,diabetes:Yes;-0.0339425017336786;0.0576701859141348
chf:No;0.0178966511133002;0.0
hepatitis:No;0.0134924089330964;0.0
cerebrovascular.disease:No;0.0111469767224422;0.0
copd:No;-0.0057158792740325;0.0
race:white;-0.0050527415595535;0.0
dementia:No;0.0024078204781173;0.0
endstage.renal.disease:No,asthma:No;0.0058308149912632;-0.0059715972783497
