Features;Individual Effect;Interaction Effect
chf:No,age:65.00,race:white;0.0465110621264217;0.1135759527968666
sex:female,hypertension:Yes,diabetes:Yes;-0.0136273445722715;0.1517257278035358
coronary.artery.disease:Yes;-0.1367172100972524;0.0
cerebrovascular.disease:No;0.0265034031629245;0.0
hepatitis:No;-0.0222790725053536;0.0
hyperlipidemia:No;-0.0147027515211943;0.0
copd:No,cancer:No;0.0023912941379333;-0.016109811215741
endstage.renal.disease:No;0.0124220350791151;0.0
dementia:No;-0.0085753659131689;0.0
chronic.kidney.disease:No;-0.0051848085444007;0.0
asthma:No;-0.0030519313320563;0.0
