Features;Individual Effect;Interaction Effect
race:black,age:65.00,chf:Yes;0.0925423986330526;-0.319311195511387
endstage.renal.disease:No,sex:male,hyperlipidemia:Yes;-0.0507654038553087;-0.0415829053181692
asthma:No,hypertension:Yes,copd:No;-0.0077371638224658;-0.0411513933343983
diabetes:No,cerebrovascular.disease:No,dementia:No;0.0072871621897572;-0.0320248676390444
cancer:No;0.0137403412570143;0.0
chronic.kidney.disease:No;-0.0115907143529053;0.0
hepatitis:No;0.0111492057921054;0.0
coronary.artery.disease:No;-0.0073506609358927;0.0
