Features;Individual Effect;Interaction Effect
diabetes:Yes,age:39.00,sex:female;0.2084527275165872;0.1195910100490583
coronary.artery.disease:No;0.0860033079374362;0.0
race:white,endstage.renal.disease:No,copd:No;-0.0149254838235433;-0.008967003925937
asthma:Yes,cerebrovascular.disease:No,cancer:No;0.0132738762999932;0.0019974594830371
dementia:No,hypertension:No,hyperlipidemia:No;-0.0197860879653163;0.005005656350267
chf:No;-0.0129554121300076;0.0
hepatitis:No;0.0038258234715143;0.0
chronic.kidney.disease:No;0.0038228660492808;0.0
