Features;Individual Effect;Interaction Effect
coronary.artery.disease:No,age:76.00,hyperlipidemia:Yes;-0.0947576527591825;-0.1532447357721443
sex:male,copd:No;-0.0578256284027609;-0.0102692424362903
race:white,asthma:No;-0.022314487754194;-0.0281856890156957
chf:No,endstage.renal.disease:No;0.005043885796275;-0.0327250829445738
hypertension:No;-0.0179336467795107;0.0
cancer:No;0.012545274725796;0.0
dementia:No;-0.0086478968600814;0.0
diabetes:No,hepatitis:No,chronic.kidney.disease:No;0.0074697699537251;-0.0056020759099344
cerebrovascular.disease:No;-0.0009353530497749;0.0
