Features;Individual Effect;Interaction Effect
race:white,age:53.00,coronary.artery.disease:Yes;0.0360428229562783;-0.2582548943913334
hypertension:No;-0.0798698343204641;0.0
hyperlipidemia:No;-0.0386796103266144;0.0
chf:No;-0.0237872726334074;0.0
asthma:No;0.0189251700791322;0.0
diabetes:No,copd:No;-0.0038740497020499;-0.011361460614588
chronic.kidney.disease:No,dementia:No;-0.012234293344029;-0.0009507826033795
endstage.renal.disease:No;0.0115656429315595;0.0
hepatitis:No;-0.0045453811396258;0.0
cancer:No;-0.0027460159794915;0.0
sex:male;-0.0007894633739085;0.0
cerebrovascular.disease:No;0.000272570033333;0.0
