Features;Individual Effect;Interaction Effect
hyperlipidemia:No,age:75.00,diabetes:Yes;-0.2245298895877136;-0.0371576080901266
dementia:No,race:black,hypertension:Yes;0.03860666560954;-0.1121168202071135
chronic.kidney.disease:No,coronary.artery.disease:No,cancer:Yes;-0.0587614305663425;0.0016344490204564
chf:No;-0.025134406353156;0.0
asthma:No;-0.022862735727668;0.0
endstage.renal.disease:No;0.0202433465791544;0.0
hepatitis:No,cerebrovascular.disease:No,copd:No;0.0053233840096039;-0.0024879677495494
sex:female;-0.0005536964779315;0.0
