Features;Individual Effect;Interaction Effect
race:white,diabetes:Yes,chronic.kidney.disease:Yes;-0.0872415244283631;0.2268243368910412
age:75.00,coronary.artery.disease:Yes,chf:Yes;-0.288066955027176;0.2525696903146873
sex:male;-0.0139079084492007;0.0
hyperlipidemia:No,hepatitis:No;-0.0148366511177912;0.0272401595780126
cerebrovascular.disease:No;-0.0082845225933098;0.0
asthma:No,endstage.renal.disease:No,dementia:No;-0.0066867262306458;-0.0008445745911148
copd:No;-0.0064351236451476;0.0
hypertension:Yes,cancer:No;0.0012112593353178;-0.0046707583256185
