Features;Individual Effect;Interaction Effect
race:black,hypertension:Yes,endstage.renal.disease:Yes;0.0257481110472723;-0.1573261262608939
age:69.00,sex:female;-0.0001937221333769;-0.0892870435372761
diabetes:Yes;-0.0696041231713957;0.0
coronary.artery.disease:No;0.0444335060409932;0.0
cancer:No;0.0236499657608732;0.0
chf:No,copd:No;0.0024833529418747;-0.0176763446886353
hepatitis:No;0.0080661872563676;0.0
hyperlipidemia:No,cerebrovascular.disease:No,chronic.kidney.disease:No;-0.007175945455865;0.0146751232468803
asthma:No;0.0056473228230258;0.0
dementia:No;0.0007865831826308;0.0
