Features;Individual Effect;Interaction Effect
age:32.00,cerebrovascular.disease:No;0.3111997123169767;-0.0060581472482705
hypertension:Yes,sex:female,diabetes:Yes;-0.0145659229432468;0.0918711813159228
hyperlipidemia:No,coronary.artery.disease:No;0.0452845720030424;-0.0043611011576104
cancer:No;0.0237457464662316;0.0
dementia:No;-0.0113970205634291;0.0
asthma:No;0.0099581368084174;0.0
copd:No;0.0097721948203771;0.0
race:black;0.006970385715322;0.0
chronic.kidney.disease:No,chf:No,endstage.renal.disease:No;0.0026400363507269;0.0022935245863109
hepatitis:No;0.0043194817816666;0.0
