Features;Individual Effect;Interaction Effect
sex:female,coronary.artery.disease:No,endstage.renal.disease:No;0.0604339978345048;0.0598922350915346
race:white,diabetes:Yes,chf:Yes;-0.0651580282080803;0.1336728663727169
age:85.00,hyperlipidemia:Yes;-0.1483726700571851;0.1041606726266366
asthma:No;0.0269970369692042;0.0
hypertension:Yes,copd:No;-0.0171823826126035;0.038448315617707
dementia:No;0.0128158473419429;0.0
hepatitis:No;0.0091398802918059;0.0
cancer:No;0.0049862500566019;0.0
cerebrovascular.disease:No;-0.0031212311716774;0.0
chronic.kidney.disease:No;-0.0022127949648043;0.0
