Features;Individual Effect;Interaction Effect
sex:male;-0.0689784825423201;0.0
coronary.artery.disease:No,dementia:No;0.0434777203367345;0.0232937465571967
age:6Yes;0.0649429724155015;0.0
copd:No;0.0223631053673711;0.0
hypertension:Yes,diabetes:Yes;-0.0642704507593261;0.0482116846523358
chf:No,hepatitis:No;0.016736575321619;-0.0009510034098188
cancer:No;-0.0091925424391915;0.0
cerebrovascular.disease:No,chronic.kidney.disease:No;0.0173295861645343;-0.0264502171531748
race:black,hyperlipidemia:No;0.0244162476590854;-0.018647893589384
endstage.renal.disease:No,asthma:No;-0.0057553680683242;0.000826020174256
