Features;Individual Effect;Interaction Effect
hypertension:Yes,hyperlipidemia:Yes;-0.0119280469278633;0.067699422757674
race:asian,cerebrovascular.disease:Yes,endstage.renal.disease:Yes;-0.0347287894623488;0.0843335243453261
dementia:No,coronary.artery.disease:Yes,chf:Yes;-0.1341759473502126;0.1832344653852441
sex:female;0.0289439136449162;0.0
cancer:No;-0.0098575499049181;0.0
hepatitis:No;-0.0075487983272798;0.0
copd:No;-0.0067455878798922;0.0
age:74.00,diabetes:Yes,chronic.kidney.disease:Yes;-0.2249808236936404;0.2285178063576805
asthma:No;-0.0030553831781162;0.0
