Features;Individual Effect;Interaction Effect
age:3Yes;0.3022203848760464;0.0
coronary.artery.disease:No;0.095034986420514;0.0
chronic.kidney.disease:No,hypertension:No,diabetes:No;-0.0334759530193798;0.1113159262941322
cancer:No;0.0426900819391235;0.0
sex:female;0.0384337211340009;0.0
endstage.renal.disease:No;-0.0355189264223764;0.0
dementia:No;0.0273143205899001;0.0
race:white;-0.0217658828678316;0.0
asthma:No;0.0186284503846267;0.0
cerebrovascular.disease:No;0.0177871647700175;0.0
chf:No;-0.0101646129295685;0.0
hepatitis:No;-0.0052427201945969;0.0
copd:No;0.0042578087980861;0.0
hyperlipidemia:No;-0.0015278835730111;0.0
