Features;Individual Effect;Interaction Effect
race:white,age:56.00,sex:male;0.128788540383459;0.1261312760283869
copd:No,coronary.artery.disease:Yes,cerebrovascular.disease:No;-0.1210257280858166;0.0024914833652986
diabetes:No;0.034400529149154;0.0
hyperlipidemia:No;-0.0153781715697306;0.0
dementia:No;0.0141979333344741;0.0
cancer:No;-0.0093816021374961;0.0
hypertension:No;0.008777107916515;0.0
chronic.kidney.disease:No;-0.0071105170127552;0.0
endstage.renal.disease:No;-0.00684490949097;0.0
chf:No;0.005981393036686;0.0
hepatitis:No;0.0059209549837615;0.0
asthma:No;0.0027283038952041;0.0
