Features;Individual Effect;Interaction Effect
age:69.00,hypertension:Yes,diabetes:Yes;-0.1060007393188648;0.2477548387758123
sex:female,asthma:No;0.0252157714016827;0.0460201630071774
hyperlipidemia:No;0.0635997986316597;0.0
coronary.artery.disease:No;0.0518422324145792;0.0
race:black,chf:No;0.0039817065768017;0.0322784893155363
endstage.renal.disease:No,copd:No;-0.0144298352563649;0.0443411902596035
cancer:No;0.0123197810496002;0.0
hepatitis:No;-0.008927851680328;0.0
dementia:No;0.0047631640494477;0.0
cerebrovascular.disease:No;0.0033264860964451;0.0
chronic.kidney.disease:No;-0.0005739489333063;0.0
