Features;Individual Effect;Interaction Effect
coronary.artery.disease:Yes;-0.1334756321667185;0.0
cancer:No,age:73.00,diabetes:Yes;-0.127779295227009;0.0713299136987333
copd:Yes,sex:male,hepatitis:No;-0.0429678865768355;0.0143365181286276
hyperlipidemia:No;-0.0274356345448159;0.0
asthma:Yes;0.0222705963126163;0.0
hypertension:Yes;0.0221705401985696;0.0
cerebrovascular.disease:No;-0.0163680405337346;0.0
chronic.kidney.disease:No;-0.0140974531014599;0.0
dementia:No;0.0126272691050042;0.0
race:white;-0.0112819808483029;0.0
chf:No;-0.006520430107981;0.0
endstage.renal.disease:No;0.004528801943847;0.0
