Features;Individual Effect;Interaction Effect
race:white,age:52.00,hyperlipidemia:No;0.1398813920318106;-0.0181492199409873
coronary.artery.disease:Yes,chf:Yes;-0.1252166943262166;0.0354593526699949
hypertension:No;0.0321430038240237;0.0
diabetes:No;0.0303651500595013;0.0
sex:female;0.0261437564881584;0.0
cerebrovascular.disease:No;0.0246910135439517;0.0
hepatitis:No,chronic.kidney.disease:No;0.0127693284671662;-0.0340407137955487
cancer:No;-0.0109707470105329;0.0
endstage.renal.disease:No;0.0092130680853964;0.0
dementia:No;-0.0089720400087724;0.0
asthma:No;0.0077224486270958;0.0
copd:No;-0.0002870400039814;0.0
