Features;Individual Effect;Interaction Effect
coronary.artery.disease:No;0.1590339838880146;0.0
race:white,age:66.00,sex:male;0.011854881743896;0.1305959863968346
chf:No;0.040791265717181;0.0
hypertension:No,diabetes:No;-0.0126994798046271;0.0391516623483582
copd:No;0.0144655907047823;0.0
cancer:No;0.0137277591041918;0.0
dementia:No;-0.0073987030198638;0.0
hyperlipidemia:No;-0.0052482903539211;0.0
endstage.renal.disease:No;-0.0044464172835488;0.0
cerebrovascular.disease:No,asthma:No;-0.0163038868134679;0.0157269293415458
hepatitis:No,chronic.kidney.disease:No;0.0043206535505797;-0.004765011822573
