Features;Individual Effect;Interaction Effect
sex:female,coronary.artery.disease:No;0.0880664528501363;0.0066412574035558
chf:No,age:63.00,cerebrovascular.disease:Yes;-0.0813053123324524;0.1277122890833221
asthma:No,race:black,dementia:No;0.0092307173535477;0.0163300255928396
hypertension:Yes,diabetes:Yes;-0.0399147636523155;0.0611733031540858
hepatitis:No,copd:No;0.0222206354902086;-0.0377004561593694
hyperlipidemia:No,cancer:No;0.0081104067859063;0.0020539572812211
chronic.kidney.disease:No;-0.0053265045945072;0.0
endstage.renal.disease:No;-0.0008697383071679;0.0
