Features;Individual Effect;Interaction Effect
coronary.artery.disease:No,age:89.00,hypertension:Yes;-0.1450528394605531;-0.1342516143443977
sex:female;-0.0550794742673216;0.0
race:white,hepatitis:No,chronic.kidney.disease:No;-0.0034965565229027;-0.0311415511571142
hyperlipidemia:Yes;0.0240851850228038;0.0
dementia:No,chf:No,asthma:No;-0.0133848248142517;-0.009561145748808
endstage.renal.disease:No;0.0157403424294524;0.0
cerebrovascular.disease:No,cancer:No;-0.0035509653705319;0.0163595756118004
diabetes:No;-0.0100992379924571;0.0
copd:No;0.0047560104439729;0.0
