Features;Individual Effect;Interaction Effect
age:92.00,chf:No;-0.1916098110142672;0.0141626778787317
coronary.artery.disease:Yes,cerebrovascular.disease:Yes;-0.2080521057726135;0.112980175581045
sex:male;-0.0573643853623571;0.0
diabetes:Yes;-0.0344941592584911;0.0
endstage.renal.disease:No;0.032721560768847;0.0
hepatitis:No;-0.0133081046596492;0.0
asthma:No;-0.0116966025715665;0.0
copd:No;-0.0062690578699137;0.0
cancer:No;-0.0053799026013081;0.0
dementia:No;0.0029176663996139;0.0
hyperlipidemia:Yes;-0.0024935921134372;0.0
chronic.kidney.disease:No;-0.0020302458859774;0.0
hypertension:Yes;0.0015830230659789;0.0
race:black;0.00155793906476;0.0
