Features;Individual Effect;Interaction Effect
age:28.00,hypertension:No,diabetes:No;0.2831233019282868;0.0554834285695746
race:white,coronary.artery.disease:No;0.0144264079163118;0.0435663675768756
sex:female;0.0211689895461073;0.0
dementia:No;0.0157403658021064;0.0
cancer:No;0.0146197861794911;0.0
endstage.renal.disease:No,asthma:No;-0.0041044217221868;0.0156142513322886
chronic.kidney.disease:No;0.0104529034730298;0.0
hepatitis:No;0.0103218744762407;0.0
cerebrovascular.disease:No;0.0080059473118014;0.0
copd:No;0.0074366131590525;0.0
hyperlipidemia:No;-0.0051653548131834;0.0
chf:No;0.0024969665523122;0.0
