Features;Individual Effect;Interaction Effect
asthma:No,coronary.artery.disease:No,chf:No;0.0308912762880773;0.0753532469982497
hyperlipidemia:No,hypertension:No,diabetes:No;-0.0547280872813598;0.1207486008395254
cerebrovascular.disease:No;0.0205934488240334;0.0
race:white,age:85.00,sex:male;-0.2001794300766365;0.1900506441309557
cancer:No;-0.0079870624911632;0.0
chronic.kidney.disease:No;-0.0069623983119888;0.0
copd:No,dementia:No;-0.0067298768977303;0.0047220036586783
hepatitis:No;0.0009080439522154;0.0
endstage.renal.disease:No;-0.0008168560211191;0.0
