Features;Individual Effect;Interaction Effect
cerebrovascular.disease:No,age:77.00,endstage.renal.disease:Yes;-0.0955847476471379;-0.091408144630521
sex:male;-0.0527327019141782;0.0
race:black,coronary.artery.disease:No,chronic.kidney.disease:Yes;0.0554220486807172;-0.084306574794437
chf:No;-0.0228744412154428;0.0
hypertension:Yes;0.0172726312356;0.0
hepatitis:No,hyperlipidemia:No,cancer:No;0.0050166391792709;0.0107893746553115
diabetes:Yes,dementia:No;-0.0599354489294566;0.0447119713112892
copd:No;-0.0031975010421082;0.0
asthma:No;-0.0008981023398752;0.0
