Features;Individual Effect;Interaction Effect
age:33.00,coronary.artery.disease:Yes;0.1575125527739053;0.0774489705546986
race:black,hypertension:No,diabetes:No;-0.0069086619844345;0.1432486818823949
sex:male;-0.0310266424940215;0.0
endstage.renal.disease:No,cerebrovascular.disease:No,dementia:No;0.0157628672216534;0.0123691981146046
hepatitis:No;0.0160887370966911;0.0
hyperlipidemia:No;-0.0119477511734328;0.0
chronic.kidney.disease:No,copd:No;-0.0033157210029712;-0.0049904462891177
asthma:No;-0.0077230245396457;0.0
chf:No;0.0047039356778805;0.0
cancer:No;-0.0001450600418299;0.0
