Features;Individual Effect;Interaction Effect
sex:female,age:63.00,hyperlipidemia:Yes;0.0367150448634561;0.1720419656281949
hypertension:Yes,endstage.renal.disease:Yes;0.0094674439766567;0.0581664494802863
coronary.artery.disease:No,cerebrovascular.disease:No;0.0635252543476583;-0.0269233511965413
diabetes:Yes;-0.0279389156137898;0.0
chronic.kidney.disease:No,chf:No,asthma:Yes;0.0007292202142489;-0.0226637497804288
race:black,cancer:No;0.0085223600328229;-0.0015102209045997
dementia:No;-0.0035592374597103;0.0
copd:No;-0.002808426961287;0.0
hepatitis:No;-0.0013181694312857;0.0
