Features;Individual Effect;Interaction Effect
age:84.00;-0.2062965106403823;0.0
race:white,coronary.artery.disease:Yes;-0.151992938641542;-0.0154524408732921
asthma:No;0.0532833070264418;0.0
hyperlipidemia:No;-0.0411303714974749;0.0
chf:Yes;0.0407609183622607;0.0
copd:No;-0.0195444681198235;0.0
endstage.renal.disease:No;-0.0186564304409912;0.0
diabetes:No;-0.0162819798610235;0.0
hepatitis:No,dementia:No;0.0168295454731995;-0.0286229920524652
chronic.kidney.disease:No;0.0114335894876045;0.0
cancer:No;-0.007557636101802;0.0
sex:male;-0.006271223567073;0.0
hypertension:Yes;0.0060903834669813;0.0
cerebrovascular.disease:No;0.0050707443412723;0.0
