Features;Individual Effect;Interaction Effect
race:asian,coronary.artery.disease:No;0.0829341186777726;0.0667568133092556
hypertension:Yes,age:89.00,dementia:Yes;-0.276190630506925;0.205944060336034
diabetes:No;0.036522444962505;0.0
sex:male,cerebrovascular.disease:Yes;-0.1181425884068093;0.1040122186453329
hepatitis:No;0.0136448285502574;0.0
cancer:No;-0.0071322392354071;0.0
hyperlipidemia:No;0.0054545161301196;0.0
chronic.kidney.disease:No;-0.0044320056894649;0.0
copd:No;-0.0036548942893382;0.0
asthma:No,chf:No,endstage.renal.disease:No;-0.0151153046767095;0.0135157878094881
