Features;Individual Effect;Interaction Effect
hyperlipidemia:No,coronary.artery.disease:No;0.0354700197374973;0.0345502605520064
race:black,cerebrovascular.disease:No;0.0387276245150727;0.0149054791742306
diabetes:Yes,age:76.00,chf:Yes;-0.1682781200949515;0.2215407998862193
sex:male,hypertension:Yes;-0.0514632576795301;0.0757616920694116
copd:No,cancer:No;0.0040680703527318;0.0199410645226816
dementia:No;-0.005186723081021;0.0
hepatitis:No;0.0045138692081812;0.0
endstage.renal.disease:No,asthma:No;-0.0071111319204852;0.0101617938580286
chronic.kidney.disease:No;-0.0002790316213855;0.0
