Features;Individual Effect;Interaction Effect
race:white,age:66.00,coronary.artery.disease:No;0.0997549148480465;0.09013216255681
endstage.renal.disease:No,dementia:No;-0.0139500689181281;0.0419994053821245
diabetes:No;0.0232966062224279;0.0
asthma:No,copd:No;0.0077655383055307;0.0154260327098719
chf:No;0.0171186435812931;0.0
hypertension:No,sex:female,cancer:Yes;-0.0878665255881512;0.0753206849454505
hepatitis:No;0.0105056257980848;0.0
hyperlipidemia:No;0.003779830886842;0.0
cerebrovascular.disease:No;-0.0035667949177699;0.0
chronic.kidney.disease:No;-0.0019870917095415;0.0
