Features;Individual Effect;Interaction Effect
race:black,age:7No,hepatitis:Yes;-0.0538029157714972;-0.2118550658928017
coronary.artery.disease:No,sex:female,cerebrovascular.disease:Yes;0.0173648413814807;-0.1381473706400156
cancer:No;0.0396190988265972;0.0
asthma:No;-0.0329156204455235;0.0
endstage.renal.disease:No;0.0235039444169116;0.0
hyperlipidemia:No;-0.020278625195439;0.0
chf:No;-0.0129532427395676;0.0
copd:No;-0.0071284822285118;0.0
chronic.kidney.disease:No;0.0036661993446179;0.0
hypertension:No;-0.0036245201771646;0.0
dementia:No;-0.0028887034537489;0.0
diabetes:No;-0.0013042452724602;0.0
