Features;Individual Effect;Interaction Effect
age:73.00,sex:female,cerebrovascular.disease:Yes;-0.1111031218138209;-0.1075666640650279
coronary.artery.disease:No,cancer:Yes;-0.0589437745254293;-0.0375312974453965
diabetes:No,dementia:Yes;-0.0901444217262676;0.0172194749707578
hypertension:Yes;-0.0214754671092519;0.0
endstage.renal.disease:No;0.0177884386753171;0.0
race:white,chf:No;-0.0446034774883161;0.032016558411491
chronic.kidney.disease:No;-0.0115260083365849;0.0
hyperlipidemia:Yes,copd:No;0.0009059949477446;0.0075327958872517
hepatitis:No;-0.0023745093789808;0.0
asthma:No;0.0007583212642408;0.0
