Features;Individual Effect;Interaction Effect
age:89.00,coronary.artery.disease:No,hepatitis:No;-0.1184906637563553;-0.0902856469459562
sex:male,race:other,hypertension:No;-0.0885090724334626;-0.0795510529792738
hyperlipidemia:No,diabetes:No;-0.0044311600075941;-0.0488288002009551
chronic.kidney.disease:No;-0.0216113991331832;0.0
chf:No;-0.0207315149647062;0.0
dementia:No;0.0194987742102764;0.0
endstage.renal.disease:No;-0.0182420979479696;0.0
asthma:No;0.0080030944794509;0.0
copd:No;-0.0048084883159545;0.0
cerebrovascular.disease:No;0.0023539254744973;0.0
cancer:No;-0.0023431918234481;0.0
