Features;Individual Effect;Interaction Effect
hyperlipidemia:Yes,cancer:No;-0.0024120046572255;0.0900517154559047
race:black;0.0642709400123558;0.0
endstage.renal.disease:No,coronary.artery.disease:No,chf:No;0.048811897319007;-0.0094743074024992
hepatitis:No,sex:male,cerebrovascular.disease:Yes;-0.1156752808794284;0.0819743448540593
dementia:No;-0.0183675179677052;0.0
hypertension:Yes,age:74.00,diabetes:Yes;-0.1994800117678211;0.1844426937733526
copd:No;-0.0054523506979368;0.0
chronic.kidney.disease:No;-0.0039215509265624;0.0
asthma:No;0.0034796198077954;0.0
