Features;Individual Effect;Interaction Effect
hypertension:Yes,sex:female,diabetes:Yes;-0.0141075578157275;0.1470444648309792
age:70,dementia:No;0.0060779594391356;0.0843424159849996
hyperlipidemia:No;0.0409781578251402;0.0
coronary.artery.disease:No,chronic.kidney.disease:No;0.0612415180741279;-0.0265777190572175
race:black;0.0315465484875113;0.0
cerebrovascular.disease:No,asthma:No;-0.0147674289935102;0.0344935834650832
endstage.renal.disease:No,cancer:No;-0.0055797351481399;0.0225584688655524
copd:No;0.0155632940048633;0.0
hepatitis:No;-0.0072514058872659;0.0
chf:No;0.0001939601080005;0.0
