Features;Individual Effect;Interaction Effect
diabetes:No;-0.0664375729250618;0.0
sex:female;0.0541627964778737;0.0
hepatitis:No;0.0382092894232504;0.0
hypertension:Yes,age:7No,race:black;0.0621741889538428;-0.0932169119636021
cerebrovascular.disease:No,chronic.kidney.disease:No;-0.011691612399157;0.0369605244413589
endstage.renal.disease:No;-0.0155391021901537;0.0
cancer:No;0.0146541003762034;0.0
copd:No;0.0123761296305293;0.0
chf:No;0.0095162615016297;0.0
dementia:No;-0.0084791543532041;0.0
asthma:No;-0.0067288393063973;0.0
coronary.artery.disease:No;0.0064789396813479;0.0
hyperlipidemia:No;-0.0053189248430292;0.0
