Features;Individual Effect;Interaction Effect
race:other,diabetes:Yes,chf:Yes;-0.0709880280660654;0.183031193427088
sex:female;0.1093587188820453;0.0
coronary.artery.disease:No,cancer:No;0.0543473146386745;0.0546133384331241
age:84.00,hypertension:No;-0.190000259106208;0.1225132645868231
hepatitis:No;-0.0261479846746717;0.0
endstage.renal.disease:No;-0.0185228216772463;0.0
cerebrovascular.disease:No;0.0103612469972666;0.0
chronic.kidney.disease:No;-0.0087423634888771;0.0
copd:No;-0.0082611509730167;0.0
asthma:No;-0.0065669064524599;0.0
hyperlipidemia:No,dementia:No;-0.0192176720102972;0.019484843988482
