Features;Individual Effect;Interaction Effect
diabetes:No,age:38.00,cerebrovascular.disease:No;0.2939863229595432;0.0081612211419218
cancer:No,sex:female,coronary.artery.disease:No;0.1015651295059377;-0.0064390280733593
dementia:No;0.0368929767344704;0.0
race:black,hypertension:No;-0.0051446453816971;0.0292095269518713
endstage.renal.disease:No;0.0160422977200026;0.0
copd:No;-0.013043283249638;0.0
chf:No;-0.0116525512392799;0.0
hyperlipidemia:No;0.0065039956852148;0.0
hepatitis:No,asthma:No;-0.0061421817554542;0.009817925294812
chronic.kidney.disease:No;3.704929997608297e-05;0.0
