Features;Individual Effect;Interaction Effect
coronary.artery.disease:No,age:91,hypertension:Yes;-0.1477157781966536;-0.1447872189297383
sex:male;-0.0852095446118685;0.0
hyperlipidemia:No,chf:No;0.0001763256358474;-0.059818834346786
diabetes:No,cerebrovascular.disease:No;0.0037721791148846;0.0297285726719713
race:black;0.0180357334914737;0.0
copd:No,hepatitis:No,chronic.kidney.disease:No;-0.0040719216969442;0.0158975730987154
cancer:No;-0.0090618649503877;0.0
dementia:No;0.0072992768241814;0.0
asthma:No;0.0069308400705508;0.0
endstage.renal.disease:No;-0.0053235741246164;0.0
