Features;Individual Effect;Interaction Effect
diabetes:No,age:89.00,hypertension:Yes;-0.1876045454057517;-0.0885589231998733
coronary.artery.disease:Yes;-0.154149670193465;0.0
hyperlipidemia:Yes,chf:Yes;-0.022959239554681;0.0695324111815177
copd:No;-0.0400158649997219;0.0
hepatitis:No;0.0321083911934041;0.0
race:white,dementia:No;-0.0311293039665764;0.0023003188520666
cancer:No;0.0286845319019866;0.0
cerebrovascular.disease:No;0.0223313229586573;0.0
asthma:No;-0.0205939915192817;0.0
chronic.kidney.disease:No;0.017226709568211;0.0
endstage.renal.disease:No;0.0086098126968146;0.0
sex:male;-0.0005435567701925;0.0
