Features;Individual Effect;Interaction Effect
sex:female,race:other,coronary.artery.disease:Yes;-0.1106550865002781;-0.2166352482628765
hyperlipidemia:No;-0.0462272971538475;0.0
chf:No,endstage.renal.disease:No;-0.0003694249297634;-0.0363674879885298
hepatitis:No;-0.0130761239756855;0.0
age:49.00,hypertension:No;0.1093148578748502;-0.1172449310280813
diabetes:No;0.0077817475702041;0.0
dementia:No;0.0047637909617266;0.0
chronic.kidney.disease:No,copd:No;-0.0030514670494085;0.0007436228708613
cerebrovascular.disease:No;0.0018353012057466;0.0
asthma:No,cancer:No;0.0085384064708621;-0.0084105132260202
