Features;Individual Effect;Interaction Effect
diabetes:No,coronary.artery.disease:No;0.0540201918268458;0.0596774118131518
chf:No,age:63.00,hypertension:Yes;-0.011296799720881;0.118181572466092
race:white,copd:Yes;-0.059512280049317;0.0137948561861129
sex:male,hyperlipidemia:No;-0.046607568595738;0.0112672369379053
chronic.kidney.disease:No,endstage.renal.disease:No,asthma:No;-0.0088966009792633;0.0036046356992091
cerebrovascular.disease:No,hepatitis:No,dementia:No;0.020476276158305;-0.0164509612303296
cancer:No;-0.0005157719370951;0.0
