Features;Individual Effect;Interaction Effect
sex:male,diabetes:Yes;-0.083731032691283;-0.0479170658110578
coronary.artery.disease:No,age:68.00,race:unknown;-0.0255315476951289;-0.094786535440042
hypertension:Yes,asthma:No;0.0142926081719387;0.0227271494559599
hyperlipidemia:No;-0.0197128491402332;0.0
dementia:No,hepatitis:No,endstage.renal.disease:No;-0.0127423853182903;-0.0024347145503632
chf:No;-0.0126224110070304;0.0
chronic.kidney.disease:No;-0.0118586790198607;0.0
cerebrovascular.disease:No;-0.0036929158816348;0.0
cancer:No;0.0023975904728798;0.0
copd:No;-0.0015536867155579;0.0
