Features;Individual Effect;Interaction Effect
sex:male,race:white,hypertension:No;-0.091556142558599;-0.0847296385019887
coronary.artery.disease:No,age:53.00,cancer:Yes;0.1236802129249698;-0.2694847923096287
diabetes:No,chf:Yes;-0.0142087278637577;-0.0299712855252401
hepatitis:No,chronic.kidney.disease:No;0.0078500475756719;0.0006522988279016
hyperlipidemia:No,dementia:No;-0.0059665380649942;0.0103991679254982
copd:No;-0.0022120581725746;0.0
asthma:No;0.001823770302968;0.0
endstage.renal.disease:No;0.0009589439769613;0.0
cerebrovascular.disease:No;0.0001071232496603;0.0
