Features;Individual Effect;Interaction Effect
diabetes:Yes,age:4No,sex:male;0.0995180244361709;-0.2302958732104389
race:hispanic;-0.0695712046015702;0.0
coronary.artery.disease:No;0.0393139045929105;0.0
hyperlipidemia:No;-0.0338816121051399;0.0
hepatitis:No,endstage.renal.disease:No;0.0074397609684885;-0.039004500378185
cerebrovascular.disease:No;-0.0255097997249429;0.0
chronic.kidney.disease:No;-0.0171447260030101;0.0
dementia:No;0.0169780727807665;0.0
chf:No;-0.0126561768611465;0.0
asthma:No;-0.0083519873366842;0.0
hypertension:Yes;-0.0081406576682667;0.0
copd:No,cancer:No;0.0190428894756023;-0.0142232199390678
