Features;Individual Effect;Interaction Effect
sex:male,age:55.00,hypertension:Yes;0.1013154910822698;0.2403696021701906
endstage.renal.disease:No,hyperlipidemia:Yes,coronary.artery.disease:Yes;-0.1403838881553224;0.1072215781961896
dementia:No;0.015442984188808;0.0
race:white;-0.0140123382126429;0.0
asthma:No;-0.0121310145644107;0.0
hepatitis:No;-0.0103443541732716;0.0
chronic.kidney.disease:No;0.0102211930617058;0.0
cerebrovascular.disease:No;0.007999230643197;0.0
cancer:No;0.0069818673787339;0.0
chf:No;-0.0023528162077688;0.0
diabetes:No,copd:No;-0.0096622281371769;0.00836977713078
