Features;Individual Effect;Interaction Effect
sex:female,age:84.00,race:black;-0.1097379148328933;-0.1828717465082483
chronic.kidney.disease:No;0.0278908510798404;0.0
hepatitis:No;0.0210939846712386;0.0
chf:No,cerebrovascular.disease:No,copd:No;-0.0008208164941403;-0.0176484319519189
diabetes:No;-0.0175008747108007;0.0
dementia:No,cancer:No;-0.0053853400514065;-0.0069703370673138
hypertension:No,hyperlipidemia:No;-0.0338283609659495;0.043200526743436
asthma:No;0.0092403248943826;0.0
endstage.renal.disease:No;-0.0029610620529551;0.0
coronary.artery.disease:No;0.0021607123186447;0.0
