Features;Individual Effect;Interaction Effect
endstage.renal.disease:Yes,age:57.00,diabetes:No;0.0847163582885931;0.1327412423932909
race:black;0.0460237319781604;0.0
sex:male,coronary.artery.disease:Yes,cerebrovascular.disease:Yes;-0.2312014318036676;0.1968880328871643
hyperlipidemia:No;-0.0153714266541551;0.0
cancer:No;0.0129188167587565;0.0
hepatitis:No,asthma:No,copd:No;-0.0397879757262483;0.0283618892311725
chf:No;0.0020172427607365;0.0
dementia:No;0.0018794220521204;0.0
hypertension:Yes;-0.0018069846582914;0.0
chronic.kidney.disease:No;0.0014500903681558;0.0
