Features;Individual Effect;Interaction Effect
race:white,age:27.00,hyperlipidemia:No;0.2984904679052835;0.0039051847019153
sex:female,hypertension:No,diabetes:No;0.021921468505174;0.046409065292915
asthma:No,coronary.artery.disease:No,chronic.kidney.disease:No;0.0706287524099945;-0.0026820253557497
copd:No,cancer:No;-0.0065543844098259;0.017167499488695
dementia:No;0.0092555666612524;0.0
cerebrovascular.disease:No;0.0088227878154658;0.0
chf:No;-0.0085281130991281;0.0
hepatitis:No;0.0070740741096999;0.0
endstage.renal.disease:No;0.0057394339117753;0.0
