Features;Individual Effect;Interaction Effect
coronary.artery.disease:No,age:86.00,race:black;-0.1208697618518872;-0.1556927980356785
copd:No,sex:male,hypertension:No;-0.0830992682654085;-0.0805299158363829
diabetes:No;0.0220028563861909;0.0
dementia:No;0.0180202137982341;0.0
endstage.renal.disease:No;-0.0158819381001825;0.0
hepatitis:No,chf:No,cerebrovascular.disease:No;0.0180736288040252;-0.033001249644841
hyperlipidemia:Yes;-0.0088272090779389;0.0
asthma:No,cancer:No;0.0188598293567996;-0.0259508349817524
chronic.kidney.disease:No;-0.002256222306069;0.0
