Features;Individual Effect;Interaction Effect
diabetes:No,age:89.00,race:asian;-0.1430347050671689;-0.1014366028996025
endstage.renal.disease:No,hypertension:No,dementia:Yes;-0.1041368187459737;-0.0765983502911076
sex:male,coronary.artery.disease:No;0.0159873699355019;-0.0457913012668142
hyperlipidemia:No;-0.0208631494422611;0.0
chronic.kidney.disease:No;0.0121328843693257;0.0
chf:No;-0.0078973801214635;0.0
asthma:No,cancer:No;0.015202843368115;-0.007477678437679
cerebrovascular.disease:No;0.0067412193527303;0.0
hepatitis:No;0.0016407531267791;0.0
copd:No;0.0009688828578175;0.0
