Features;Individual Effect;Interaction Effect
race:black,age:68.00,cerebrovascular.disease:Yes;-0.0684738968247575;-0.168741323995541
hyperlipidemia:Yes,cancer:No;-0.0077010716319176;-0.042010668613965
coronary.artery.disease:No;0.0470787833907459;0.0
hypertension:Yes;-0.029569877493605;0.0
diabetes:No;-0.0207427204966682;0.0
endstage.renal.disease:No;0.0158046798054194;0.0
hepatitis:No,chronic.kidney.disease:No;0.0082363061014603;-0.0205735980996052
sex:male;0.0093172702384997;0.0
chf:No;0.0086860069189353;0.0
dementia:No;0.0085994100741055;0.0
asthma:No,copd:No;-0.0102997382757312;0.0050055714364568
