Features;Individual Effect;Interaction Effect
hypertension:Yes,age:54.00,sex:male;0.1285447284282572;0.1254496280237026
chf:Yes;-0.0537486078870845;0.0
coronary.artery.disease:No,chronic.kidney.disease:No;0.0497021824383585;0.0003247470588896
race:black;0.0274525278104969;0.0
diabetes:No,hyperlipidemia:No,endstage.renal.disease:No;0.0067807443812586;0.0204172871899623
cancer:No;0.0204328101758307;0.0
cerebrovascular.disease:No,asthma:No;0.0073001160039759;0.006759743632653
hepatitis:No,dementia:No;0.0127700739936985;-0.0006160342844988
copd:No;0.0078434983905513;0.0
