Features;Individual Effect;Interaction Effect
age:78.00;-0.1428196643920619;0.0
cancer:No,hepatitis:No,dementia:Yes;-0.0967795482591075;0.0162340522503731
coronary.artery.disease:Yes,cerebrovascular.disease:No,copd:No;-0.1101795350770284;0.0371160851112851
diabetes:Yes;0.0347445435414923;0.0
asthma:No;0.0306500597877789;0.0
sex:male;-0.0304363703203221;0.0
endstage.renal.disease:Yes,race:asian,hyperlipidemia:Yes;0.0336062308702597;-0.0572473397759976
hypertension:Yes;0.0225269891627756;0.0
chf:Yes;0.0186879068071387;0.0
chronic.kidney.disease:Yes;-0.0128759471245764;0.0
