Features;Individual Effect;Interaction Effect
race:white,age:89.00,hypertension:Yes;-0.1942732484461752;-0.0684300685852264
chf:Yes,hyperlipidemia:Yes,coronary.artery.disease:No;0.0430146481776255;-0.0911544192965425
sex:female,cerebrovascular.disease:No;0.0374345986030761;-0.074847122629715
diabetes:Yes;0.0369124710174355;0.0
cancer:No;0.0141801453108597;0.0
asthma:No,endstage.renal.disease:No,chronic.kidney.disease:No;-0.0034960368832286;0.0156172297441842
hepatitis:No,copd:No;0.0007297178930999;0.0105881027046025
dementia:No;0.0112995291571703;0.0
