Features;Individual Effect;Interaction Effect
hyperlipidemia:No,age:89.00,race:white;-0.2060724805759738;-0.1150612075835681
cerebrovascular.disease:No,sex:male,hypertension:No;-0.049740586733705;-0.0230871241946967
hepatitis:No,coronary.artery.disease:No,copd:No;0.0428273081769401;-0.0183790873609864
chf:No;-0.0142303841270479;0.0
chronic.kidney.disease:No;0.0102629886768016;0.0
endstage.renal.disease:No;-0.0077583815821844;0.0
asthma:No;-0.0071300620129466;0.0
diabetes:No;-0.0054464428602208;0.0
dementia:No;-0.0048867061095288;0.0
cancer:No;0.004285391291864;0.0
