Features;Individual Effect;Interaction Effect
diabetes:No,age:59.00,hypertension:Yes;0.0559610611339503;0.19815269144696
coronary.artery.disease:No,chf:No;0.0322362733441847;0.0636978427432545
dementia:No,race:black,chronic.kidney.disease:No;0.0048153575173055;0.0538940150171265
sex:female;0.0507863503448243;0.0
endstage.renal.disease:No;0.0182764594983703;0.0
hepatitis:No;-0.0180113594359196;0.0
asthma:No;0.0150346963381391;0.0
copd:No;-0.0108384618393615;0.0
cancer:No;0.0061522697951683;0.0
hyperlipidemia:No;0.0042876095432289;0.0
cerebrovascular.disease:No;0.0027267002387901;0.0
