Features;Individual Effect;Interaction Effect
diabetes:No,age:85.00,sex:female;-0.1027240611024731;-0.1608266207175528
cerebrovascular.disease:No,coronary.artery.disease:No,copd:Yes;0.0180586118716113;-0.0417190617325319
hyperlipidemia:No;-0.0204926188329093;0.0
chf:Yes,endstage.renal.disease:No,cancer:No;0.0134917067440591;-0.032240715091687
hypertension:Yes,asthma:No;-0.0122638356636376;-0.0024439067712079
race:white;0.0135199484676242;0.0
chronic.kidney.disease:No;0.0064928413456823;0.0
dementia:No;0.00541789338858;0.0
hepatitis:No;-0.0021458165060012;0.0
