Features;Individual Effect;Interaction Effect
sex:male,age:75.00,race:white;-0.2153243906920014;-0.1346820144527144
chf:No;-0.0501737413981554;0.0
chronic.kidney.disease:No;0.0335304923041309;0.0
dementia:No;-0.0331367956907197;0.0
diabetes:No;0.0274463511587007;0.0
hypertension:No,endstage.renal.disease:No;0.0141949497568243;-0.0393819531139323
asthma:No;0.0251608741288628;0.0
coronary.artery.disease:No;0.02185070342461;0.0
cancer:No;0.0180364954110145;0.0
hyperlipidemia:No;-0.0146295595296934;0.0
hepatitis:No;-0.0097761758900686;0.0
copd:No;0.006409637362387;0.0
cerebrovascular.disease:No;0.0056744925539225;0.0
