Features;Individual Effect;Interaction Effect
hypertension:No,sex:female,coronary.artery.disease:No;0.0628312435381474;0.1552159250310492
diabetes:Yes;-0.0379798072241653;0.0
cerebrovascular.disease:No;0.0239248835662285;0.0
hyperlipidemia:No;0.0203958462863257;0.0
hepatitis:No,copd:No;-0.0061498915995316;0.0259979528348586
chf:No;-0.0130604098912638;0.0
endstage.renal.disease:No;-0.0121421891241623;0.0
race:white,age:79.00,dementia:Yes;-0.2416604293126946;0.2486047166321893
chronic.kidney.disease:No;0.0008322121333257;0.0
asthma:No;-0.0005627757576141;0.0
cancer:No;-0.000355038911116;0.0
