Features;Individual Effect;Interaction Effect
chf:No,age:78.00,hypertension:Yes;-0.1336424780237873;-0.0951945565606979
sex:female,asthma:No;0.0327101743484091;-0.0918953967178005
cerebrovascular.disease:No;0.0337824539693902;0.0
diabetes:Yes,race:black,coronary.artery.disease:No;0.025248986257846;-0.0402815104830513
chronic.kidney.disease:No;0.0144830308881918;0.0
hepatitis:No,dementia:No;0.0005472555009169;0.0070167774698513
cancer:No;0.0055858121538141;0.0
copd:No;-0.004036186428007;0.0
hyperlipidemia:No;-0.0021357397531431;0.0
endstage.renal.disease:No;-0.0016312574388836;0.0
