Features;Individual Effect;Interaction Effect
diabetes:No,age:73.00,coronary.artery.disease:Yes;-0.2069191712864071;-0.1087852068110051
sex:male,hyperlipidemia:Yes,asthma:No;-0.065435642015025;-0.0200878525509734
race:white,copd:No;-0.0195216985336105;-0.0236458746132676
hypertension:Yes;0.0210674834071345;0.0
cerebrovascular.disease:No,dementia:Yes;-0.1000254619605432;0.0868037325748107
chronic.kidney.disease:No;0.0082470052671515;0.0
endstage.renal.disease:No,chf:No,cancer:No;-0.0030929962025041;-0.0001185490919205
hepatitis:No;-0.0020429371693614;0.0
