Features;Individual Effect;Interaction Effect
sex:female,coronary.artery.disease:No,chf:No;0.0770245620570468;0.0709695028642817
diabetes:No,age:76.00,race:black;-0.1082950163351492;0.1439969672512795
hyperlipidemia:No;0.0310474741028171;0.0
hepatitis:No;0.0151510807146163;0.0
copd:No;0.0123890884595442;0.0
asthma:No;-0.0104753279235669;0.0
chronic.kidney.disease:No,hypertension:Yes,endstage.renal.disease:No;0.0091052447044647;-0.0181104045557741
cancer:No;0.0049227974212197;0.0
dementia:No;0.0037489902618924;0.0
cerebrovascular.disease:No;0.0031896817586947;0.0
