Features;Individual Effect;Interaction Effect
age:79.00,hypertension:Yes;-0.1357544198090672;-0.0756710906962486
copd:No,race:asian,coronary.artery.disease:Yes;-0.0963156804822765;-0.0214393114947044
sex:male;-0.0941729196496696;0.0
chf:No,asthma:No;0.0011473173271625;-0.0343033436511259
cerebrovascular.disease:No;-0.0306892336681557;0.0
dementia:No;0.0196603706481175;0.0
hepatitis:No;0.0140191657285774;0.0
hyperlipidemia:Yes;0.0131935424143444;0.0
chronic.kidney.disease:No;-0.0116425400007419;0.0
endstage.renal.disease:No;0.0092885373659511;0.0
cancer:No;0.0075092756650678;0.0
diabetes:Yes;0.0068819494216037;0.0
