Features;Individual Effect;Interaction Effect
race:white,sex:male,hypertension:No;-0.0734035917270775;-0.1214139369978943
age:73.00,cancer:No;-0.0724309258128672;-0.0711865372283186
copd:No;-0.0388724310532526;0.0
hepatitis:No;0.0145422375979165;0.0
hyperlipidemia:No;0.0136245058493307;0.0
endstage.renal.disease:No;0.0118862311681111;0.0
asthma:No;0.0088707982054437;0.0
diabetes:No,coronary.artery.disease:No,chf:Yes;0.0392965401941058;-0.0309984936419208
dementia:No;0.0071620602383057;0.0
chronic.kidney.disease:No;0.0065147377658207;0.0
cerebrovascular.disease:No;0.0004809314215127;0.0
