Features;Individual Effect;Interaction Effect
copd:No;0.0573153036879565;0.0
race:white;-0.0527183137453804;0.0
coronary.artery.disease:No,chf:No;0.0140947390467829;0.0352929659317524
dementia:No;0.0340892890957762;0.0
diabetes:No;-0.0334432974225468;0.0
sex:female,age:89.00,hypertension:No;-0.1636205033644597;0.136247895454748
cancer:No;0.0108656678503977;0.0
hyperlipidemia:No;-0.0088153965464111;0.0
asthma:No;0.0081954484296992;0.0
hepatitis:No;-0.0076066424915689;0.0
chronic.kidney.disease:No;-0.0041269247279469;0.0
endstage.renal.disease:No;-0.0030270315616594;0.0
cerebrovascular.disease:No;-0.0014933290761709;0.0
