Features;Individual Effect;Interaction Effect
chf:No,race:white,coronary.artery.disease:Yes;-0.143277759571488;-0.0540309506539109
asthma:No,age:73.00,hyperlipidemia:Yes;-0.0878662120283449;-0.0375723523101703
copd:No;-0.012451948648334;0.0
cerebrovascular.disease:No;-0.010260212067275;0.0
endstage.renal.disease:No;0.0056009042887806;0.0
diabetes:Yes,hepatitis:No,cancer:No;-0.020125658096166;0.0155014989823802
dementia:No;-0.0030275537818046;0.0
sex:female,hypertension:Yes;0.040388974168687;-0.0384510288107839
chronic.kidney.disease:No;0.0015954021269431;0.0
