Features;Individual Effect;Interaction Effect
diabetes:No;0.0577734857507487;0.0
hypertension:Yes;-0.0397122895790151;0.0
coronary.artery.disease:No;0.0377102249930355;0.0
cerebrovascular.disease:No;0.0218455504051725;0.0
sex:female,age:91,race:black;-0.0852727987292256;0.065631496229305
cancer:No;0.0130317795513106;0.0
chronic.kidney.disease:No;0.009893087012272;0.0
chf:No;-0.0087948959521536;0.0
asthma:No;-0.0069910943718237;0.0
hyperlipidemia:No;-0.005655114192998;0.0
hepatitis:No;0.0054731543899737;0.0
endstage.renal.disease:No,copd:No,dementia:No;-0.0202970189387547;0.0216139610283785
