Features;Individual Effect;Interaction Effect
diabetes:No,age:59.00,hypertension:Yes;0.0770732594707442;0.1520323102533154
coronary.artery.disease:No;0.078758017149222;0.0
cerebrovascular.disease:No,race:black,sex:female;0.0710756156701003;-0.0013917238473841
chf:No;0.0193170405435925;0.0
asthma:No,hepatitis:No,cancer:No;-0.0021342069729427;0.0178534120501918
hyperlipidemia:No,chronic.kidney.disease:No;-0.0192222305481647;0.0122560926860907
endstage.renal.disease:Yes,dementia:No;0.0193165075576834;-0.0252354789520915
copd:No;0.0008629332537019;0.0
