Features;Individual Effect;Interaction Effect
hyperlipidemia:No,age:66.00,coronary.artery.disease:No;0.142365128080076;0.088456375563986
cerebrovascular.disease:No,hypertension:No,diabetes:No;0.0017553300602853;0.0381650459082118
sex:male;-0.0332373211833184;0.0
race:other,endstage.renal.disease:Yes;-0.0145594308805121;-0.0131327562831513
cancer:No;0.015867100327096;0.0
hepatitis:No,dementia:No;0.012439955794904;-7.647105223695244e-05
chf:No;0.0101650403991614;0.0
chronic.kidney.disease:No;0.0027116852383571;0.0
copd:No;0.0008489135036197;0.0
asthma:No;-0.0002326436907709;0.0
