Features;Individual Effect;Interaction Effect
age:46.00;0.1651428206036278;0.0
race:black,hypertension:No,diabetes:No;0.0154199497918611;0.1081736762084659
chronic.kidney.disease:No,coronary.artery.disease:No,dementia:No;0.0479072892391785;0.0154661575368605
endstage.renal.disease:Yes,sex:male,chf:No;-0.0477950951329854;0.0717439195109989
hyperlipidemia:No,cerebrovascular.disease:No;0.0109131416148029;0.0055511241968465
hepatitis:No;-0.0155822444898592;0.0
cancer:No;0.0028127372171243;0.0
asthma:No;0.0021624160898373;0.0
copd:No;0.0017161791893726;0.0
