Features;Individual Effect;Interaction Effect
coronary.artery.disease:Yes,hyperlipidemia:No,chf:No;-0.1448504061512156;-0.0341794089362462
race:white,age:49.00,hypertension:No;0.0833767048978659;-0.2019889718762889
sex:male,hepatitis:No;-0.0396366545743018;-0.0038638220831238
diabetes:No;0.0213467871333422;0.0
endstage.renal.disease:No;-0.019761328990529;0.0
asthma:No;-0.017036265067317;0.0
cerebrovascular.disease:No;-0.0140603153782971;0.0
copd:No;-0.0073886669131978;0.0
chronic.kidney.disease:No;-0.0064259847922477;0.0
cancer:No;-0.0053780584507139;0.0
dementia:No;-0.0003478955243157;0.0
