Features;Individual Effect;Interaction Effect
hypertension:Yes,age:75.00,chf:No;-0.1780881978146173;-0.063891792543764
race:white,chronic.kidney.disease:No,copd:No;-0.0156520765372019;-0.0225276403166682
coronary.artery.disease:No,sex:female,cerebrovascular.disease:Yes;0.0200521778546479;-0.0567371410594287
dementia:No;-0.0116101439781647;0.0
diabetes:No,cancer:No;0.0078112763077246;-0.0153426369759598
asthma:No;0.0051683976955916;0.0
endstage.renal.disease:No;-0.0049110970297433;0.0
hyperlipidemia:No;0.0035913762079206;0.0
hepatitis:No;-0.0035912877255726;0.0
