Features;Individual Effect;Interaction Effect
dementia:No,age:61,sex:female;0.0942723222657925;0.1415489090035548
endstage.renal.disease:No,race:asian,coronary.artery.disease:No;0.0704620169526414;0.0392481903492496
hypertension:No,diabetes:No;-0.0142083619110827;0.0607371689527807
copd:No;0.0184127166643765;0.0
cancer:No;0.0092548355815929;0.0
cerebrovascular.disease:No;0.0068020325768413;0.0
hyperlipidemia:No;0.0067930791824361;0.0
asthma:No;-0.0062058619271674;0.0
hepatitis:No;-0.0051571393617513;0.0
chf:No;0.0029577216263933;0.0
chronic.kidney.disease:No;0.0007799647273955;0.0
