Features;Individual Effect;Interaction Effect
dementia:No,age:2No,race:white;0.2803672655561621;0.0343132614501656
coronary.artery.disease:No,asthma:No;0.0379310791380641;0.0252948655805995
endstage.renal.disease:No,sex:female,hyperlipidemia:No;0.0404287769385706;-0.0066729082277615
cancer:No;0.0233744958695968;0.0
diabetes:No;0.0222054036921149;0.0
hepatitis:No;0.0133034096658919;0.0
chf:No;0.012477645415886;0.0
chronic.kidney.disease:No;0.0086772820212391;0.0
cerebrovascular.disease:No;0.0080209680331552;0.0
copd:No;-0.0070620318637637;0.0
hypertension:No;0.0031247473171608;0.0
