Features;Individual Effect;Interaction Effect
race:other,age:5No,hypertension:Yes;0.1028269464953209;0.186129737140382
coronary.artery.disease:Yes;-0.1369655755392437;0.0
diabetes:No;0.0293748448724806;0.0
cancer:No;-0.017009382800864;0.0
sex:male,chf:No,hepatitis:No;-0.070440527898749;0.0580050897798876
hyperlipidemia:No;-0.0079739811515093;0.0
asthma:No;0.0074518453914946;0.0
endstage.renal.disease:No,chronic.kidney.disease:No;-0.0184909489237433;0.0222712706374084
cerebrovascular.disease:No,dementia:No;0.0004723435215564;-0.0027820732956114
copd:No;0.0008603838451524;0.0
