Features;Individual Effect;Interaction Effect
diabetes:No,race:asian,coronary.artery.disease:Yes;-0.1012056980047869;-0.1027037473494851
age:75.00;-0.1851114930851039;0.0
sex:male,cerebrovascular.disease:No;-0.0228050815590817;-0.0374313132518025
endstage.renal.disease:No;0.0264841232289114;0.0
chf:No;-0.0213344243350895;0.0
hypertension:No;0.0201226828473898;0.0
asthma:Yes;0.0158136101301113;0.0
hyperlipidemia:No,copd:Yes;-0.0500429726851127;0.0625337691130241
chronic.kidney.disease:No;-0.0124163624750865;0.0
hepatitis:No;0.0117561777877723;0.0
cancer:No;0.0100815737801767;0.0
dementia:No;-0.0097963693415191;0.0
