Features;Individual Effect;Interaction Effect
coronary.artery.disease:No;0.1072662756671138;0.0
race:white,hypertension:Yes;-0.0232805110013715;0.0694408861424433
hyperlipidemia:No;0.0457646562608091;0.0
cerebrovascular.disease:No,cancer:No;0.0144839371354589;0.0025169858601401
endstage.renal.disease:No;-0.0159994870877853;0.0
chf:Yes,copd:No;0.0027784039717271;-0.0097466340173028
sex:female,age:89.00,diabetes:Yes;-0.1853024218054957;0.1877489883686529
asthma:No,dementia:No;-0.0157667429434491;0.015110882301536
hepatitis:No,chronic.kidney.disease:No;-0.0185687447218995;0.0190620078277702
