Features;Individual Effect;Interaction Effect
hypertension:No,age:69.00,race:white;-0.0785701176203019;-0.2147166170547057
coronary.artery.disease:No,cancer:No;0.0524284420317063;-0.0071909339039581
sex:male;-0.0412967519446539;0.0
endstage.renal.disease:No,hyperlipidemia:No,chronic.kidney.disease:No;-0.0080126994722735;-0.0282082755256003
chf:No;-0.0328411733464037;0.0
dementia:No;-0.0127744522346795;0.0
cerebrovascular.disease:No,diabetes:No,copd:No;0.0032740984463111;0.0038955069369763
asthma:No;-0.0045376469531505;0.0
hepatitis:No;0.0031016542425408;0.0
