Features;Individual Effect;Interaction Effect
age:52.00;0.1862236720190301;0.0
sex:male;-0.0773816484648288;0.0
hyperlipidemia:No,coronary.artery.disease:No,copd:No;0.0531788323635378;0.001049929385029
hypertension:No;-0.0292907680369292;0.0
race:other,diabetes:Yes,chf:Yes;-0.1005403946014906;0.1253026825697893
cerebrovascular.disease:No,dementia:No;0.005116692246361;0.0167972579756238
hepatitis:No;-0.0208694845800377;0.0
endstage.renal.disease:No;0.0180254302198568;0.0
chronic.kidney.disease:No;-0.014219282706815;0.0
cancer:No;-0.0053708632292969;0.0
asthma:No;-0.0033763072165927;0.0
