Features;Individual Effect;Interaction Effect
diabetes:No,age:37.00,race:other;0.2676455985638408;0.137918119985728
sex:male;-0.0257027714306302;0.0
coronary.artery.disease:No,dementia:No;0.0409939600749376;-0.0210875684256537
cerebrovascular.disease:No,chronic.kidney.disease:No;0.0157455274846523;0.0024527771397627
hypertension:No,hyperlipidemia:No,chf:Yes;-0.0189614338547212;0.0257682696449685
endstage.renal.disease:No,asthma:No,copd:No;-0.0137708831464424;0.0203620561992657
cancer:No;-0.0047740938315015;0.0
hepatitis:No;-0.0012762618387817;0.0
