Features;Individual Effect;Interaction Effect
asthma:No,age:76.00,race:white;-0.1430475993942468;-0.0147694466687893
hepatitis:No,sex:male,hypertension:No;-0.0542119040242574;-0.0676958683978101
chronic.kidney.disease:No,cancer:Yes;-0.1032034655811056;0.0019900592628304
diabetes:No,coronary.artery.disease:No,chf:Yes;0.0496009024519461;-0.0817056572267039
dementia:No;0.0176234907976488;0.0
cerebrovascular.disease:No;0.0114897804411809;0.0
copd:No;-0.0080422317450822;0.0
endstage.renal.disease:No;0.0030592037887237;0.0
hyperlipidemia:No;0.0003833716114151;0.0
