Features;Individual Effect;Interaction Effect
cancer:No,age:4No,sex:female;0.2365586266101409;0.11764200789619
hepatitis:No,coronary.artery.disease:No,chf:No;0.0433224420194046;0.0248112121712994
chronic.kidney.disease:No,cerebrovascular.disease:No,dementia:No;0.0003359986057921;0.0232310469699054
hypertension:No,diabetes:No;0.0047790745797139;0.0162304651109967
hyperlipidemia:No;0.0091186644398146;0.0
race:white,asthma:No;-0.0279258451459851;0.0203612451356641
copd:No;0.0047792834123574;0.0
endstage.renal.disease:No;0.0010223736776304;0.0
