Features;Individual Effect;Interaction Effect
hypertension:Yes,age:60,diabetes:No;0.0949856477948384;0.143498408196807
cancer:No,hyperlipidemia:No,coronary.artery.disease:No;0.0597080410053859;0.0099826469092557
sex:male;-0.046495284261985;0.0
chf:No,chronic.kidney.disease:No;0.0025469953574657;0.0279428496846388
hepatitis:No;0.0052228156540845;0.0
cerebrovascular.disease:No;0.0041205311967003;0.0
dementia:No,race:black,asthma:No;0.0036280933917254;-0.0059372280627384
endstage.renal.disease:No;-0.0011326736382838;0.0
copd:No;-0.0007836933730701;0.0
