Features;Individual Effect;Interaction Effect
diabetes:No,age:81,endstage.renal.disease:No;-0.135833526485946;-0.008146426852156
race:white,sex:male,hypertension:No;-0.0750757475614392;-0.0380412686046116
hyperlipidemia:Yes;-0.0692661645179715;0.0
coronary.artery.disease:No,cerebrovascular.disease:Yes;-0.0251847460881802;-0.0263554107578921
chf:No,copd:No;-0.0035377696642773;-0.0170088962607749
asthma:No;0.0202144927364387;0.0
hepatitis:No;0.0065082167690041;0.0
chronic.kidney.disease:No;0.0063397928609206;0.0
cancer:No;0.0044200653538708;0.0
dementia:No;0.0036377964230901;0.0
