Features;Individual Effect;Interaction Effect
diabetes:Yes,age:39.00,sex:female;0.1759888705059511;0.1971511057899031
copd:Yes;-0.0547883123264048;0.0
chronic.kidney.disease:No;0.0474612189172103;0.0
cerebrovascular.disease:No;-0.0442903232136993;0.0
coronary.artery.disease:No;0.0393608712152575;0.0
endstage.renal.disease:No;-0.0281127975497068;0.0
asthma:No,cancer:No;-0.0217415038606365;0.045748724380533
hepatitis:No;0.0202228158845446;0.0
hyperlipidemia:No;0.015703047690961;0.0
chf:No;0.0138101058380271;0.0
hypertension:Yes;-0.0128907380787601;0.0
race:black;0.0128395441545143;0.0
dementia:No;5.952026394843296e-05;0.0
