Features;Individual Effect;Interaction Effect
age:89.00,sex:male;-0.2200408829815155;-0.0345881098271921
copd:No,race:white,coronary.artery.disease:Yes;-0.1598323516248596;0.0029068043747899
diabetes:No;-0.0302330462816969;0.0
hepatitis:No;0.0220423907367418;0.0
hyperlipidemia:Yes,chf:Yes;-0.0118225843006213;0.03161352813831
hypertension:Yes,asthma:No;-0.0005661096959777;-0.0160251571564972
cerebrovascular.disease:No;0.0114495522567307;0.0
dementia:No;0.0072300120060611;0.0
chronic.kidney.disease:No;0.0053009343946159;0.0
endstage.renal.disease:No;0.0027442462370475;0.0
cancer:No;-0.0005622956697035;0.0
