Features;Individual Effect;Interaction Effect
race:white,hypertension:Yes,hyperlipidemia:Yes;-0.0403805378185677;0.1688911763393332
copd:Yes,age:84.00,asthma:Yes;-0.2032021978252278;0.3027406991142835
endstage.renal.disease:No,dementia:No;-0.0074261891785867;0.0208672271766435
sex:male,coronary.artery.disease:Yes,chf:Yes;-0.1641754563175523;0.173443346750923
cerebrovascular.disease:No;-0.0071611373868895;0.0
cancer:No;0.0064398389531686;0.0
chronic.kidney.disease:No;-0.0024475370749754;0.0
diabetes:No;0.0012247399849384;0.0
hepatitis:No;0.0003717447669387;0.0
