Features;Individual Effect;Interaction Effect
diabetes:Yes,age:53.00,hypertension:Yes;0.1376649598512459;0.1765050568157304
coronary.artery.disease:No,copd:No;0.0503587399527395;0.0078498483491766
race:black,chf:No;0.0162058343256868;0.0248955061537289
hyperlipidemia:No,endstage.renal.disease:No;-0.0063134386578653;0.0211825610280355
cerebrovascular.disease:No;0.0073106759919207;0.0
chronic.kidney.disease:No,asthma:No;-0.0111605272481967;0.0162250288039775
dementia:No;0.0050355811757974;0.0
hepatitis:No;-0.0037311729007025;0.0
sex:male,cancer:No;-0.0517292285379201;0.0527008349883003
