Features;Individual Effect;Interaction Effect
diabetes:No,age:79.00,race:other;-0.1609368243882072;-0.1105990804380598
coronary.artery.disease:Yes,chf:No;-0.1294423076050947;-0.0025423145114499
sex:male;-0.062725499429448;0.0
hypertension:No,hyperlipidemia:No;-0.0379079962791657;-0.0079421604396852
endstage.renal.disease:No;0.0149049198989789;0.0
cancer:No;0.0119289630406014;0.0
copd:No;-0.0118495028958622;0.0
chronic.kidney.disease:No;0.008553423937869;0.0
dementia:No;-0.0081294104010014;0.0
hepatitis:No;-0.0048804658122894;0.0
cerebrovascular.disease:No,asthma:No;0.0020136998408907;-0.0009465756986331
