Features;Individual Effect;Interaction Effect
diabetes:No,age:87.00,sex:male;-0.1468690542669887;0.0848048136517803
coronary.artery.disease:No,chronic.kidney.disease:No;0.0613494914463441;-0.0057064210176932
hyperlipidemia:No,copd:No;-0.0121252298829801;0.0540850345045966
hepatitis:No,race:black,hypertension:No;0.0107858752177424;0.0136070989888885
dementia:No;0.0174140892726059;0.0
cancer:No;-0.014859265564696;0.0
endstage.renal.disease:No;-0.0138856347977884;0.0
cerebrovascular.disease:No;0.0094820893573413;0.0
asthma:No;0.0054873019734956;0.0
chf:No;-0.0051070140782628;0.0
