Features;Individual Effect;Interaction Effect
age:27.00,hypertension:No,diabetes:No;0.2786812297994353;0.1289117126859857
coronary.artery.disease:No,hyperlipidemia:No,chronic.kidney.disease:No;0.0244599627625503;0.0379792698501464
sex:male;-0.0286346633589305;0.0
race:white;-0.0222633122543464;0.0
cerebrovascular.disease:No;-0.0147571054625584;0.0
endstage.renal.disease:No;0.0133025686202054;0.0
hepatitis:No;0.0123016346132839;0.0
chf:No,copd:No;-0.0028507002696196;0.012301982852837
dementia:No;0.0072593967232717;0.0
cancer:No;0.0043365340140659;0.0
asthma:No;0.0005118095313566;0.0
