Features;Individual Effect;Interaction Effect
age:79.00,race:black;-0.1058836410461633;0.0428053459824246
coronary.artery.disease:No,cancer:No;0.0488514483660583;0.0030017604575132
copd:No;-0.0285664195620887;0.0
asthma:No;-0.0281686440802829;0.0
hyperlipidemia:No,hypertension:Yes,diabetes:Yes;-0.0477731769816922;0.0196821463928824
sex:male;-0.021644886296609;0.0
chf:No;-0.0178520231279642;0.0
dementia:No;-0.0150670856709556;0.0
hepatitis:No;0.0084821654820076;0.0
chronic.kidney.disease:No;-0.0052776588833196;0.0
cerebrovascular.disease:No,endstage.renal.disease:No;0.003783188941659;-0.005032486077484
