Features;Individual Effect;Interaction Effect
age:6.00;0.285435479360641;0.0
race:black,hypertension:No,diabetes:No;0.0176158037018399;0.0733253633674805
coronary.artery.disease:No;0.0347071460283244;0.0
sex:male,chronic.kidney.disease:No;-0.0292063545663033;0.0015888812429848
hyperlipidemia:No,chf:No;0.012289134433259;0.0053684841478333
endstage.renal.disease:No,dementia:No;-0.0008271001303798;0.0144782671828595
hepatitis:No;0.0119574103562095;0.0
copd:No;0.0106307289741118;0.0
cerebrovascular.disease:No,asthma:No;0.0064028919420902;0.0034414475180644
cancer:No;0.0068146877321055;0.0
