Features;Individual Effect;Interaction Effect
coronary.artery.disease:No;0.0703252241493004;0.0
race:white,cancer:No;-0.0175416183466406;-0.0322098846005207
sex:female,age:89.00,hypertension:No;-0.1642355750370681;0.1291002783968741
asthma:No;0.033855498051127;0.0
copd:No;0.0250330210546788;0.0
hyperlipidemia:No,endstage.renal.disease:No;0.0186923590901381;-0.0038166566303053
dementia:No;-0.0074406803316766;0.0
diabetes:No;-0.0057933130369044;0.0
chf:No;0.0053951028047842;0.0
hepatitis:No,chronic.kidney.disease:No;-0.0074558697202671;0.0111063360067689
cerebrovascular.disease:No;0.0024833490031706;0.0
