Features;Individual Effect;Interaction Effect
hyperlipidemia:No,age:72.00,coronary.artery.disease:No;0.0222224790926255;0.0422859443257831
cancer:No,hypertension:Yes,diabetes:Yes;-0.0415192521328481;0.0903945857146727
chronic.kidney.disease:No,sex:male,endstage.renal.disease:Yes;-0.0325042024374456;-0.0076959483975295
race:black,dementia:No;0.0249238091833455;0.0012213912089385
hepatitis:No;0.0074787007078231;0.0
copd:No;0.0011192714776211;0.0
asthma:No;0.0003503760498832;0.0
cerebrovascular.disease:No;0.0002854272381055;0.0
chf:No;-7.928648215143282e-05;0.0
