Features;Individual Effect;Interaction Effect
endstage.renal.disease:No,age:54.00,hypertension:No;0.1610532734706334;0.0196281594713623
diabetes:Yes,chronic.kidney.disease:No;-0.0327225525774427;-0.072909836213853
race:black;0.0625189966038175;0.0
sex:male;-0.0554371706239031;0.0
coronary.artery.disease:No;0.054809685175324;0.0
copd:No;-0.0364277003007965;0.0
asthma:No;-0.0254765892870203;0.0
hyperlipidemia:No;-0.0225324305749177;0.0
cerebrovascular.disease:No;0.0210205206906566;0.0
chf:No;0.0158442746030266;0.0
cancer:No;-0.0097865584119903;0.0
dementia:No;-0.0077322224718574;0.0
hepatitis:No;0.0043702346774433;0.0
