Features;Individual Effect;Interaction Effect
diabetes:No,age:85.00,sex:female;-0.0980310122518142;-0.186820902607513
hyperlipidemia:No,coronary.artery.disease:No,copd:Yes;0.0105653196328046;-0.0520172930251413
cerebrovascular.disease:No,race:white,hypertension:No;-0.0284162918284468;0.0065180759255967
cancer:No;0.0058496915511865;0.0
asthma:No;-0.005418651858286;0.0
endstage.renal.disease:No;-0.0038730289386648;0.0
hepatitis:No;0.0028630403192827;0.0
chronic.kidney.disease:No,dementia:No;0.0150673371667999;-0.0175189604180742
chf:No;-0.0020453220894533;0.0
