Features;Individual Effect;Interaction Effect
hypertension:No,age:63.00,race:white;-0.027093847340745;-0.2342970052573578
diabetes:No;0.0571342096495026;0.0
coronary.artery.disease:No;0.0521581354069658;0.0
hyperlipidemia:No;-0.0428193497055075;0.0
sex:male;-0.0263751184326269;0.0
cancer:No;0.0233049545657139;0.0
chronic.kidney.disease:No;-0.0174313964255361;0.0
asthma:No;-0.0155643619141414;0.0
copd:No;0.0083627660331522;0.0
cerebrovascular.disease:No;0.0068956201939028;0.0
dementia:No;0.0064735925545649;0.0
endstage.renal.disease:No;0.0034023897945598;0.0
chf:No,hepatitis:No;-0.0064461082080864;0.0034938897947029
