Features;Individual Effect;Interaction Effect
age:84.00;-0.2164426376633797;0.0
coronary.artery.disease:Yes;-0.0820117796128462;0.0
race:white,endstage.renal.disease:No,copd:No;-0.0156705856922624;-0.0212967224854383
hyperlipidemia:Yes,dementia:No;0.0096293040765241;-0.0425636293545406
chf:Yes;0.0263509360614537;0.0
sex:female;0.0198537607767801;0.0
cancer:No;-0.0126197548150882;0.0
diabetes:Yes;0.0114852813288145;0.0
hepatitis:No,asthma:No;-0.0055350462781863;0.0166533651207644
cerebrovascular.disease:No;0.0106321423611892;0.0
hypertension:Yes;0.0066082182219682;0.0
chronic.kidney.disease:Yes;-0.0017349464486719;0.0
