Features;Individual Effect;Interaction Effect
age:89.00;-0.2018479285195919;0.0
coronary.artery.disease:Yes;-0.0553706541509245;0.0
sex:male,race:white,chf:Yes;-0.0414818614287809;0.0019045110284234
asthma:No,hypertension:No,dementia:No;-0.0126928836377814;-0.0155264113062312
endstage.renal.disease:No;0.0281748783549813;0.0
cancer:No,diabetes:No,copd:No;0.0274226937374578;-0.0044793661545651
hyperlipidemia:No,hepatitis:No,chronic.kidney.disease:No;0.004392439866329;0.0104164578161784
cerebrovascular.disease:No;0.0106911694907616;0.0
