Features;Individual Effect;Interaction Effect
sex:male,race:white,hypertension:No;-0.0875841643603266;-0.0778445703437528
cerebrovascular.disease:No,coronary.artery.disease:No,hepatitis:Yes;-0.0262513929585256;-0.0521743320224566
chf:No,age:45.00,endstage.renal.disease:Yes;0.1981681646309433;-0.1395035134726323
copd:No;-0.0161858197571478;0.0
cancer:No;0.0124166787439798;0.0
diabetes:No;0.0100600374242491;0.0
hyperlipidemia:No;-0.0082589467629056;0.0
asthma:No;0.006661212529382;0.0
chronic.kidney.disease:No;0.006098923000929;0.0
dementia:No;-0.0031478678066218;0.0
