Features;Individual Effect;Interaction Effect
chf:No,age:64.00,hypertension:Yes;0.0185288647086434;0.1301949756566896
hepatitis:No,sex:female,diabetes:Yes;-0.0177723044032903;0.1141976323849989
coronary.artery.disease:No;0.051851042182017;0.0
dementia:No,cancer:No;0.0049533845597665;0.0209922022024488
race:black;-0.0174149003889775;0.0
chronic.kidney.disease:No;-0.0170567834834604;0.0
cerebrovascular.disease:No,endstage.renal.disease:No;-0.0198026335152956;0.0354512666513748
asthma:No,copd:No;-0.0097061007971966;0.0179589634282945
hyperlipidemia:No;0.0033574468381182;0.0
