Features;Individual Effect;Interaction Effect
coronary.artery.disease:No,age:66.00,diabetes:No;0.1309518615647288;0.1108353624179969
cancer:No,race:white,hypertension:Yes;-0.0335758980261706;0.0752812651032375
asthma:No;0.0340882403104078;0.0
chf:No,copd:No;-0.0089575314506935;0.0276579888357838
dementia:No;0.0180126477568644;0.0
hepatitis:No,endstage.renal.disease:No;-0.0041691753125506;-0.0093600799940928
sex:female,hyperlipidemia:No;0.0339885239244868;-0.0450685052962015
cerebrovascular.disease:No;0.0056839269745537;0.0
chronic.kidney.disease:No;-0.0006663312756211;0.0
