Features;Individual Effect;Interaction Effect
coronary.artery.disease:No,race:black,cancer:Yes;-0.0361796456763961;-0.1225385618515263
sex:male;-0.1141419487650314;0.0
age:78.00,chf:No,hepatitis:No;-0.1153535203964475;0.0311654369543042
hypertension:No,chronic.kidney.disease:No;-0.0235263335750396;0.0555180794581052
cerebrovascular.disease:No;-0.0265702815209973;0.0
diabetes:No;0.0233702591785757;0.0
dementia:No;0.022457653984499;0.0
asthma:No;-0.0105225943461135;0.0
endstage.renal.disease:No;-0.0017588395634445;0.0
hyperlipidemia:No,copd:No;-0.0036561942282754;0.0037786946914537
