Features;Individual Effect;Interaction Effect
age:74.00,copd:No;-0.149741855199657;-0.0066970060488361
coronary.artery.disease:Yes;-0.1473916011120668;0.0
diabetes:No;-0.060300294620557;0.0
cerebrovascular.disease:No;0.0492769292080352;0.0
sex:female;0.03204041736404;0.0
cancer:No;0.0186562274171843;0.0
chronic.kidney.disease:No;-0.0142231936297742;0.0
dementia:No;0.0119961054934899;0.0
hepatitis:No;0.0100450760986034;0.0
asthma:No,race:black,hypertension:Yes;0.0276094831253573;-0.0356279589635357
endstage.renal.disease:No;0.0054333977443613;0.0
hyperlipidemia:Yes,chf:Yes;-0.0197721627124056;0.0165294587162859
