Features;Individual Effect;Interaction Effect
age:71,race:other;-0.0417620647360356;0.1211285367239735
hypertension:Yes,hyperlipidemia:Yes,coronary.artery.disease:Yes;-0.1371851059579448;0.0783297928458075
diabetes:No;0.0174832935955552;0.0
sex:male,chronic.kidney.disease:No;-0.0547842524861939;0.0376214252797344
asthma:No;0.0126463784949559;0.0
hepatitis:No,copd:No;-0.0016072028103796;-0.0072881892077857
cancer:No;-0.0077700603397685;0.0
dementia:No;0.0042008591850234;0.0
endstage.renal.disease:No;0.0032923403883749;0.0
chf:No,cerebrovascular.disease:No;0.0101822276594772;-0.0083842106430625
