Features;Individual Effect;Interaction Effect
sex:male,age:73.00,race:white;-0.1152145240129288;-0.0518843496736345
asthma:Yes,coronary.artery.disease:No,chf:Yes;0.0490594110569031;-0.0954740315080926
hypertension:Yes,copd:Yes;-0.0248229832733807;-0.0075908100514353
dementia:No;0.0188367254808451;0.0
hyperlipidemia:No;-0.0141056489149301;0.0
cerebrovascular.disease:No,cancer:No;-0.0119537416530728;0.0219176450564565
hepatitis:No;0.0082188772762971;0.0
diabetes:Yes,chronic.kidney.disease:No;-0.0487917522152232;0.053494758813907
endstage.renal.disease:No;-0.002476747727382;0.0
