Features;Individual Effect;Interaction Effect
coronary.artery.disease:No,race:white,sex:female;0.0761232184284532;0.1259310575819967
diabetes:Yes,age:86.00,dementia:Yes;-0.3195318291905945;0.400410270247208
hypertension:Yes,chronic.kidney.disease:No;-0.0095749978731599;0.0288634123670807
endstage.renal.disease:No;-0.0155566618732988;0.0
hyperlipidemia:Yes,chf:No,cerebrovascular.disease:Yes;-0.0865038133796081;0.0724709307076796
copd:No;-0.0086743840529535;0.0
asthma:No;-0.0052204127508586;0.0
cancer:No;0.0047967263742662;0.0
hepatitis:No;-0.0046428339428923;0.0
