Features;Individual Effect;Interaction Effect
age:7Yes,sex:female,dementia:Yes;-0.0758021879111221;-0.1033740078980736
endstage.renal.disease:No;-0.0242321897539708;0.0
cerebrovascular.disease:No;0.0232211805231809;0.0
chronic.kidney.disease:No;-0.0145939717142047;0.0
hepatitis:No;0.0134531921050631;0.0
hyperlipidemia:No;0.0126206514350052;0.0
asthma:No;0.0074647230136907;0.0
race:white,cancer:No;-0.044257005115101;0.0371417304443528
hypertension:Yes;-0.0065745819620398;0.0
copd:No,coronary.artery.disease:No,chf:Yes;0.0104848378490651;-0.0145020487893826
diabetes:Yes;-0.0020395802660537;0.0
