Features;Individual Effect;Interaction Effect
coronary.artery.disease:No,hypertension:No,diabetes:Yes;-0.028515186676246;-0.0675491894991725
age:65.00,sex:male;0.0200502612737388;0.044550959654542
dementia:No;0.0178174393775276;0.0
hyperlipidemia:No,cerebrovascular.disease:No;-0.0048604529703503;0.0213428828175967
endstage.renal.disease:No;0.008853837571312;0.0
cancer:No,chf:No,hepatitis:No;0.0032527996658433;0.0030049311933292
asthma:No;0.0052575495319554;0.0
copd:No;0.0050351425659879;0.0
race:white;0.0029754349417229;0.0
chronic.kidney.disease:No;0.0005734101501585;0.0
