Features;Individual Effect;Interaction Effect
chf:No,age:67.00,coronary.artery.disease:Yes;-0.090311583723643;-0.1654205077601709
sex:male,hyperlipidemia:Yes;-0.0588403387194053;-0.0888809736075482
race:white,dementia:No,cancer:No;0.0161778438308286;-0.0522922337795086
asthma:No,diabetes:Yes,cerebrovascular.disease:No;-0.0409910035448348;0.022721671774132
hepatitis:No;0.0179475600118166;0.0
endstage.renal.disease:No;0.0131852526140055;0.0
hypertension:Yes;-0.009199588375989;0.0
chronic.kidney.disease:No;0.0076825883522457;0.0
copd:No;-0.0071684224289692;0.0
