Features;Individual Effect;Interaction Effect
age:82.00,hypertension:Yes;-0.1222673088783313;-0.0859686421999598
race:black,coronary.artery.disease:No;0.0765251174012714;-0.0279442494329177
diabetes:No;0.0358079534776192;0.0
endstage.renal.disease:No;-0.0338315632084999;0.0
chronic.kidney.disease:No;-0.0224611417803584;0.0
cerebrovascular.disease:No;-0.0201168334682461;0.0
chf:No;-0.0189612531494235;0.0
asthma:No;0.0166668574959454;0.0
hyperlipidemia:No;-0.0162358391463444;0.0
cancer:No;-0.0155909803146407;0.0
sex:male;-0.0142957498584252;0.0
dementia:No;-0.0100752073720404;0.0
hepatitis:No;-0.0049898779767509;0.0
copd:No;-0.0031824627050774;0.0
