Features;Individual Effect;Interaction Effect
age:44.00,hyperlipidemia:Yes,diabetes:Yes;0.1658999755585779;0.1900267295881486
hepatitis:Yes,coronary.artery.disease:Yes,cancer:Yes;-0.3163144055570385;0.2516547976306249
race:white,hypertension:Yes;-0.0127967144931412;0.0673645258171834
dementia:No;-0.0198324014417404;0.0
copd:No;0.0103978383866572;0.0
sex:male,chronic.kidney.disease:No;-0.0592075727141687;0.0512394840751191
asthma:No;0.0072256936244008;0.0
endstage.renal.disease:No;-0.0041000355894087;0.0
chf:No;0.0011008323666327;0.0
cerebrovascular.disease:No;-0.0009399380464;0.0
