Features;Individual Effect;Interaction Effect
age:5No,race:asian,coronary.artery.disease:Yes;0.0393675605830305;-0.2585391530265523
hypertension:No;-0.0701942767933104;0.0
chf:No;-0.0547787848828462;0.0
sex:male;-0.0516290531007829;0.0
cancer:No,hyperlipidemia:No,chronic.kidney.disease:No;-0.0215254738180258;-0.0064815664752704
cerebrovascular.disease:No;0.0154830745892789;0.0
asthma:No;0.0145246761751252;0.0
hepatitis:No;0.0132575245019253;0.0
diabetes:No,copd:No;0.0071466324866762;0.0013324629672898
endstage.renal.disease:No,dementia:No;0.0180129396860128;-0.0185780574932553
