Features;Individual Effect;Interaction Effect
coronary.artery.disease:No,age:89.00,hypertension:Yes;-0.1278067880675017;-0.1570559933188892
asthma:No,hyperlipidemia:No,cerebrovascular.disease:Yes;-0.0855164403000731;-0.0030080772698434
sex:male,chf:No;-0.0401278929984595;-0.0126405525586904
race:white,diabetes:No;-0.0143919794732592;-0.0356598597288698
hepatitis:No,cancer:No;0.0271161354861277;-0.0140368392492999
dementia:No;-0.0072774708419302;0.0
chronic.kidney.disease:No,endstage.renal.disease:No,copd:No;-0.0131412567328235;0.0101953869297898
