Features;Individual Effect;Interaction Effect
hypertension:Yes,sex:female,diabetes:Yes;-0.0289060978133114;0.1819991972941726
coronary.artery.disease:Yes;-0.0294819402060995;0.0
hyperlipidemia:Yes,chf:No;-0.0127242821362824;0.0361632507507529
endstage.renal.disease:No;-0.0144240184635083;0.0
cerebrovascular.disease:No,copd:No;0.0026820437380067;0.0114620275352057
dementia:No,age:79.00,race:black;-0.0798609226363643;0.0910211711464205
chronic.kidney.disease:No;-0.0107440886379291;0.0
hepatitis:No;-0.00736818007806;0.0
asthma:No;0.0065151871762134;0.0
cancer:No;0.0016187171362004;0.0
