Features;Individual Effect;Interaction Effect
diabetes:No,age:64.00,hyperlipidemia:Yes;0.0318620171689285;0.2101703071347566
cancer:No,coronary.artery.disease:No,chf:No;0.0549676140328486;0.0528555323107632
race:black,endstage.renal.disease:No;0.0084556385574029;0.0083467606738564
sex:male,hypertension:Yes;-0.0432917995126968;0.0555000732831727
chronic.kidney.disease:No;-0.0113064854564982;0.0
dementia:No;-0.0085702561820156;0.0
asthma:No;0.0065100199971407;0.0
copd:No;0.0059773374117308;0.0
cerebrovascular.disease:No;0.0040920965903891;0.0
hepatitis:No;0.0021003113343163;0.0
