Features;Individual Effect;Interaction Effect
sex:male,age:8No,hypertension:Yes;-0.1839193254900467;-0.0968211751935324
cerebrovascular.disease:Yes;-0.055716154463595;0.0
diabetes:Yes;-0.0511066257886431;0.0
dementia:No;-0.0158382675475347;0.0
race:black,hyperlipidemia:Yes;0.0045929101469244;0.0083822192536513
coronary.artery.disease:No;0.0125617055545166;0.0
copd:No;-0.0074552694016265;0.0
cancer:No;0.0063239046546022;0.0
chf:No,asthma:No;0.0010478081263959;-0.0069723062643061
chronic.kidney.disease:No;-0.002489959795805;0.0
hepatitis:No,endstage.renal.disease:No;0.0201008474277808;-0.0210258491670069
