Features;Individual Effect;Interaction Effect
cerebrovascular.disease:No,age:48.00,coronary.artery.disease:No;0.2506314082264002;-0.0479450771096669
sex:male,hypertension:No;-0.0716178087257061;-0.0717526990626332
diabetes:No,cancer:No;0.0038546390226238;0.0531895361045921
race:other,hyperlipidemia:No;-0.0130833084212719;-0.0361883067087413
asthma:No,chf:No,dementia:No;-0.0250007934950807;0.0018262093426335
endstage.renal.disease:No,copd:No;-0.0011378085232942;-0.0112433966376876
hepatitis:No;0.0031729411831343;0.0
chronic.kidney.disease:No;-0.0028991363741746;0.0
