Features;Individual Effect;Interaction Effect
race:white,hypertension:Yes,diabetes:Yes;-0.0633484947921496;0.1437442603581964
coronary.artery.disease:No;0.0579387174084087;0.0
cancer:Yes,age:8No,sex:female;-0.1868472521858997;0.1378595707132161
chf:No;0.0170601268558018;0.0
dementia:No;0.0103408034100954;0.0
endstage.renal.disease:No;-0.0080319020026177;0.0
hyperlipidemia:No,copd:No;-0.0181193298083817;0.0233930891335638
cerebrovascular.disease:No,chronic.kidney.disease:No;0.0076906814279311;-0.0033729447800904
hepatitis:No;-0.0030298547332933;0.0
asthma:No;0.0016005915374442;0.0
