Features;Individual Effect;Interaction Effect
sex:male,age:65.00,race:asian;0.0711751728212826;0.175011230186175
hypertension:Yes;0.0396232654782264;0.0
copd:No;0.028705883359609;0.0
chf:No;0.0282849108162168;0.0
chronic.kidney.disease:No,cerebrovascular.disease:No,asthma:No;0.0170011089962188;-0.0125421659598949
diabetes:Yes,hyperlipidemia:Yes,coronary.artery.disease:Yes;-0.1834494894110929;0.1791248900144861
endstage.renal.disease:No;0.0031185703492475;0.0
dementia:No;-0.0018983589067943;0.0
cancer:No;0.0005193531017624;0.0
hepatitis:No;-0.0003451635954444;0.0
