Features;Individual Effect;Interaction Effect
chronic.kidney.disease:Yes;-0.2130023851369601;0.0
age:89.00,diabetes:No;-0.178629868195648;0.0247757937023659
dementia:No;0.0757149838432748;0.0
hypertension:No;0.0567216952433646;0.0
race:white;-0.0344848020141782;0.0
hyperlipidemia:Yes;-0.0200373451027126;0.0
cancer:No;-0.0187694055433919;0.0
copd:Yes;0.0172164230586611;0.0
coronary.artery.disease:No;0.017079266636901;0.0
hepatitis:No;-0.0163837025020262;0.0
cerebrovascular.disease:No;0.0094108091161385;0.0
endstage.renal.disease:No;-0.0093131668510812;0.0
asthma:No;-0.0062470077247175;0.0
chf:Yes;0.0050194777574623;0.0
sex:male;-0.0045314656044202;0.0
