Features;Individual Effect;Interaction Effect
hyperlipidemia:No,age:81,hypertension:Yes;-0.1641895464039365;-0.0764940400120915
sex:male;-0.0847006791519573;0.0
race:black;0.0404151084222428;0.0
endstage.renal.disease:No;-0.0338280575965943;0.0
chronic.kidney.disease:No;0.0301872600339657;0.0
hepatitis:No;-0.028824322355452;0.0
coronary.artery.disease:Yes;-0.0246416368545945;0.0
diabetes:Yes;-0.0228086640150457;0.0
cancer:No;0.0217998583347531;0.0
chf:No;-0.0164433063996337;0.0
copd:No;0.0162289745824506;0.0
asthma:No,dementia:No;-0.0058418616164428;-0.0033584925661867
cerebrovascular.disease:No;0.0033720236406034;0.0
