Features;Individual Effect;Interaction Effect
hyperlipidemia:Yes,age:36.00,coronary.artery.disease:Yes;0.1333208825812937;0.1403953093987285
dementia:No,race:asian,endstage.renal.disease:Yes;0.0576280447491912;-0.009599572110374
sex:female;0.0419903583250042;0.0
chf:No;0.011755982202118;0.0
hypertension:Yes;0.00825417593322;0.0
diabetes:No;0.0073609752831201;0.0
cancer:No;0.0047017473164325;0.0
chronic.kidney.disease:No,asthma:No;0.002445192573648;-0.0063540955137629
cerebrovascular.disease:No;-0.0012996898485261;0.0
hepatitis:No,copd:No;-0.0234307602961945;0.0239465206043245
