Features;Individual Effect;Interaction Effect
cerebrovascular.disease:No,age:74.00,sex:male;-0.211034757877104;-0.0451771382802847
race:asian,coronary.artery.disease:Yes;-0.0818209736506505;-0.023670426056783
hypertension:No,hyperlipidemia:Yes;-0.031302907866761;-0.0221253322004502
diabetes:Yes;0.0179339163967692;0.0
cancer:No;-0.0144731942226043;0.0
chf:No;-0.0128624793177189;0.0
copd:No;-0.0097981904090187;0.0
hepatitis:No,chronic.kidney.disease:No;-0.0024253160198824;0.0085383773624819
endstage.renal.disease:No;0.0047405059531942;0.0
asthma:No;0.0009485889602201;0.0
dementia:No;-9.180762709860846e-05;0.0
