Features;Individual Effect;Interaction Effect
race:black;0.0818456373621356;0.0
chf:No,age:63.00,hepatitis:No;0.0118915664839925;0.0412114892061852
hyperlipidemia:No;-0.0390508943181716;0.0
hypertension:Yes;-0.0365111864368223;0.0
asthma:No;0.034293884371128;0.0
coronary.artery.disease:No;0.0339736536278046;0.0
copd:No;-0.032496844169112;0.0
cancer:No;0.0220014194428768;0.0
chronic.kidney.disease:No;0.0062063951952017;0.0
diabetes:No;0.0042458373729499;0.0
cerebrovascular.disease:No;-0.0039749377819151;0.0
endstage.renal.disease:No;0.0032107612926043;0.0
sex:female;-0.0030445898982447;0.0
dementia:No;-0.0002053875526688;0.0
