Features;Individual Effect;Interaction Effect
age:88.00,sex:male;-0.140956007582405;-0.0867354536849516
diabetes:Yes,hepatitis:Yes;-0.1337180451926705;0.0027112656656178
coronary.artery.disease:No;0.0417907449656763;0.0
hyperlipidemia:Yes;-0.029308505197552;0.0
dementia:Yes;-0.0225761838485216;0.0
chronic.kidney.disease:No,asthma:No,cancer:No;-0.0021193119357905;-0.0049747224986106
chf:No,endstage.renal.disease:No;0.0049353625556268;-0.0110171189440733
cerebrovascular.disease:No;0.0051505291821874;0.0
hypertension:Yes,race:white,copd:No;-0.0409487633389624;0.0417614457007236
