Features;Individual Effect;Interaction Effect
race:black,hypertension:No,diabetes:No;0.0226189851551906;0.1133400298766819
coronary.artery.disease:No,asthma:No;0.0490964403805797;0.0331805151515196
sex:female;0.070731451179595;0.0
hyperlipidemia:No,copd:No;-0.0227877197297347;0.0628583287456689
dementia:No;0.0332002482849839;0.0
chronic.kidney.disease:No,hepatitis:No,cancer:No;-0.0031133461156627;0.0119530825927183
endstage.renal.disease:No;-0.007829166797997;0.0
chf:No,cerebrovascular.disease:No;-0.0067229214912086;0.0130577959848188
age:69.00;-0.0024811814948806;0.0
