Features;Individual Effect;Interaction Effect
coronary.artery.disease:No,diabetes:No,chronic.kidney.disease:No;0.0476295286035722;0.028046443861937
sex:female;0.0552689541258271;0.0
cerebrovascular.disease:No;0.0242323504395492;0.0
hyperlipidemia:No,age:83.00,race:white;-0.1269107065134351;0.150316658364474
chf:No,hypertension:Yes,dementia:Yes;-0.1291468278194167;0.1496537747531181
asthma:No;-0.0151999449340946;0.0
copd:No;0.009058556241937;0.0
endstage.renal.disease:No;-0.0073593992827449;0.0
cancer:No;0.0061200787812966;0.0
hepatitis:No;0.0034809210657131;0.0
