Features;Individual Effect;Interaction Effect
race:white,chf:Yes;-0.0238935208681387;0.099560682125995
coronary.artery.disease:No,cerebrovascular.disease:No;0.0623382585991257;-0.0046174827424905
dementia:No,sex:male,diabetes:No;-0.0345936580994306;0.0723922141883249
copd:Yes,age:89.00,hypertension:No;-0.2179265082443837;0.2502624370740626
asthma:No;-0.0177394907848218;0.0
hepatitis:No;-0.0108792486213167;0.0
cancer:No;-0.0100008525330758;0.0
endstage.renal.disease:No,chronic.kidney.disease:No;0.0057662650142794;-0.0007445463250747
hyperlipidemia:Yes;-0.0044911950224632;0.0
