Features;Individual Effect;Interaction Effect
coronary.artery.disease:Yes,age:58.00,hyperlipidemia:Yes;-0.0660533685229939;0.2180975961681218
dementia:No,race:black,chf:No;0.0243864813485396;0.0224478383997607
sex:female,copd:No;0.0472146321806098;-0.0143043706349939
diabetes:No;0.0317886077399157;0.0
endstage.renal.disease:No,cancer:No;0.0118736183374266;0.0080056014408928
cerebrovascular.disease:No;0.0103541537046296;0.0
hepatitis:No;-0.0095680913267894;0.0
asthma:No;-0.0039981413617515;0.0
hypertension:Yes;-0.0001429990169839;0.0
chronic.kidney.disease:No;-3.2155765933225555e-06;0.0
