Features;Individual Effect;Interaction Effect
age:75.00,chf:No;-0.1544687356884492;-0.0847227376954339
asthma:No,hypertension:No,diabetes:Yes;-0.0563330514821918;-0.0414307755007555
hepatitis:No,race:asian,sex:female;0.0614642896603259;0.0157238530122067
copd:No,hyperlipidemia:Yes,coronary.artery.disease:No;0.0061519030746893;-0.0775926386167365
cancer:No;0.0206618556495498;0.0
cerebrovascular.disease:No;0.0163315428008971;0.0
dementia:No;0.013277122130058;0.0
chronic.kidney.disease:No;0.0098331888779719;0.0
endstage.renal.disease:No;0.0057682063519012;0.0
