Features;Individual Effect;Interaction Effect
chf:No,age:63.00,sex:female;0.0448090883355067;0.0956501511723539
coronary.artery.disease:No,cerebrovascular.disease:No;0.0544916209851059;-0.0123922507429368
endstage.renal.disease:No;-0.0267518613727962;0.0
asthma:No;0.0203479999454443;0.0
hypertension:Yes,diabetes:Yes;-0.0411031089875357;0.0599599074062887
hyperlipidemia:No,cancer:No;-0.0034106901188228;0.0213394494244325
hepatitis:No;0.0112044043946891;0.0
dementia:No;0.0076934600060564;0.0
chronic.kidney.disease:No;0.0076573923893585;0.0
copd:No;-0.0045559899863895;0.0
race:black;-0.0006727795168532;0.0
