Features;Individual Effect;Interaction Effect
age:78.00,asthma:Yes,copd:Yes;-0.1482289128610089;0.2818255330375957
sex:female,dementia:No;0.0452259238431955;0.0302367785461187
hepatitis:No,hypertension:Yes,diabetes:Yes;-0.0451858678635229;0.0750857004266311
coronary.artery.disease:Yes,chf:Yes;-0.1481156575435549;0.1200837767139618
chronic.kidney.disease:No,race:white,hyperlipidemia:No;-0.032487604274987;0.0540816016434133
cerebrovascular.disease:No;-0.0147398529307353;0.0
endstage.renal.disease:No;-0.0140150965793869;0.0
cancer:No;0.0039550735078574;0.0
