Features;Individual Effect;Interaction Effect
diabetes:No,age:89.00,race:white;-0.2076215266818286;-0.1227580309974323
dementia:Yes,coronary.artery.disease:No,chf:Yes;-0.0648655628588867;-0.0440842029752312
cerebrovascular.disease:No,copd:No,cancer:No;-0.0076359825470417;-0.0181313934613355
hypertension:Yes;-0.0200612466204307;0.0
chronic.kidney.disease:No;-0.0188414894511925;0.0
endstage.renal.disease:No;-0.0168120953983914;0.0
sex:female;0.0158205241879448;0.0
hepatitis:No;0.0084759162038672;0.0
hyperlipidemia:No;-0.0055005234263587;0.0
asthma:No;0.0036515542560098;0.0
