Features;Individual Effect;Interaction Effect
coronary.artery.disease:No,sex:female,chronic.kidney.disease:No;0.0835288298619543;0.0547567671907481
race:other,hypertension:Yes;-0.0129420026216794;0.0675865912234576
hyperlipidemia:No,chf:No;-0.0176651807654311;0.0383536539839546
diabetes:Yes,age:82.00,asthma:Yes;-0.1663016002700051;0.1857893215889077
endstage.renal.disease:No,copd:No;-0.0093902630499768;-0.0042489377825764
hepatitis:No;-0.0077026909352625;0.0
cancer:No;0.0025617404518187;0.0
cerebrovascular.disease:No,dementia:No;0.0280277687091138;-0.0296292217131922
