Features;Individual Effect;Interaction Effect
age:52.00,hypertension:Yes,diabetes:Yes;0.1411726537113076;0.1513437397512496
coronary.artery.disease:No,cerebrovascular.disease:No;0.0510029172648066;0.0203232449471074
sex:male;-0.056505731611968;0.0
endstage.renal.disease:No;0.0273219550942029;0.0
copd:No;-0.0228558069870142;0.0
hepatitis:No,cancer:No;-0.0052883069986749;0.021107062899234
race:black;0.0148565399530823;0.0
dementia:No;0.0110992481899259;0.0
asthma:No;-0.0058527646453621;0.0
chf:No;0.0043119604535325;0.0
hyperlipidemia:No;0.0013326365755431;0.0
chronic.kidney.disease:No;0.0012511118316321;0.0
