Features;Individual Effect;Interaction Effect
sex:male,age:86.00,race:white;-0.2398439745770705;0.0927388601406205
coronary.artery.disease:No,diabetes:No,copd:No;0.0528757323206067;0.0816189021677067
hypertension:No,dementia:No;-0.003181512636991;-0.0326482140303071
hyperlipidemia:No,hepatitis:No;0.0010700661681907;0.0206521495630958
cancer:No;0.0066765239146525;0.0
chronic.kidney.disease:No;-0.0047514201184818;0.0
endstage.renal.disease:No;0.0035205523973697;0.0
cerebrovascular.disease:No,asthma:No;0.0047666812622471;-0.0017937352034973
chf:No;0.0018123896853525;0.0
