Features;Individual Effect;Interaction Effect
diabetes:Yes,age:75.00,chf:No;-0.215927651725086;-0.1037069947221378
sex:female;0.0663821231544268;0.0
race:white,hypertension:No;-0.0340780745685235;-0.0237225575234238
coronary.artery.disease:No,hyperlipidemia:No,dementia:No;0.0398795547857234;0.0017689355603626
hepatitis:No;0.0157278581236619;0.0
copd:No;-0.0135580265586326;0.0
cancer:No,cerebrovascular.disease:No,asthma:No;-0.0191805653408819;0.0246399061554507
chronic.kidney.disease:No;-0.0042104646643226;0.0
endstage.renal.disease:No;-0.0012476910385453;0.0
