Features;Individual Effect;Interaction Effect
sex:female,hyperlipidemia:No,coronary.artery.disease:No;0.0826263779005171;0.060203498624189
diabetes:No,race:black,hypertension:No;-0.0117175284153889;0.1348686949599984
dementia:No;0.0264572761675909;0.0
copd:No;-0.0252796704195245;0.0
cerebrovascular.disease:No;0.0234181648340641;0.0
chronic.kidney.disease:No;0.0145136297377679;0.0
cancer:No;-0.0072153487763555;0.0
endstage.renal.disease:No;-0.0051873311510942;0.0
age:72.00;0.004614370075409;0.0
chf:No;-0.0025914507296405;0.0
hepatitis:No;-0.0024165027766756;0.0
asthma:No;0.000801849172215;0.0
