Features;Individual Effect;Interaction Effect
diabetes:No,age:89.00,hypertension:Yes;-0.1927316716463411;-0.0911298744920292
sex:female,race:white,coronary.artery.disease:Yes;-0.0972446135345186;-0.0782189990653821
hyperlipidemia:No;-0.0464510719655073;0.0
chf:No,endstage.renal.disease:No;-0.025565965849628;0.0090184941774324
copd:No;-0.0089296936537737;0.0
cerebrovascular.disease:No,asthma:No,cancer:No;0.0036576222452247;-0.0102239478883847
hepatitis:No,chronic.kidney.disease:No;0.0209036187789788;-0.0240560624390209
dementia:No;-0.0030043828654432;0.0
