Features;Individual Effect;Interaction Effect
diabetes:No,age:32.00,hypertension:No;0.3074247556600126;0.050832265949722
cerebrovascular.disease:No,hyperlipidemia:No,coronary.artery.disease:No;0.0423203981996626;0.0352502430280177
chronic.kidney.disease:No;0.0291397763519507;0.0
race:asian;0.0271747260906458;0.0
cancer:No;0.0188625417399253;0.0
hepatitis:No;-0.0121229077584324;0.0
sex:male;-0.0109057637540861;0.0
dementia:No,endstage.renal.disease:No,copd:No;0.0008898921134283;0.0094951274439098
chf:No;0.0100445327835871;0.0
asthma:No;-0.0015914132691661;0.0
