Features;Individual Effect;Interaction Effect
race:other,age:53.00,coronary.artery.disease:Yes;0.0355742066404047;-0.2596022799383611
copd:No,hypertension:No,endstage.renal.disease:No;-0.0062115417386672;-0.0881796742982187
chf:No,hepatitis:No;0.0035635160377658;-0.0451058978775509
diabetes:No;0.0355708449148288;0.0
hyperlipidemia:No;-0.0320601717290839;0.0
sex:male,dementia:No;-0.0539536145228501;0.0325065518139077
cancer:No;0.0210896585203885;0.0
chronic.kidney.disease:No;0.0110903873456883;0.0
cerebrovascular.disease:No;-0.0040965816660444;0.0
asthma:No;-0.0030759396339424;0.0
