Features;Individual Effect;Interaction Effect
diabetes:Yes,age:61,sex:male;-0.0350635399349156;-0.1801919609816416
race:hispanic;-0.154154833891086;0.0
hyperlipidemia:No;-0.0527996715682019;0.0
hypertension:Yes;0.0465610256542582;0.0
chf:No;-0.0165828654560891;0.0
coronary.artery.disease:No;0.0149489611685813;0.0
cerebrovascular.disease:No;0.0144047776980554;0.0
endstage.renal.disease:No,cancer:No;-0.0084629943978771;-0.0049939995783839
copd:No;0.0132377166098334;0.0
asthma:No;0.0082089561508455;0.0
dementia:No;0.001887578042278;0.0
hepatitis:No;-0.0004588420040137;0.0
chronic.kidney.disease:No;-0.0002525200215897;0.0
