Features;Individual Effect;Interaction Effect
age:7Yes,race:white,coronary.artery.disease:Yes;-0.1660317286881555;-0.1412573803118224
sex:male,diabetes:Yes,dementia:No;-0.0894756401312878;0.0072986518117566
chf:No;-0.0477408512743841;0.0
hyperlipidemia:Yes;-0.032649975332979;0.0
copd:No;-0.0291201195122081;0.0
cerebrovascular.disease:No;-0.012144676223532;0.0
chronic.kidney.disease:No;-0.0114229632666262;0.0
hypertension:Yes;0.0110561555023692;0.0
cancer:No;0.0108583669212164;0.0
hepatitis:No,asthma:No;-0.0055004240760421;0.0132666878582302
endstage.renal.disease:No;0.0070322056042805;0.0
