Features;Individual Effect;Interaction Effect
sex:female,age:95.00,coronary.artery.disease:No;-0.1615839817488204;-0.1271474382486387
diabetes:No;-0.0467623116688354;0.0
copd:No;-0.0313788305719937;0.0
race:white,hypertension:No;-0.0533727322564238;0.0304748348984851
hyperlipidemia:No;0.0077756074527066;0.0
chf:No;0.0072937938446211;0.0
cerebrovascular.disease:No,cancer:No;0.0049263946020118;-0.0118419017247143
dementia:No;0.0064911261984616;0.0
endstage.renal.disease:No;0.0044687087163827;0.0
chronic.kidney.disease:No,asthma:No;-0.0139426230584321;0.0106069082333631
hepatitis:No;0.0025658392986079;0.0
