Features;Individual Effect;Interaction Effect
coronary.artery.disease:No;0.0599775132982808;0.0
sex:female;0.0485650677163508;0.0
chronic.kidney.disease:No,hypertension:No,diabetes:No;-0.0249179792929431;0.0601501164496748
hepatitis:No;-0.0203741624739814;0.0
hyperlipidemia:No;0.0160233315516867;0.0
age:7Yes,race:white,chf:Yes;-0.0356844673620634;0.0499280875268028
endstage.renal.disease:No;-0.0115297060637268;0.0
asthma:No;0.0111738354170987;0.0
cerebrovascular.disease:No;0.005325529998136;0.0
copd:No,dementia:No;-0.0033683561129593;0.0084550542128817
cancer:No;0.003888889304259;0.0
