Features;Individual Effect;Interaction Effect
chf:No,diabetes:No,coronary.artery.disease:No;0.0165289819998492;0.1518726140887457
hypertension:No,age:78.00,race:black;-0.0953985980614294;0.2180427918539523
hyperlipidemia:No;0.0390044357648055;0.0
asthma:No,endstage.renal.disease:No,dementia:No;0.0198670003573087;0.0070170586677138
sex:male,cerebrovascular.disease:No;-0.0452970875539041;0.0203679877481878
cancer:No;0.0186981594892598;0.0
chronic.kidney.disease:No;0.0110524750415824;0.0
copd:No;-0.0078177023020083;0.0
hepatitis:No;-0.0049126979778909;0.0
