Features;Individual Effect;Interaction Effect
age:48.00,race:white,hypertension:Yes;0.1736426609067265;0.1116293918992782
coronary.artery.disease:No;0.0779492832069607;0.0
diabetes:No;0.0419518529715856;0.0
endstage.renal.disease:No,dementia:No;-0.0036032309227901;0.0389916514873188
sex:male;-0.0230039638109402;0.0
chronic.kidney.disease:No,cancer:No;0.0065220111113196;0.0098281977022804
asthma:No,copd:No;-0.0129275884859785;3.7810138150087824e-05
hepatitis:No;-0.0125186295117257;0.0
cerebrovascular.disease:No;0.0107687826985003;0.0
hyperlipidemia:No;0.0057409675258245;0.0
chf:No;-0.0001111953028984;0.0
