Features;Individual Effect;Interaction Effect
sex:female,age:63.00,cancer:Yes;-0.049591211190947;0.2409273129245924
coronary.artery.disease:No,chf:No;0.0307026834414405;0.0179311973345699
chronic.kidney.disease:No,hyperlipidemia:Yes,diabetes:Yes;-0.061813483326491;0.0836752527571487
asthma:Yes,race:white,hypertension:Yes;-0.0521061498527755;0.0720722775819473
endstage.renal.disease:No;-0.0118959305218838;0.0
dementia:No;0.0075157171221343;0.0
cerebrovascular.disease:No,hepatitis:No,copd:No;0.0161791347662002;-0.0219833280322326
