Features;Individual Effect;Interaction Effect
hypertension:No,race:hispanic,diabetes:Yes;-0.0890646423292531;-0.1258729480584273
age:75.00;-0.1896763212571285;0.0
copd:No,hyperlipidemia:No,asthma:No;-0.0263242598114441;-0.0092993997862559
dementia:No,sex:male,coronary.artery.disease:No;-0.0040714202580237;-0.0312289089516063
chf:No;-0.0176309196999105;0.0
cerebrovascular.disease:No;-0.0161899141016979;0.0
cancer:No;0.0084927257717297;0.0
hepatitis:No;-0.0071535476694039;0.0
chronic.kidney.disease:No;-0.0050742238042996;0.0
endstage.renal.disease:No;-0.0029385178419782;0.0
