Features;Individual Effect;Interaction Effect
chf:No,age:67.00,coronary.artery.disease:Yes;-0.1166187512930017;-0.1217517780439737
cerebrovascular.disease:No,race:asian,hyperlipidemia:No;0.0073858729863136;-0.0219270937840646
asthma:No,sex:female,hypertension:Yes;0.0264637659348684;-0.0390256673510478
hepatitis:No,endstage.renal.disease:No,cancer:No;0.0075690897172949;0.0006457094756868
copd:No;0.0031469652169501;0.0
dementia:No;0.0020722382035248;0.0
chronic.kidney.disease:No;0.0015663848425207;0.0
diabetes:Yes;-0.0003927556607569;0.0
