Features;Individual Effect;Interaction Effect
coronary.artery.disease:No,age:58.00,chf:Yes;0.117760356096341;-0.2553869208271759
sex:male,diabetes:Yes;-0.0865877138173465;-0.0245307990213494
copd:Yes,race:black,hypertension:Yes;0.0208045039721577;-0.0795305655220778
chronic.kidney.disease:No,hyperlipidemia:Yes,asthma:Yes;-0.0151191258530822;-0.0357716310193745
endstage.renal.disease:No;0.0179302084600121;0.0
cerebrovascular.disease:No;0.0174408548685838;0.0
cancer:No;0.0134743118532573;0.0
hepatitis:No;0.0052105146560148;0.0
dementia:No;0.0007718318555924;0.0
