Features;Individual Effect;Interaction Effect
hypertension:No,hepatitis:No;-0.0110734799539876;0.0925423826532811
sex:male;0.0475174758099997;0.0
hyperlipidemia:No,diabetes:No;0.0020172201220799;0.0435389870409309
asthma:No;-0.0258443676503344;0.0
cerebrovascular.disease:No;0.0220401909002978;0.0
chronic.kidney.disease:No;-0.0095726168614056;0.0
cancer:No;0.0087207589795;0.0
age:75.00,coronary.artery.disease:Yes,chf:Yes;-0.2944137869868831;0.2857798247697381
race:white;0.0048419053690171;0.0
copd:No;-0.0006413669610321;0.0
endstage.renal.disease:No,dementia:No;0.0074207754858339;-0.0080594636124459
