Features;Individual Effect;Interaction Effect
age:54.00,hypertension:Yes;0.1805554196570222;0.0628640715547044
race:black;0.0508168635654888;0.0
coronary.artery.disease:No,dementia:No;0.0626730936309242;-0.0138795749286108
hepatitis:No;0.0311178743331304;0.0
hyperlipidemia:No,cancer:No;0.0047824557222643;0.0225545491649317
copd:No;0.020086365083333;0.0
sex:female,diabetes:Yes,chronic.kidney.disease:Yes;-0.0323636675483151;0.0162753348839281
cerebrovascular.disease:No;-0.0152884800047688;0.0
chf:No;-0.0103738582260458;0.0
asthma:No;-0.0013403624109484;0.0
endstage.renal.disease:No;-0.0011432659023559;0.0
