Features;Individual Effect;Interaction Effect
race:white,age:89.00,hypertension:Yes;-0.2107937716590736;-0.0751012639864416
diabetes:No,dementia:Yes;-0.0997213355803874;-0.0054432067127775
sex:male;-0.0668431186259996;0.0
hyperlipidemia:No,cerebrovascular.disease:No,asthma:No;0.0272603759637284;-0.0465026228353298
copd:No;-0.0145252346389277;0.0
cancer:No,coronary.artery.disease:No,chf:Yes;0.0456073182151043;-0.0579777506071182
chronic.kidney.disease:No;0.0071607712091966;0.0
endstage.renal.disease:No;-0.0060606172877478;0.0
hepatitis:No;0.0009072927784752;0.0
