Features;Individual Effect;Interaction Effect
diabetes:No,chronic.kidney.disease:Yes;-0.0225854281569285;-0.0670238616176341
race:black,age:59.00,chf:Yes;0.0852377781701819;-0.1640147301919671
cancer:No,coronary.artery.disease:No,cerebrovascular.disease:Yes;-0.0314248857729009;-0.0291171301414058
sex:male;-0.021366600618407;0.0
hyperlipidemia:No;0.0152993175889504;0.0
copd:No;0.0125282602275707;0.0
dementia:No;0.0078363971128406;0.0
hypertension:Yes,endstage.renal.disease:No;-0.0103386185678248;0.0026888387286996
hepatitis:No;-0.004982637385899;0.0
asthma:No;-0.0023531470012089;0.0
