Features;Individual Effect;Interaction Effect
chf:No,age:73.00,coronary.artery.disease:Yes;-0.1963789134755904;-0.0360049702245918
endstage.renal.disease:No,sex:male,diabetes:Yes;-0.0780563508821382;-0.0322172491873413
race:other,hypertension:No;-0.0496206097294409;-0.0214858380353963
hyperlipidemia:No;-0.0353836160691131;0.0
hepatitis:No;-0.0123900414269081;0.0
copd:No;-0.0070007769465183;0.0
cerebrovascular.disease:No,chronic.kidney.disease:No;0.0062766936199873;-0.0003081334620521
cancer:No;0.004847905114757;0.0
asthma:No;-0.0034370074044226;0.0
dementia:No;0.0001287306829462;0.0
