Features;Individual Effect;Interaction Effect
age:69.00,coronary.artery.disease:Yes,chronic.kidney.disease:Yes;-0.1974233958779918;0.2854657927362372
diabetes:Yes,race:other,cerebrovascular.disease:Yes;-0.135887469040124;0.1993203254910215
sex:male,endstage.renal.disease:Yes,dementia:No;-0.0410211861938853;0.08945833313537
hyperlipidemia:Yes;0.0344244327634392;0.0
hypertension:Yes;0.0211348990295679;0.0
chf:No,hepatitis:No;-0.0016827734529722;-0.0048330979184492
copd:No;-0.0060708137956296;0.0
asthma:No,cancer:No;-0.0048136757320658;0.0098147956474058
