Features;Individual Effect;Interaction Effect
chronic.kidney.disease:Yes,age:77.00,hyperlipidemia:Yes;-0.1336749003033052;-0.2216231421178435
sex:male;-0.0468200577169732;0.0
endstage.renal.disease:No;-0.0201675043137306;0.0
asthma:No;-0.0112954871563029;0.0
diabetes:No,hepatitis:No;-0.0016003338762092;0.0120935932916299
cancer:No,cerebrovascular.disease:No,copd:No;-0.0134802200603457;0.0203755086712277
race:black,hypertension:Yes,coronary.artery.disease:No;0.0775447079005823;-0.0712531081613052
dementia:No;-0.0058681379299867;0.0
chf:No;-0.0039013645734228;0.0
