Features;Individual Effect;Interaction Effect
diabetes:No,age:60,hypertension:Yes;0.0836534020993574;0.1452383954104182
copd:No;0.0279989006272863;0.0
endstage.renal.disease:No;0.0257174293961741;0.0
chf:No;0.018768600620696;0.0
chronic.kidney.disease:No;-0.0128236922661768;0.0
dementia:No;0.0112376916253245;0.0
cancer:No;-0.0094094987183665;0.0
asthma:No;0.0073825334346337;0.0
hepatitis:No;-0.005854661118165;0.0
hyperlipidemia:No,cerebrovascular.disease:No;0.0026493073828585;0.0015512030143135
sex:female,race:black,coronary.artery.disease:Yes;-0.067141059775369;0.0653107242689546
