Features;Individual Effect;Interaction Effect
coronary.artery.disease:No,age:82.00,race:black;-0.0476969543130208;-0.1988791077255732
sex:female,cerebrovascular.disease:No;0.0408428223066603;0.0315553468364638
hyperlipidemia:No,cancer:No;-0.012609744881054;-0.0485965434155037
chf:No;-0.0449005433668141;0.0
hypertension:Yes;-0.0297952820574912;0.0
hepatitis:No,chronic.kidney.disease:No;0.0100542058446908;-0.0213514223043796
copd:No;-0.0074977312583011;0.0
asthma:No;-0.0074012880218762;0.0
diabetes:Yes;-0.004083857951476;0.0
endstage.renal.disease:No;0.001740635832669;0.0
dementia:No;-0.0006267725319333;0.0
