Features;Individual Effect;Interaction Effect
hyperlipidemia:Yes,age:89.00,coronary.artery.disease:Yes;-0.3205050404964454;0.1532887454514215
sex:female,chf:No;0.0427246305898803;0.0234278593845961
race:white;-0.0620040703180992;0.0
diabetes:No;0.0324128740057125;0.0
hypertension:Yes;-0.0286815829608524;0.0
dementia:No;-0.0188586637589582;0.0
chronic.kidney.disease:No;-0.0126722454625941;0.0
asthma:No,cancer:No;0.0059791573507009;0.0060550682087072
copd:No;-0.0062395790899385;0.0
endstage.renal.disease:No;-0.0036834425507286;0.0
hepatitis:No;-0.0030916979682837;0.0
cerebrovascular.disease:No;-0.0016979652262284;0.0
