Features;Individual Effect;Interaction Effect
sex:female,cerebrovascular.disease:Yes;-0.0312332798942435;-0.0768189464191752
hypertension:Yes,age:64.00,chf:Yes;0.0099722675419213;-0.097217075541922
diabetes:Yes;-0.0451312747845583;0.0
endstage.renal.disease:No;0.0242587239833567;0.0
race:white,hyperlipidemia:Yes,coronary.artery.disease:No;0.037196238431326;-0.0521605848393233
hepatitis:No,cancer:No;0.0114118606310807;-1.1109475667360131e-05
chronic.kidney.disease:No;0.008709916962701;0.0
asthma:No,copd:No,dementia:No;-0.0014105664402728;0.0067898661673822
