Features;Individual Effect;Interaction Effect
copd:No,age:49.00,hypertension:Yes;0.1179551740504457;0.1149553176341483
endstage.renal.disease:No,sex:female,diabetes:Yes;0.0056562565072044;0.0792378195236092
coronary.artery.disease:No;0.0458631076760146;0.0
hyperlipidemia:No;0.0267798230692318;0.0
chf:No;0.0200378838433255;0.0
chronic.kidney.disease:No;-0.01992366143201;0.0
hepatitis:No,dementia:No;-0.0069536145693721;0.025467238202673
cerebrovascular.disease:No;0.0159136316377757;0.0
race:black;-0.0140292634007965;0.0
cancer:No;0.0107781573393825;0.0
asthma:No;0.0024266668819096;0.0
