Features;Individual Effect;Interaction Effect
diabetes:No,age:85.00,sex:female;-0.1082122062767434;-0.0587498678858686
coronary.artery.disease:Yes;-0.0636642380609603;0.0
dementia:Yes;-0.0620980262393085;0.0
copd:Yes,cancer:No;-0.0093331115927736;-0.0416097402982089
hypertension:Yes;-0.0454521435896726;0.0
hyperlipidemia:No;-0.0342519934583518;0.0
cerebrovascular.disease:No;0.0191917693091825;0.0
endstage.renal.disease:No;0.0113549397552806;0.0
chronic.kidney.disease:No;0.010554541981136;0.0
chf:No;0.0051261257664832;0.0
hepatitis:No;0.002264779297809;0.0
race:black;-0.0013557236440739;0.0
asthma:No;-0.00135561147973;0.0
