Features;Individual Effect;Interaction Effect
hypertension:No,diabetes:No;-0.0215954305964823;0.162469269677224
race:white,cancer:No;-0.0237353104037665;0.0468679983586934
asthma:No;-0.0198606146975084;0.0
hyperlipidemia:No;0.0152121869200455;0.0
chf:No;-0.0129635703880698;0.0
hepatitis:No;-0.0127244824848832;0.0
cerebrovascular.disease:No;-0.011853371392817;0.0
endstage.renal.disease:No;0.0091539251999478;0.0
chronic.kidney.disease:No;-0.0069291316641065;0.0
copd:No,dementia:No;0.0108664636832574;-0.0041229904267771
sex:female,age:8Yes,coronary.artery.disease:Yes;-0.2410063619543992;0.2399135267693354
