Features;Individual Effect;Interaction Effect
diabetes:No,age:26.00,race:white;0.2985554397332921;0.0294295386585539
hyperlipidemia:No,coronary.artery.disease:No,chf:No;0.0299476213523267;0.0301780099103381
sex:female,hypertension:No,dementia:No;0.0423545263949965;-0.0011816713997666
hepatitis:No,copd:No,cancer:No;0.0007656229161224;0.0114870776166461
cerebrovascular.disease:No,chronic.kidney.disease:No;-0.022457277037623;0.0341381252655152
endstage.renal.disease:No;0.008374606313339;0.0
asthma:No;0.0001837493241939;0.0
