Features;Individual Effect;Interaction Effect
coronary.artery.disease:No,age:88.00,sex:female;-0.0108900135789185;0.190241204263649
race:black,hypertension:No,diabetes:No;-0.0091264746048208;0.1641577119850654
copd:No,chronic.kidney.disease:No,dementia:No;-0.0063454310503361;0.0352111457038508
hyperlipidemia:No,cancer:No;-0.0319151558948768;0.0519470242458756
chf:No;0.018744649140496;0.0
endstage.renal.disease:No,asthma:No;0.0205311715962595;-0.0049855095441549
hepatitis:No;-0.0048657909834133;0.0
cerebrovascular.disease:No;-0.0010072712293002;0.0
