Features;Individual Effect;Interaction Effect
hyperlipidemia:No,age:74.00,race:black;-0.1390857727560159;-0.0661136766697908
hypertension:Yes,coronary.artery.disease:No;0.052807045982494;0.0373294200600394
sex:male,cerebrovascular.disease:No;-0.0394949804502234;-0.0061050127094385
diabetes:No;-0.0200208311632611;0.0
chronic.kidney.disease:No;0.0199372344344545;0.0
dementia:No;0.013624017730707;0.0
chf:No;-0.0123492199082654;0.0
cancer:No;-0.0108991508715617;0.0
asthma:No,copd:No;4.1945021363787305e-05;-0.0094140359329728
endstage.renal.disease:No;0.0083775548090006;0.0
hepatitis:No;0.0032614236416238;0.0
