Features;Individual Effect;Interaction Effect
coronary.artery.disease:Yes,endstage.renal.disease:Yes;-0.1051020828559874;-0.027678423788638
asthma:No,dementia:Yes;-0.0937493384125227;-0.0087838181061868
age:73.00,race:white;-0.0786067204071619;-0.0238356829112843
diabetes:No,chronic.kidney.disease:Yes;-0.0161506274788485;-0.0254060669277633
hepatitis:No;-0.0218587887751874;0.0
sex:female;0.0154191502361155;0.0
cerebrovascular.disease:No;0.0038707068162712;0.0
cancer:No;0.0038276043674773;0.0
copd:No;-0.0030098047486576;0.0
hypertension:Yes;0.0027962559031995;0.0
hyperlipidemia:No;0.0017303555824405;0.0
chf:Yes;0.0002689517201285;0.0
