Features;Individual Effect;Interaction Effect
age:77.00,hyperlipidemia:Yes;-0.1145858163634931;-0.0518303214042226
race:white,dementia:Yes;-0.1131505905068335;0.016741476806183
coronary.artery.disease:Yes;-0.0697331912870577;0.0
hypertension:Yes,chronic.kidney.disease:Yes;-0.0212585177666653;-0.0407711555794976
asthma:Yes,diabetes:Yes,cancer:No;-0.0553219777364928;0.0946981527047592
cerebrovascular.disease:No;0.0267645829134453;0.0
sex:female,hepatitis:No,copd:Yes;0.0122976576297747;0.0004080456864484
endstage.renal.disease:No;0.0024348752246307;0.0
chf:Yes;0.0001224829899563;0.0
