Features;Individual Effect;Interaction Effect
hyperlipidemia:Yes,race:other,hypertension:Yes;-0.0058241475731923;0.1432155723905815
diabetes:No,coronary.artery.disease:No,chf:No;0.0488208168871843;0.0411898096817063
age:7Yes,sex:male,dementia:No;-0.042361935083884;0.0920919182921189
asthma:No;0.0167332186335669;0.0
hepatitis:No,endstage.renal.disease:No;0.0077912004856708;0.0080514872013914
copd:No;0.0078342046597583;0.0
cerebrovascular.disease:No;0.0058009940463767;0.0
cancer:No;-0.0029494378965978;0.0
chronic.kidney.disease:No;0.0022081039403403;0.0
