Features;Individual Effect;Interaction Effect
race:white,age:50,hypertension:Yes;0.1115344544791669;0.1520778064867766
hyperlipidemia:No,coronary.artery.disease:No,cancer:No;0.0486472090987306;0.0204455234450707
copd:No;-0.0137764613061179;0.0
cerebrovascular.disease:No;0.0123072664011503;0.0
diabetes:Yes,chf:Yes;-0.0462568826379049;0.0580116877555724
endstage.renal.disease:No;0.0094970950876998;0.0
asthma:No;0.0077035072477189;0.0
chronic.kidney.disease:No;0.0067529296231187;0.0
dementia:No;0.0029548943691183;0.0
sex:male,hepatitis:No;-0.0432359046640815;0.0421993984685607
