Features;Individual Effect;Interaction Effect
sex:female,age:66.00,asthma:Yes;0.1234824548635868;-0.3468570222016989
coronary.artery.disease:No,race:black,diabetes:Yes;0.05058742870184;-0.189854391286387
hypertension:Yes;-0.055481863149024;0.0
dementia:No;-0.0311369089280793;0.0
hyperlipidemia:No;-0.0244848608343822;0.0
chronic.kidney.disease:No;0.016093350512317;0.0
cerebrovascular.disease:No;0.0149213448147449;0.0
copd:No;-0.0119000790427241;0.0
cancer:No;-0.0086938441041517;0.0
chf:No,hepatitis:No;0.0074247758131209;-0.015201952171278
endstage.renal.disease:No;-0.006370826092037;0.0
