Features;Individual Effect;Interaction Effect
diabetes:No,age:89.00,hypertension:Yes;-0.1825758288779985;-0.1731758055268407
race:white;-0.0534282592477445;0.0
coronary.artery.disease:No;0.0395790515906237;0.0
hyperlipidemia:No,cerebrovascular.disease:No;-0.0075537246733206;-0.0278303674092689
sex:male;-0.0223922536507832;0.0
chronic.kidney.disease:No,asthma:No;-0.0071297641820144;-0.0060568635089834
endstage.renal.disease:No,hepatitis:No,cancer:No;0.0166334579715898;-0.0289645557741424
chf:No;-0.0086315111328483;0.0
dementia:No;0.0042382797997731;0.0
copd:No;0.0011946507139908;0.0
