Features;Individual Effect;Interaction Effect
hyperlipidemia:No,coronary.artery.disease:No;0.046119506495021;0.0905442286115493
sex:female,age:86.00,diabetes:Yes;-0.1836169868907375;0.2959258409242734
race:white;0.0383562509340991;0.0
chronic.kidney.disease:No;0.0251959753382745;0.0
cerebrovascular.disease:No;-0.0248367477738981;0.0
cancer:No;0.0227570512985047;0.0
asthma:No,chf:No,hepatitis:No;-0.001058578161395;0.0174507025817181
hypertension:No;-0.0148457983019745;0.0
copd:No;-0.0078560810869548;0.0
dementia:No;-0.0077620941178137;0.0
endstage.renal.disease:No;0.0021965023188986;0.0
