Features;Individual Effect;Interaction Effect
race:black,age:9Yes,hypertension:No;-0.171942743873134;0.272176950835452
sex:female,coronary.artery.disease:No;0.0914082695277397;0.0033394740537702
diabetes:No;0.0306694524619577;0.0
cancer:No;0.0281108582879044;0.0
chf:No,chronic.kidney.disease:No;-0.0168500555058868;0.0380459688535972
copd:No;-0.0164158790099529;0.0
endstage.renal.disease:No;-0.0074793814419735;0.0
dementia:No;-0.004125562094758;0.0
hyperlipidemia:No;0.0007630640119054;0.0
cerebrovascular.disease:No,asthma:No;0.0079470397599585;-0.0076077919005615
hepatitis:No;0.000322587272879;0.0
