Features;Individual Effect;Interaction Effect
diabetes:No,race:white,coronary.artery.disease:Yes;-0.1567592418098377;-0.1269465193496288
sex:male,asthma:No;-0.0563706738107844;0.0107575181875974
hypertension:No,hepatitis:No,copd:No;-0.0207397923238663;-0.0171437309292238
chf:No;-0.0328543459650788;0.0
cerebrovascular.disease:No,age:57.00,hyperlipidemia:No;0.052879707171736;-0.0693601319822691
dementia:No;0.0062338336443634;0.0
endstage.renal.disease:No;-0.0051326280515148;0.0
chronic.kidney.disease:No,cancer:No;-0.0172390399838269;0.013879308162017
