Features;Individual Effect;Interaction Effect
age:89.00,dementia:Yes;-0.2802476514842546;0.1052411490199786
hyperlipidemia:Yes;-0.0766275005105138;0.0
chronic.kidney.disease:No;0.0641886288523311;0.0
coronary.artery.disease:No;0.0507528354636375;0.0
sex:female;0.0498276382826191;0.0
chf:No;0.0414983675764553;0.0
cerebrovascular.disease:No;0.033462061415483;0.0
endstage.renal.disease:No;0.0173472360225509;0.0
hepatitis:No;-0.0172679873621769;0.0
hypertension:Yes,copd:No;0.0043870475552678;-0.0180519497373571
diabetes:No;-0.009325353068731;0.0
cancer:No;-0.0081637908753944;0.0
asthma:No;-0.0068120028100479;0.0
race:white;-0.0049261038247972;0.0
