Features;Individual Effect;Interaction Effect
race:white,age:64.00,hypertension:Yes;0.004689822038895;0.2335152285522922
coronary.artery.disease:Yes,asthma:No,dementia:No;-0.1355186880939459;-0.0102892203702705
cancer:No;0.0394094162755824;0.0
diabetes:No;0.0247932456458806;0.0
hyperlipidemia:No;-0.0220116869394538;0.0
chronic.kidney.disease:No;-0.019675987388225;0.0
cerebrovascular.disease:No;-0.0192845998768862;0.0
copd:No;0.0095729861915369;0.0
chf:No;0.0074800235553151;0.0
endstage.renal.disease:No;0.0071626924151934;0.0
hepatitis:No;0.0069519377911416;0.0
sex:male;-0.0041334888739386;0.0
