Features;Individual Effect;Interaction Effect
dementia:No,coronary.artery.disease:No,endstage.renal.disease:No;0.0502558725357837;0.0324398756066513
diabetes:No,chf:No;-0.0244816511235044;0.0988211183023809
age:88.00,race:hispanic;-0.1236762984647252;0.1007261306933519
sex:male,hypertension:Yes;-0.0425697369225092;0.0507209174742433
cerebrovascular.disease:No,chronic.kidney.disease:No;0.0142259538948432;-0.0071712367995423
cancer:No;0.0012809363304236;0.0
hyperlipidemia:No;-0.0011191397577546;0.0
copd:No,hepatitis:No,asthma:No;-0.0065954017838509;0.0076687726638056
