Features;Individual Effect;Interaction Effect
coronary.artery.disease:Yes;-0.1958241144834788;0.0
age:8No,sex:female,hypertension:Yes;-0.0782338605832212;-0.0631584773576276
race:black;0.0690236041346149;0.0
cerebrovascular.disease:No,hepatitis:No;-0.0051505879709705;0.0344874812281031
copd:No;-0.0169496692908446;0.0
chronic.kidney.disease:No;0.0148212190899212;0.0
dementia:No;0.0124882337096365;0.0
asthma:No;-0.0118224970151297;0.0
diabetes:Yes;0.0091595191587725;0.0
chf:No;0.0086238030616551;0.0
cancer:No;0.0057252866689066;0.0
endstage.renal.disease:No;0.0042945724685519;0.0
hyperlipidemia:Yes;0.0024067432203166;0.0
