Features;Individual Effect;Interaction Effect
coronary.artery.disease:No,age:54.00,cancer:Yes;0.1206806687012196;-0.301050428211361
sex:male,hypertension:No;-0.0798495574426753;-0.0454676515375749
race:black,hepatitis:No;0.0294936887604677;-0.0098057240451449
diabetes:No;-0.013260012137322;0.0
endstage.renal.disease:No;0.0092574847249232;0.0
chf:No,copd:No;-0.0167263259503115;0.0095151399363056
chronic.kidney.disease:No,dementia:No;-0.0003653551539511;0.0060722531340448
asthma:No;-0.0004625035679541;0.0
hyperlipidemia:No,cerebrovascular.disease:No;-0.0012886684705365;0.0013665250260266
