Features;Individual Effect;Interaction Effect
race:white,age:4Yes,chf:Yes;0.1405164336535875;0.1143594106570678
sex:male;-0.0399021456149116;0.0
coronary.artery.disease:No;0.0383258385354333;0.0
hyperlipidemia:No,endstage.renal.disease:No,chronic.kidney.disease:No;-0.0059192021721881;0.0407747948917425
cancer:No,hypertension:No,diabetes:No;0.000422009898421;0.0283041030444545
dementia:No;0.017593656444348;0.0
asthma:No;0.0167304728753432;0.0
cerebrovascular.disease:No;0.0082360522018222;0.0
hepatitis:No,copd:No;-0.0153548297602271;0.0107511068316021
