Features;Individual Effect;Interaction Effect
coronary.artery.disease:Yes;-0.105251399237966;0.0
age:63.00,race:hispanic;-0.0076942706698077;-0.0730003098682546
diabetes:No;-0.0249748084461016;0.0
sex:male;-0.0238991043618984;0.0
cancer:No;0.0191741103148778;0.0
hyperlipidemia:No;-0.0147322028005134;0.0
hepatitis:No;-0.0117183386631331;0.0
copd:No;-0.0042092094048043;0.0
endstage.renal.disease:No;0.0031843076484072;0.0
cerebrovascular.disease:Yes,chf:Yes,dementia:No;-0.0847277774563808;0.0827732036963592
hypertension:No,chronic.kidney.disease:No,asthma:No;-0.0285149101366092;0.0293623364161842
