Features;Individual Effect;Interaction Effect
age:55.00,race:other,chf:Yes;0.1289845668806545;0.1111785093643755
hyperlipidemia:No,coronary.artery.disease:No,copd:No;0.0486769373443413;0.0386139839626366
chronic.kidney.disease:No,diabetes:No,asthma:No;-0.0031195213309702;0.0485287456376099
sex:male;-0.0393396085703966;0.0
dementia:No;0.024633062666821;0.0
cancer:No;0.0204232142895326;0.0
endstage.renal.disease:No;0.0133709060168719;0.0
hepatitis:No;0.0115283511322611;0.0
hypertension:No;0.0052239529559417;0.0
cerebrovascular.disease:No;0.0042403088219651;0.0
