Features;Individual Effect;Interaction Effect
hypertension:Yes,age:58.00,hyperlipidemia:Yes;0.0685864801316192;0.1762369792331989
chf:No,diabetes:No,coronary.artery.disease:No;0.0537685445369851;0.0654486693399463
race:black;0.0377807721262257;0.0
sex:male;-0.0290536838192535;0.0
cerebrovascular.disease:No;0.0230381251948502;0.0
dementia:No,copd:No,cancer:No;-0.0014805983952458;0.0229733584245898
hepatitis:No;-0.0087246028411859;0.0
endstage.renal.disease:No;0.0070887562855409;0.0
asthma:No;0.0052331208098302;0.0
chronic.kidney.disease:No;0.0042612971687914;0.0
