Features;Individual Effect;Interaction Effect
coronary.artery.disease:No,age:47.00,cancer:Yes;0.068844573042793;-0.235164162822698
hypertension:Yes,sex:female,diabetes:No;0.0554870790906667;-0.1570756098532994
race:asian,asthma:No;0.0396295018844353;-0.0804124711012263
hyperlipidemia:No;-0.0404380588266068;0.0
hepatitis:No;0.0162572772278421;0.0
endstage.renal.disease:No;-0.0136285700974479;0.0
chf:No;-0.0091005627725501;0.0
chronic.kidney.disease:No;0.0078494732189393;0.0
cerebrovascular.disease:No;-0.0069280633652566;0.0
copd:No,dementia:No;0.0007494063663914;-0.0020365674127707
