Features;Individual Effect;Interaction Effect
hyperlipidemia:No,age:86.00,hypertension:No;-0.1974074386864908;-0.0802947093898583
endstage.renal.disease:No,sex:male,diabetes:Yes;-0.087760584353732;-0.0507503330203432
cancer:No;0.0139993831454695;0.0
copd:No,coronary.artery.disease:No,chf:Yes;0.0440481397497788;-0.0305746793825005
hepatitis:No;0.0106697772627561;0.0
cerebrovascular.disease:No;0.0092725695979414;0.0
asthma:No;-0.0059684409549217;0.0
chronic.kidney.disease:No;-0.0051086416146332;0.0
race:white;0.0045649254658989;0.0
dementia:No;-0.00206835968768;0.0
