Features;Individual Effect;Interaction Effect
age:70,race:white,coronary.artery.disease:Yes;-0.1375117147437669;-0.1307550227405809
hypertension:No,diabetes:Yes;-0.0793763508420865;0.0152974421305303
chf:No;-0.0213302054782809;0.0
cancer:No;-0.0164909757175305;0.0
endstage.renal.disease:No;0.0157883642952557;0.0
copd:No,hyperlipidemia:No,dementia:No;-0.010007656697238;-0.0046511450333025
cerebrovascular.disease:No,chronic.kidney.disease:No,asthma:No;-0.0053296135361508;-0.0086664132863789
hepatitis:No;0.0093866875609155;0.0
sex:female;-0.0028209378498882;0.0
