Features;Individual Effect;Interaction Effect
dementia:No,age:75.00,chf:No;-0.1646505303391191;-0.0592490054371593
copd:No,diabetes:No,coronary.artery.disease:Yes;-0.1085169063234289;-0.0337193776165544
sex:male,hypertension:No;-0.0647443570842103;-0.0084962450081966
race:white,cerebrovascular.disease:No,chronic.kidney.disease:No;-0.0168747703564546;-0.0481091382940194
hepatitis:No;-0.0056254086095717;0.0
endstage.renal.disease:No;-0.004180015137578;0.0
cancer:No;-0.0040680463126114;0.0
hyperlipidemia:No,asthma:No;-0.0375219538942631;0.0358545838254915
