Features;Individual Effect;Interaction Effect
hyperlipidemia:No,age:52.00,hypertension:Yes;0.1637171737019379;0.091016569300928
coronary.artery.disease:No;0.0666402707282305;0.0
race:black;0.0399721634512224;0.0
chronic.kidney.disease:No,cancer:No;-0.0031933174930824;0.0275632765222585
copd:No;0.0202670747805425;0.0
cerebrovascular.disease:No;0.0190606385244174;0.0
sex:female;0.0188556799880461;0.0
dementia:No;0.0158430378844791;0.0
endstage.renal.disease:No,asthma:No;-0.0007240582768084;0.0145229744899221
hepatitis:No;-0.0072237869530993;0.0
chf:No;0.002304276117059;0.0
diabetes:No;0.0022600383871928;0.0
