Features;Individual Effect;Interaction Effect
cancer:No,hyperlipidemia:No,coronary.artery.disease:No;0.0422382236332159;0.0490887576097458
race:white,hypertension:Yes;-0.023212922060084;0.0534513847768493
endstage.renal.disease:No;-0.0181011029001597;0.0
age:79.00,sex:female;-0.0972358419800334;0.0791745622493516
chronic.kidney.disease:No;-0.0156164918147944;0.0
dementia:No,cerebrovascular.disease:Yes,asthma:No;-0.0729338706238343;0.0600407863922594
hepatitis:No;0.0096661985884069;0.0
chf:No;-0.0084957585188448;0.0
diabetes:No;0.0055089643446719;0.0
copd:No;-0.0016955465444272;0.0
