Features;Individual Effect;Interaction Effect
race:other,age:53.00,coronary.artery.disease:Yes;0.0197973933474885;-0.1578772970180015
endstage.renal.disease:No,sex:male,cerebrovascular.disease:No;-0.0285604834007633;-0.0655715866784092
hyperlipidemia:No;-0.0396779238674268;0.0
diabetes:Yes;-0.0238413124761653;0.0
hypertension:Yes,chronic.kidney.disease:Yes;-0.031472967650115;0.0544909202190413
hepatitis:No,copd:No;0.0122421292293126;0.0029006813639253
chf:No;-0.0111073416677462;0.0
dementia:No;0.0089064964799653;0.0
cancer:No;0.0086656555490494;0.0
asthma:No;0.0070394735668827;0.0
