Features;Individual Effect;Interaction Effect
sex:male;-0.0972562821392995;0.0
hypertension:Yes,age:65.00,race:black;0.0974856428887966;-0.1890432320908916
coronary.artery.disease:No,dementia:No;0.0583732432958017;-0.0288736695221427
copd:No,hyperlipidemia:No,diabetes:No;0.0048890954631833;-0.0192580841822202
chronic.kidney.disease:No;0.0097727010371725;0.0
cancer:No;0.0067579918444653;0.0
cerebrovascular.disease:No,chf:No,endstage.renal.disease:No;-0.0158261778158254;0.0224209053316669
hepatitis:No;0.0062738747538775;0.0
asthma:No;-0.0020929222768782;0.0
