Features;Individual Effect;Interaction Effect
diabetes:No,age:82.00,hypertension:Yes;-0.1089802591291199;-0.12762656090576
dementia:No,race:asian,copd:No;0.0651818090584115;-0.1131613412039929
sex:male;-0.0262329986177551;0.0
chronic.kidney.disease:No,asthma:No;-0.0148546396276474;0.0307766409377169
hepatitis:No,endstage.renal.disease:No;-0.0136302767658357;0.0215446393491756
hyperlipidemia:No;-0.0050504772082747;0.0
cerebrovascular.disease:No;0.0042395935570007;0.0
coronary.artery.disease:No,chf:Yes;0.0247904386176369;-0.0238715918670939
cancer:No;0.0001082352781083;0.0
