Features;Individual Effect;Interaction Effect
sex:male,age:48.00,hypertension:Yes;0.1269917113897403;0.069674722364857
race:asian,diabetes:Yes;-0.0240915767077241;0.0831748513337899
chf:No,hyperlipidemia:No,coronary.artery.disease:No;0.0319982621216881;0.0201256961334872
cancer:No,chronic.kidney.disease:No,dementia:No;0.0139996298389379;-0.0040263315589338
cerebrovascular.disease:No;0.006540869407872;0.0
hepatitis:No;0.0039129682509606;0.0
endstage.renal.disease:No,copd:No;0.0119528967061167;-0.0082185394829089
asthma:No;-0.00190061919812;0.0
