Features;Individual Effect;Interaction Effect
hyperlipidemia:Yes,age:7No,coronary.artery.disease:Yes;-0.100873847539892;-0.095685672055972
hypertension:No;-0.0593712806825896;0.0
dementia:No;0.0552354678004572;0.0
race:other;-0.0433695549901005;0.0
hepatitis:No;0.0404018494429097;0.0
chf:Yes;-0.0346641979499824;0.0
chronic.kidney.disease:No;-0.0306964313547107;0.0
cancer:No;0.0284274747981699;0.0
sex:male,endstage.renal.disease:No;-0.0430134425387885;0.0150571103217055
cerebrovascular.disease:No;0.0092668895262107;0.0
copd:No;-0.0086208864220267;0.0
diabetes:No;0.0020239961629391;0.0
asthma:No;-0.0011010315281097;0.0
