Features;Individual Effect;Interaction Effect
age:50;0.1448089056048809;0.0
coronary.artery.disease:No;0.0691167810547178;0.0
dementia:No;0.0307016334876916;0.0
copd:No,sex:female,diabetes:Yes;-0.0128097957069212;0.0408773898666666
race:black,hepatitis:No,asthma:No;0.0328840722380422;-0.0105843639318158
cancer:No;0.019510847683082;0.0
chronic.kidney.disease:No;-0.0174906427735327;0.0
cerebrovascular.disease:No;-0.0122642102116494;0.0
hypertension:No,endstage.renal.disease:Yes;-0.0090847987920124;-0.0016672165458071
hyperlipidemia:No;-0.006627120974039;0.0
chf:No;0.0016224841424536;0.0
