Features;Individual Effect;Interaction Effect
hypertension:Yes,age:9Yes,coronary.artery.disease:No;-0.1196994727994364;-0.1365139981964376
race:black,sex:female,cerebrovascular.disease:Yes;-0.0100641646647607;-0.0898706337646932
diabetes:Yes;-0.0186247139283429;0.0
chf:No;-0.0165914311399347;0.0
cancer:No;0.0163685260664851;0.0
asthma:No;-0.0142231359891025;0.0
hyperlipidemia:No;0.013880224320096;0.0
dementia:No;-0.0128845578488817;0.0
chronic.kidney.disease:Yes,copd:No;-0.0264216695168756;0.0166390842929503
hepatitis:No,endstage.renal.disease:No;-0.0077092411111311;0.0038908795432865
