Features;Individual Effect;Interaction Effect
age:54.00;0.223331532677402;0.0
coronary.artery.disease:No,race:asian,chf:No;0.092215067646229;0.0324286062467512
hypertension:No;-0.0267308974255614;0.0
sex:male,diabetes:No;-0.0427105707724829;0.0234009037914917
chronic.kidney.disease:No,asthma:Yes;-0.0109021868834962;-0.0039325990185436
copd:No,hyperlipidemia:No,cerebrovascular.disease:No;-0.0182070712638806;0.0322329093880492
cancer:No;0.0126559826200143;0.0
endstage.renal.disease:No;0.0091972651243815;0.0
dementia:No;0.0048571846345746;0.0
hepatitis:No;0.0038537923836989;0.0
