Features;Individual Effect;Interaction Effect
diabetes:No,age:84.00,race:asian;-0.1084755572133885;-0.0878710423975472
hypertension:No;-0.0659773711865713;0.0
hyperlipidemia:No,dementia:No;-0.0039549266763828;-0.0552159871572546
coronary.artery.disease:No;0.047966071526364;0.0
chf:No;-0.0381104907246489;0.0
sex:male;-0.0335119799718158;0.0
asthma:No;-0.0313643126420201;0.0
endstage.renal.disease:No;-0.0217996546114557;0.0
copd:No;0.0192377173442854;0.0
cancer:No;0.0157543676214586;0.0
hepatitis:No;0.0113890828605404;0.0
cerebrovascular.disease:No;0.0033453749404553;0.0
chronic.kidney.disease:No;0.003172855868975;0.0
