Features;Individual Effect;Interaction Effect
coronary.artery.disease:No,age:86.00,race:black;-0.1093559195112215;-0.1647229979152684
diabetes:No;-0.0401012635628199;0.0
sex:female;0.0397064528315878;0.0
chf:No;-0.0383761787237536;0.0
cancer:No;0.0305803257394449;0.0
hypertension:No;-0.0292767519230167;0.0
hyperlipidemia:No;-0.0177400348537737;0.0
cerebrovascular.disease:No;-0.0173360632388058;0.0
endstage.renal.disease:No;-0.0156709625292794;0.0
chronic.kidney.disease:No,dementia:No;-0.0009693095084202;-0.0102379290972444
copd:No;0.0060870327127005;0.0
hepatitis:No;0.0019192275497829;0.0
asthma:No;9.838861086514106e-05;0.0
