Features;Individual Effect;Interaction Effect
hyperlipidemia:No,hypertension:No,diabetes:No;-0.0339626147865343;0.1830554871682266
coronary.artery.disease:No,chf:No;0.0290296982746465;0.0905935592124526
sex:male,age:83.00,race:hispanic;-0.1949224690923593;0.2554411569458965
dementia:No,cancer:No;0.0089930689187083;0.018145166872345
asthma:No,copd:No;-0.0002620889324275;-0.0124546275769741
chronic.kidney.disease:No;-0.0120589125354029;0.0
cerebrovascular.disease:No;-0.0039648571197351;0.0
endstage.renal.disease:No;0.0014397352107441;0.0
hepatitis:No;0.0012751265646654;0.0
