Features;Individual Effect;Interaction Effect
asthma:No,age:59.00,chf:No;0.0613944111034253;0.0238063856223268
race:black,hypertension:No;0.0131303016426836;0.0254308682860685
hyperlipidemia:No,diabetes:Yes,copd:Yes;-0.0672176633833624;0.1053368680737703
dementia:No;-0.0192478478262235;0.0
cancer:No;-0.0139489182341215;0.0
sex:male,coronary.artery.disease:No;0.0208142894375684;-0.0079498829628285
endstage.renal.disease:No;-0.0118254223605462;0.0
cerebrovascular.disease:No;-0.0093782691270891;0.0
hepatitis:No;0.0046420138639977;0.0
chronic.kidney.disease:No;-0.0036305837301983;0.0
