Features;Individual Effect;Interaction Effect
coronary.artery.disease:No;0.1005536294574507;0.0
race:white;-0.0633235854258313;0.0
diabetes:No,age:78.00,hypertension:No;-0.1086014646303181;0.0558278609573423
sex:male,dementia:No;-0.0573780021450318;0.0268299202597831
asthma:No;-0.0215551020906419;0.0
copd:No;0.0209374700571152;0.0
chf:No;-0.0196798491477948;0.0
endstage.renal.disease:No;0.0191421280195251;0.0
chronic.kidney.disease:No;-0.0122197369228207;0.0
cerebrovascular.disease:No;-0.0105349128506036;0.0
hyperlipidemia:No,hepatitis:No;0.0030611751858071;0.0022178564109293
cancer:No;-0.0046254483518023;0.0
