Features;Individual Effect;Interaction Effect
hyperlipidemia:Yes;0.0668502438564899;0.0
chf:No;-0.036760256045265;0.0
sex:male;-0.0364703434213801;0.0
coronary.artery.disease:No,age:82.00,race:white;-0.1311282961362305;0.1623235371108631
hypertension:Yes,diabetes:Yes;-0.0340390464626423;0.0556630268739288
cancer:No;-0.0187477134140718;0.0
cerebrovascular.disease:No;0.0172156153858718;0.0
endstage.renal.disease:No;0.0097539197521095;0.0
dementia:No,hepatitis:No,chronic.kidney.disease:No;-0.0106058700712823;0.0064204475043756
copd:No;-0.0034858420422183;0.0
asthma:No;0.00061582088704;0.0
