Features;Individual Effect;Interaction Effect
age:83.00;-0.174751333942095;0.0
coronary.artery.disease:Yes;-0.0859088988985261;0.0
sex:male,hyperlipidemia:Yes,diabetes:Yes;-0.0996072574061697;0.0442104482386021
chronic.kidney.disease:Yes;-0.0482638107054179;0.0
dementia:No;-0.0258838942300691;0.0
cerebrovascular.disease:No;0.0243527550016423;0.0
hypertension:Yes;0.022305571797105;0.0
race:white,chf:No,hepatitis:No;0.0054757462127603;-0.026001222061996
cancer:No;0.0141067247659307;0.0
endstage.renal.disease:No;-0.0135104488779078;0.0
asthma:No;-0.0130569991527718;0.0
copd:No;-0.0095472827186816;0.0
