Features;Individual Effect;Interaction Effect
diabetes:No,age:36.00,race:white;0.2500900084823537;0.1216166686198226
endstage.renal.disease:No,coronary.artery.disease:No,chf:No;0.0256701664297981;0.0293794703842778
sex:male;-0.0481427794680582;0.0
cerebrovascular.disease:No,hepatitis:No;0.0036904892394007;-0.0111657505352051
hyperlipidemia:No,copd:No;-0.0212004841972933;0.028007018174981
cancer:No;0.0056073983336907;0.0
asthma:No,dementia:No;0.013103107026842;-0.0152147999444795
chronic.kidney.disease:No;0.0018796463660834;0.0
hypertension:No;0.0015924980855598;0.0
