Features;Individual Effect;Interaction Effect
age:54.00,hypertension:Yes,diabetes:Yes;0.1362679190064697;0.1636912382419461
hyperlipidemia:Yes,hepatitis:No;-0.0005799687609323;-0.0497867882245817
coronary.artery.disease:No;0.0275136529636337;0.0
cerebrovascular.disease:No;0.0237332552549741;0.0
race:black;0.0229953005726257;0.0
cancer:No;0.0190144548662439;0.0
copd:No,asthma:No,dementia:No;0.0068632434622428;0.0077892182314526
sex:male;-0.0139696494425043;0.0
chronic.kidney.disease:No;0.0093786506721705;0.0
chf:No;-0.0055933628264763;0.0
endstage.renal.disease:No;0.0013167814322878;0.0
