Features;Individual Effect;Interaction Effect
cancer:No,age:37.00,diabetes:No;0.2844690532945676;0.0293594597487278
coronary.artery.disease:No;0.0498606901924868;0.0
sex:female;0.044166757655018;0.0
endstage.renal.disease:No,race:white,hypertension:Yes;-0.015670515012942;0.0483330682774177
copd:No;0.0253596463127078;0.0
dementia:No;0.0167115046229207;0.0
cerebrovascular.disease:No,chronic.kidney.disease:No;0.0283060401982458;-0.0135178880188945
hyperlipidemia:No;-0.0125188783965647;0.0
asthma:No;0.007206601000488;0.0
chf:No;0.0053740784628492;0.0
hepatitis:No;-0.0038753370617608;0.0
