Features;Individual Effect;Interaction Effect
cancer:No,race:black,hypertension:Yes;0.0290341609312119;-0.1491706241256587
diabetes:No;-0.0600046651497099;0.0
sex:female,age:50,endstage.renal.disease:Yes;0.1672878299990721;-0.2269620579845288
hyperlipidemia:No;-0.04379404817847;0.0
coronary.artery.disease:No;0.043439967143;0.0
chronic.kidney.disease:No;-0.0164940690064048;0.0
dementia:No;0.0151682615891367;0.0
chf:No;-0.0132929741513311;0.0
asthma:No;-0.0122063256692648;0.0
hepatitis:No;0.0083276134331803;0.0
cerebrovascular.disease:No;-0.0036212828648605;0.0
copd:No;-0.0015290174622908;0.0
