Features;Individual Effect;Interaction Effect
cancer:No,age:49.00,hypertension:Yes;0.1467805046985556;0.0786535373939855
diabetes:No,sex:female,coronary.artery.disease:No;0.0901340657396387;-0.0019799299550758
chf:No,chronic.kidney.disease:Yes;-0.0346509788815306;0.0027352802578361
race:black,cerebrovascular.disease:No,asthma:No;0.0466543596026385;-0.0253634014276204
hyperlipidemia:No;0.0149443262776069;0.0
hepatitis:No;-0.0124602425003025;0.0
copd:No,dementia:No;-0.011578070736571;0.0196316092291321
endstage.renal.disease:No;0.0073056507380671;0.0
