Features;Individual Effect;Interaction Effect
race:white,age:70,sex:male;-0.0470635489952996;0.136741424019516
hypertension:No,cerebrovascular.disease:Yes,copd:Yes;-0.124458310940054;0.1741424531943557
coronary.artery.disease:No;0.0281280062130501;0.0
chf:No;0.0213847207821572;0.0
hepatitis:No,chronic.kidney.disease:No;-0.0053232751808197;-0.0148882524349353
diabetes:No;0.0171377642705909;0.0
hyperlipidemia:Yes;0.0166130967614225;0.0
asthma:No;0.0130369214972163;0.0
cancer:No;0.0094936349846774;0.0
dementia:No;-0.0089751279259567;0.0
endstage.renal.disease:No;-0.003759399889476;0.0
