Features;Individual Effect;Interaction Effect
age:75.00;-0.1991121540583556;0
coronary.artery.disease:Yes;-0.1558462395264352;0
hepatitis:No;0.0667158640303238;0
chf:Yes;0.0661467376860547;0
diabetes:No;-0.0642497998289722;0
copd:No;0.0454081453377794;0
cancer:No;-0.0275012031627231;0
endstage.renal.disease:No;-0.0227210860448033;0
cerebrovascular.disease:No;-0.0203257071661255;0
race:white;-0.0196554355676253;0
asthma:No;-0.0151624262541051;0
sex:male;-0.0138136220633585;0
hyperlipidemia:Yes;-0.0127361319212328;0
chronic.kidney.disease:No;-0.0111230514190086;0
dementia:No;0.0079084969819104;0
hypertension:Yes;0.0005884103041392;0
