Features;Individual Effect;Interaction Effect
race:white,asthma:Yes,copd:Yes;-0.041686778119933;0.2309918147164
hypertension:Yes,age:87.00,dementia:Yes;-0.2364723715967177;0.1395299850548597
hyperlipidemia:Yes;0.0767862866362731;0.0
diabetes:No;-0.0154145265616138;0.0
hepatitis:No,cancer:No;0.005783413887465;-0.0204207591688712
chronic.kidney.disease:No;-0.012688697226231;0.0
cerebrovascular.disease:No,endstage.renal.disease:No;0.0024382489339545;-0.0144693827817132
sex:male,coronary.artery.disease:Yes,chf:Yes;-0.1869274963469674;0.1815549967537441
