Features;Individual Effect;Interaction Effect
diabetes:No,age:33.00,race:white;0.2794297989867838;0.0727904360144607
sex:female;0.0476640382968791;0.0
coronary.artery.disease:No,chf:No,cerebrovascular.disease:No;0.0372484668940399;0.0101798412607711
copd:No;-0.0215738581451982;0.0
cancer:No;0.0165931132092327;0.0
hypertension:No;0.0125113874759865;0.0
hepatitis:No;0.0120479617060963;0.0
dementia:No;-0.0093220103866115;0.0
hyperlipidemia:No;0.0073918602648519;0.0
asthma:No;0.006965553792583;0.0
endstage.renal.disease:No;-0.0008476109820092;0.0
chronic.kidney.disease:No;0.000653530028031;0.0
