Features;Individual Effect;Interaction Effect
age:37.00,hypertension:No,diabetes:No;0.2661970123804162;0.1012142600465343
coronary.artery.disease:No;0.0694908357206672;0.0
sex:male;-0.0237081477852692;0.0
chronic.kidney.disease:No,dementia:No;-0.0127270683443553;0.0281239124810589
cancer:No,endstage.renal.disease:No,copd:No;-0.0019523854717315;0.0159275864091512
cerebrovascular.disease:No;0.0135193055394829;0.0
race:white;-0.0110359639251162;0.0
chf:No;0.0040681874367536;0.0
asthma:No;0.003711346959686;0.0
hyperlipidemia:No,hepatitis:No;0.0088922551181297;-0.0063374539923505
