Features;Individual Effect;Interaction Effect
diabetes:No,race:white,coronary.artery.disease:Yes;-0.1464123373776688;-0.1277506534731197
chf:No,age:8Yes,hypertension:Yes;-0.1350320917572761;-0.0791591441191652
sex:female;0.0595955849131263;0.0
chronic.kidney.disease:No;0.0268700151544903;0.0
endstage.renal.disease:No,copd:No;-0.0211361257346774;-0.0040009405860751
hepatitis:No;0.019892075050118;0.0
asthma:No;0.0193800279794459;0.0
cancer:No;0.0157519610489405;0.0
hyperlipidemia:Yes;0.013084587035232;0.0
cerebrovascular.disease:No;0.007900098264359;0.0
dementia:No;-0.0036510934547389;0.0
