Features;Individual Effect;Interaction Effect
age:62.00;0.1198834574067831;0.0
race:white,coronary.artery.disease:Yes,chf:Yes;-0.1672440369060814;0.2074041574335172
chronic.kidney.disease:No;-0.031282775612077;0.0
hyperlipidemia:No;0.0307950876428414;0.0
hepatitis:No;0.0302906748621675;0.0
sex:male;0.0269750126743546;0.0
hypertension:No;0.0256619612421148;0.0
diabetes:No;0.0256217623153963;0.0
endstage.renal.disease:No;-0.0213370741637594;0.0
copd:No;-0.0076508550727538;0.0
asthma:No,dementia:No;-0.0259067204822502;0.0209391923995949
cancer:No;-0.0040329628114743;0.0
cerebrovascular.disease:No;-0.003407187334853;0.0
