Features;Individual Effect;Interaction Effect
hypertension:No,age:65.00,coronary.artery.disease:Yes;-0.068037190115617;-0.2399014054799253
race:white,chf:No;-0.0285756053114731;-0.0669013527535196
diabetes:No;-0.0832942061290236;0.0
hyperlipidemia:No,chronic.kidney.disease:No,copd:No;-0.0128856239734258;-0.0097068907938974
sex:female;0.0211907295225123;0.0
endstage.renal.disease:No;0.0166326250120311;0.0
hepatitis:No;-0.0114305812385279;0.0
cerebrovascular.disease:No;-0.0113336179302205;0.0
cancer:No;-0.0101146613368973;0.0
asthma:No;-0.0092257500891123;0.0
dementia:No;-0.007505979461364;0.0
