Features;Individual Effect;Interaction Effect
race:asian;0.1418413894936455;0.0
coronary.artery.disease:No,chronic.kidney.disease:No;0.0726317625518725;-0.016928736454295
hypertension:Yes,age:82.00,dementia:Yes;-0.1993248503124464;0.1464230863021248
diabetes:No;0.0316963618184521;0.0
sex:male;-0.0283815965141791;0.0
hyperlipidemia:No,hepatitis:No;0.0153331907029696;0.0119595017010445
chf:No;0.0135992792962873;0.0
cancer:No;-0.0134723069403078;0.0
endstage.renal.disease:No,asthma:No;0.0104645993368196;-0.0001947135618489
cerebrovascular.disease:No;0.0058542063458955;0.0
copd:No;-0.0021149583035952;0.0
