Features;Individual Effect;Interaction Effect
hypertension:Yes,age:6No,diabetes:No;0.060525833484149;0.1956900719497567
chronic.kidney.disease:No,sex:female,coronary.artery.disease:No;0.0783183361791666;0.0273215978166971
race:black,chf:No;0.0180160934831959;0.0359094858522005
dementia:No,asthma:No,cancer:No;0.0022004186187856;0.0244270992730188
hepatitis:No;0.019681085364282;0.0
cerebrovascular.disease:No;0.0097029676107758;0.0
endstage.renal.disease:No;0.0043236908622055;0.0
copd:No;0.0028118792644028;0.0
hyperlipidemia:Yes;-0.0010366534158168;0.0
