Features;Individual Effect;Interaction Effect
cancer:No,age:27.00,race:white;0.3117742797551984;-0.0091835115163514
sex:female,coronary.artery.disease:No,chf:No;0.0844155972130672;0.0141960756733726
hyperlipidemia:No,hypertension:No,diabetes:No;-0.0090599495318545;0.0433912672834339
chronic.kidney.disease:No;0.0183261869050392;0.0
copd:No;0.0085776409927652;0.0
cerebrovascular.disease:No;0.00263110163522;0.0
hepatitis:No,dementia:No;0.0093375389127665;-0.0082513999081179
endstage.renal.disease:No;-0.0009838149410687;0.0
asthma:No;6.619772167019283e-05;0.0
