Features;Individual Effect;Interaction Effect
endstage.renal.disease:Yes,age:59.00,diabetes:No;0.1044137312963042;0.1046242624680691
coronary.artery.disease:No,chf:No;0.0484444068993552;0.0471096040178656
hypertension:No,dementia:No;-0.0119156205870473;0.0243252732054085
chronic.kidney.disease:No,cancer:No;0.0017603257990829;0.0106288809571044
cerebrovascular.disease:No,race:black,sex:male;-0.0009301513545416;0.0066703198743965
hyperlipidemia:No;-0.0014873926259121;0.0
hepatitis:No,asthma:No,copd:No;-0.0190156661706077;0.0195285688034527
