Features;Individual Effect;Interaction Effect
dementia:No,age:38.00,race:white;0.2405568775854727;0.0969936125615344
sex:male;-0.0650033653647202;0.0
hyperlipidemia:No,coronary.artery.disease:No;0.0354638243152726;0.0222335670487362
endstage.renal.disease:No;-0.0298545196516596;0.0
copd:No,diabetes:Yes,chf:Yes;-0.0806850663178463;0.0617771783721453
hypertension:No;-0.0136489517782783;0.0
cerebrovascular.disease:No;0.0104881187413796;0.0
hepatitis:No;-0.0087788594850158;0.0
asthma:No;-0.0052106411477717;0.0
chronic.kidney.disease:No;-0.0021730181625649;0.0
cancer:No;0.001390758188752;0.0
