Features;Individual Effect;Interaction Effect
coronary.artery.disease:No;0.0882789847917576;0.0
sex:female,age:82.00,race:white;-0.1046860145346622;0.1627869748331268
diabetes:No;-0.0359098856121644;0.0
endstage.renal.disease:No;0.0231217552628221;0.0
hyperlipidemia:No;-0.0173892898861349;0.0
hepatitis:No;-0.0173547519875952;0.0
chronic.kidney.disease:No;-0.0147096970918594;0.0
copd:No;-0.0146574047917266;0.0
cerebrovascular.disease:No;0.0136147518150214;0.0
dementia:No;0.0101020144344511;0.0
asthma:No;0.0097575277324649;0.0
hypertension:Yes,chf:Yes;-0.0029983608957581;0.0074217377809252
cancer:No;-0.0016624443555305;0.0
