Features;Individual Effect;Interaction Effect
hypertension:No,age:61,diabetes:Yes;-0.0012255175798195;-0.2398611675368472
sex:male;-0.0914579157309251;0.0
hyperlipidemia:No;-0.0343695860897439;0.0
dementia:No;-0.0228650514890719;0.0
asthma:No,endstage.renal.disease:No,chronic.kidney.disease:No;0.0197718838398393;-0.0400452031607028
cancer:No;0.0168959932876678;0.0
coronary.artery.disease:No;0.014928565727319;0.0
chf:No,hepatitis:No;-0.0038665773614822;-0.0061856118351466
cerebrovascular.disease:No;0.0093902833348141;0.0
copd:No;0.006010688192642;0.0
race:black;-0.0005553625618801;0.0
