Features;Individual Effect;Interaction Effect
sex:male,age:64.00,hypertension:Yes;0.0077859154495693;0.1474854196000015
diabetes:No,asthma:No;0.0150786138770179;0.0751708666931634
coronary.artery.disease:No;0.06693202037394;0.0
chf:No;0.0331509965565298;0.0
race:black,cancer:No;0.0339706235617777;-0.0149951263424207
copd:No;-0.0184600676756499;0.0
hyperlipidemia:No;-0.0124339646560238;0.0
cerebrovascular.disease:No;0.0097882479585165;0.0
endstage.renal.disease:No;0.0035073431963294;0.0
chronic.kidney.disease:No,dementia:No;-0.0093147079947377;0.0126257207165125
hepatitis:No;0.0006032235481297;0.0
