Features;Individual Effect;Interaction Effect
hypertension:Yes,age:68.00,sex:male;-0.0843189518359229;0.2494557944510677
coronary.artery.disease:No;0.0808669309727204;0.0
race:black,copd:No;0.0272931560676703;0.0420111293428371
diabetes:No,chf:No;-0.0141740286977275;0.0433278356704008
cancer:No;0.0142657735092812;0.0
cerebrovascular.disease:No,asthma:No;0.0071978470417288;0.0069886146005197
hyperlipidemia:No,hepatitis:No,dementia:No;0.007208803826715;0.006893502375809
chronic.kidney.disease:No;-0.0129220721126639;0.0
endstage.renal.disease:No;0.0027461926572539;0.0
