Features;Individual Effect;Interaction Effect
age:34.00,coronary.artery.disease:Yes,hepatitis:Yes;0.0629317251929305;0.14853475012589
sex:female,diabetes:Yes;-0.0010522817077893;0.0711804644637821
hypertension:No;-0.0454834076430071;0.0
cerebrovascular.disease:No;-0.0181066622874206;0.0
chronic.kidney.disease:No;-0.0131360403167881;0.0
chf:No;-0.0108353988356862;0.0
race:white,hyperlipidemia:No;-0.0099213510306234;0.001840461961018
asthma:No;0.0033303107115118;0.0
cancer:No;0.0016448992868094;0.0
copd:No,dementia:No;0.0059942582644931;-0.0045899854607057
endstage.renal.disease:No;0.0008707991767709;0.0
