Features;Individual Effect;Interaction Effect
cerebrovascular.disease:No,coronary.artery.disease:Yes,endstage.renal.disease:Yes;-0.1224574365766723;-0.104242313338624
age:72.00,diabetes:Yes;-0.0865586714373409;0.012901648793989
hepatitis:No,race:black,hypertension:Yes;0.0503911621416027;-0.0054140612024655
dementia:No;0.0235157864404464;0.0
chronic.kidney.disease:No,cancer:No;-0.0158686012444618;0.036204092067835
hyperlipidemia:Yes,sex:male,chf:No;-0.0505340773035924;0.0334839651981719
asthma:No;0.0095070313302935;0.0
copd:No;0.0034088738486852;0.0
