Features;Individual Effect;Interaction Effect
hypertension:Yes,age:61,hyperlipidemia:Yes;0.047052618535699;0.0714492722315839
race:white;0.0499690680665329;0.0
diabetes:Yes,chf:Yes;-0.0590630419581599;0.0229207597611299
copd:No;0.0311685832494932;0.0
cerebrovascular.disease:No;0.0304896358615885;0.0
sex:male,hepatitis:No;-0.046719345486331;0.0191906539765718
coronary.artery.disease:No;0.0242110576750645;0.0
dementia:No;-0.0194497121925853;0.0
asthma:No;-0.0131657444176194;0.0
cancer:No;-0.0101947600403016;0.0
chronic.kidney.disease:No;-0.0055105404133697;0.0
endstage.renal.disease:No;-0.0048540148027802;0.0
