Features;Individual Effect;Interaction Effect
diabetes:No,age:85.00,sex:female;-0.0669197269611246;-0.1422261137009983
hypertension:No,dementia:Yes;-0.1098742199305142;0.0422785065367994
race:other;-0.0538843177624807;0.0
coronary.artery.disease:No;0.0479157302620723;0.0
copd:No;-0.0298858718275228;0.0
cancer:No;0.0170844541283242;0.0
hyperlipidemia:No,chf:No;-0.0031207024284086;-0.0102935605155441
asthma:No;0.0093846004212727;0.0
hepatitis:No;0.0057934165949685;0.0
cerebrovascular.disease:No;0.004211281980499;0.0
chronic.kidney.disease:No;-0.0035847306787503;0.0
endstage.renal.disease:No;0.0023475081020584;0.0
