Features;Individual Effect;Interaction Effect
race:white,coronary.artery.disease:No,chf:No;-0.0016075284790509;0.1291798122382398
chronic.kidney.disease:No;-0.0249023356860735;0.0
hypertension:Yes;0.0243689285448654;0.0
sex:female,age:89.00,dementia:Yes;-0.2452533896317872;0.2681802416609837
diabetes:Yes;0.0224867391130984;0.0
endstage.renal.disease:No,hepatitis:No,copd:No;0.0077127263037479;-0.0257804121902728
cerebrovascular.disease:Yes;-0.0139165048634095;0.0
hyperlipidemia:Yes,asthma:No;-0.0103206230078292;0.0148919137604479
cancer:No;0.0006256777241421;0.0
