Features;Individual Effect;Interaction Effect
diabetes:Yes,sex:male,hypertension:No;-0.0976370687990252;-0.1553341144315447
age:87.00;-0.1177491434515221;0.0
race:white,copd:No,dementia:No;-0.0161342149420978;-0.029178203746431
coronary.artery.disease:No;0.0339666677464861;0.0
hepatitis:No;0.0148275979116798;0.0
endstage.renal.disease:No;0.0094804952464513;0.0
hyperlipidemia:No,chf:No,cancer:No;-0.0173787072945165;0.0192068435356599
cerebrovascular.disease:No,chronic.kidney.disease:No;0.0065612830305766;-0.0083567712898482
asthma:No;4.936014085134971e-05;0.0
