Features;Individual Effect;Interaction Effect
age:51,race:white,sex:male;0.1163455600786331;0.0349714920129573
copd:No,coronary.artery.disease:No,chf:No;0.0549231080061956;0.044522215316162
hyperlipidemia:No;0.0432701558381711;0.0
cancer:No;0.0133416595575927;0.0
dementia:No;0.0125379942313587;0.0
asthma:No;-0.010018750728724;0.0
cerebrovascular.disease:No;0.0031237093612799;0.0
hepatitis:No;0.002372449895468;0.0
endstage.renal.disease:No,hypertension:No,diabetes:No;-0.0161102636842055;0.016701164257245
chronic.kidney.disease:No;0.0004944004205562;0.0
