Features;Individual Effect;Interaction Effect
hypertension:Yes,age:58.00,hyperlipidemia:Yes;0.0533999949770679;0.200662540814941
diabetes:No,chf:No;-0.0053707146996341;0.071943333964079
coronary.artery.disease:No;0.0493912023875253;0.0
race:black;0.0307819750899766;0.0
sex:male;-0.0223511126472912;0.0
dementia:No,endstage.renal.disease:No,cancer:No;0.0091144543689831;0.0096989825364327
cerebrovascular.disease:No;0.0101885099907101;0.0
asthma:No;-0.0053812293313092;0.0
hepatitis:No;-0.0050957505031316;0.0
chronic.kidney.disease:No,copd:No;0.0043571868742821;-0.0040553555801254
