Features;Individual Effect;Interaction Effect
sex:male,age:80,hypertension:Yes;-0.1459665332961295;-0.257522062955781
race:white,asthma:No,dementia:No;-0.012098360328574;-0.0185991792987366
coronary.artery.disease:No;0.0267582578352897;0.0
chf:No,hepatitis:No;-0.0149114730670838;-0.0061973064143407
hyperlipidemia:No;-0.0098312428909406;0.0
chronic.kidney.disease:No;-0.0085002112009893;0.0
cerebrovascular.disease:No;-0.0041552595841272;0.0
cancer:No,diabetes:No,copd:No;-0.0140047874088468;0.0172813079355628
endstage.renal.disease:No;-0.0019925211675574;0.0
