Features;Individual Effect;Interaction Effect
age:62.00,hypertension:No,diabetes:No;0.0264335441574627;0.1749676187379656
copd:No,race:black,chf:No;0.0094012730862137;0.1441970640761866
coronary.artery.disease:No,cancer:No;0.037446364682585;0.0688236100081483
sex:male,chronic.kidney.disease:No;-0.0486819886732095;0.0259055577113157
asthma:No;-0.0152219006872863;0.0
endstage.renal.disease:No;-0.0109029901931859;0.0
cerebrovascular.disease:No;-0.0106250519233668;0.0
hyperlipidemia:No,hepatitis:No;-0.0055134043367944;0.0021574178306013
dementia:No;-0.0030421976737871;0.0
