Features;Individual Effect;Interaction Effect
dementia:No,age:65.00,chf:No;0.0826464249588508;0.0790736964525194
asthma:No,race:asian,copd:No;0.0169556141095694;0.0914988377487036
coronary.artery.disease:No;0.0803449611429664;0.0
endstage.renal.disease:No;-0.0340823415783447;0.0
cerebrovascular.disease:No;-0.0249690122325364;0.0
sex:male,diabetes:No;-0.0452279739412095;0.0688088996528001
hyperlipidemia:No;-0.0135331133464301;0.0
hypertension:Yes;0.0109578082249322;0.0
cancer:No;-0.0069329845035673;0.0
chronic.kidney.disease:No;-0.00606772291287;0.0
hepatitis:No;0.0047938594916555;0.0
