Features;Individual Effect;Interaction Effect
race:black,age:93.00,hypertension:Yes;-0.1702180970526342;-0.2041844492782242
hyperlipidemia:No,hepatitis:No;-0.0015584451415777;-0.0412502147366114
cancer:No;0.0186204638734306;0.0
cerebrovascular.disease:No,diabetes:No,asthma:No;0.0106794942025154;0.0070000608196424
endstage.renal.disease:No;-0.0115567055128671;0.0
coronary.artery.disease:No;-0.0079206477805076;0.0
copd:No;-0.0074601236208171;0.0
sex:male;-0.005900948063733;0.0
chf:No;-0.0049304067057937;0.0
chronic.kidney.disease:No;0.0020058397420545;0.0
dementia:No;-0.0007143372138896;0.0
