Features;Individual Effect;Interaction Effect
chronic.kidney.disease:No,sex:female,diabetes:Yes;-0.0092781505783569;0.1494391432435274
hypertension:Yes,age:81,hyperlipidemia:Yes;-0.1626737113623443;0.2505531659506465
race:black,chf:No,asthma:No;0.0179685335887829;0.054549632762328
coronary.artery.disease:No;0.0426590176623824;0.0
dementia:No,cancer:No;0.023485168505396;0.0015966428090233
endstage.renal.disease:No;-0.0197254978832061;0.0
copd:No;-0.0141045393246882;0.0
cerebrovascular.disease:No;0.0087684935291659;0.0
hepatitis:No;-0.0040169311717474;0.0
