Features;Individual Effect;Interaction Effect
sex:female,age:68.00,asthma:Yes;0.028527278684374;-0.2752740795774439
coronary.artery.disease:No,race:black,hypertension:Yes;0.0725221177236027;-0.1649445741617939
hyperlipidemia:No,diabetes:Yes,endstage.renal.disease:Yes;-0.0505093189132899;0.0128552265823834
chf:No;-0.026390116887306;0.0
cerebrovascular.disease:No;0.0116597578357497;0.0
hepatitis:No,dementia:No;0.0057060218154846;-0.0123571435578773
cancer:No;-0.0051614424059001;0.0
copd:No;0.0032409599170444;0.0
chronic.kidney.disease:No;0.002109395472477;0.0
