Features;Individual Effect;Interaction Effect
race:white,hyperlipidemia:Yes;-0.01812842196704;-0.0909718619534665
coronary.artery.disease:No,age:59.00,chf:Yes;0.0991122856390204;-0.2002826714425812
diabetes:Yes,chronic.kidney.disease:No;-0.045877996556666;-0.0336503313760261
sex:male,dementia:No;-0.0294757807944869;-0.04675704999001
hypertension:Yes,cancer:No;0.0025419720498907;0.0189237355581631
hepatitis:No;0.0206736399955243;0.0
endstage.renal.disease:No;0.0101932342042535;0.0
asthma:No;0.0076036257677731;0.0
copd:No;-0.0045933317915222;0.0
cerebrovascular.disease:No;-0.0009719935679437;0.0
