Features;Individual Effect;Interaction Effect
coronary.artery.disease:No;0.0735353825507353;0.0
race:asian,hypertension:Yes,dementia:Yes;-0.0579820938458738;0.1281406346693487
endstage.renal.disease:No,age:88.00,sex:female;-0.0674269251828373;0.1049894741993365
cancer:No;0.0211363309791755;0.0
chf:No;0.0176894598355833;0.0
asthma:No;-0.0166071141144567;0.0
cerebrovascular.disease:No;0.0128999359920372;0.0
diabetes:No,chronic.kidney.disease:No,copd:No;-0.0215603202616146;0.0242574808550936
hepatitis:No;0.0026831267125058;0.0
hyperlipidemia:No;0.0002662592394607;0.0
