Features;Individual Effect;Interaction Effect
coronary.artery.disease:Yes;-0.1258116910155122;0.0
chf:Yes,hypertension:Yes,diabetes:Yes;-0.0561603051239748;0.1783622748144206
sex:male,age:89.00,hyperlipidemia:Yes;-0.2259465003568463;0.1266977154556022
cancer:No;0.0217893356735033;0.0
race:white;-0.018504522474489;0.0
dementia:No;0.0182988527007104;0.0
endstage.renal.disease:No;-0.0137658727802663;0.0
copd:No;0.0073236067634476;0.0
hepatitis:No;-0.0062821812689542;0.0
cerebrovascular.disease:No,asthma:No;0.0002427853419907;0.0057571416968046
chronic.kidney.disease:No;0.0002805479114181;0.0
