Features;Individual Effect;Interaction Effect
sex:male,age:35.00,hepatitis:Yes;0.1343803176241921;0.0423514077867939
endstage.renal.disease:Yes;0.0650975223104158;0.0
asthma:No;-0.0449511196056003;0.0
coronary.artery.disease:No;0.0345641570827195;0.0
chf:No;-0.022365440198336;0.0
hyperlipidemia:No;0.0194419698294166;0.0
race:black;0.0193270158431296;0.0
cancer:No,hypertension:Yes,diabetes:Yes;-0.0405232002884505;0.0273244051308866
dementia:No;0.0089860587838102;0.0
copd:No;-0.0036338205916715;0.0
cerebrovascular.disease:No;-0.003007268165984;0.0
chronic.kidney.disease:No;0.0001535870572518;0.0
