Features;Individual Effect;Interaction Effect
coronary.artery.disease:No,cancer:No;0.0394107830379223;0.0679971246047792
hyperlipidemia:No;-0.0654319081549087;0.0
copd:No,sex:male,cerebrovascular.disease:No;-0.0234530208967639;-0.0284003263305837
endstage.renal.disease:No;0.0427961996260241;0.0
hypertension:Yes;0.0279354570008267;0.0
race:black;-0.026068019200029;0.0
diabetes:Yes;-0.0141094805433891;0.0
chf:No;-0.0122489259737743;0.0
hepatitis:No;-0.0109131796533616;0.0
age:72.00;0.0104082251676236;0.0
dementia:No;0.0100658848776002;0.0
chronic.kidney.disease:No;0.0035162160172952;0.0
asthma:No;0.0015784499590899;0.0
