Features;Individual Effect;Interaction Effect
copd:No,age:87.00,coronary.artery.disease:Yes;-0.2530922034903142;0.0096944364185647
sex:male,hypertension:No;-0.0370655793382633;-0.0714763231192758
race:white;-0.0753753979304327;0.0
hyperlipidemia:Yes;0.0231089707726793;0.0
chf:No;0.0107275710808171;0.0
diabetes:Yes;-0.010008972858725;0.0
asthma:No;-0.0055242666076513;0.0
cancer:No,chronic.kidney.disease:No,dementia:No;0.0155664499559126;-0.0102862134677966
hepatitis:No;0.0051907023449549;0.0
cerebrovascular.disease:No;-0.0034130033440092;0.0
endstage.renal.disease:Yes;0.0015855561742781;0.0
