Features;Individual Effect;Interaction Effect
race:asian,coronary.artery.disease:Yes;-0.084253929522393;-0.0432697852103228
hypertension:Yes,age:7Yes,diabetes:No;-0.0031192426635593;-0.1124041050856455
endstage.renal.disease:No,sex:female,cerebrovascular.disease:Yes;-0.0306508484842092;-0.0386307460617636
cancer:No;-0.0267422023383361;0.0
hyperlipidemia:No;-0.0220205077673262;0.0
asthma:No;-0.0208522936731406;0.0
dementia:No;0.0187511316641485;0.0
hepatitis:No;0.017615810125898;0.0
chf:No;-0.0122130688016279;0.0
copd:No;-0.0046119702170786;0.0
chronic.kidney.disease:No;-0.0010878466675842;0.0
