Features;Individual Effect;Interaction Effect
sex:female,age:77.00,race:hispanic;-0.0846590547885259;-0.1060959452511357
hypertension:Yes;-0.0355149732363206;0.0
hyperlipidemia:No,endstage.renal.disease:Yes;-0.0004020919792172;-0.0157033071859846
cerebrovascular.disease:No,cancer:No;0.0062241695762207;0.0056260520698199
copd:No,chf:No,chronic.kidney.disease:No;-0.0116907218069649;0.0004563796279512
diabetes:Yes,coronary.artery.disease:No,hepatitis:No;0.0167818747002858;-0.0245964457407486
asthma:No,dementia:No;0.0093723047172235;-0.0026086029224947
