Features;Individual Effect;Interaction Effect
endstage.renal.disease:No,coronary.artery.disease:No,chf:No;0.0147260380932654;0.0835188696384389
sex:female,age:89.00,dementia:Yes;-0.2470844689511607;0.2843395619234007
hypertension:Yes;0.0324164162345961;0.0
hyperlipidemia:No;0.0283170400396341;0.0
race:white,diabetes:Yes,chronic.kidney.disease:Yes;-0.0942470803560956;0.1085250571156824
hepatitis:No;0.0111415980773825;0.0
asthma:No,copd:No;-0.0160435699791585;0.0269572362706264
cancer:No;0.0052077761364388;0.0
cerebrovascular.disease:No;0.0028698274656672;0.0
