Features;Individual Effect;Interaction Effect
copd:No,race:white,coronary.artery.disease:Yes;-0.1482162712069115;-0.1070949090564508
diabetes:No;-0.0290858095440073;0.0
hyperlipidemia:No;-0.0222907839647866;0.0
hepatitis:No;0.0187182367673629;0.0
sex:male,endstage.renal.disease:No;-0.0552228669273084;0.0470712152217562
asthma:Yes,age:53.00,chf:Yes;0.175520356373841;-0.180028377152697
hypertension:Yes;-0.0043583169799267;0.0
cerebrovascular.disease:No,chronic.kidney.disease:No,cancer:No;0.0153225456690232;-0.0117393350832893
dementia:No;-0.0022786266408583;0.0
