Features;Individual Effect;Interaction Effect
chf:No,age:78.00,hypertension:Yes;-0.0925792929637493;-0.1399986115837471
coronary.artery.disease:No,race:black,copd:Yes;0.0619881562667584;-0.1026620882130129
diabetes:Yes;-0.0356145083491617;0.0
asthma:No,sex:female,hyperlipidemia:No;0.0283105945906898;-0.0629048373422466
endstage.renal.disease:No;0.0223912385567548;0.0
hepatitis:No;-0.0211644401904864;0.0
cerebrovascular.disease:No;0.0197002925057701;0.0
cancer:No;0.0146346634718856;0.0
chronic.kidney.disease:No;0.0105726054302434;0.0
dementia:No;0.0004470411442671;0.0
