Features;Individual Effect;Interaction Effect
cerebrovascular.disease:No,hyperlipidemia:No,diabetes:No;-0.020300587756375;-0.0171952274338451
sex:female,race:black,hypertension:Yes;0.0706869190611537;-0.0991596342565792
hepatitis:No;0.0248619156499692;0.0
chronic.kidney.disease:No,age:64.00,cancer:No;0.0337295900282584;-0.0507407347003721
copd:No;0.0147242951375447;0.0
asthma:No;-0.0103307318754293;0.0
endstage.renal.disease:No;0.0066933348794742;0.0
coronary.artery.disease:No;-0.0047819719093101;0.0
dementia:No;0.004215795673779;0.0
chf:No;0.001131869329172;0.0
