Features;Individual Effect;Interaction Effect
copd:No,age:65.00,diabetes:No;0.0891424153197971;0.1116922879880051
sex:male,race:other,hypertension:Yes;-0.0561460212583306;0.1311799964749282
coronary.artery.disease:No;0.0457277895125066;0.0
cerebrovascular.disease:No,cancer:No;0.0091007169169518;0.0170290310081034
chf:No;0.0208037819458137;0.0
dementia:No;0.0141121452121171;0.0
endstage.renal.disease:No;-0.0098216213827886;0.0
hyperlipidemia:No,asthma:No;0.0090568572055849;-0.0168802224956881
chronic.kidney.disease:No;-0.0054620294452803;0.0
hepatitis:No;0.0012511181553658;0.0
