Features;Individual Effect;Interaction Effect
age:89.00,hypertension:No;-0.20765485686221;0.072645611761055
race:white;-0.0856451414781896;0.0
coronary.artery.disease:Yes;-0.0685001042029751;0.0
diabetes:Yes;-0.0671465477467033;0.0
sex:male,hyperlipidemia:No;-0.0561531732035485;0.0047881674997702
hepatitis:No;0.0263012802350107;0.0
chronic.kidney.disease:No;-0.0251635324513596;0.0
cancer:No;0.0248632022178901;0.0
cerebrovascular.disease:No;-0.0174337917615461;0.0
chf:No,dementia:No;-0.0011815793913149;-0.0150981664186287
asthma:No,copd:No;-0.0161890078925525;0.0263790802086687
endstage.renal.disease:No;-0.0089494903781756;0.0
