Features;Individual Effect;Interaction Effect
race:white,age:42.00,sex:female;0.2144876017754982;0.0904069305554723
coronary.artery.disease:No;0.0758900414260751;0.0
dementia:No,hypertension:No,diabetes:No;0.0115660516777202;0.0142966782455896
copd:No;-0.0113410305585052;0.0
endstage.renal.disease:No;0.0105988749260186;0.0
cerebrovascular.disease:No;0.0100317245673428;0.0
chronic.kidney.disease:No,cancer:No;0.0184666744732844;-0.0103362372103912
hepatitis:No,asthma:No;0.0061172778094907;-0.0013563626963978
chf:No;-0.0018844902560191;0.0
hyperlipidemia:No;6.544713443818942e-05;0.0
