Features;Individual Effect;Interaction Effect
diabetes:No,sex:female,hypertension:No;0.0217690916687747;0.1129326342691383
hyperlipidemia:Yes;0.0608475313418758;0.0
chronic.kidney.disease:No,chf:No,cerebrovascular.disease:No;0.0040344061435159;0.0311266818949425
race:black,age:89.00,coronary.artery.disease:Yes;-0.2930522096002174;0.3200870896009345
copd:No;-0.012528245985952;0.0
dementia:No;0.0101747683631786;0.0
asthma:No;-0.0093739051915447;0.0
cancer:No;0.0090030959272944;0.0
hepatitis:No;-0.0041859250168239;0.0
endstage.renal.disease:No;-0.0017217120366873;0.0
