Features;Individual Effect;Interaction Effect
race:black,age:54.00,sex:male;0.1876918274542313;0.0960864813704462
hyperlipidemia:No,coronary.artery.disease:No;0.0382396991136766;0.0396131480042607
asthma:No,cancer:No;-0.0310936259966705;0.0695793117615082
chronic.kidney.disease:No,hypertension:No,diabetes:No;-0.0064250970567153;0.0340512085568272
dementia:No;0.0214275472739314;0.0
chf:No,endstage.renal.disease:No;-0.0138657796257209;0.0346590643545997
cerebrovascular.disease:No;0.0129192802047307;0.0
hepatitis:No;-0.0060802951523198;0.0
copd:No;0.0024545684646329;0.0
