Features;Individual Effect;Interaction Effect
race:white,age:7No,sex:male;-0.0522654297607758;0.1800970250337422
endstage.renal.disease:No,hypertension:No,diabetes:No;-0.0211670377426633;0.0855156440432403
hyperlipidemia:No;0.0388152980690928;0.0
hepatitis:No,dementia:No;0.0236386999943318;0.002584669312069
cerebrovascular.disease:No,coronary.artery.disease:Yes,chf:Yes;-0.1332460339996741;0.1158732115485329
asthma:No,copd:No;0.0007549815771282;0.0094877080804557
chronic.kidney.disease:No;-0.0039710249317553;0.0
cancer:No;0.0013317278945149;0.0
