Features;Individual Effect;Interaction Effect
sex:male,age:56.00,dementia:No;0.1765225960908235;0.0043629824900556
hypertension:No,race:black,diabetes:No;0.0149699840060129;0.0613122118932452
coronary.artery.disease:No,hyperlipidemia:No,copd:No;0.0261625214742634;0.0428870691339978
cancer:No;0.0242789828688824;0.0
chf:No;0.0191826789991017;0.0
cerebrovascular.disease:No;0.0165343327097907;0.0
asthma:No;-0.0035212337810326;0.0
chronic.kidney.disease:No;-0.0034387055084741;0.0
hepatitis:No;-0.0022852078608842;0.0
endstage.renal.disease:No;-0.0016995959120907;0.0
