Features;Individual Effect;Interaction Effect
cancer:No,age:26.00,race:white;0.3081817477226882;-0.0044088149501085
sex:female,hypertension:No,diabetes:No;0.0216186472814631;0.0368643277529235
coronary.artery.disease:No;0.053620269331446;0.0
hyperlipidemia:No,chronic.kidney.disease:No;0.0048368838292879;0.0078842449415877
cerebrovascular.disease:No;0.0102375579151223;0.0
copd:No;0.0060464735872783;0.0
endstage.renal.disease:No,dementia:No;0.0004059925457348;0.003655178566242
chf:No,asthma:No;-0.0036367862400219;0.0069092963898223
hepatitis:No;-0.0030083805078443;0.0
