Features;Individual Effect;Interaction Effect
coronary.artery.disease:No,age:89.00,hypertension:Yes;-0.1376373996405691;-0.1804562798399951
hyperlipidemia:No;-0.0632117916249333;0.0
race:white;-0.0568971476260157;0.0
sex:male,hepatitis:No;-0.047339213354574;0.0320419505812126
diabetes:No;0.0132999334802115;0.0
endstage.renal.disease:No,copd:No;0.0082782319566506;-0.0206666263998274
cerebrovascular.disease:No;0.0102387690459057;0.0
dementia:No;-0.0072895325275012;0.0
chronic.kidney.disease:No,asthma:No;0.0121973619059497;-0.0194132497582929
cancer:No;0.0039147422984766;0.0
chf:No;0.0028595791838224;0.0
