Features;Individual Effect;Interaction Effect
chf:No,diabetes:No,coronary.artery.disease:No;0.0301290394130241;0.1355457162259523
hypertension:No,age:78.00,race:black;-0.074149876165678;0.2302342189367515
sex:female,cancer:No;0.0283984772366974;0.0383038555844681
cerebrovascular.disease:No;0.0264514795273741;0.0
chronic.kidney.disease:No;0.0264446131610871;0.0
dementia:No;0.0144023729891972;0.0
hyperlipidemia:No;0.0094112977357301;0.0
asthma:No;-0.0073994413853352;0.0
endstage.renal.disease:No;-0.0037860232268477;0.0
hepatitis:No;0.0034593972377484;0.0
copd:No;0.0008447020444318;0.0
