Features;Individual Effect;Interaction Effect
copd:No,age:79.00,race:white;-0.1320075385563921;-0.1034151589802466
sex:female;0.0481798177736696;0.0
hypertension:No;-0.0240918143434714;0.0
hyperlipidemia:No;0.0172593561464986;0.0
cerebrovascular.disease:No;0.0153024927577374;0.0
endstage.renal.disease:No;0.014529172581068;0.0
asthma:No;-0.0129090482902657;0.0
chronic.kidney.disease:No;-0.0089305663373496;0.0
diabetes:No;-0.0074145710610763;0.0
coronary.artery.disease:No,chf:Yes;0.0454653941196511;-0.0520696719659773
dementia:No,hepatitis:No,cancer:No;0.00455261804436;0.0007604002449112
