Features;Individual Effect;Interaction Effect
dementia:No,age:54.00,hypertension:Yes;0.1973492888400678;0.0621765595252611
sex:female,hyperlipidemia:No,coronary.artery.disease:No;0.0658228308266759;0.0544375816982347
race:other;-0.031529012809036;0.0
diabetes:No,cancer:No;0.0134174701832933;-0.0016469970696743
cerebrovascular.disease:No,endstage.renal.disease:No,chronic.kidney.disease:No;0.0171081584826798;-0.0083030959858086
asthma:No;0.0077648153456271;0.0
chf:No;-0.001613748665508;0.0
hepatitis:No,copd:No;0.0033420210017559;-0.0030947977098985
