Features;Individual Effect;Interaction Effect
age:89.00,dementia:Yes;-0.2745962110994761;0.0488146011529341
coronary.artery.disease:Yes;-0.137036703413117;0.0
copd:No;-0.0558143233046088;0.0
sex:male,hyperlipidemia:Yes;-0.0555187425549487;0.0108438235334282
diabetes:Yes,chf:Yes;-0.0590195199589173;0.1023156951013741
hypertension:Yes;0.0422404374948988;0.0
race:white;-0.0362262860256422;0.0
endstage.renal.disease:No;0.0355193872313201;0.0
cancer:No;0.0249923998477159;0.0
chronic.kidney.disease:No;0.0237433689789055;0.0
cerebrovascular.disease:No;-0.0190737727136251;0.0
asthma:No;0.0028010017580221;0.0
hepatitis:No;0.000565748179964;0.0
