Features;Individual Effect;Interaction Effect
sex:male,age:48.00,coronary.artery.disease:Yes;-0.0020574133050094;0.2229777149526909
race:black;0.0957263081535611;0.0
diabetes:Yes;-0.0896112583583487;0.0
hyperlipidemia:No,dementia:No;-0.0235488918517304;-0.0104483566192424
endstage.renal.disease:No;0.0300738833405284;0.0
cerebrovascular.disease:No;-0.026256453792975;0.0
cancer:No;-0.0124311370135884;0.0
chronic.kidney.disease:No;0.0101872164892394;0.0
asthma:No,copd:No;-0.0116498803542408;0.0211378364263313
chf:No;0.008156214344811;0.0
hepatitis:No;0.0071669391154497;0.0
hypertension:No;-0.0013594253892968;0.0
