Features;Individual Effect;Interaction Effect
hepatitis:No,age:89.00,cancer:Yes;-0.2893852429908465;0.0840617004043206
dementia:Yes,coronary.artery.disease:Yes,asthma:No;-0.2178336022223012;0.083369349490871
copd:No,hyperlipidemia:Yes,cerebrovascular.disease:Yes;-0.0766292995568295;-0.0047656282109051
sex:female;0.0363883364960719;0.0
chronic.kidney.disease:No,hypertension:Yes,diabetes:No;0.0277305964678972;-0.0594222496633095
race:white;-0.0056477866697748;0.0
chf:No,endstage.renal.disease:No;-0.0256815948382863;0.0293920203229797
