Features;Individual Effect;Interaction Effect
sex:male,age:77.00,chf:Yes;-0.1810528841813554;0.0819729617107572
coronary.artery.disease:Yes;-0.0953879743633523;0.0
diabetes:Yes;-0.0640877855941114;0.0
hyperlipidemia:Yes;-0.0434148523431291;0.0
hypertension:Yes,chronic.kidney.disease:No;-0.0087715495983956;0.0480088682572089
race:white;-0.021888144611241;0.0
copd:No;-0.0183807268775696;0.0
asthma:No;0.0183785419371672;0.0
cancer:No;0.0157962554017726;0.0
endstage.renal.disease:No;0.0133949445931688;0.0
dementia:No;-0.0101041189089689;0.0
hepatitis:No;-0.0045262810715328;0.0
cerebrovascular.disease:No;-0.0037447548158985;0.0
