Features;Individual Effect;Interaction Effect
hyperlipidemia:Yes,age:89.00,copd:Yes;-0.1990337376865101;0.2715945017373706
race:white;0.0465887069885847;0.0
sex:male,hypertension:Yes;-0.0472375724897198;0.0839105580705945
chf:Yes,coronary.artery.disease:Yes,cancer:Yes;-0.2368755606462302;0.2668190135076019
diabetes:No;0.0128085619561253;0.0
asthma:No;-0.012575052112858;0.0
endstage.renal.disease:No;0.0103697704078125;0.0
chronic.kidney.disease:No;0.0099305890850811;0.0
cerebrovascular.disease:No;-0.0077574324279686;0.0
hepatitis:No,dementia:No;0.0098231015959984;-0.005536875261157
