Features;Individual Effect;Interaction Effect
asthma:No,age:78.00,hypertension:Yes;-0.1103991343845833;-0.1043313434625576
sex:female,dementia:No;0.0389706389736533;-0.080613009853832
chf:No;-0.0376802168698308;0.0
coronary.artery.disease:No,race:black,diabetes:Yes;0.016319493688324;-0.0473466626961443
cerebrovascular.disease:No,copd:No;0.0176102348402049;0.0044184347487182
endstage.renal.disease:No;0.0146079018302607;0.0
hyperlipidemia:No;0.0132330802413532;0.0
cancer:No;0.0115148891574854;0.0
hepatitis:No;0.01064024489021;0.0
chronic.kidney.disease:No;0.0016758046570769;0.0
