Features;Individual Effect;Interaction Effect
race:black,diabetes:Yes,cerebrovascular.disease:No;0.0031536157084606;-0.1677571924083419
hypertension:No,cancer:No;-0.0094557707342857;-0.0620762811982999
hepatitis:No;-0.0128697298688081;0.0
asthma:Yes;0.0109640864889042;0.0
dementia:No;0.0107513085318565;0.0
hyperlipidemia:No,chronic.kidney.disease:No;0.0013772529046569;0.0072508969130347
copd:No;-0.0081559940729028;0.0
sex:male,age:48.00,coronary.artery.disease:No;0.1824846613042047;-0.179688486903338
chf:No;-0.0012980863185572;0.0
endstage.renal.disease:No;-8.134905957934632e-05;0.0
