Features;Individual Effect;Interaction Effect
age:85.00;-0.1648078286643307;0.0
chronic.kidney.disease:No;0.0564932509045722;0.0
cerebrovascular.disease:No;0.0362317644104655;0.0
race:black;-0.0321409016509335;0.0
hyperlipidemia:No;0.0226962052924836;0.0
cancer:No;0.0152877240908417;0.0
sex:female;0.0136931329481776;0.0
diabetes:Yes;0.011255697256088;0.0
copd:No;0.0095085163249986;0.0
chf:No,endstage.renal.disease:No;-0.0148889166227109;0.0193605161578012
dementia:No;0.0029891569210213;0.0
hepatitis:No;-0.0015501584401844;0.0
hypertension:Yes;0.0011231230705445;0.0
asthma:No;0.0006143466981415;0.0
coronary.artery.disease:No;0.0003215271115585;0.0
