Features;Individual Effect;Interaction Effect
age:77.00,hyperlipidemia:Yes;-0.122684808946074;-0.0650281967904558
copd:No,coronary.artery.disease:No,cancer:Yes;-0.0663603713020776;-0.050231155062817
sex:female,chf:Yes,dementia:Yes;-0.0606341566784658;-0.0280876229152768
hepatitis:No;0.0269918280689049;0.0
endstage.renal.disease:No;0.0165088982661424;0.0
cerebrovascular.disease:No;0.0162460017355014;0.0
race:white;0.0143720445865047;0.0
diabetes:Yes;-0.0132116521790905;0.0
chronic.kidney.disease:No;-0.0119611917025807;0.0
asthma:No;0.0080254523401364;0.0
hypertension:Yes;-0.0021208934094748;0.0
