Features;Individual Effect;Interaction Effect
cancer:No,age:48.00,hyperlipidemia:No;0.2002094822234815;0.0537631205016073
race:black,hypertension:No,diabetes:No;0.0272751691199186;0.1506134043688154
coronary.artery.disease:No;0.0337870254156968;0.0
asthma:No,sex:male,cerebrovascular.disease:No;-0.023902713483589;-0.0011567153754356
chf:No,chronic.kidney.disease:No;0.0117265680796778;0.0002105062637504
hepatitis:No;-0.0054945317322935;0.0
copd:No;-0.0025329493194598;0.0
endstage.renal.disease:No;0.0018436867572045;0.0
dementia:No;0.0011143413688031;0.0
