Features;Individual Effect;Interaction Effect
cerebrovascular.disease:No,age:44.00,dementia:No;0.2212731535317487;0.0309064374157582
race:asian,sex:female,diabetes:Yes;0.0243302645824626;0.0952091993053824
cancer:No,coronary.artery.disease:No,endstage.renal.disease:No;0.0334640935908725;0.0149883896097319
hepatitis:No,asthma:No;0.0076385942683585;-0.01755888118008
chf:No;0.008382801043491;0.0
copd:No;0.0066829930921554;0.0
hypertension:Yes,hyperlipidemia:Yes;0.0020787177527173;0.0034953390294834
chronic.kidney.disease:No;-0.0034690783457647;0.0
