Features;Individual Effect;Interaction Effect
asthma:No,age:37.00,chronic.kidney.disease:No;0.267098679870606;0.013698708041597
cancer:No,race:black,sex:female;0.0524593951798063;0.0179052054741282
dementia:No,hypertension:No,diabetes:No;0.0002123910238317;0.0674984002113927
coronary.artery.disease:No;0.0363276578888478;0.0
copd:No;0.0216614026292132;0.0
chf:No;0.0171297408504934;0.0
hepatitis:No;0.0148003834944563;0.0
cerebrovascular.disease:No;0.0094750984699365;0.0
hyperlipidemia:No;-0.0034978368883683;0.0
endstage.renal.disease:No;-0.0022895303505946;0.0
