Features;Individual Effect;Interaction Effect
coronary.artery.disease:Yes;-0.147183290521829;0.0
diabetes:Yes;-0.1272766590548658;0.0
sex:male;-0.0499070792062773;0.0
race:other;-0.0344906375064694;0.0
cancer:No;0.0221800954653043;0.0
dementia:No;-0.0212261513273947;0.0
cerebrovascular.disease:No;0.0092385366225714;0.0
endstage.renal.disease:No,asthma:No;-0.0050480915205256;-0.0033900105929821
copd:No;-0.0047773635509843;0.0
hypertension:Yes,age:64.00,chf:Yes;0.0144860117976656;-0.0103146138295937
hepatitis:No;-0.0033798921578523;0.0
hyperlipidemia:No;-0.0031937255070504;0.0
chronic.kidney.disease:No;0.0006076013983414;0.0
