Features;Individual Effect;Interaction Effect
age:56.00,hyperlipidemia:Yes,coronary.artery.disease:Yes;0.0488704440892303;0.1733718622645039
sex:female,diabetes:Yes;-0.0106793350196735;0.0411542230136715
hypertension:Yes;0.0268483470425992;0.0
race:white;0.0225181224760824;0.0
chronic.kidney.disease:No;0.0121330268110537;0.0
cancer:No,cerebrovascular.disease:No,copd:No;0.0024710657200504;0.0074361280718604
chf:No,asthma:No,dementia:No;-0.019535203115689;0.028187176293278
hepatitis:No;0.0032280355663992;0.0
endstage.renal.disease:No;0.0017056166324525;0.0
