Features;Individual Effect;Interaction Effect
age:56.00,hyperlipidemia:No,coronary.artery.disease:No;0.2354645604834568;0.0707750234697663
cancer:No,sex:female,endstage.renal.disease:No;0.0391598954271082;0.0198774035474976
chronic.kidney.disease:No;0.0238170964813571;0.0
hypertension:No;-0.0187957971269725;0.0
race:hispanic,diabetes:No;-0.0308821841688904;0.0440071461481586
cerebrovascular.disease:No;0.0119397198060947;0.0
asthma:No;-0.0091767062977893;0.0
copd:No;-0.0091004077940678;0.0
chf:No;0.0035233105798034;0.0
dementia:No;-0.0026021756035568;0.0
hepatitis:No;-0.0021217433991799;0.0
