Features;Individual Effect;Interaction Effect
cancer:No,race:asian,coronary.artery.disease:Yes;-0.0926045450099058;-0.0874955571120936
hyperlipidemia:Yes,age:7Yes,diabetes:No;-0.0203921965936161;-0.0547173632503066
sex:male,endstage.renal.disease:No;-0.0140776212546803;-0.020355275116129
cerebrovascular.disease:No;0.0243535023886876;0.0
copd:No;-0.0225657724372771;0.0
chf:No;0.0168439148097645;0.0
hypertension:Yes;0.0163843431792896;0.0
dementia:No;0.0143692319699971;0.0
asthma:No;0.011709883270077;0.0
chronic.kidney.disease:No;-0.0111227400167417;0.0
hepatitis:No;-0.0100120945256591;0.0
