Features;Individual Effect;Interaction Effect
race:white,age:69.00,hypertension:Yes;-0.0430258942668578;0.1412066071566363
coronary.artery.disease:No,chf:No;0.0308558004363738;0.0516944085037537
dementia:No,hyperlipidemia:No,copd:No;0.0059252595066561;0.0394209284315043
endstage.renal.disease:No;0.0138914149526523;0.0
hepatitis:No;0.0124637695522976;0.0
chronic.kidney.disease:No,sex:male,diabetes:No;-0.0123253659136751;0.0201218719555383
asthma:No;-0.0034315537304237;0.0
cerebrovascular.disease:No;0.0018094808186489;0.0
cancer:No;0.0013015013856204;0.0
