Features;Individual Effect;Interaction Effect
age:82.00,hypertension:Yes;-0.1275686209273934;-0.0187789097754995
sex:female,cerebrovascular.disease:Yes;-0.0307831261925529;-0.087042318940031
coronary.artery.disease:No;0.053274067523802;0.0
race:white,hyperlipidemia:Yes;-0.0325071346677379;-0.0113071423894732
diabetes:Yes;-0.0348389688178692;0.0
cancer:No;0.0217394435995133;0.0
endstage.renal.disease:No;0.021121017842403;0.0
hepatitis:No;0.0205236344939046;0.0
chf:No,copd:No;-0.006861357777145;-0.0123924151157486
dementia:No;0.0119374047544426;0.0
chronic.kidney.disease:No;0.0023448076869327;0.0
asthma:No;0.0018478150495143;0.0
