Features;Individual Effect;Interaction Effect
sex:male,age:8No,hypertension:Yes;-0.1839732505510967;-0.1923767731644415
chf:No;-0.0432044044466473;0.0
hyperlipidemia:No;-0.0408044077100069;0.0
chronic.kidney.disease:No;-0.0403660130066065;0.0
endstage.renal.disease:No;0.027948971177614;0.0
hepatitis:No;0.022717494546537;0.0
coronary.artery.disease:No;0.0175953037204831;0.0
asthma:No;-0.0161215664207808;0.0
race:white;-0.0158825621010448;0.0
dementia:No;-0.0119038469190618;0.0
copd:No;-0.009370637761018;0.0
diabetes:Yes,cerebrovascular.disease:No;-0.0377242453593339;0.042207121693469
cancer:No;0.0032043989084715;0.0
