Features;Individual Effect;Interaction Effect
coronary.artery.disease:No;0.0897554064247157;0.0
sex:female,age:89.00,hypertension:No;-0.1395067394674092;0.0704736209432243
race:white;-0.0672560894588924;0.0
hyperlipidemia:No;0.0589067056212728;0.0
cerebrovascular.disease:No;0.0297371461986071;0.0
endstage.renal.disease:No,chronic.kidney.disease:No;-0.0062672756493054;0.0338323284807034
copd:No;-0.0238247926676461;0.0
cancer:No;-0.0181583140529606;0.0
asthma:No;0.0136101309128683;0.0
dementia:No;-0.0103193649679908;0.0
hepatitis:No;0.0077203990371198;0.0
chf:No;-0.0022244010207392;0.0
diabetes:No;-0.001003977759867;0.0
