Features;Individual Effect;Interaction Effect
age:89.00,race:white;-0.1920623880826237;0.0415825167870017
cerebrovascular.disease:Yes;-0.105671391117484;0.0
dementia:Yes;-0.1036576716378556;0.0
sex:female;0.0993114181660597;0.0
coronary.artery.disease:No;0.0443211489644271;0.0
hepatitis:No;-0.0372400316761684;0.0
cancer:No;-0.033595467292201;0.0
hyperlipidemia:No;0.0314677032459525;0.0
chf:No;0.0280616241752668;0.0
diabetes:No;-0.0191511706892251;0.0
endstage.renal.disease:No;0.0135035902072076;0.0
copd:No;0.0123678174331337;0.0
asthma:No;0.0108539533565296;0.0
chronic.kidney.disease:No;0.0088590629652713;0.0
hypertension:No;0.0022764124324161;0.0
