Features;Individual Effect;Interaction Effect
cancer:No,race:white,coronary.artery.disease:Yes;-0.1434163020200525;-0.1214377439616291
asthma:No,age:69.00,chf:No;-0.055112137486057;-0.0549066250782173
cerebrovascular.disease:No,sex:male,diabetes:Yes;-0.1020324394014619;0.0339596078888808
hypertension:Yes;0.0414541391826964;0.0
copd:No;0.013157223225692;0.0
chronic.kidney.disease:No;-0.0076446482772256;0.0
endstage.renal.disease:No;0.0050065062741421;0.0
hepatitis:No;-0.0036168237986219;0.0
dementia:No;0.0025549757428866;0.0
hyperlipidemia:No;-0.0004450299716938;0.0
