Features;Individual Effect;Interaction Effect
age:40,race:other;0.1670604052735299;0.0952200481845463
endstage.renal.disease:No,coronary.artery.disease:No,copd:No;0.0298681285183631;0.0680793585910476
sex:female,diabetes:Yes;-0.0258332922168881;0.0882952043460661
cancer:No;0.0148101190378091;0.0
hepatitis:No,hypertension:No,dementia:No;0.0123000023202148;-0.0263697606363942
hyperlipidemia:No;-0.0091377529424893;0.0
chf:No;0.0079906357741862;0.0
chronic.kidney.disease:No;0.004872385967537;0.0
cerebrovascular.disease:No;-0.0043770257434835;0.0
asthma:No;-0.0039119336344454;0.0
