Features;Individual Effect;Interaction Effect
cerebrovascular.disease:No,race:other,hyperlipidemia:Yes;-0.0320961745560132;0.1772278141173598
sex:female;0.0740108611800993;0.0
coronary.artery.disease:No,age:86.00,hypertension:Yes;-0.1423374068523116;0.1768191561111656
chronic.kidney.disease:No,diabetes:No,hepatitis:No;0.0288397263976083;-0.0076888307014588
cancer:No;-0.0151235670026795;0.0
chf:Yes;-0.0104886370541529;0.0
copd:No;-0.0068008302016211;0.0
endstage.renal.disease:No,asthma:No;0.0089203298987413;-0.0084785173288072
dementia:No;0.0002277704740669;0.0
