Features;Individual Effect;Interaction Effect
age:89.00;-0.1723079172125866;0.0
coronary.artery.disease:Yes;-0.0936028110848087;0.0
dementia:Yes;-0.0670916757107372;0.0
chronic.kidney.disease:No;0.0537748793141116;0.0
cancer:No,cerebrovascular.disease:Yes,endstage.renal.disease:No;-0.0542597643893825;0.0042541609993291
sex:female;0.0259139527837414;0.0
copd:No;-0.0256230579921217;0.0
hyperlipidemia:Yes;-0.0217275023615447;0.0
diabetes:No;-0.0200081821349248;0.0
asthma:No;-0.0173988208932583;0.0
race:white;0.0125675871445965;0.0
chf:Yes;-0.010362110747038;0.0
hypertension:Yes;-0.0057721855505013;0.0
hepatitis:No;-0.0052634772461095;0.0
