Features;Individual Effect;Interaction Effect
chronic.kidney.disease:No,sex:female,hyperlipidemia:Yes;0.0380574540082329;0.0743856345812215
hypertension:Yes,copd:No;0.0001930454242288;0.0339069773781316
diabetes:No,age:85.00,coronary.artery.disease:No;-0.0810118788272321;0.062373124294233
hepatitis:No,endstage.renal.disease:No,dementia:No;0.0030566785483986;0.0041597809001878
cerebrovascular.disease:No;0.0070472962742529;0.0
asthma:No,race:black,chf:No;0.0284145226201762;-0.0224633207509045
cancer:No;0.0043309977579874;0.0
