Features;Individual Effect;Interaction Effect
sex:male,age:39.00,chf:Yes;0.134849501141655;0.149236928972587
cerebrovascular.disease:No,hypertension:No,diabetes:No;-0.019660372136211;0.0634714404007081
coronary.artery.disease:No,chronic.kidney.disease:No,asthma:No;0.0355115607438175;-0.0013611761916362
hyperlipidemia:No,endstage.renal.disease:No;0.0117260492349605;0.0055889031444724
cancer:No;0.0170321617012336;0.0
dementia:No;0.015541989846423;0.0
copd:No;-0.0057688885142369;0.0
race:white;-0.0047267746400314;0.0
hepatitis:No;-0.0012862454967897;0.0
