Features;Individual Effect;Interaction Effect
coronary.artery.disease:Yes,chf:No,hepatitis:No;-0.1198558824069858;-0.0863703260020068
hyperlipidemia:No,age:58.00,diabetes:Yes;0.0392002963374723;-0.1709279625947917
sex:male,endstage.renal.disease:No;-0.0430399543904987;-0.017671369195531
cancer:No,race:black,hypertension:Yes;0.0526951530118436;-0.072692897563573
cerebrovascular.disease:No;0.0153117458457425;0.0
copd:No;-0.0149604431104217;0.0
dementia:No;0.0119626185236281;0.0
asthma:No;0.0054694406055;0.0
chronic.kidney.disease:No;0.001489470087699;0.0
