Features;Individual Effect;Interaction Effect
cancer:No,age:61,sex:female;0.1120491983635506;0.0930430003438992
coronary.artery.disease:No;0.0599958271666351;0.0
chf:No;0.0384260834071707;0.0
hyperlipidemia:No;-0.0255737921284952;0.0
race:white,hypertension:Yes,diabetes:Yes;-0.080041769832469;0.1028049040098494
hepatitis:No;-0.0216147281363128;0.0
chronic.kidney.disease:No;0.0152223710651219;0.0
asthma:No;0.0117460040241365;0.0
copd:No;-0.0116161387013881;0.0
cerebrovascular.disease:No;-0.0103985795209907;0.0
endstage.renal.disease:No;-0.0064525175211854;0.0
dementia:No;0.0020646503973488;0.0
