Features;Individual Effect;Interaction Effect
endstage.renal.disease:No,age:86.00,hepatitis:No;-0.2012656808446593;-0.0043098202166223
race:white,sex:male,coronary.artery.disease:Yes;-0.1825312792944119;0.0409378559924065
dementia:Yes,hypertension:Yes,chf:Yes;-0.112876190860787;0.0579735460160883
copd:No,diabetes:No,chronic.kidney.disease:No;-0.0119855751905099;-0.0193561554088115
cancer:No;0.008083393841707;0.0
cerebrovascular.disease:No;0.007976699313964;0.0
hyperlipidemia:No,asthma:No;0.0024198969558671;-0.0045382424742376
