Features;Individual Effect;Interaction Effect
coronary.artery.disease:No,age:86.00,race:black;-0.1154495482582916;-0.0457997153125516
hyperlipidemia:No,copd:Yes;-0.0242489835084397;-0.1190882325320882
dementia:Yes,sex:female,diabetes:No;-0.0390003742884703;-0.0061135929861631
endstage.renal.disease:No;0.0219569871662672;0.0
hepatitis:No;0.0200135015613376;0.0
chf:No;0.0136326167515861;0.0
hypertension:Yes,cancer:No;-0.0016449293779298;0.0152554139825801
cerebrovascular.disease:No;-0.0125687482213498;0.0
asthma:No;0.0099215475636645;0.0
chronic.kidney.disease:No;0.0028958484776179;0.0
