Features;Individual Effect;Interaction Effect
sex:male,age:48.00,hypertension:1.00;0.1269917113897403;0.06967472236485708
race:asian,diabetes:1.00;-0.024091576707724105;0.08317485133378995
chf:0.00,hyperlipidemia:0.00,coronary.artery.disease:0.00;0.031998262121688104;0.020125696133487275
cancer:0.00,chronic.kidney.disease:0.00,dementia:0.00;0.013999629838937988;-0.0040263315589338655
cerebrovascular.disease:0.00;0.006540869407872055;0
hepatitis:0.00;0.003912968250960644;0
endstage.renal.disease:0.00,copd:0.00;0.011952896706116767;-0.008218539482908946
asthma:0.00;-0.0019006191981200404;0
