Features;Individual Effect;Interaction Effect
coronary.artery.disease:0.00,hypertension:0.00,diabetes:1.00;-0.028515186676246085;-0.06754918949917253
age:65.00,sex:male;0.020050261273738823;0.04455095965454209
dementia:0.00;0.017817439377527694;0
hyperlipidemia:0.00,cerebrovascular.disease:0.00;-0.004860452970350315;0.021342882817596755
endstage.renal.disease:0.00;0.008853837571312095;0
cancer:0.00,chf:0.00,hepatitis:0.00;0.0032527996658433533;0.0030049311933292317
asthma:0.00;0.005257549531955477;0
copd:0.00;0.005035142565987982;0
race:white;0.002975434941722988;0
chronic.kidney.disease:0.00;0.0005734101501585036;0
