Features;Individual Effect;Interaction Effect
diabetes:0.00,age:59.00,hypertension:1.00;0.055961061133950385;0.19815269144696007
coronary.artery.disease:0.00,chf:0.00;0.032236273344184774;0.06369784274325457
dementia:0.00,race:black,chronic.kidney.disease:0.00;0.004815357517305552;0.05389401501712653
sex:female;0.05078635034482432;0
endstage.renal.disease:0.00;0.01827645949837039;0
hepatitis:0.00;-0.018011359435919666;0
asthma:0.00;0.015034696338139156;0
copd:0.00;-0.010838461839361588;0
cancer:0.00;0.006152269795168322;0
hyperlipidemia:0.00;0.004287609543228932;0
cerebrovascular.disease:0.00;0.002726700238790118;0
