Features;Individual Effect;Interaction Effect
age:89.00,race:white;-0.19206238808262377;0.041582516787001755
cerebrovascular.disease:1.00;-0.10567139111748408;0
dementia:1.00;-0.10365767163785561;0
sex:female;0.09931141816605976;0
coronary.artery.disease:0.00;0.04432114896442713;0
hepatitis:0.00;-0.03724003167616841;0
cancer:0.00;-0.033595467292201;0
hyperlipidemia:0.00;0.03146770324595252;0
chf:0.00;0.028061624175266878;0
diabetes:0.00;-0.019151170689225124;0
endstage.renal.disease:0.00;0.013503590207207615;0
copd:0.00;0.012367817433133721;0
asthma:0.00;0.01085395335652966;0
chronic.kidney.disease:0.00;0.008859062965271367;0
hypertension:0.00;0.0022764124324161084;0
