Features;Individual Effect;Interaction Effect
coronary.artery.disease:0.00,age:81.00,race:black;-0.07572590362351445;-0.17831449972218166
chf:0.00,sex:male,diabetes:1.00;-0.11509514991725339;-0.08081372638198422
endstage.renal.disease:0.00,dementia:0.00;0.01751473899862832;-0.048814982048627706
hypertension:1.00;-0.027893322565874006;0
hyperlipidemia:0.00;-0.027035065745008885;0
asthma:0.00;-0.013532749016865662;0
copd:0.00;-0.0113398631402244;0
cerebrovascular.disease:0.00;0.010191961816755274;0
cancer:0.00;0.008579915969273447;0
hepatitis:0.00;-0.0013721256021566527;0
chronic.kidney.disease:0.00;0.0007011525100915905;0
