Features;Individual Effect;Interaction Effect
sex:female,race:white,coronary.artery.disease:1.00;-0.10138396060738014;-0.085880878071141
hypertension:0.00,age:58.00,dementia:1.00;-0.02753632192171962;-0.10557977060998242
hyperlipidemia:0.00;-0.032830473119666484;0
asthma:0.00;-0.008022614501441525;0
chf:0.00;-0.005668624578206202;0
cerebrovascular.disease:0.00;0.00476305485698468;0
chronic.kidney.disease:0.00;0.004288378219905957;0
copd:0.00;-0.003975602334111573;0
diabetes:0.00;-0.0028670843120013056;0
hepatitis:0.00;-0.0019676203991355196;0
endstage.renal.disease:0.00,cancer:0.00;0.010816530425339033;-0.012486246116924955
