Features;Individual Effect;Interaction Effect
age:44.00,sex:female,diabetes:1.00;0.2062559224327824;0.059409858711971575
coronary.artery.disease:0.00;0.08427583451569107;0
chronic.kidney.disease:0.00;-0.030169588836063237;0
dementia:0.00;0.024354874797350056;0
chf:0.00;0.023630916839889157;0
hepatitis:0.00,endstage.renal.disease:0.00;0.007104231256370719;0.014861100658542858
cancer:0.00;0.021425995524955107;0
hyperlipidemia:0.00;-0.019437310182175822;0
copd:0.00;0.017762586320952463;0
race:black;0.017254972189635027;0
hypertension:0.00;-0.01694182407716041;0
asthma:0.00;0.01076246174087273;0
cerebrovascular.disease:0.00;0.008735725437358895;0
