Features;Individual Effect;Interaction Effect
sex:male,age:57.00,diabetes:1.00;-0.025469675759874688;-0.20106522660819118
coronary.artery.disease:0.00,hyperlipidemia:1.00,chf:1.00;0.030643199888986228;-0.16035138413671216
cancer:0.00,race:other,asthma:0.00;-0.022769483932910894;-0.0028082892839578003
hepatitis:0.00;0.02037850698433805;0
hypertension:1.00;-0.0166456838811241;0
dementia:0.00;0.016278538865773014;0
cerebrovascular.disease:0.00;0.007822909864936584;0
chronic.kidney.disease:0.00;-0.007568750900134702;0
endstage.renal.disease:0.00;-0.00582858737935792;0
copd:0.00;0.0029740177892903646;0
