Features;Individual Effect;Interaction Effect
age:76.00,chronic.kidney.disease:0.00;-0.1230862975481582;0.02447931455409194
coronary.artery.disease:0.00;0.09378333610347878;0
hypertension:1.00;-0.07141529160096041;0
dementia:0.00,sex:male,asthma:0.00;-0.029394616389506578;-0.03713922970603417
race:black;0.04834971674915037;0
diabetes:0.00,chf:0.00;0.0038040042203346634;-0.0333809234141684
endstage.renal.disease:0.00;-0.024139542848599545;0
cancer:0.00;0.02315673373756972;0
hyperlipidemia:0.00;0.02179919815869574;0
hepatitis:0.00;0.02109590384067363;0
cerebrovascular.disease:0.00;-0.01318384691343119;0
copd:0.00;0.0032681294432295484;0
