Features;Individual Effect;Interaction Effect
coronary.artery.disease:0.00,age:82.00,race:black;-0.04557622884241325;-0.156355884269674
hyperlipidemia:0.00,chf:0.00;-0.0074942381296355665;-0.02860422555652739
diabetes:0.00;0.027537724673988757;0
sex:male,hypertension:1.00;-0.039221096562868984;0.015060313437581727
hepatitis:0.00;0.014663873128269805;0
endstage.renal.disease:0.00,cerebrovascular.disease:0.00,cancer:0.00;-0.004338925136315397;0.011716406348964939
chronic.kidney.disease:0.00;-0.004781718171268273;0
copd:0.00;0.004595993892293825;0
dementia:0.00;0.002949258659609103;0
asthma:0.00;0.0009332131642594103;0
