Features;Individual Effect;Interaction Effect
sex:male,age:74.00,hypertension:0.00;-0.21744688754482172;-0.06987461598608652
diabetes:0.00,cancer:1.00;-0.088397370442584;-0.04862105678206699
race:asian;0.06385497295798205;0
hyperlipidemia:1.00,chf:1.00;-0.024662814643807707;-0.015021321377305323
coronary.artery.disease:0.00,copd:0.00;0.058686869153604104;-0.03490934714355063
hepatitis:0.00;0.016834161157507653;0
endstage.renal.disease:0.00;-0.010266234312347938;0
asthma:0.00;-0.009654626810833039;0
chronic.kidney.disease:0.00;0.007035888454271978;0
dementia:0.00;0.0017440382907720556;0
cerebrovascular.disease:0.00;-0.001718587285063855;0
