Features;Individual Effect;Interaction Effect
sex:female,age:95.00,coronary.artery.disease:0.00;-0.16158398174882044;-0.12714743824863878
diabetes:0.00;-0.04676231166883549;0
copd:0.00;-0.03137883057199378;0
race:white,hypertension:0.00;-0.053372732256423805;0.03047483489848511
hyperlipidemia:0.00;0.007775607452706611;0
chf:0.00;0.007293793844621109;0
cerebrovascular.disease:0.00,cancer:0.00;0.00492639460201183;-0.011841901724714325
dementia:0.00;0.006491126198461636;0
endstage.renal.disease:0.00;0.004468708716382767;0
chronic.kidney.disease:0.00,asthma:0.00;-0.01394262305843219;0.010606908233363153
hepatitis:0.00;0.002565839298607979;0
