Features;Individual Effect;Interaction Effect
age:71.00,race:white,coronary.artery.disease:1.00;-0.15071159051505434;-0.15889974514547006
diabetes:0.00,sex:male,hyperlipidemia:1.00;-0.03606924020360103;-0.05291058802137978
copd:0.00;-0.03776954663414244;0
cancer:0.00;0.032621727483369306;0
endstage.renal.disease:0.00;-0.02854699210152676;0
chronic.kidney.disease:0.00;-0.02847494286699998;0
asthma:0.00;0.017374662059177065;0
chf:0.00,dementia:0.00;-0.013027779931787609;-0.0029364601440457667
hypertension:0.00;-0.012265884566099668;0
cerebrovascular.disease:0.00;0.008860606108473418;0
hepatitis:0.00;0.0026677891841098353;0
