Features;Individual Effect;Interaction Effect
hypertension:0.00,race:black,sex:female;0.0626155328925837;0.10747164115287375
asthma:0.00,diabetes:0.00,endstage.renal.disease:0.00;-0.015455012075519914;0.0807408891267449
age:73.00,copd:0.00;-0.06460729815294541;0.01744534647453211
dementia:0.00;0.037026616216689456;0
cerebrovascular.disease:0.00;-0.014726026498579112;0
hyperlipidemia:0.00;0.011122528389288832;0
coronary.artery.disease:1.00,chf:1.00;-0.11815787976577707;0.10749002415551527
cancer:0.00;-0.009773959704134388;0
chronic.kidney.disease:0.00;-0.007662795945314398;0
hepatitis:0.00;-0.004130842360735852;0
