Features;Individual Effect;Interaction Effect
cerebrovascular.disease:0.00,age:48.00,coronary.artery.disease:0.00;0.2506314082264002;-0.047945077109666945
sex:male,hypertension:0.00;-0.07161780872570617;-0.07175269906263321
diabetes:0.00,cancer:0.00;0.0038546390226238403;0.053189536104592136
race:other,hyperlipidemia:0.00;-0.013083308421271922;-0.03618830670874132
asthma:0.00,chf:0.00,dementia:0.00;-0.025000793495080775;0.0018262093426335002
endstage.renal.disease:0.00,copd:0.00;-0.0011378085232942592;-0.011243396637687626
hepatitis:0.00;0.0031729411831343127;0
chronic.kidney.disease:0.00;-0.002899136374174674;0
