Features;Individual Effect;Interaction Effect
hyperlipidemia:1.00,age:59.00,sex:female;0.09585899938279319;0.12105807154828502
race:black,hypertension:0.00,diabetes:0.00;0.022781941723132526;0.08231089329331881
coronary.artery.disease:0.00;0.06119994095815006;0
endstage.renal.disease:0.00,chf:0.00,asthma:0.00;0.007724826315663957;0.013206193502792035
cancer:0.00;0.01984061758286204;0
dementia:0.00;0.01959267709679979;0
cerebrovascular.disease:0.00;0.018623659732295073;0
hepatitis:0.00,chronic.kidney.disease:0.00;0.007571760349010193;-0.013429257531307526
copd:0.00;-0.00461151413962313;0
