Features;Individual Effect;Interaction Effect
age:53.00,hypertension:1.00,diabetes:1.00;0.1253064548064542;0.12357899083731522
coronary.artery.disease:0.00;0.05999239637997248;0
endstage.renal.disease:1.00;-0.032308252675162324;0
hyperlipidemia:0.00;-0.020589277480199078;0
race:black;0.01889261504621657;0
asthma:0.00,dementia:0.00;0.010704168590278562;0.0023042134933512586
cerebrovascular.disease:0.00;0.01244481068452165;0
sex:female;0.012217763418702635;0
copd:0.00;0.008388355692282808;0
chronic.kidney.disease:0.00;0.0073427829910001526;0
hepatitis:0.00;-0.004226996416187241;0
cancer:0.00;-0.0006617615817462695;0
chf:0.00;4.647174433915907e-05;0
