Features;Individual Effect;Interaction Effect
age:74.00,sex:male;-0.1924171161266386;-0.011681277090036912
coronary.artery.disease:1.00,chronic.kidney.disease:0.00;-0.1151075366717797;-0.02124861288154911
diabetes:0.00;-0.04737437271497452;0
chf:1.00;0.04455539200216094;0
hypertension:1.00;-0.037703843468650564;0
hepatitis:0.00;-0.01825505082559745;0
race:white;-0.016855388883854815;0
cancer:0.00;-0.0138861800885738;0
copd:0.00;-0.012104070847433823;0
cerebrovascular.disease:0.00;0.011648695663210484;0
endstage.renal.disease:0.00;0.008937855919536858;0
hyperlipidemia:0.00;0.00596870655386984;0
dementia:0.00;-0.004577484174127941;0
asthma:0.00;-0.004543766781349712;0
