Features;Individual Effect;Interaction Effect
race:white,age:69.00,hypertension:1.00;-0.04302589426685788;0.14120660715663635
coronary.artery.disease:0.00,chf:0.00;0.030855800436373815;0.051694408503753786
dementia:0.00,hyperlipidemia:0.00,copd:0.00;0.005925259506656122;0.0394209284315043
endstage.renal.disease:0.00;0.01389141495265232;0
hepatitis:0.00;0.01246376955229768;0
chronic.kidney.disease:0.00,sex:male,diabetes:0.00;-0.012325365913675168;0.020121871955538377
asthma:0.00;-0.003431553730423746;0
cerebrovascular.disease:0.00;0.001809480818648905;0
cancer:0.00;0.0013015013856204453;0
