Features;Individual Effect;Interaction Effect
age:89.00,dementia:1.00;-0.2802476514842546;0.10524114901997861
hyperlipidemia:1.00;-0.07662750051051381;0
chronic.kidney.disease:0.00;0.06418862885233118;0
coronary.artery.disease:0.00;0.05075283546363758;0
sex:female;0.04982763828261912;0
chf:0.00;0.041498367576455364;0
cerebrovascular.disease:0.00;0.033462061415483024;0
endstage.renal.disease:0.00;0.01734723602255093;0
hepatitis:0.00;-0.017267987362176974;0
hypertension:1.00,copd:0.00;0.004387047555267866;-0.018051949737357166
diabetes:0.00;-0.009325353068731022;0
cancer:0.00;-0.008163790875394407;0
asthma:0.00;-0.0068120028100479655;0
race:white;-0.004926103824797253;0
