Features;Individual Effect;Interaction Effect
age:52.00;0.18622367201903012;0
sex:male;-0.07738164846482881;0
hyperlipidemia:0.00,coronary.artery.disease:0.00,copd:0.00;0.05317883236353782;0.0010499293850290692
hypertension:0.00;-0.02929076803692927;0
race:other,diabetes:1.00,chf:1.00;-0.10054039460149067;0.12530268256978935
cerebrovascular.disease:0.00,dementia:0.00;0.005116692246361021;0.016797257975623894
hepatitis:0.00;-0.02086948458003774;0
endstage.renal.disease:0.00;0.018025430219856878;0
chronic.kidney.disease:0.00;-0.014219282706815006;0
cancer:0.00;-0.005370863229296988;0
asthma:0.00;-0.0033763072165927457;0
