Features;Individual Effect;Interaction Effect
hypertension:1.00,age:58.00,hyperlipidemia:1.00;0.06858648013161928;0.17623697923319892
chf:0.00,diabetes:0.00,coronary.artery.disease:0.00;0.0537685445369851;0.06544866933994634
race:black;0.03778077212622573;0
sex:male;-0.029053683819253565;0
cerebrovascular.disease:0.00;0.02303812519485028;0
dementia:0.00,copd:0.00,cancer:0.00;-0.0014805983952458357;0.022973358424589883
hepatitis:0.00;-0.008724602841185931;0
endstage.renal.disease:0.00;0.007088756285540922;0
asthma:0.00;0.005233120809830235;0
chronic.kidney.disease:0.00;0.0042612971687914745;0
