Features;Individual Effect;Interaction Effect
age:73.00,coronary.artery.disease:1.00;-0.19361179246418986;-0.059672042182749074
sex:male,hypertension:1.00;-0.06589883870961116;0.006592917150101935
asthma:0.00,hyperlipidemia:1.00,chronic.kidney.disease:0.00;0.0050289148562084884;-0.03617694828911154
copd:0.00;-0.026473008321651934;0
diabetes:0.00,endstage.renal.disease:0.00;0.0037154072747966893;-0.027465191136546545
cancer:0.00;0.015292841372862999;0
chf:1.00,cerebrovascular.disease:1.00;-0.08345205579807835;0.07640354856375366
dementia:0.00;-0.006637309732034868;0
hepatitis:0.00;0.0024570270684149687;0
race:white;-0.000649439982548716;0
