Features;Individual Effect;Interaction Effect
race:black,age:72.00,coronary.artery.disease:0.00;0.018279202433827024;0.16784086279241406
hypertension:0.00,diabetes:0.00;-0.010022512317865662;0.0808464877343717
hyperlipidemia:0.00;0.026697047815941205;0
endstage.renal.disease:0.00,asthma:0.00;-0.007900392525076572;0.03203930199578937
cerebrovascular.disease:0.00,cancer:0.00;-0.010524944633915626;0.033845379926702515
chronic.kidney.disease:0.00;-0.012834110645146144;0
sex:male,copd:0.00,dementia:0.00;-0.045130896863117886;0.04017476424451651
chf:0.00;0.004270818472381532;0
hepatitis:0.00;-0.0019731728977994065;0
