Features;Individual Effect;Interaction Effect
hypertension:0.00,age:63.00,race:white;-0.027093847340745048;-0.23429700525735786
diabetes:0.00;0.057134209649502624;0
coronary.artery.disease:0.00;0.052158135406965886;0
hyperlipidemia:0.00;-0.042819349705507596;0
sex:male;-0.02637511843262695;0
cancer:0.00;0.02330495456571395;0
chronic.kidney.disease:0.00;-0.017431396425536157;0
asthma:0.00;-0.015564361914141473;0
copd:0.00;0.008362766033152228;0
cerebrovascular.disease:0.00;0.006895620193902847;0
dementia:0.00;0.006473592554564932;0
endstage.renal.disease:0.00;0.00340238979455983;0
chf:0.00,hepatitis:0.00;-0.006446108208086443;0.0034938897947029667
