Features;Individual Effect;Interaction Effect
hypertension:0.00,age:60.00,diabetes:1.00;0.026705033134988565;-0.24507990220412024
sex:female,chronic.kidney.disease:0.00;0.042433271262932726;0.03184098967114572
race:white;-0.04165316619409382;0
coronary.artery.disease:0.00,dementia:0.00;0.059340071583527276;-0.02349728610906962
chf:0.00,hyperlipidemia:0.00,cerebrovascular.disease:0.00;-0.008585772122662427;-0.026207107046008316
endstage.renal.disease:0.00;-0.007649775888186978;0
hepatitis:0.00;-0.003922692591991281;0
copd:0.00;-0.0019584083034797327;0
asthma:0.00;-0.000730129748487969;0
cancer:0.00;0.0004897906818248487;0
