Features;Individual Effect;Interaction Effect
diabetes:0.00,age:89.00,hypertension:1.00;-0.17841561281791468;-0.09328127960271493
race:asian,coronary.artery.disease:1.00;-0.09962427289715564;0.007915773913075755
endstage.renal.disease:0.00;0.017739546598908827;0
sex:female;0.01722519491847945;0
cerebrovascular.disease:0.00;0.015550672059292336;0
asthma:0.00;-0.011079630415461176;0
hepatitis:0.00;-0.01063369377321631;0
dementia:0.00,cancer:0.00;0.014801100198702954;-0.024519784093842246
copd:0.00;0.005311442502625975;0
chronic.kidney.disease:0.00;-0.003260631803986707;0
hyperlipidemia:1.00,chf:1.00;-0.021550520766116854;0.020038673100821004
