Features;Individual Effect;Interaction Effect
copd:0.00,coronary.artery.disease:0.00,chf:0.00;0.03011836358558373;0.09829474401191754
hyperlipidemia:0.00,race:white,hypertension:1.00;-0.018307347758627635;0.11174314269165578
dementia:0.00,cancer:0.00;-0.005970712610220308;0.027574743710321988
cerebrovascular.disease:0.00;0.019250812004051602;0
endstage.renal.disease:0.00,asthma:0.00;-0.01243666599180615;0.0005887082778982013
hepatitis:0.00;-0.007988396574556439;0
chronic.kidney.disease:0.00;-0.007265618687409263;0
diabetes:0.00,age:87.00,sex:male;-0.14850739347026903;0.14624239425176588
