Features;Individual Effect;Interaction Effect
sex:female,coronary.artery.disease:0.00;0.08806645285013637;0.006641257403555853
chf:0.00,age:63.00,cerebrovascular.disease:1.00;-0.08130531233245247;0.12771228908332213
asthma:0.00,race:black,dementia:0.00;0.009230717353547746;0.016330025592839685
hypertension:1.00,diabetes:1.00;-0.0399147636523155;0.06117330315408584
hepatitis:0.00,copd:0.00;0.022220635490208696;-0.03770045615936949
hyperlipidemia:0.00,cancer:0.00;0.008110406785906354;0.002053957281221177
chronic.kidney.disease:0.00;-0.005326504594507293;0
endstage.renal.disease:0.00;-0.000869738307167926;0
