Features;Individual Effect;Interaction Effect
age:54.00,hypertension:1.00,diabetes:1.00;0.13626791900646978;0.16369123824194615
hyperlipidemia:1.00,hepatitis:0.00;-0.0005799687609323589;-0.049786788224581734
coronary.artery.disease:0.00;0.027513652963633735;0
cerebrovascular.disease:0.00;0.023733255254974196;0
race:black;0.02299530057262574;0
cancer:0.00;0.01901445486624392;0
copd:0.00,asthma:0.00,dementia:0.00;0.006863243462242874;0.007789218231452639
sex:male;-0.013969649442504395;0
chronic.kidney.disease:0.00;0.009378650672170547;0
chf:0.00;-0.005593362826476388;0
endstage.renal.disease:0.00;0.001316781432287837;0
