Features;Individual Effect;Interaction Effect
diabetes:0.00,age:89.00,hypertension:1.00;-0.17875352966005953;-0.21289875256932295
sex:female;0.029566668112287087;0
coronary.artery.disease:0.00;0.02513332752734001;0
hyperlipidemia:0.00;-0.0195192520494115;0
cerebrovascular.disease:0.00;-0.015044643016049082;0
endstage.renal.disease:0.00,copd:0.00;-0.0020003590144695993;0.016897255694052322
chronic.kidney.disease:0.00;0.013363631008738948;0
race:black;0.01257387545599147;0
asthma:0.00;0.012467984414970448;0
dementia:0.00;-0.0034535648135714213;0
cancer:0.00,chf:0.00,hepatitis:0.00;0.00187871881368884;0.00033053663417400257
