Features;Individual Effect;Interaction Effect
age:75.00;-0.17321866277512415;0
hyperlipidemia:1.00;-0.09020034444312264;0
diabetes:1.00;0.06105522733478593;0
hypertension:0.00;-0.05668105929249815;0
chf:1.00;0.05504967747899989;0
coronary.artery.disease:1.00;-0.051559006964403464;0
copd:0.00;-0.047153275652207796;0
cerebrovascular.disease:0.00;0.04287698390305332;0
race:white;-0.04014151755450991;0
asthma:1.00;-0.03955248524729182;0
cancer:0.00;0.03812632242896284;0
endstage.renal.disease:0.00;-0.014936983378831932;0
hepatitis:0.00;0.00896401390234487;0
dementia:0.00;0.008514819472690963;0
sex:male;0.0016704745407533864;0
chronic.kidney.disease:1.00;0.001462474453355525;0
