Features;Individual Effect;Interaction Effect
hyperlipidemia:0.00,age:45.00,race:white;0.16554893621067102;0.050385516524050766
sex:male,coronary.artery.disease:1.00,chf:1.00;-0.18194042128314236;0.20166750980964965
hepatitis:0.00,hypertension:0.00,diabetes:0.00;-0.02632448815254762;0.04595678689434059
chronic.kidney.disease:0.00,dementia:0.00;0.004773711325321228;0.007214952119370836
copd:0.00;0.007435686334382387;0
asthma:0.00;0.005059353753266646;0
endstage.renal.disease:0.00,cancer:0.00;0.013128930936592398;-0.008189994148835256
cerebrovascular.disease:0.00;0.0006159751233618607;0
