Features;Individual Effect;Interaction Effect
race:black;0.08184563736213568;0
chf:0.00,age:63.00,hepatitis:0.00;0.011891566483992588;0.04121148920618521
hyperlipidemia:0.00;-0.03905089431817167;0
hypertension:1.00;-0.03651118643682233;0
asthma:0.00;0.034293884371128056;0
coronary.artery.disease:0.00;0.03397365362780467;0
copd:0.00;-0.03249684416911205;0
cancer:0.00;0.022001419442876893;0
chronic.kidney.disease:0.00;0.0062063951952017;0
diabetes:0.00;0.004245837372949957;0
cerebrovascular.disease:0.00;-0.003974937781915129;0
endstage.renal.disease:0.00;0.003210761292604329;0
sex:female;-0.0030445898982447046;0
dementia:0.00;-0.00020538755266885774;0
