Features;Individual Effect;Interaction Effect
hypertension:1.00;0.07669993431965312;0
coronary.artery.disease:0.00;0.05604842943500154;0
diabetes:0.00;0.049395522832806356;0
cerebrovascular.disease:0.00;0.037996447273850945;0
hyperlipidemia:0.00;-0.018453868733260596;0
copd:0.00,dementia:0.00;0.008132265287698726;0.007955504526790145
chronic.kidney.disease:0.00;-0.014404603578586531;0
hepatitis:0.00;0.013377476515259189;0
cancer:0.00;-0.01276539805612496;0
chf:0.00;0.011952287935611388;0
sex:male,age:94.00,race:asian;-0.2287708092962732;0.2187785678970544
asthma:0.00;-0.009108918849694782;0
endstage.renal.disease:0.00;0.0008289510750699907;0
