Features;Individual Effect;Interaction Effect
dementia:0.00,coronary.artery.disease:0.00,endstage.renal.disease:0.00;0.050255872535783785;0.03243987560665139
diabetes:0.00,chf:0.00;-0.024481651123504422;0.09882111830238093
age:88.00,race:hispanic;-0.12367629846472528;0.10072613069335198
sex:male,hypertension:1.00;-0.042569736922509205;0.05072091747424334
cerebrovascular.disease:0.00,chronic.kidney.disease:0.00;0.014225953894843268;-0.007171236799542315
cancer:0.00;0.0012809363304236432;0
hyperlipidemia:0.00;-0.0011191397577546862;0
copd:0.00,hepatitis:0.00,asthma:0.00;-0.006595401783850985;0.00766877266380564
