Features;Individual Effect;Interaction Effect
endstage.renal.disease:0.00,coronary.artery.disease:0.00,chf:0.00;0.014726038093265448;0.08351886963843895
sex:female,age:89.00,dementia:1.00;-0.2470844689511607;0.2843395619234007
hypertension:1.00;0.03241641623459612;0
hyperlipidemia:0.00;0.028317040039634186;0
race:white,diabetes:1.00,chronic.kidney.disease:1.00;-0.09424708035609564;0.10852505711568249
hepatitis:0.00;0.011141598077382527;0
asthma:0.00,copd:0.00;-0.016043569979158567;0.026957236270626475
cancer:0.00;0.00520777613643884;0
cerebrovascular.disease:0.00;0.0028698274656672185;0
