Features;Individual Effect;Interaction Effect
age:71.00,hypertension:1.00,diabetes:1.00;-0.04398912016759132;0.23188413396928093
coronary.artery.disease:0.00;0.08796087518053577;0
race:other;-0.053753218900582066;0
cerebrovascular.disease:0.00,cancer:0.00;-0.0030448872444096553;0.05351544104744292
hepatitis:0.00,dementia:0.00;0.020628180653378902;0.009125179550320127
chf:0.00;0.021093898543825672;0
endstage.renal.disease:0.00;0.019963959834349884;0
sex:male;-0.013498848584956286;0
chronic.kidney.disease:0.00;-0.006856751338061077;0
asthma:0.00;-0.006702678841314438;0
copd:0.00;-0.00650382536329764;0
hyperlipidemia:0.00;0.004069240026796012;0
