Features;Individual Effect;Interaction Effect
race:black,age:80.00,hypertension:1.00;-0.09839491506713594;-0.20460556327947232
sex:female;0.07751902338811592;0
dementia:0.00,hyperlipidemia:0.00,diabetes:0.00;-0.0075438709413273575;-0.05529552251187517
coronary.artery.disease:0.00;0.036585958330804455;0
chronic.kidney.disease:0.00;-0.03142392737034795;0
hepatitis:0.00;0.018111756489856704;0
endstage.renal.disease:0.00;-0.01674649037764379;0
asthma:0.00;-0.0126539930644393;0
cerebrovascular.disease:0.00,cancer:0.00;-0.005362126205611939;0.01699018259983862
copd:0.00;0.0078122430349095405;0
chf:0.00;-0.0036808560516407955;0
