Features;Individual Effect;Interaction Effect
age:51.00,race:white,sex:male;0.11634556007863311;0.03497149201295738
copd:0.00,coronary.artery.disease:0.00,chf:0.00;0.0549231080061956;0.04452221531616202
hyperlipidemia:0.00;0.04327015583817112;0
cancer:0.00;0.013341659557592799;0
dementia:0.00;0.012537994231358783;0
asthma:0.00;-0.010018750728724098;0
cerebrovascular.disease:0.00;0.0031237093612799666;0
hepatitis:0.00;0.002372449895468049;0
endstage.renal.disease:0.00,hypertension:0.00,diabetes:0.00;-0.01611026368420554;0.016701164257245035
chronic.kidney.disease:0.00;0.0004944004205562694;0
