Features;Individual Effect;Interaction Effect
race:white,hyperlipidemia:0.00,coronary.artery.disease:0.00;0.03017476324393198;0.028147181623902152
hypertension:0.00,age:63.00,hepatitis:1.00;-0.08971064486021883;0.14444003795087051
sex:male,diabetes:0.00;-0.02306189293969485;0.050909678226033976
cancer:0.00;0.02315023626192615;0
chronic.kidney.disease:0.00;-0.018349037692798303;0
dementia:0.00;0.01802236836235652;0
chf:0.00;0.017410120638890563;0
endstage.renal.disease:0.00;0.014334366103308332;0
cerebrovascular.disease:0.00;0.01316210993053088;0
asthma:0.00;-0.01109542558458312;0
copd:0.00;-0.01046372054393578;0
