Features;Individual Effect;Interaction Effect
age:56.00,hyperlipidemia:0.00,coronary.artery.disease:0.00;0.23546456048345688;0.07077502346976638
cancer:0.00,sex:female,endstage.renal.disease:0.00;0.03915989542710829;0.019877403547497646
chronic.kidney.disease:0.00;0.023817096481357124;0
hypertension:0.00;-0.018795797126972536;0
race:hispanic,diabetes:0.00;-0.030882184168890433;0.04400714614815861
cerebrovascular.disease:0.00;0.01193971980609471;0
asthma:0.00;-0.009176706297789397;0
copd:0.00;-0.009100407794067834;0
chf:0.00;0.0035233105798034986;0
dementia:0.00;-0.002602175603556859;0
hepatitis:0.00;-0.002121743399179938;0
