Features;Individual Effect;Interaction Effect
age:74.00,sex:male;-0.17573658834886074;-0.0814778354597363
coronary.artery.disease:0.00;0.04758747122345012;0
hypertension:1.00;0.04082092869813388;0
dementia:0.00;-0.02793607410350705;0
cerebrovascular.disease:0.00;-0.024494377103579816;0
asthma:0.00;0.021704084914864925;0
diabetes:0.00;-0.02025338896525558;0
copd:0.00;-0.019701078501872547;0
hepatitis:0.00;-0.016330420220904366;0
endstage.renal.disease:0.00;0.0127681536267111;0
race:black;0.010677701300457863;0
chronic.kidney.disease:0.00,cancer:0.00;-0.0034403778534737306;0.00684512018452663
hyperlipidemia:0.00,chf:0.00;0.0019815712627694326;-0.005052181619163765
