Features;Individual Effect;Interaction Effect
hypertension:1.00,age:65.00,race:white;0.07416779682881092;0.13601493532479733
diabetes:1.00,chronic.kidney.disease:1.00;-0.06414078940678969;0.14498290049638332
sex:male,coronary.artery.disease:1.00,cerebrovascular.disease:1.00;-0.2479956246679928;0.1780271019851965
hepatitis:0.00;0.00955486820874802;0
endstage.renal.disease:0.00;0.006120493375058312;0
chf:0.00;0.004509375930486448;0
hyperlipidemia:0.00;-0.004310420398817043;0
asthma:0.00,cancer:0.00;0.016889557472637984;-0.020069320595751436
copd:0.00;0.002211154342342536;0
dementia:0.00;0.0018220878421983978;0
