Features;Individual Effect;Interaction Effect
sex:female;0.11043672053326546;0
hypertension:0.00,age:63.00,race:other;-0.030487700145619856;-0.04569609027783404
coronary.artery.disease:0.00;0.05284079718616095;0
hyperlipidemia:0.00;-0.029793214028884303;0
chf:0.00,cerebrovascular.disease:0.00;-0.015659461135387964;-0.007956071499817294
diabetes:0.00;-0.02179191938679514;0
hepatitis:0.00;-0.011269761344087357;0
chronic.kidney.disease:0.00;-0.009707663343149238;0
dementia:0.00;-0.009652985470052227;0
copd:0.00,cancer:0.00;0.015383759435707576;-0.02338224007373059
endstage.renal.disease:0.00,asthma:0.00;-0.005448163092744318;-0.0025219571359522963
