Features;Individual Effect;Interaction Effect
race:white,age:50.00,hypertension:1.00;0.11153445447916699;0.15207780648677666
hyperlipidemia:0.00,coronary.artery.disease:0.00,cancer:0.00;0.04864720909873066;0.02044552344507078
copd:0.00;-0.013776461306117972;0
cerebrovascular.disease:0.00;0.012307266401150346;0
diabetes:1.00,chf:1.00;-0.04625688263790495;0.058011687755572444
endstage.renal.disease:0.00;0.009497095087699858;0
asthma:0.00;0.0077035072477189895;0
chronic.kidney.disease:0.00;0.006752929623118763;0
dementia:0.00;0.0029548943691183813;0
sex:male,hepatitis:0.00;-0.04323590466408156;0.04219939846856074
