Features;Individual Effect;Interaction Effect
coronary.artery.disease:0.00;0.09210105208715905;0
asthma:0.00;0.04170931923525897;0
sex:female,age:89.00,hypertension:0.00;-0.17553102992368486;0.13394509376479616
diabetes:0.00;-0.0401489024093176;0
chf:0.00;-0.03643885227608136;0
race:white;-0.030352195056376537;0
copd:0.00;0.024450164618476038;0
dementia:0.00;0.012860663431759085;0
cerebrovascular.disease:0.00,endstage.renal.disease:0.00;0.007228688688644125;0.004577896591678943
hepatitis:0.00;0.006420109691082492;0
hyperlipidemia:0.00,chronic.kidney.disease:0.00;-0.021551138900433475;0.02617661817671193
cancer:0.00;0.0011162869593109703;0
