Features;Individual Effect;Interaction Effect
sex:male,age:55.00,hypertension:1.00;0.10131549108226989;0.24036960217019065
endstage.renal.disease:0.00,hyperlipidemia:1.00,coronary.artery.disease:1.00;-0.14038388815532243;0.10722157819618966
dementia:0.00;0.015442984188808077;0
race:white;-0.014012338212642927;0
asthma:0.00;-0.012131014564410767;0
hepatitis:0.00;-0.010344354173271682;0
chronic.kidney.disease:0.00;0.010221193061705852;0
cerebrovascular.disease:0.00;0.007999230643197047;0
cancer:0.00;0.006981867378733946;0
chf:0.00;-0.0023528162077688652;0
diabetes:0.00,copd:0.00;-0.009662228137176987;0.00836977713078007
