Features;Individual Effect;Interaction Effect
diabetes:0.00,age:28.00,race:other;0.30946620790139856;0.05657213707832598
asthma:0.00;-0.025633773534349976;0
cerebrovascular.disease:0.00;0.02378945016658958;0
hepatitis:0.00,copd:0.00;-0.008285904361279739;-0.011178977545052888
hypertension:0.00,coronary.artery.disease:1.00,chf:1.00;-0.14981347770139747;0.13065667557269475
sex:female;0.01481049214782507;0
endstage.renal.disease:0.00;0.01236147032592214;0
dementia:0.00;-0.004209966228797553;0
hyperlipidemia:0.00;-0.0029603381215548424;0
chronic.kidney.disease:0.00;0.0021621896824722438;0
cancer:0.00;-0.0009794709463948163;0
