Features;Individual Effect;Interaction Effect
coronary.artery.disease:0.00,age:90.00,hypertension:1.00;-0.14892640299669035;-0.15078268191331484
race:black,cancer:1.00;-0.07919120624240494;0.01044079094799652
endstage.renal.disease:0.00;-0.023484448575943437;0
cerebrovascular.disease:0.00,hepatitis:0.00;0.005160638591682587;0.0127546969482535
copd:0.00;0.013165800672405567;0
chf:0.00;-0.010020430616580733;0
dementia:0.00;-0.009249161897195053;0
asthma:0.00;0.006586748092019999;0
sex:female,hyperlipidemia:0.00,diabetes:0.00;0.04266564897503078;-0.04700964479467255
chronic.kidney.disease:0.00;0.002682979403556905;0
