Features;Individual Effect;Interaction Effect
cancer:0.00,age:27.00,race:white;0.31177427975519845;-0.009183511516351495
sex:female,coronary.artery.disease:0.00,chf:0.00;0.08441559721306724;0.01419607567337261
hyperlipidemia:0.00,hypertension:0.00,diabetes:0.00;-0.009059949531854516;0.04339126728343396
chronic.kidney.disease:0.00;0.018326186905039274;0
copd:0.00;0.008577640992765236;0
cerebrovascular.disease:0.00;0.0026311016352200947;0
hepatitis:0.00,dementia:0.00;0.009337538912766563;-0.008251399908117997
endstage.renal.disease:0.00;-0.0009838149410687225;0
asthma:0.00;6.619772167019283e-05;0
