Features;Individual Effect;Interaction Effect
hypertension:1.00,race:other,hyperlipidemia:1.00;-0.029895332919708473;0.1620874942287306
coronary.artery.disease:0.00;0.06347785600878814;0
hepatitis:0.00,diabetes:0.00,endstage.renal.disease:0.00;0.0060711647313332895;0.030556103511377025
chf:0.00;0.030303180839519536;0
copd:0.00;0.020731662451926775;0
chronic.kidney.disease:0.00;0.018695576341860292;0
asthma:0.00;-0.017052907643270686;0
sex:female,age:86.00,dementia:1.00;-0.23646005692691036;0.2480491410714974
cerebrovascular.disease:0.00;0.008059760243387924;0
cancer:0.00;0.007590831995035671;0
