Features;Individual Effect;Interaction Effect
age:70.00,race:white,coronary.artery.disease:1.00;-0.1375117147437669;-0.13075502274058093
hypertension:0.00,diabetes:1.00;-0.0793763508420865;0.015297442130530303
chf:0.00;-0.02133020547828099;0
cancer:0.00;-0.016490975717530595;0
endstage.renal.disease:0.00;0.015788364295255798;0
copd:0.00,hyperlipidemia:0.00,dementia:0.00;-0.010007656697238021;-0.004651145033302592
cerebrovascular.disease:0.00,chronic.kidney.disease:0.00,asthma:0.00;-0.005329613536150801;-0.008666413286378925
hepatitis:0.00;0.00938668756091552;0
sex:female;-0.002820937849888291;0
