Features;Individual Effect;Interaction Effect
hyperlipidemia:0.00,age:89.00,race:white;-0.20607248057597388;-0.11506120758356819
cerebrovascular.disease:0.00,sex:male,hypertension:0.00;-0.04974058673370502;-0.02308712419469673
hepatitis:0.00,coronary.artery.disease:0.00,copd:0.00;0.04282730817694014;-0.018379087360986417
chf:0.00;-0.014230384127047913;0
chronic.kidney.disease:0.00;0.010262988676801643;0
endstage.renal.disease:0.00;-0.007758381582184455;0
asthma:0.00;-0.007130062012946629;0
diabetes:0.00;-0.005446442860220885;0
dementia:0.00;-0.004886706109528828;0
cancer:0.00;0.004285391291864095;0
