Features;Individual Effect;Interaction Effect
chf:0.00,age:65.00,race:white;0.046511062126421754;0.11357595279686661
sex:female,hypertension:1.00,diabetes:1.00;-0.01362734457227155;0.15172572780353583
coronary.artery.disease:1.00;-0.13671721009725246;0
cerebrovascular.disease:0.00;0.026503403162924537;0
hepatitis:0.00;-0.022279072505353624;0
hyperlipidemia:0.00;-0.014702751521194319;0
copd:0.00,cancer:0.00;0.002391294137933375;-0.01610981121574109
endstage.renal.disease:0.00;0.012422035079115136;0
dementia:0.00;-0.008575365913168983;0
chronic.kidney.disease:0.00;-0.005184808544400794;0
asthma:0.00;-0.0030519313320563797;0
