Features;Individual Effect;Interaction Effect
age:53.00,dementia:0.00;0.1853570173028405;0.028537570107337318
hyperlipidemia:0.00,coronary.artery.disease:1.00;-0.13730992872090697;-0.01906192334797191
race:black,hypertension:0.00,diabetes:0.00;0.013448386529143375;0.12749078558248814
copd:0.00;0.03313582938929013;0
chf:0.00;0.018201862624229827;0
sex:male,endstage.renal.disease:0.00;-0.03482875622102122;0.022857440969986702
asthma:0.00;-0.01134760748751655;0
cancer:0.00;-0.007058709983019006;0
cerebrovascular.disease:0.00;-0.005972113677925682;0
hepatitis:0.00;-0.0042673335702706795;0
chronic.kidney.disease:0.00;-0.0032005970667482626;0
