Features;Individual Effect;Interaction Effect
age:89.00,hypertension:1.00;-0.1822400625805114;-0.04170958973695277
cerebrovascular.disease:1.00;-0.07240045372581363;0
race:white;-0.05544229844797512;0
coronary.artery.disease:1.00;-0.055133209187685744;0
sex:female;-0.04036842204800237;0
hepatitis:0.00;0.022467888961549314;0
cancer:0.00;-0.01996191895228599;0
chronic.kidney.disease:0.00;0.017081140167811433;0
hyperlipidemia:1.00;-0.013002564064798845;0
diabetes:1.00;0.012500898847827818;0
dementia:0.00;0.01023697286318219;0
chf:1.00,copd:0.00;-0.023630549033600845;0.01702216490643723
endstage.renal.disease:0.00;0.0034277385223848537;0
asthma:0.00;-0.0003817497309667149;0
