Features;Individual Effect;Interaction Effect
age:33.00;0.30676512651046306;0
hypertension:0.00,sex:female,coronary.artery.disease:0.00;0.09034048174356957;0.015726213843232015
race:other,chf:1.00;-0.032351722013398865;0.056162071747150794
diabetes:0.00;-0.022601109399844443;0
dementia:0.00;0.019560092264117996;0
chronic.kidney.disease:0.00;-0.01086248240302048;0
cancer:0.00;0.008693934341408315;0
cerebrovascular.disease:0.00;0.008623502517010797;0
endstage.renal.disease:0.00,asthma:0.00;-0.019211274459318806;0.012680469319932096
copd:0.00;0.005178032381091165;0
hyperlipidemia:0.00;-0.0033691395722180405;0
hepatitis:0.00;-0.0020983909281128577;0
