Features;Individual Effect;Interaction Effect
hyperlipidemia:1.00,race:other,hypertension:1.00;-0.005824147573192384;0.14321557239058155
diabetes:0.00,coronary.artery.disease:0.00,chf:0.00;0.048820816887184315;0.04118980968170634
age:71.00,sex:male,dementia:0.00;-0.042361935083884084;0.09209191829211899
asthma:0.00;0.016733218633566936;0
hepatitis:0.00,endstage.renal.disease:0.00;0.007791200485670835;0.008051487201391486
copd:0.00;0.007834204659758391;0
cerebrovascular.disease:0.00;0.005800994046376714;0
cancer:0.00;-0.0029494378965978577;0
chronic.kidney.disease:0.00;0.0022081039403403224;0
