Features;Individual Effect;Interaction Effect
hypertension:1.00,age:41.00,coronary.artery.disease:1.00;0.03984779470919858;0.16463490620284854
cancer:0.00,race:black,diabetes:0.00;0.02355720668774297;0.08730796930767987
sex:male;-0.03729199534444386;0
hepatitis:0.00;-0.03496953146525125;0
hyperlipidemia:0.00;-0.019269783725458872;0
chronic.kidney.disease:0.00;0.013167688947938135;0
cerebrovascular.disease:0.00;0.011162207305116245;0
copd:0.00;0.009445005110625057;0
asthma:0.00;-0.008339946724291825;0
dementia:0.00;0.0050172527962532975;0
endstage.renal.disease:0.00;0.00409357231968099;0
chf:0.00;0.0001673809665838754;0
