Features;Individual Effect;Interaction Effect
race:black,age:54.00,sex:male;0.1876918274542313;0.09608648137044623
hyperlipidemia:0.00,coronary.artery.disease:0.00;0.03823969911367664;0.03961314800426077
asthma:0.00,cancer:0.00;-0.031093625996670544;0.06957931176150822
chronic.kidney.disease:0.00,hypertension:0.00,diabetes:0.00;-0.006425097056715345;0.03405120855682726
dementia:0.00;0.021427547273931494;0
chf:0.00,endstage.renal.disease:0.00;-0.013865779625720998;0.034659064354599756
cerebrovascular.disease:0.00;0.012919280204730724;0
hepatitis:0.00;-0.006080295152319809;0
copd:0.00;0.0024545684646329682;0
