Features;Individual Effect;Interaction Effect
age:75.00;-0.19888473339707;0
chronic.kidney.disease:0.00,sex:male,cancer:1.00;-0.1451091547147434;-0.0007683534515628143
diabetes:1.00,endstage.renal.disease:0.00;-0.03866953733288331;-0.00023447573716509074
cerebrovascular.disease:0.00;-0.02229509017162449;0
hypertension:1.00,hyperlipidemia:1.00,coronary.artery.disease:1.00;-0.13056646477233302;0.10842832604037585
race:white;0.014474417046293764;0
chf:0.00;-0.009334072497510518;0
copd:0.00;0.007999775064608616;0
hepatitis:0.00;0.006587314353171288;0
dementia:0.00;-0.002456713884263535;0
asthma:0.00;0.0014122330235199036;0
