Features;Individual Effect;Interaction Effect
hypertension:0.00,age:88.00,sex:female;-0.08947962645052387;0.26092038770190346
race:black,copd:0.00,cancer:0.00;0.03407374668614338;0.05268055136351196
coronary.artery.disease:0.00;0.07866986698833799;0
diabetes:0.00;0.03665386330390433;0
dementia:0.00;-0.014348848150106973;0
chronic.kidney.disease:0.00;0.007545953905452291;0
hyperlipidemia:0.00,asthma:0.00;-0.013311776312041501;0.007397293881840343
hepatitis:0.00,endstage.renal.disease:0.00;-0.0074607569833308185;0.00941541620873139
cerebrovascular.disease:0.00;-0.001691356062260889;0
chf:0.00;0.0014339240669075728;0
