Features;Individual Effect;Interaction Effect
diabetes:0.00,age:85.00,sex:female;-0.09803101225181421;-0.18682090260751305
hyperlipidemia:0.00,coronary.artery.disease:0.00,copd:1.00;0.010565319632804604;-0.05201729302514131
cerebrovascular.disease:0.00,race:white,hypertension:0.00;-0.02841629182844685;0.006518075925596788
cancer:0.00;0.005849691551186559;0
asthma:0.00;-0.005418651858286078;0
endstage.renal.disease:0.00;-0.0038730289386648617;0
hepatitis:0.00;0.002863040319282792;0
chronic.kidney.disease:0.00,dementia:0.00;0.015067337166799977;-0.017518960418074256
chf:0.00;-0.002045322089453346;0
