Features;Individual Effect;Interaction Effect
hypertension:1.00,diabetes:1.00,chronic.kidney.disease:1.00;-0.07176311519952;0.22492595046022157
dementia:0.00,age:70.00,sex:male;-0.01876490139779885;0.07150427397291656
endstage.renal.disease:1.00;0.05202681128055978;0
hyperlipidemia:1.00,coronary.artery.disease:1.00,chf:1.00;-0.1565405948040659;0.18693088187157697
race:black;0.02540766894150543;0
hepatitis:0.00;-0.01429920928006178;0
cerebrovascular.disease:0.00;-0.00568298331736565;0
cancer:0.00;0.003987204432171307;0
copd:0.00;-0.0033305079355278704;0
asthma:0.00;0.0011314285091402615;0
