Features;Individual Effect;Interaction Effect
copd:0.00,age:89.00,hypertension:1.00;-0.18114591533973923;-0.11722967689271735
sex:female,race:white,coronary.artery.disease:1.00;-0.1326672668836203;-0.06993432100512328
hyperlipidemia:1.00,chf:1.00;-0.010692298756100449;0.035274532015332975
diabetes:1.00;0.01966854883169991;0
asthma:0.00;-0.011966221737400674;0
endstage.renal.disease:0.00;0.006077923629024165;0
cancer:0.00,hepatitis:0.00,dementia:0.00;0.023881588093918493;-0.02618755954330238
cerebrovascular.disease:0.00;0.001483796534798243;0
chronic.kidney.disease:0.00;0.0014233911145602393;0
