Features;Individual Effect;Interaction Effect
diabetes:1.00,age:75.00,hypertension:1.00;-0.21307424432937722;-0.008753671857389483
race:black,cancer:1.00;-0.07816207586134827;-0.08555654000718962
cerebrovascular.disease:0.00;-0.034064147039341984;0
hyperlipidemia:1.00,chf:0.00;-0.013995469765646695;-0.01484967943588942
coronary.artery.disease:0.00;0.027687881002531473;0
chronic.kidney.disease:0.00;0.0236489121950506;0
asthma:0.00;0.016992149163370246;0
copd:0.00;-0.013351473382204996;0
dementia:0.00;-0.010455494750302713;0
sex:male;-0.009152832974339581;0
hepatitis:0.00;0.005595758355714232;0
endstage.renal.disease:0.00;-0.003729153168734213;0
