Features;Individual Effect;Interaction Effect
chronic.kidney.disease:0.00,coronary.artery.disease:0.00,chf:0.00;0.04419684887317177;0.07319163890422722
race:black,hypertension:0.00,diabetes:0.00;0.009460117624845221;0.10231996575996324
hepatitis:0.00,age:67.00,sex:male;0.0027257083666195614;0.09141217504984547
hyperlipidemia:0.00;0.02153280428760034;0
asthma:0.00,dementia:0.00;-0.01663194756562447;0.03498089061610331
endstage.renal.disease:0.00;-0.017132249002056288;0
cancer:0.00;0.012515343718334057;0
copd:0.00;0.012176999235698295;0
cerebrovascular.disease:0.00;0.011318639798374164;0
