Features;Individual Effect;Interaction Effect
coronary.artery.disease:0.00,age:68.00,copd:1.00;0.00163039458971026;-0.1718086883996014
hyperlipidemia:0.00,race:white,sex:male;-0.08705444416304015;-0.0017195897532280013
diabetes:0.00,chf:0.00;-0.007573545168185203;-0.042801447508783626
endstage.renal.disease:0.00,chronic.kidney.disease:0.00;0.003449872312210278;0.005924174963627921
cancer:0.00;0.0056594485458073;0
dementia:0.00;-0.0036047749846699704;0
cerebrovascular.disease:0.00,hepatitis:0.00;0.00894886425164343;-0.005706637173565447
hypertension:1.00,asthma:0.00;-0.010094003305636035;0.007319650209763561
