Features;Individual Effect;Interaction Effect
coronary.artery.disease:0.00,age:89.00,hypertension:1.00;-0.12780678806750173;-0.15705599331888925
asthma:0.00,hyperlipidemia:0.00,cerebrovascular.disease:1.00;-0.08551644030007316;-0.0030080772698434233
sex:male,chf:0.00;-0.040127892998459536;-0.012640552558690447
race:white,diabetes:0.00;-0.014391979473259209;-0.03565985972886987
hepatitis:0.00,cancer:0.00;0.02711613548612779;-0.014036839249299951
dementia:0.00;-0.007277470841930204;0
chronic.kidney.disease:0.00,endstage.renal.disease:0.00,copd:0.00;-0.013141256732823514;0.010195386929789843
