Features;Individual Effect;Interaction Effect
age:61.00,sex:male;0.008919450556678088;-0.19740675349378714
coronary.artery.disease:0.00,race:black,hypertension:1.00;0.06547160735243772;-0.1384403831712025
hyperlipidemia:0.00;-0.04937750685394094;0
diabetes:0.00;-0.033926195342050755;0
cerebrovascular.disease:0.00,cancer:0.00;0.004968284651504895;0.025040242357944772
dementia:0.00;0.024625813942611114;0
endstage.renal.disease:0.00;-0.0232145786073427;0
hepatitis:0.00;0.021033186447516707;0
chronic.kidney.disease:0.00;0.011342092183397476;0
asthma:0.00;-0.010455446450899472;0
copd:0.00;0.00933286766780838;0
chf:0.00;-0.00815660500607263;0
