Features;Individual Effect;Interaction Effect
race:black,age:93.00,hypertension:1.00;-0.17693601634412714;-0.2133176594749121
hyperlipidemia:1.00;0.042808353282225604;0
sex:female,diabetes:0.00,endstage.renal.disease:0.00;0.002792243224735258;-0.036259727085807894
dementia:0.00;0.013315564758079358;0
cerebrovascular.disease:0.00;0.011029145543167251;0
chronic.kidney.disease:0.00;0.0075605663133686135;0
asthma:0.00;-0.007429049389405695;0
cancer:0.00,chf:0.00,copd:0.00;-0.0172439022196893;0.011667962799649937
coronary.artery.disease:0.00,hepatitis:0.00;0.03471689721704396;-0.030152370597710615
