Features;Individual Effect;Interaction Effect
age:56.00,hypertension:1.00,diabetes:1.00;0.1424025546592158;0.12573730202315592
coronary.artery.disease:0.00,chf:0.00;0.03668591518926778;0.05052131748757718
sex:female;0.04826712162518079;0
race:black;0.019419121016392225;0
hepatitis:0.00;-0.017890697785639564;0
hyperlipidemia:0.00,copd:0.00;-0.016833434579427542;0.028939497958485376
cerebrovascular.disease:0.00;0.00898377448947596;0
chronic.kidney.disease:0.00,dementia:0.00;0.020771989415695025;-0.013835503852996575
asthma:0.00;0.006759658264474951;0
endstage.renal.disease:0.00;-0.004364247198421649;0
cancer:0.00;0.001865795965479762;0
