Features;Individual Effect;Interaction Effect
race:white,diabetes:0.00,coronary.artery.disease:1.00;-0.1331615386861642;-0.09496996477057679
asthma:0.00,age:87.00,sex:female;-0.0920542281437654;-0.03464864999728773
hyperlipidemia:0.00,chf:0.00;0.00030597111944874467;-0.03795979587711463
hypertension:0.00,endstage.renal.disease:0.00;-0.02171176121929086;0.04304769169585459
dementia:0.00;0.01802157948545169;0
cancer:0.00;-0.016201088585891827;0
chronic.kidney.disease:0.00;0.007152755042248864;0
cerebrovascular.disease:0.00;-0.002600523527474765;0
copd:0.00;-0.002597915424102787;0
hepatitis:0.00;-0.0006908811725939157;0
