Features;Individual Effect;Interaction Effect
sex:male,age:74.00,hypertension:0.00;-0.2122132556611826;-0.21342462684385327
asthma:0.00,hyperlipidemia:0.00,cerebrovascular.disease:0.00;-0.014291733113468874;-0.008209427164440706
diabetes:0.00;-0.018629966806989393;0
dementia:0.00,chronic.kidney.disease:0.00,copd:0.00;0.008263338364889461;-0.024280038913277277
race:black,coronary.artery.disease:0.00;0.06947514144993527;-0.056545214711016326
hepatitis:0.00;0.00823269802747667;0
chf:0.00;-0.0064605887972095655;0
endstage.renal.disease:0.00;-0.0016944270808079767;0
cancer:0.00;-0.00019146423868462298;0
