Features;Individual Effect;Interaction Effect
coronary.artery.disease:1.00;-0.19499381848743272;0
race:black,age:71.00,hyperlipidemia:1.00;0.03768953339208447;-0.09856366196073309
endstage.renal.disease:0.00,hypertension:1.00,cerebrovascular.disease:0.00;0.025026944463039547;0.007458402764389013
sex:female;0.03180945494790823;0
asthma:0.00;0.022341051160971057;0
hepatitis:0.00;0.019287754112252684;0
chronic.kidney.disease:0.00;-0.015602644175391776;0
chf:0.00;-0.014292023608276798;0
dementia:0.00;0.012539962608202115;0
diabetes:1.00;0.009525747565544071;0
copd:0.00;0.00486861697077637;0
cancer:0.00;-0.0022443375203285588;0
