Features;Individual Effect;Interaction Effect
age:75.00;-0.12901560515112123;0
cerebrovascular.disease:0.00,coronary.artery.disease:0.00,asthma:0.00;0.04927892039723614;0.01020123469408403
hyperlipidemia:0.00;-0.023020855189903447;0
dementia:0.00;0.020861997856753734;0
race:black,chf:0.00;0.0146356973164542;0.0039987434529932045
chronic.kidney.disease:0.00;-0.016250939803912786;0
hepatitis:0.00,hypertension:1.00,diabetes:1.00;-0.0448806197439951;0.029043911342131922
endstage.renal.disease:0.00;-0.008730501971280773;0
copd:0.00;-0.008366257486943598;0
sex:male;0.007911190256570003;0
cancer:0.00;0.007689529036725972;0
