Features;Individual Effect;Interaction Effect
age:88.00;-0.08161616280808787;0
coronary.artery.disease:1.00,chronic.kidney.disease:1.00;-0.15485700593127832;0.07330890627719945
cancer:1.00;-0.07509924667513558;0
dementia:1.00;-0.04475944457001561;0
hypertension:1.00;0.04317711247411629;0
copd:0.00;-0.041560869445531154;0
hepatitis:0.00;-0.03515490087726017;0
hyperlipidemia:0.00;0.022820604194909014;0
asthma:0.00;0.022484392359809924;0
chf:0.00;-0.02222682980399315;0
diabetes:0.00;-0.019021823561424456;0
sex:male;-0.018895906527403743;0
cerebrovascular.disease:0.00;0.013269968478178271;0
race:white;-0.005975385000898038;0
endstage.renal.disease:0.00;-0.0025870714283159763;0
