Features;Individual Effect;Interaction Effect
age:27.00,sex:female;0.3441017491282048;-0.0382459513040222
coronary.artery.disease:0.00;0.0529079327196362;0
race:black,hypertension:0.00,diabetes:0.00;0.011824515989552142;0.03854213085172842
cerebrovascular.disease:0.00;0.01833645292274772;0
cancer:0.00;0.017327725726724252;0
chronic.kidney.disease:0.00;-0.015304546704476965;0
hyperlipidemia:0.00;0.012831283961821887;0
asthma:0.00;0.012101733249527222;0
endstage.renal.disease:0.00;-0.010797361390205096;0
chf:0.00,dementia:0.00;0.006385610422955712;0.0011627807989346567
copd:0.00;-0.006123519611572856;0
hepatitis:0.00;-0.004727331426737577;0
