Features;Individual Effect;Interaction Effect
sex:male,age:86.00,race:white;-0.23984397457707057;0.09273886014062052
coronary.artery.disease:0.00,diabetes:0.00,copd:0.00;0.052875732320606716;0.08161890216770676
hypertension:0.00,dementia:0.00;-0.0031815126369910685;-0.032648214030307175
hyperlipidemia:0.00,hepatitis:0.00;0.0010700661681907198;0.020652149563095808
cancer:0.00;0.006676523914652539;0
chronic.kidney.disease:0.00;-0.004751420118481867;0
endstage.renal.disease:0.00;0.003520552397369722;0
cerebrovascular.disease:0.00,asthma:0.00;0.004766681262247108;-0.0017937352034973937
chf:0.00;0.0018123896853525214;0
