Features;Individual Effect;Interaction Effect
age:89.00;-0.16550524272020167;0
sex:female;0.09745813484258443;0
diabetes:0.00;-0.0874675216040105;0
chf:1.00;-0.07314996190616609;0
race:white;-0.05719420282580093;0
cancer:0.00;0.048479114879277245;0
hepatitis:0.00;0.04838114863827114;0
cerebrovascular.disease:0.00;0.04718317377856736;0
endstage.renal.disease:0.00;0.04518300735550911;0
chronic.kidney.disease:0.00;0.044377037416095284;0
hyperlipidemia:1.00;0.04323599863442737;0
asthma:0.00;-0.025008541813259393;0
hypertension:1.00;-0.023729205217437342;0
coronary.artery.disease:1.00;-0.010026385155614846;0
copd:0.00;-0.007812912547813921;0
dementia:1.00;-0.005450184978359261;0
