Features;Individual Effect;Interaction Effect
hypertension:1.00,age:58.00,hyperlipidemia:1.00;0.05339999497706793;0.20066254081494106
diabetes:0.00,chf:0.00;-0.005370714699634127;0.07194333396407909
coronary.artery.disease:0.00;0.049391202387525326;0
race:black;0.030781975089976606;0
sex:male;-0.022351112647291227;0
dementia:0.00,endstage.renal.disease:0.00,cancer:0.00;0.009114454368983171;0.00969898253643272
cerebrovascular.disease:0.00;0.010188509990710151;0
asthma:0.00;-0.005381229331309245;0
hepatitis:0.00;-0.005095750503131619;0
chronic.kidney.disease:0.00,copd:0.00;0.004357186874282104;-0.004055355580125472
