Features;Individual Effect;Interaction Effect
dementia:0.00,sex:female,hypertension:0.00;0.0004013434211076472;0.08973476441026568
asthma:1.00,copd:1.00,cancer:1.00;-0.13360417951755493;0.20115066080430047
chf:1.00;0.023125682884475647;0
cerebrovascular.disease:0.00,chronic.kidney.disease:0.00;0.008205778622403459;0.013949751781917985
coronary.artery.disease:0.00;0.020008352568962155;0
race:white,diabetes:1.00;-0.0621218099287515;0.07951880513628207
age:78.00;-0.01594464906882126;0
hyperlipidemia:0.00;0.006381411019930103;0
hepatitis:0.00;0.0032313263477097218;0
endstage.renal.disease:0.00;-0.003040866957789788;0
