Features;Individual Effect;Interaction Effect
diabetes:0.00,age:89.00,hypertension:1.00;-0.18299461511300513;-0.15549150066035616
sex:male;-0.06864701078189585;0
hyperlipidemia:0.00;-0.04107117468999233;0
cancer:0.00,race:white,asthma:0.00;0.007432352853668389;-0.033214467061924595
dementia:0.00;0.021942688115113088;0
endstage.renal.disease:0.00;0.020080131582223687;0
copd:0.00;-0.019927565971251802;0
hepatitis:0.00;0.013000103989770612;0
cerebrovascular.disease:0.00,coronary.artery.disease:0.00,chf:1.00;0.026635070688121654;-0.01859620812184204
chronic.kidney.disease:0.00;-0.004512913738989391;0
