Features;Individual Effect;Interaction Effect
sex:male,race:white,hypertension:0.00;-0.09440374738677726;-0.10581864898416865
chf:0.00,diabetes:0.00,coronary.artery.disease:1.00;-0.13413737120005537;-0.05046173366019335
age:62.00,hyperlipidemia:0.00;0.036294598186825906;-0.07139407558664457
endstage.renal.disease:0.00;0.02121237979654897;0
dementia:0.00;-0.00526460473075643;0
cancer:0.00,hepatitis:0.00,copd:0.00;-0.002850991396852187;-0.0017533509672392825
asthma:0.00;0.004600240089068737;0
chronic.kidney.disease:0.00;0.0024958725637072715;0
cerebrovascular.disease:0.00;0.001054416489513085;0
