Features;Individual Effect;Interaction Effect
age:59.00,coronary.artery.disease:0.00,chf:0.00;0.1050054462259824;0.07438344563209515
diabetes:0.00,race:black,hypertension:0.00;-0.009855040232820245;0.09844233669760381
sex:male,asthma:1.00;-0.04663234179231268;0.09306057153988502
hyperlipidemia:0.00,cancer:0.00;0.0025171095953517852;0.0347778739394924
endstage.renal.disease:0.00;-0.006529441960179867;0
cerebrovascular.disease:0.00;0.0031554442001617443;0
hepatitis:0.00;0.00267389238657835;0
chronic.kidney.disease:0.00;-0.0021819502848755973;0
copd:0.00;0.0016725001304187768;0
dementia:0.00;-0.0011071259539897557;0
