Features;Individual Effect;Interaction Effect
endstage.renal.disease:0.00,age:70.00,hyperlipidemia:0.00;0.00864712870526807;0.07239323224173834
sex:female,race:black,coronary.artery.disease:1.00;-0.057612085256424084;0.10546458683990334
hypertension:1.00;0.02676422724237748;0
copd:0.00,cancer:0.00;0.012155432266961363;-0.0001985140665186104
cerebrovascular.disease:0.00,asthma:0.00;0.02315348000353845;-0.017769188769412296
dementia:0.00,diabetes:0.00,chronic.kidney.disease:0.00;-0.008440935712340614;0.012316404515949116
hepatitis:0.00;-0.000550787041753955;0
chf:0.00;-0.0002754066122013857;0
