Features;Individual Effect;Interaction Effect
age:44.00,hyperlipidemia:1.00,diabetes:1.00;0.16589997555857794;0.1900267295881486
hepatitis:1.00,coronary.artery.disease:1.00,cancer:1.00;-0.3163144055570385;0.2516547976306249
race:white,hypertension:1.00;-0.012796714493141244;0.06736452581718344
dementia:0.00;-0.019832401441740498;0
copd:0.00;0.010397838386657282;0
sex:male,chronic.kidney.disease:0.00;-0.05920757271416871;0.05123948407511915
asthma:0.00;0.00722569362440087;0
endstage.renal.disease:0.00;-0.0041000355894087875;0
chf:0.00;0.00110083236663271;0
cerebrovascular.disease:0.00;-0.0009399380464000101;0
