Features;Individual Effect;Interaction Effect
age:77.00,hyperlipidemia:1.00;-0.12268480894607403;-0.06502819679045588
copd:0.00,coronary.artery.disease:0.00,cancer:1.00;-0.06636037130207767;-0.05023115506281703
sex:female,chf:1.00,dementia:1.00;-0.06063415667846589;-0.02808762291527689
hepatitis:0.00;0.026991828068904947;0
endstage.renal.disease:0.00;0.01650889826614241;0
cerebrovascular.disease:0.00;0.016246001735501493;0
race:white;0.014372044586504745;0
diabetes:1.00;-0.013211652179090594;0
chronic.kidney.disease:0.00;-0.011961191702580747;0
asthma:0.00;0.008025452340136446;0
hypertension:1.00;-0.0021208934094748833;0
