Features;Individual Effect;Interaction Effect
race:white,age:88.00,sex:male;-0.15819914027248638;-0.07783756940594985
coronary.artery.disease:1.00;-0.12333047564062528;0
endstage.renal.disease:1.00;-0.05886622119234046;0
diabetes:0.00,cancer:0.00;0.015839906980972818;-0.04105572306236984
asthma:0.00;-0.02433164142450652;0
hypertension:1.00;-0.02169381711180161;0
cerebrovascular.disease:0.00;0.019935961248482903;0
hepatitis:0.00;0.012313920208320513;0
hyperlipidemia:0.00,chf:1.00;-0.0034708904870819346;0.013122945987536272
dementia:0.00;-0.005917438648105275;0
chronic.kidney.disease:0.00;0.004238417923470565;0
copd:0.00;-0.00024169758634420835;0
