Features;Individual Effect;Interaction Effect
coronary.artery.disease:0.00,age:53.00,hyperlipidemia:0.00;0.2214098097929711;0.11297283068329667
race:black,hypertension:0.00,diabetes:0.00;0.011811998691490855;0.06974430233182569
chf:0.00,dementia:0.00;-0.0015544246473661039;0.03292372295874491
sex:male,endstage.renal.disease:0.00;-0.04899881026175179;0.018472706360784512
hepatitis:0.00,cerebrovascular.disease:0.00,cancer:0.00;-0.002510441102375416;0.03097206386804405
chronic.kidney.disease:0.00;0.007399578520581337;0
asthma:0.00;-0.0046188719504020315;0
copd:0.00;0.0027743724955275745;0
