Features;Individual Effect;Interaction Effect
sex:male,age:62.00,copd:1.00;-0.01616626070760696;-0.25400094576993015
hyperlipidemia:0.00,race:black,hypertension:1.00;0.04320761829655906;-0.16792420391890436
endstage.renal.disease:0.00,chronic.kidney.disease:0.00,dementia:0.00;0.0007021775608240244;-0.0201649798994814
coronary.artery.disease:0.00;0.016581264918334893;0
diabetes:0.00;-0.014205073021879594;0
asthma:0.00;-0.012721420612700499;0
hepatitis:0.00;0.00823330019208951;0
cancer:0.00;-0.004726421469416622;0
chf:0.00,cerebrovascular.disease:0.00;0.007087935592067551;-0.005677501571112138
