Features;Individual Effect;Interaction Effect
coronary.artery.disease:0.00;0.06362750237858361;0
race:white,diabetes:0.00;-0.024739945641078398;-0.034229482821344887
sex:female,age:89.00,hypertension:0.00;-0.15803544548035015;0.09954594588524365
chf:0.00;0.03129569837451733;0
hepatitis:0.00;0.024263188421451563;0
dementia:0.00;0.017863509948406388;0
asthma:0.00;-0.01748255333065882;0
hyperlipidemia:0.00;0.015956125814601162;0
cerebrovascular.disease:0.00;-0.01356981402494925;0
endstage.renal.disease:0.00;-0.01294290917352174;0
copd:0.00;0.011251140788751057;0
chronic.kidney.disease:0.00,cancer:0.00;-0.013834048898115348;0.014948267288475764
