Features;Individual Effect;Interaction Effect
age:45.00;0.19630137744605627;0
race:black,hypertension:0.00,diabetes:0.00;0.02542924262647739;0.11393196001832506
cancer:0.00;0.03276901493273826;0
hyperlipidemia:0.00;0.03052218630307857;0
copd:0.00;0.02939170283875789;0
chf:0.00;-0.018557927877186936;0
chronic.kidney.disease:0.00;-0.01853898413445621;0
coronary.artery.disease:0.00;0.016531886526341685;0
cerebrovascular.disease:0.00;0.008358977796453494;0
hepatitis:0.00;-0.007048575258339535;0
asthma:0.00,sex:male,dementia:0.00;-0.05194910661415125;0.0539795316001927
endstage.renal.disease:0.00;-0.0004066409361332818;0
