Features;Individual Effect;Interaction Effect
hyperlipidemia:0.00,coronary.artery.disease:0.00;0.046119506495021056;0.09054422861154932
sex:female,age:86.00,diabetes:1.00;-0.18361698689073752;0.2959258409242734
race:white;0.03835625093409914;0
chronic.kidney.disease:0.00;0.025195975338274574;0
cerebrovascular.disease:0.00;-0.024836747773898177;0
cancer:0.00;0.022757051298504735;0
asthma:0.00,chf:0.00,hepatitis:0.00;-0.0010585781613950962;0.017450702581718155
hypertension:0.00;-0.014845798301974508;0
copd:0.00;-0.00785608108695483;0
dementia:0.00;-0.007762094117813794;0
endstage.renal.disease:0.00;0.0021965023188986726;0
