Features;Individual Effect;Interaction Effect
race:white,hypertension:0.00;-0.016588161915000454;-0.1217772338981715
hyperlipidemia:1.00,age:56.00,asthma:1.00;0.17351573214349636;-0.22311509572986493
coronary.artery.disease:0.00;0.01875562521522649;0
copd:0.00;0.018153983909822008;0
sex:female,diabetes:0.00;0.03828288713807071;-0.025412252197441934
hepatitis:0.00,chronic.kidney.disease:0.00;-0.00427236818014054;0.011424105282042562
endstage.renal.disease:0.00,cancer:0.00;0.01090642835583977;-0.0077669952035980885
cerebrovascular.disease:0.00;0.0031338460693144735;0
chf:0.00,dementia:0.00;-0.028286284634601144;0.031218529246645643
