Features;Individual Effect;Interaction Effect
sex:male,age:89.00,race:white;-0.252229785752823;-0.13897908816693377
copd:0.00,chf:0.00,cerebrovascular.disease:0.00;-0.019763828020196272;-0.005932252119987175
hyperlipidemia:0.00,hepatitis:0.00;-0.00766302267107466;-0.015262082243331278
hypertension:0.00,cancer:0.00;0.0046887861606167425;0.017578920175355187
coronary.artery.disease:0.00;0.015913487829133384;0
diabetes:0.00,chronic.kidney.disease:0.00;0.001377517212244883;0.010768281957796576
endstage.renal.disease:0.00;-0.01169959381556912;0
asthma:0.00;0.005539048232997633;0
dementia:0.00;0.0021635932649333514;0
