Features;Individual Effect;Interaction Effect
age:88.00,sex:male;-0.140956007582405;-0.08673545368495164
diabetes:1.00,hepatitis:1.00;-0.1337180451926705;0.002711265665617829
coronary.artery.disease:0.00;0.04179074496567635;0
hyperlipidemia:1.00;-0.02930850519755205;0
dementia:1.00;-0.022576183848521652;0
chronic.kidney.disease:0.00,asthma:0.00,cancer:0.00;-0.0021193119357905132;-0.004974722498610619
chf:0.00,endstage.renal.disease:0.00;0.0049353625556268765;-0.01101711894407336
cerebrovascular.disease:0.00;0.005150529182187419;0
hypertension:1.00,race:white,copd:0.00;-0.04094876333896247;0.04176144570072361
