Features;Individual Effect;Interaction Effect
race:white,age:66.00,coronary.artery.disease:0.00;0.09975491484804655;0.09013216255681003
endstage.renal.disease:0.00,dementia:0.00;-0.013950068918128111;0.04199940538212454
diabetes:0.00;0.023296606222427976;0
asthma:0.00,copd:0.00;0.007765538305530728;0.015426032709871942
chf:0.00;0.01711864358129311;0
hypertension:0.00,sex:female,cancer:1.00;-0.08786652558815122;0.07532068494545058
hepatitis:0.00;0.010505625798084863;0
hyperlipidemia:0.00;0.003779830886842033;0
cerebrovascular.disease:0.00;-0.0035667949177699276;0
chronic.kidney.disease:0.00;-0.0019870917095415157;0
