Features;Individual Effect;Interaction Effect
hypertension:1.00,age:68.00,sex:male;-0.08431895183592292;0.24945579445106777
coronary.artery.disease:0.00;0.08086693097272044;0
race:black,copd:0.00;0.027293156067670354;0.04201112934283717
diabetes:0.00,chf:0.00;-0.014174028697727548;0.04332783567040082
cancer:0.00;0.014265773509281265;0
cerebrovascular.disease:0.00,asthma:0.00;0.007197847041728878;0.006988614600519777
hyperlipidemia:0.00,hepatitis:0.00,dementia:0.00;0.007208803826715071;0.0068935023758090064
chronic.kidney.disease:0.00;-0.012922072112663996;0
endstage.renal.disease:0.00;0.0027461926572539958;0
