Features;Individual Effect;Interaction Effect
hypertension:1.00,age:58.00,hyperlipidemia:1.00;0.066726306583762;0.1657701575144102
race:black;0.04211421121392216;0
diabetes:1.00,chronic.kidney.disease:1.00;-0.06381286871065567;0.02512075296333406
chf:0.00;0.03134443486640221;0
sex:male;-0.023261805466516405;0
asthma:0.00;-0.022154805115407995;0
coronary.artery.disease:0.00;0.015534609837900065;0
copd:0.00;0.006542894635686455;0
endstage.renal.disease:0.00;-0.006468500987968726;0
cerebrovascular.disease:0.00;-0.0019493474449242213;0
dementia:0.00,hepatitis:0.00,cancer:0.00;-0.0024191614433088926;0.002330684226859848
