Features;Individual Effect;Interaction Effect
coronary.artery.disease:0.00,sex:female,chronic.kidney.disease:0.00;0.08352882986195431;0.05475676719074818
race:other,hypertension:1.00;-0.012942002621679438;0.06758659122345764
hyperlipidemia:0.00,chf:0.00;-0.01766518076543111;0.03835365398395463
diabetes:1.00,age:82.00,asthma:1.00;-0.16630160027000518;0.18578932158890774
endstage.renal.disease:0.00,copd:0.00;-0.00939026304997681;-0.004248937782576463
hepatitis:0.00;-0.007702690935262503;0
cancer:0.00;0.002561740451818728;0
cerebrovascular.disease:0.00,dementia:0.00;0.02802776870911383;-0.029629221713192287
