Features;Individual Effect;Interaction Effect
age:69.00,hypertension:1.00,diabetes:1.00;-0.10600073931886483;0.24775483877581236
sex:female,asthma:0.00;0.02521577140168274;0.04602016300717743
hyperlipidemia:0.00;0.06359979863165975;0
coronary.artery.disease:0.00;0.05184223241457922;0
race:black,chf:0.00;0.003981706576801747;0.03227848931553636
endstage.renal.disease:0.00,copd:0.00;-0.014429835256364987;0.04434119025960354
cancer:0.00;0.01231978104960028;0
hepatitis:0.00;-0.008927851680328044;0
dementia:0.00;0.0047631640494477795;0
cerebrovascular.disease:0.00;0.0033264860964451193;0
chronic.kidney.disease:0.00;-0.0005739489333063119;0
