Features;Individual Effect;Interaction Effect
hypertension:0.00,hepatitis:0.00;-0.011073479953987664;0.09254238265328113
sex:male;0.047517475809999786;0
hyperlipidemia:0.00,diabetes:0.00;0.0020172201220799435;0.043538987040930954
asthma:0.00;-0.02584436765033441;0
cerebrovascular.disease:0.00;0.02204019090029788;0
chronic.kidney.disease:0.00;-0.009572616861405672;0
cancer:0.00;0.008720758979500054;0
age:75.00,coronary.artery.disease:1.00,chf:1.00;-0.2944137869868831;0.2857798247697381
race:white;0.004841905369017138;0
copd:0.00;-0.0006413669610321297;0
endstage.renal.disease:0.00,dementia:0.00;0.007420775485833975;-0.008059463612445968
