Features;Individual Effect;Interaction Effect
chf:0.00,race:asian,diabetes:1.00;-0.023299614821630066;0.1603084703600013
hypertension:0.00,age:89.00,coronary.artery.disease:1.00;-0.3374531032408905;0.24373896116844368
hyperlipidemia:0.00;0.0267269585019218;0
dementia:0.00;0.01585107696467979;0
chronic.kidney.disease:0.00,endstage.renal.disease:0.00,copd:0.00;-0.00650348035070869;0.01601779507342015
cancer:0.00;-0.009252062731845955;0
hepatitis:0.00;0.006945873803893175;0
sex:male,asthma:0.00;-0.04268316772046954;0.03770400395384314
cerebrovascular.disease:0.00;-0.0006306447760045485;0
