Features;Individual Effect;Interaction Effect
age:71.00,hypertension:1.00,diabetes:1.00;-0.037350766725281925;0.2285796663782287
sex:male,hyperlipidemia:1.00,cancer:1.00;-0.15745716471046678;0.029982135041699193
coronary.artery.disease:0.00;0.0722439561639105;0
chf:0.00;0.017289787577795084;0
asthma:0.00;0.011765166725082014;0
endstage.renal.disease:0.00;-0.005645912726357422;0
hepatitis:0.00,race:black,chronic.kidney.disease:0.00;0.025982996669819514;-0.02051397302767244
cerebrovascular.disease:0.00;0.00477370488785255;0
copd:0.00;0.004057579727470189;0
dementia:0.00;0.0016893818761474777;0
