Features;Individual Effect;Interaction Effect
hypertension:1.00,age:73.00,sex:female;-0.02266281909529777;-0.11232722457676916
diabetes:1.00;-0.09892831961732475;0
coronary.artery.disease:0.00,hyperlipidemia:1.00,endstage.renal.disease:0.00;0.03740127276382388;-0.06918108703875
copd:0.00;0.01822372697883475;0
cerebrovascular.disease:0.00;0.014846861368627728;0
asthma:0.00;-0.014377208499315827;0
hepatitis:0.00;0.01407885969844057;0
chf:0.00;-0.013243633409497017;0
chronic.kidney.disease:0.00,dementia:0.00;-0.007686965365634735;0.01992116058439534
race:black,cancer:0.00;0.0327415907310461;-0.020859458837435292
