Features;Individual Effect;Interaction Effect
hepatitis:0.00,cancer:1.00;-0.10698643599304658;0.011916190048834971
chf:1.00;-0.08287958626575305;0
race:asian,coronary.artery.disease:1.00;-0.0917829734498708;0.013924235185750894
sex:male,copd:0.00;-0.04975224027046843;-0.01790261888387519
age:71.00;-0.04195558746667632;0
hyperlipidemia:0.00;0.01174772635414811;0
dementia:0.00;0.01072999741286413;0
asthma:0.00;0.006376904680801935;0
cerebrovascular.disease:0.00,endstage.renal.disease:0.00,chronic.kidney.disease:0.00;-0.001782221687803176;0.007605395351983155
diabetes:0.00;-0.004867830078297001;0
hypertension:0.00;0.004472616145894837;0
