Features;Individual Effect;Interaction Effect
race:white,chf:1.00;-0.023893520868138785;0.09956068212599506
coronary.artery.disease:0.00,cerebrovascular.disease:0.00;0.062338258599125784;-0.004617482742490589
dementia:0.00,sex:male,diabetes:0.00;-0.03459365809943061;0.07239221418832492
copd:1.00,age:89.00,hypertension:0.00;-0.21792650824438375;0.25026243707406265
asthma:0.00;-0.01773949078482188;0
hepatitis:0.00;-0.010879248621316728;0
cancer:0.00;-0.010000852533075862;0
endstage.renal.disease:0.00,chronic.kidney.disease:0.00;0.005766265014279459;-0.0007445463250747766
hyperlipidemia:1.00;-0.004491195022463227;0
