Features;Individual Effect;Interaction Effect
chf:0.00,diabetes:0.00,coronary.artery.disease:0.00;0.0165289819998492;0.1518726140887457
hypertension:0.00,age:78.00,race:black;-0.09539859806142947;0.21804279185395234
hyperlipidemia:0.00;0.039004435764805584;0
asthma:0.00,endstage.renal.disease:0.00,dementia:0.00;0.019867000357308706;0.007017058667713898
sex:male,cerebrovascular.disease:0.00;-0.0452970875539041;0.02036798774818789
cancer:0.00;0.01869815948925989;0
chronic.kidney.disease:0.00;0.01105247504158248;0
copd:0.00;-0.007817702302008317;0
hepatitis:0.00;-0.004912697977890998;0
