Features;Individual Effect;Interaction Effect
sex:male,age:45.00,chf:1.00;0.14965427366080253;0.13896977356971374
chronic.kidney.disease:0.00,diabetes:1.00,cerebrovascular.disease:1.00;-0.1245715017884213;0.07692215206397723
cancer:0.00;0.0314681253297004;0
asthma:0.00;-0.026596634188440965;0
copd:0.00;-0.018618132737193607;0
coronary.artery.disease:0.00;0.017522418556216276;0
race:black;0.015759975127393938;0
hypertension:1.00;0.010182042700117022;0
hepatitis:0.00;0.009465935125088715;0
endstage.renal.disease:0.00;0.007507358512500988;0
dementia:0.00;0.002775813039071765;0
hyperlipidemia:0.00;0.00222931638961801;0
