Features;Individual Effect;Interaction Effect
copd:0.00,coronary.artery.disease:0.00,endstage.renal.disease:0.00;0.048849047229553966;0.04029697125022795
diabetes:0.00,age:77.00,race:black;-0.08008805471017305;0.14294976640762788
sex:male;-0.05393988819720874;0
chf:0.00,hepatitis:0.00;-0.005950020859160854;0.03545238355513852
hypertension:0.00,hyperlipidemia:0.00;-0.03428188769983642;0.005044973528878949
chronic.kidney.disease:0.00,cancer:0.00;0.0009271565198325504;0.024335394848478957
cerebrovascular.disease:0.00;-0.010111380075092935;0
dementia:0.00;0.005866525024537227;0
asthma:0.00;0.002034879307647161;0
