Features;Individual Effect;Interaction Effect
dementia:0.00,age:75.00,chf:0.00;-0.16465053033911914;-0.05924900543715933
copd:0.00,diabetes:0.00,coronary.artery.disease:1.00;-0.10851690632342892;-0.03371937761655447
sex:male,hypertension:0.00;-0.06474435708421034;-0.008496245008196637
race:white,cerebrovascular.disease:0.00,chronic.kidney.disease:0.00;-0.016874770356454682;-0.0481091382940194
hepatitis:0.00;-0.00562540860957172;0
endstage.renal.disease:0.00;-0.004180015137578069;0
cancer:0.00;-0.004068046312611463;0
hyperlipidemia:0.00,asthma:0.00;-0.03752195389426316;0.03585458382549156
