Features;Individual Effect;Interaction Effect
chf:0.00,age:63.00,sex:female;0.044809088335506786;0.0956501511723539
coronary.artery.disease:0.00,cerebrovascular.disease:0.00;0.05449162098510596;-0.012392250742936893
endstage.renal.disease:0.00;-0.026751861372796292;0
asthma:0.00;0.020347999945444326;0
hypertension:1.00,diabetes:1.00;-0.041103108987535775;0.05995990740628874
hyperlipidemia:0.00,cancer:0.00;-0.00341069011882289;0.02133944942443259
hepatitis:0.00;0.011204404394689144;0
dementia:0.00;0.007693460006056481;0
chronic.kidney.disease:0.00;0.007657392389358546;0
copd:0.00;-0.004555989986389543;0
race:black;-0.0006727795168532814;0
