Features;Individual Effect;Interaction Effect
age:89.00,dementia:1.00;-0.26458169288566374;0.05016417853658808
coronary.artery.disease:0.00;0.032204271187882806;0
race:white,diabetes:0.00;-0.016821445157901294;-0.01248635708878357
hypertension:1.00;0.025998406601252744;0
sex:female,hyperlipidemia:1.00;0.02665012462525662;-0.004432477117192496
asthma:0.00;0.019868272900378084;0
copd:0.00;0.018768779359704328;0
chronic.kidney.disease:0.00;0.016931777489931937;0
chf:0.00;0.01577516586246053;0
hepatitis:0.00,cancer:0.00;0.016922792944682352;-0.007332367604264756
endstage.renal.disease:0.00;0.0001495832827779792;0
cerebrovascular.disease:0.00;0.00010257393839198641;0
