Features;Individual Effect;Interaction Effect
copd:0.00;0.05731530368795653;0
race:white;-0.05271831374538042;0
coronary.artery.disease:0.00,chf:0.00;0.014094739046782934;0.03529296593175245
dementia:0.00;0.03408928909577626;0
diabetes:0.00;-0.03344329742254682;0
sex:female,age:89.00,hypertension:0.00;-0.16362050336445977;0.13624789545474808
cancer:0.00;0.010865667850397782;0
hyperlipidemia:0.00;-0.008815396546411175;0
asthma:0.00;0.008195448429699268;0
hepatitis:0.00;-0.007606642491568998;0
chronic.kidney.disease:0.00;-0.004126924727946905;0
endstage.renal.disease:0.00;-0.003027031561659491;0
cerebrovascular.disease:0.00;-0.0014933290761709895;0
