Features;Individual Effect;Interaction Effect
endstage.renal.disease:0.00,hyperlipidemia:1.00,coronary.artery.disease:1.00;-0.14195506178316508;0.010429777474620039
hypertension:1.00,cerebrovascular.disease:0.00,copd:0.00;0.020923841875267857;0.03363653759541683
diabetes:0.00,chf:0.00;-0.001146176259316234;0.0473903856318111
sex:female,age:89.00,dementia:1.00;-0.23354076487011116;0.1977389384183454
race:white,chronic.kidney.disease:0.00;-0.02690724035535086;-0.004074338547137353
hepatitis:0.00;0.01156298717348296;0
cancer:0.00;0.010872865060905101;0
asthma:0.00;0.0019236576938903918;0
