Features;Individual Effect;Interaction Effect
chf:0.00,race:black,cancer:0.00;0.03970787619225824;0.06508291907424267
endstage.renal.disease:0.00,sex:female,hepatitis:0.00;0.04731992147948727;0.05140349147611298
age:81.00,hyperlipidemia:1.00,coronary.artery.disease:1.00;-0.26643835557026047;0.18027079674580637
dementia:0.00,hypertension:1.00,diabetes:1.00;-0.05292108012511742;0.1091663947929569
chronic.kidney.disease:0.00;-0.011352729175242902;0
copd:0.00;-0.010613279567156986;0
cerebrovascular.disease:0.00;0.00736680006338077;0
asthma:0.00;0.006260009995925563;0
