Features;Individual Effect;Interaction Effect
diabetes:0.00,chronic.kidney.disease:1.00;-0.022585428156928544;-0.0670238616176341
race:black,age:59.00,chf:1.00;0.08523777817018197;-0.16401473019196713
cancer:0.00,coronary.artery.disease:0.00,cerebrovascular.disease:1.00;-0.03142488577290092;-0.02911713014140585
sex:male;-0.021366600618407013;0
hyperlipidemia:0.00;0.01529931758895043;0
copd:0.00;0.012528260227570701;0
dementia:0.00;0.007836397112840659;0
hypertension:1.00,endstage.renal.disease:0.00;-0.010338618567824809;0.0026888387286996074
hepatitis:0.00;-0.004982637385899033;0
asthma:0.00;-0.002353147001208946;0
