Features;Individual Effect;Interaction Effect
race:black,age:90.00,hypertension:0.00;-0.1994622729861779;0.14313438853201874
coronary.artery.disease:0.00;0.048244151495230404;0
endstage.renal.disease:0.00,cancer:0.00;0.008980319043583318;0.014182743017408062
dementia:0.00;-0.022179837361645426;0
hepatitis:0.00;0.021338379310002722;0
chronic.kidney.disease:0.00;-0.020612056484723213;0
sex:female;0.02041887971998341;0
diabetes:0.00,asthma:0.00;-0.0013401754055948345;0.0169913316288452
copd:0.00;0.013568410632166782;0
chf:0.00;0.01347120183711338;0
hyperlipidemia:0.00;-0.010254008047969825;0
cerebrovascular.disease:0.00;-0.008240522817836445;0
