Features;Individual Effect;Interaction Effect
asthma:0.00,coronary.artery.disease:0.00,cancer:1.00;-0.05092843077120335;-0.10260792433939483
race:black,age:71.00,diabetes:0.00;0.02212108548786451;-0.17033438427435765
sex:male;-0.07277673502525704;0
cerebrovascular.disease:0.00;-0.029785958803550477;0
dementia:0.00;0.015034856050339138;0
hyperlipidemia:0.00;-0.01327253491838052;0
chf:0.00;0.01230393140777768;0
endstage.renal.disease:0.00;0.007588335701697185;0
copd:0.00;-0.006518513048874372;0
chronic.kidney.disease:0.00;-0.00504397115106793;0
hepatitis:0.00;-0.0020835340388467155;0
hypertension:1.00;0.00203330192936603;0
