Features;Individual Effect;Interaction Effect
hyperlipidemia:0.00,race:white,coronary.artery.disease:1.00;-0.1803407422693457;0.016886679079371053
dementia:0.00,hypertension:1.00,copd:1.00;-0.0015220719486532808;-0.09871061881901977
sex:male,age:59.00,chf:1.00;0.035913276768805846;-0.12146587059716037
chronic.kidney.disease:0.00,asthma:0.00;0.015001327441231616;0.008066950655475698
cerebrovascular.disease:0.00;0.014454794618239772;0
diabetes:0.00;-0.012938166755491403;0
endstage.renal.disease:0.00;0.01204267514442936;0
cancer:0.00;0.006458179803886011;0
hepatitis:0.00;0.005820459522684594;0
