Features;Individual Effect;Interaction Effect
diabetes:0.00,age:84.00,race:asian;-0.10847555721338858;-0.08787104239754726
hypertension:0.00;-0.06597737118657136;0
hyperlipidemia:0.00,dementia:0.00;-0.003954926676382864;-0.055215987157254676
coronary.artery.disease:0.00;0.047966071526364076;0
chf:0.00;-0.03811049072464895;0
sex:male;-0.03351197997181586;0
asthma:0.00;-0.03136431264202018;0
endstage.renal.disease:0.00;-0.02179965461145576;0
copd:0.00;0.019237717344285428;0
cancer:0.00;0.015754367621458605;0
hepatitis:0.00;0.01138908286054044;0
cerebrovascular.disease:0.00;0.0033453749404553437;0
chronic.kidney.disease:0.00;0.003172855868975054;0
