Features;Individual Effect;Interaction Effect
cancer:0.00,coronary.artery.disease:0.00,chf:0.00;0.04001848243895245;0.04770827473298747
diabetes:0.00,asthma:0.00;0.005623537028213166;0.053030887420630404
race:white;-0.057625078824083506;0
hyperlipidemia:0.00,age:76.00,hypertension:0.00;-0.1404438328642083;0.1055578039437175
cerebrovascular.disease:0.00;0.01501369904592438;0
copd:0.00;0.009076236327171418;0
sex:male;-0.006659930235141616;0
endstage.renal.disease:0.00;0.00601080612620228;0
chronic.kidney.disease:0.00,dementia:0.00;0.0005544320139463377;-0.0056648925220368854
hepatitis:0.00;0.001443717333425301;0
