Features;Individual Effect;Interaction Effect
race:asian;0.14184138949364553;0
coronary.artery.disease:0.00,chronic.kidney.disease:0.00;0.07263176255187254;-0.016928736454295067
hypertension:1.00,age:82.00,dementia:1.00;-0.1993248503124464;0.1464230863021248
diabetes:0.00;0.03169636181845219;0
sex:male;-0.02838159651417911;0
hyperlipidemia:0.00,hepatitis:0.00;0.015333190702969679;0.011959501701044591
chf:0.00;0.013599279296287344;0
cancer:0.00;-0.01347230694030781;0
endstage.renal.disease:0.00,asthma:0.00;0.010464599336819647;-0.0001947135618489311
cerebrovascular.disease:0.00;0.005854206345895521;0
copd:0.00;-0.0021149583035952484;0
