Features;Individual Effect;Interaction Effect
race:white,age:73.00,coronary.artery.disease:1.00;-0.2102139612701162;-0.15912293301667363
sex:male,hyperlipidemia:1.00,chronic.kidney.disease:0.00;-0.05357752313145747;-0.009517014068403232
diabetes:0.00;-0.045026018389096506;0
dementia:0.00;0.021687012726079452;0
cerebrovascular.disease:0.00,hypertension:1.00,chf:0.00;0.008766411615984682;-0.026817084458758907
copd:0.00;-0.01749911520487393;0
hepatitis:0.00;0.013002749251230405;0
endstage.renal.disease:0.00;0.008375352947178713;0
cancer:0.00;-0.003760477399316259;0
asthma:0.00;0.0030870127251584403;0
