Features;Individual Effect;Interaction Effect
diabetes:1.00,age:55.00,hypertension:1.00;0.12462704663864166;0.15689835913977512
coronary.artery.disease:0.00,chronic.kidney.disease:0.00;0.05032114819645661;0.016721581442413896
race:black;0.035574195398181414;0
chf:0.00;0.03219121881111872;0
cerebrovascular.disease:0.00;0.017903710012128517;0
dementia:0.00;0.01784584600728196;0
hepatitis:0.00;0.01706970342276975;0
cancer:0.00;0.01021529062841535;0
copd:0.00,sex:male,hyperlipidemia:0.00;-0.044254407617069946;0.03493151486794734
endstage.renal.disease:0.00;-0.0075441649659257;0
asthma:0.00;0.005582194404789229;0
