Features;Individual Effect;Interaction Effect
chf:0.00,age:64.00,hypertension:1.00;0.018528864708643455;0.13019497565668967
hepatitis:0.00,sex:female,diabetes:1.00;-0.017772304403290307;0.11419763238499897
coronary.artery.disease:0.00;0.051851042182017026;0
dementia:0.00,cancer:0.00;0.0049533845597665715;0.02099220220244883
race:black;-0.01741490038897759;0
chronic.kidney.disease:0.00;-0.017056783483460465;0
cerebrovascular.disease:0.00,endstage.renal.disease:0.00;-0.019802633515295653;0.03545126665137485
asthma:0.00,copd:0.00;-0.009706100797196693;0.017958963428294554
hyperlipidemia:0.00;0.0033574468381182276;0
