Features;Individual Effect;Interaction Effect
chf:0.00,age:77.00,hyperlipidemia:1.00;-0.12290645533487515;-0.13256229590763657
coronary.artery.disease:0.00,race:black,diabetes:1.00;0.03605670282151113;-0.10416123592264774
cerebrovascular.disease:0.00,sex:female,hypertension:1.00;0.059217575870847416;-0.023222881020592147
asthma:0.00,cancer:0.00;-0.0012922709530213128;0.024066357953788177
hepatitis:0.00;0.014148520328385988;0
chronic.kidney.disease:0.00,copd:0.00;-0.007358700720965783;-0.0022257859881972195
dementia:0.00;0.007879094408594432;0
endstage.renal.disease:0.00;-0.005493237163157319;0
