Features;Individual Effect;Interaction Effect
hyperlipidemia:0.00,hypertension:0.00,diabetes:0.00;-0.033962614786534395;0.1830554871682266
coronary.artery.disease:0.00,chf:0.00;0.02902969827464652;0.09059355921245266
sex:male,age:83.00,race:hispanic;-0.19492246909235936;0.25544115694589653
dementia:0.00,cancer:0.00;0.008993068918708325;0.01814516687234509
asthma:0.00,copd:0.00;-0.00026208893242751774;-0.012454627576974128
chronic.kidney.disease:0.00;-0.012058912535402942;0
cerebrovascular.disease:0.00;-0.0039648571197351;0
endstage.renal.disease:0.00;0.0014397352107441003;0
hepatitis:0.00;0.0012751265646654408;0
