Features;Individual Effect;Interaction Effect
hypertension:0.00,age:63.00,race:white;-0.011212327782688547;-0.15045790568502426
sex:male;-0.0700711293606538;0
coronary.artery.disease:0.00,hyperlipidemia:1.00,asthma:1.00;0.028096932294652162;-0.08884275514275405
copd:1.00;0.02287752140495288;0
diabetes:0.00;-0.012711563164950382;0
chronic.kidney.disease:0.00;0.011084689521578074;0
hepatitis:0.00,dementia:0.00;-0.0037482890076789843;-0.006448453807385257
cerebrovascular.disease:0.00,cancer:0.00;0.016178186099729874;-0.006197253646863073
chf:0.00;0.008629230558981692;0
endstage.renal.disease:0.00;-0.0001708053274092347;0
