Features;Individual Effect;Interaction Effect
age:68.00,hypertension:1.00,diabetes:1.00;-0.06155522243950229;0.18073446163393134
hyperlipidemia:1.00,copd:1.00,cancer:1.00;-0.14199967284938642;0.2004418027285867
coronary.artery.disease:0.00,chf:0.00;0.014721229801942792;0.03605336661868424
chronic.kidney.disease:0.00,sex:male,asthma:0.00;-0.04772660773476273;0.08191648581057431
race:white;0.02122294832458177;0
dementia:0.00;0.010983835108205981;0
endstage.renal.disease:0.00;-0.0042373925070941995;0
hepatitis:0.00;0.003119384618624429;0
cerebrovascular.disease:0.00;-0.00040218709888741044;0
