Features;Individual Effect;Interaction Effect
sex:female,age:86.00,diabetes:0.00;-0.13933243365067682;-0.057279150819925656
cancer:0.00,race:asian,coronary.artery.disease:1.00;-0.09968811103375119;-0.08222514783417062
copd:0.00,hypertension:1.00,asthma:1.00;0.025085966913628188;0.013224137302682543
hyperlipidemia:0.00;-0.035167603417305814;0
chronic.kidney.disease:0.00;0.019884197074029213;0
hepatitis:0.00;0.011511051919767205;0
dementia:0.00;-0.008770385874488546;0
endstage.renal.disease:0.00;-0.00468877454014276;0
cerebrovascular.disease:0.00;-0.002008866542422775;0
chf:0.00;0.001831045158459721;0
