Features;Individual Effect;Interaction Effect
sex:male,age:79.00,race:white;-0.1805272860531762;-0.12089950204275757
coronary.artery.disease:1.00;-0.10361723409175867;0
chf:0.00,hepatitis:0.00;-0.008150738790739132;-0.038833454076414364
copd:0.00,chronic.kidney.disease:0.00,cancer:0.00;-0.0020698956217121145;-0.024569703727427013
asthma:0.00;-0.024428524533077395;0
hyperlipidemia:0.00;0.016569372146315986;0
dementia:0.00;-0.010807830664156866;0
cerebrovascular.disease:0.00;0.006145355934626236;0
diabetes:0.00;0.005294133231961637;0
endstage.renal.disease:0.00;-0.004769129491713115;0
hypertension:0.00;-0.004049907686262113;0
