Features;Individual Effect;Interaction Effect
age:86.00,diabetes:0.00;-0.18210107125810837;-0.027825679175918827
hyperlipidemia:1.00,coronary.artery.disease:0.00,chf:1.00;0.03745723248629074;-0.16503520649646752
sex:male,cancer:0.00;-0.03037903114707552;-0.05047262526544896
dementia:0.00;0.041746635455519696;0
chronic.kidney.disease:0.00;0.019516358076960984;0
race:white,cerebrovascular.disease:0.00,hepatitis:0.00;0.003603627401832732;-0.02211416957151599
asthma:0.00;0.011277057795621107;0
hypertension:1.00;-0.0027405345455913752;0
copd:0.00;-0.0013433904146554938;0
endstage.renal.disease:0.00;0.0011549870652782096;0
