Features;Individual Effect;Interaction Effect
diabetes:1.00,dementia:0.00;-0.06728327974651538;-0.0005382048108998061
sex:female;0.0533052573370184;0
age:63.00;0.02444442163718386;0
race:black,endstage.renal.disease:0.00;0.015978764312367;-0.0041495180333406476
cerebrovascular.disease:0.00,asthma:0.00;0.010070496707422882;0.00029654581340196606
hyperlipidemia:0.00;-0.006231019061898662;0
chronic.kidney.disease:0.00,chf:0.00,cancer:0.00;0.0060869648233981;-0.00017052518639307755
hepatitis:0.00,coronary.artery.disease:0.00,copd:1.00;0.022996870557369986;-0.020485322159763928
hypertension:0.00;0.0015276090973192248;0
