Features;Individual Effect;Interaction Effect
hyperlipidemia:1.00;0.0668502438564899;0
chf:0.00;-0.036760256045265054;0
sex:male;-0.03647034342138017;0
coronary.artery.disease:0.00,age:82.00,race:white;-0.1311282961362305;0.16232353711086311
hypertension:1.00,diabetes:1.00;-0.034039046462642386;0.05566302687392881
cancer:0.00;-0.01874771341407181;0
cerebrovascular.disease:0.00;0.017215615385871814;0
endstage.renal.disease:0.00;0.00975391975210958;0
dementia:0.00,hepatitis:0.00,chronic.kidney.disease:0.00;-0.01060587007128233;0.006420447504375624
copd:0.00;-0.00348584204221836;0
asthma:0.00;0.0006158208870400486;0
