Features;Individual Effect;Interaction Effect
sex:male;-0.06897848254232011;0
coronary.artery.disease:0.00,dementia:0.00;0.04347772033673458;0.023293746557196765
age:61.00;0.0649429724155015;0
copd:0.00;0.022363105367371128;0
hypertension:1.00,diabetes:1.00;-0.06427045075932614;0.0482116846523358
chf:0.00,hepatitis:0.00;0.016736575321619096;-0.000951003409818834
cancer:0.00;-0.009192542439191542;0
cerebrovascular.disease:0.00,chronic.kidney.disease:0.00;0.017329586164534394;-0.026450217153174825
race:black,hyperlipidemia:0.00;0.024416247659085455;-0.01864789358938408
endstage.renal.disease:0.00,asthma:0.00;-0.005755368068324218;0.0008260201742560386
