Features;Individual Effect;Interaction Effect
hyperlipidemia:0.00,age:53.00,race:black;0.1910361552204196;0.09665627538075044
coronary.artery.disease:0.00;0.06691861621670611;0
diabetes:0.00,chf:0.00;0.009120616825050276;0.01586564966708715
cerebrovascular.disease:0.00,asthma:0.00;0.013367052888170194;0.008996742209539485
hypertension:1.00;-0.020398819682951957;0
chronic.kidney.disease:0.00,dementia:0.00;0.004582607066834776;0.014549994094948969
sex:female;0.017409096784384983;0
hepatitis:0.00,endstage.renal.disease:0.00;-0.0012094848290145066;0.008436650989017351
cancer:0.00;0.006826626237029766;0
copd:0.00;0.001504285041186694;0
