Features;Individual Effect;Interaction Effect
diabetes:0.00,age:87.00,race:asian;-0.08564335803185114;-0.15920194374114413
coronary.artery.disease:1.00,hyperlipidemia:0.00,endstage.renal.disease:0.00;-0.14940027180516935;-0.005000303768503855
chf:1.00;0.03425039230911715;0
sex:male;-0.026855438135942086;0
copd:1.00;0.00732369243726708;0
cancer:0.00,cerebrovascular.disease:0.00,hepatitis:0.00;-0.0025321342858261042;0.009071186802737455
chronic.kidney.disease:0.00;-0.00596593835232994;0
dementia:0.00;0.004530315788215913;0
hypertension:0.00;-0.0016479481981934718;0
asthma:0.00;0.0006702525503283797;0
