Features;Individual Effect;Interaction Effect
coronary.artery.disease:0.00;0.07032522414930048;0
race:white,cancer:0.00;-0.017541618346640697;-0.032209884600520725
sex:female,age:89.00,hypertension:0.00;-0.16423557503706815;0.12910027839687416
asthma:0.00;0.033855498051127066;0
copd:0.00;0.025033021054678847;0
hyperlipidemia:0.00,endstage.renal.disease:0.00;0.01869235909013811;-0.003816656630305393
dementia:0.00;-0.007440680331676684;0
diabetes:0.00;-0.00579331303690449;0
chf:0.00;0.0053951028047842416;0
hepatitis:0.00,chronic.kidney.disease:0.00;-0.007455869720267128;0.011106336006768958
cerebrovascular.disease:0.00;0.002483349003170602;0
