Features;Individual Effect;Interaction Effect
race:white,coronary.artery.disease:1.00;-0.15734148290202;-0.03854395057869969
hypertension:1.00,age:68.00,cerebrovascular.disease:1.00;-0.09810714385550473;-0.0017156605452261359
hepatitis:0.00;0.02922086649707468;0
diabetes:0.00;-0.02709014883968141;0
hyperlipidemia:0.00;-0.01760192246600918;0
copd:0.00;-0.014596772456316798;0
sex:male;0.010588826187869256;0
endstage.renal.disease:0.00;0.004707093393089636;0
chf:0.00;0.004569815457344438;0
asthma:0.00;0.004467035403401463;0
chronic.kidney.disease:0.00;-0.0021914380759663968;0
dementia:0.00,cancer:0.00;-0.0041297010539661505;0.0031053608371895275
