Features;Individual Effect;Interaction Effect
sex:male,age:78.00,hypertension:1.00;-0.14665678349037942;-0.09220222619254398
diabetes:0.00,race:white,coronary.artery.disease:1.00;-0.124236142342312;-0.08752637778263697
chf:0.00;-0.04691208310194461;0
hyperlipidemia:1.00;0.02322327304506491;0
chronic.kidney.disease:0.00;-0.022534510219670477;0
dementia:0.00;0.01944192666187905;0
hepatitis:0.00;-0.012283152514558457;0
cerebrovascular.disease:0.00;0.009829368411449178;0
endstage.renal.disease:0.00;-0.0049107396964317915;0
asthma:0.00;-0.0033892903172149796;0
copd:0.00;-0.0016428481862664837;0
cancer:0.00;-0.0008234993880863392;0
