Features;Individual Effect;Interaction Effect
chf:0.00,age:78.00,hypertension:1.00;-0.10769160489446566;-0.1326743884488122
coronary.artery.disease:1.00,diabetes:0.00,dementia:0.00;-0.10787271912827107;-0.0742603136175424
sex:male;-0.06907234538702005;0
cancer:0.00,race:black,hyperlipidemia:1.00;0.010211727036675167;0.0148008284297485
cerebrovascular.disease:0.00;0.024619596805946525;0
chronic.kidney.disease:0.00;0.015563609069837041;0
hepatitis:0.00;0.012080239759941411;0
copd:0.00;-0.009381731955322551;0
endstage.renal.disease:0.00;0.0008918593917845996;0
asthma:0.00;-0.0005217513752416268;0
