Features;Individual Effect;Interaction Effect
age:77.00,diabetes:1.00;-0.14197407933010175;-0.067083741947423
sex:female,coronary.artery.disease:0.00,cerebrovascular.disease:1.00;0.01103262133110633;-0.13736860924556707
race:black,hypertension:1.00;0.03158084512044779;-0.1117418945986434
hyperlipidemia:0.00;0.016634636501907916;0
chf:0.00;-0.01473750765447665;0
hepatitis:0.00;0.010393042271809663;0
endstage.renal.disease:0.00,asthma:0.00;-0.024171991243351898;0.018342236600940483
copd:0.00,dementia:0.00;0.007838336362865461;-0.011814239138461274
chronic.kidney.disease:0.00,cancer:0.00;0.00543438631209936;-0.004963996354400972
