Features;Individual Effect;Interaction Effect
race:white,age:89.00,sex:male;-0.23466320680072933;-0.043492209725676745
endstage.renal.disease:0.00,cancer:1.00;-0.09155602504615035;0.004932780594610095
hyperlipidemia:0.00;-0.025185860883367134;0
hepatitis:0.00,chronic.kidney.disease:0.00;0.0010471092713295604;0.023355561810563544
coronary.artery.disease:0.00,chf:1.00;0.04997141064234412;-0.06591842811569154
dementia:0.00,diabetes:0.00,copd:0.00;-0.0008209250693888004;0.010833449276167709
hypertension:0.00;-0.004747649992013712;0
cerebrovascular.disease:0.00;0.003922674890489225;0
asthma:0.00;0.0026921584513542873;0
