Features;Individual Effect;Interaction Effect
coronary.artery.disease:0.00;0.07442077068995376;0
hypertension:0.00,diabetes:0.00;-0.0013408362023145104;-0.05531884225194911
cancer:0.00,race:white,endstage.renal.disease:0.00;0.005314677560007919;-0.03936557540256903
dementia:0.00,age:67.00,sex:male;-0.021501963821486447;0.05019404026211279
hyperlipidemia:0.00;0.024776561762648922;0
chf:0.00,asthma:0.00;0.002682270113755103;-0.024208511691190697
chronic.kidney.disease:0.00;0.01850315117606902;0
cerebrovascular.disease:0.00;0.017488272845160812;0
copd:0.00;0.0013778067947897987;0
hepatitis:0.00;0.0013718354940009184;0
