Features;Individual Effect;Interaction Effect
race:black,hypertension:0.00,diabetes:0.00;0.004348133691294942;0.1302957847515434
age:83.00;-0.10556863735798219;0
sex:female;0.10017216237677357;0
coronary.artery.disease:0.00;0.04092107579521193;0
cerebrovascular.disease:0.00;-0.01828585149267125;0
copd:0.00;-0.017142581028947113;0
chronic.kidney.disease:0.00;-0.010258063240825975;0
hepatitis:0.00;-0.008162458707000546;0
endstage.renal.disease:0.00,cancer:0.00;0.024764913005993594;-0.01723326504528642
chf:0.00;-0.004155495252404599;0
hyperlipidemia:0.00,dementia:0.00;0.0003365710252618559;-0.0014138779276254218
asthma:0.00;-0.0003335594006087586;0
