Features;Individual Effect;Interaction Effect
race:black,age:62.00,diabetes:1.00;-0.012590951932231809;-0.17844207128323214
chf:0.00;0.020813465762034678;0
hyperlipidemia:0.00,endstage.renal.disease:0.00;-0.018614560107494293;0.0002208493109591772
copd:0.00;0.016720073206298043;0
asthma:0.00;0.00990482546923829;0
hypertension:1.00;-0.009837203553035566;0
cerebrovascular.disease:0.00,sex:female,hepatitis:0.00;0.06696168125484248;-0.05974809447532345
coronary.artery.disease:0.00;-0.003045133120073956;0
cancer:0.00,chronic.kidney.disease:0.00,dementia:0.00;0.0017234177569024345;-0.003051457198913426
