Features;Individual Effect;Interaction Effect
hypertension:1.00,hyperlipidemia:1.00;-0.011928046927863312;0.06769942275767409
race:asian,cerebrovascular.disease:1.00,endstage.renal.disease:1.00;-0.034728789462348864;0.08433352434532616
dementia:0.00,coronary.artery.disease:1.00,chf:1.00;-0.13417594735021265;0.18323446538524418
sex:female;0.02894391364491622;0
cancer:0.00;-0.00985754990491814;0
hepatitis:0.00;-0.007548798327279803;0
copd:0.00;-0.006745587879892219;0
age:74.00,diabetes:1.00,chronic.kidney.disease:1.00;-0.22498082369364047;0.22851780635768057
asthma:0.00;-0.0030553831781162527;0
