Features;Individual Effect;Interaction Effect
hypertension:0.00;-0.08182845826216557;0
sex:female,age:47.00,race:black;0.2276989304607019;-0.28638252312808815
hyperlipidemia:0.00;-0.03163879050023091;0
hepatitis:0.00,cancer:0.00;0.002084193180067806;0.029270328278085747
coronary.artery.disease:0.00,endstage.renal.disease:0.00,copd:0.00;0.024368291645269102;0.00021044469990372933
cerebrovascular.disease:0.00,asthma:0.00;-0.0005748061376079638;0.022882722341514082
diabetes:0.00;-0.017281460730030916;0
chf:0.00;-0.009142649643076492;0
chronic.kidney.disease:0.00,dementia:0.00;0.008829741693645698;-0.004499286962654593
