Features;Individual Effect;Interaction Effect
diabetes:1.00,age:39.00,sex:female;0.20845272751658728;0.11959101004905837
coronary.artery.disease:0.00;0.0860033079374362;0
race:white,endstage.renal.disease:0.00,copd:0.00;-0.014925483823543306;-0.008967003925937082
asthma:1.00,cerebrovascular.disease:0.00,cancer:0.00;0.013273876299993215;0.0019974594830371225
dementia:0.00,hypertension:0.00,hyperlipidemia:0.00;-0.019786087965316335;0.005005656350267073
chf:0.00;-0.01295541213000767;0
hepatitis:0.00;0.003825823471514306;0
chronic.kidney.disease:0.00;0.0038228660492808687;0
