Features;Individual Effect;Interaction Effect
race:black,age:57.00,diabetes:1.00;0.0542085628715917;-0.21947614974539295
hypertension:1.00,coronary.artery.disease:0.00,asthma:1.00;0.05429160230356522;-0.12496516212929268
hyperlipidemia:0.00;-0.02478136897919385;0
sex:female;0.01455982800358093;0
chf:0.00;0.011654409787645315;0
endstage.renal.disease:0.00;0.011255662253370186;0
dementia:0.00;0.01040034321379486;0
cerebrovascular.disease:0.00,hepatitis:0.00;-0.0022742975718272884;-0.0020768904833410977
copd:0.00,cancer:0.00;-0.0014351233269545016;0.004840696428947088
chronic.kidney.disease:0.00;0.0024285373773587395;0
