Features;Individual Effect;Interaction Effect
sex:female,hyperlipidemia:0.00,coronary.artery.disease:0.00;0.08262637790051719;0.060203498624189056
diabetes:0.00,race:black,hypertension:0.00;-0.011717528415388964;0.13486869495999848
dementia:0.00;0.026457276167590964;0
copd:0.00;-0.025279670419524572;0
cerebrovascular.disease:0.00;0.023418164834064198;0
chronic.kidney.disease:0.00;0.014513629737767946;0
cancer:0.00;-0.007215348776355525;0
endstage.renal.disease:0.00;-0.0051873311510942585;0
age:72.00;0.0046143700754090735;0
chf:0.00;-0.0025914507296405653;0
hepatitis:0.00;-0.002416502776675683;0
asthma:0.00;0.0008018491722150724;0
