Features;Individual Effect;Interaction Effect
diabetes:1.00,coronary.artery.disease:1.00;-0.16969179966205739;0.050456607611385096
dementia:0.00,asthma:1.00,copd:1.00;-0.024829920996664145;0.08745729901360808
age:72.00;-0.05018949903666515;0
endstage.renal.disease:0.00,hypertension:1.00,hyperlipidemia:1.00;-0.014161653663507079;0.053222596767724714
chronic.kidney.disease:0.00;0.0171875857458988;0
hepatitis:0.00;0.015050006299400436;0
race:other;-0.014828464836402868;0
sex:female,cerebrovascular.disease:0.00,cancer:0.00;0.06739273334654161;-0.060981447448566865
chf:0.00;0.005616332610581275;0
