Features;Individual Effect;Interaction Effect
age:89.00;-0.14910584098043242;0
endstage.renal.disease:0.00,dementia:1.00;-0.09553169614629198;-0.029859307441156363
coronary.artery.disease:1.00;-0.09448433488587817;0
chf:1.00,copd:1.00;-0.017475534055931385;0.059839164988840815
diabetes:0.00;-0.029213872360711123;0
chronic.kidney.disease:0.00;0.02919755013949418;0
hyperlipidemia:0.00,asthma:1.00;-0.025358854708318335;0.012379691163785941
race:white,hepatitis:0.00;-0.019938615129269976;0.008095549105537697
sex:female,hypertension:1.00;0.03358467675858068;-0.023434509094645808
cerebrovascular.disease:0.00;-0.007301834725252813;0
cancer:0.00;0.002128473055007539;0
