Features;Individual Effect;Interaction Effect
age:85.00;-0.1648078286643307;0
chronic.kidney.disease:0.00;0.05649325090457225;0
cerebrovascular.disease:0.00;0.03623176441046551;0
race:black;-0.03214090165093358;0
hyperlipidemia:0.00;0.022696205292483607;0
cancer:0.00;0.015287724090841781;0
sex:female;0.013693132948177646;0
diabetes:1.00;0.011255697256088066;0
copd:0.00;0.009508516324998646;0
chf:0.00,endstage.renal.disease:0.00;-0.014888916622710966;0.01936051615780124
dementia:0.00;0.0029891569210213327;0
hepatitis:0.00;-0.0015501584401844612;0
hypertension:1.00;0.0011231230705445344;0
asthma:0.00;0.0006143466981415913;0
coronary.artery.disease:0.00;0.00032152711155851335;0
