Features;Individual Effect;Interaction Effect
sex:male,age:56.00,dementia:0.00;0.17652259609082355;0.004362982490055678
hypertension:0.00,race:black,diabetes:0.00;0.014969984006012904;0.061312211893245205
coronary.artery.disease:0.00,hyperlipidemia:0.00,copd:0.00;0.026162521474263456;0.042887069133997896
cancer:0.00;0.0242789828688824;0
chf:0.00;0.01918267899910171;0
cerebrovascular.disease:0.00;0.01653433270979071;0
asthma:0.00;-0.0035212337810326885;0
chronic.kidney.disease:0.00;-0.003438705508474117;0
hepatitis:0.00;-0.002285207860884264;0
endstage.renal.disease:0.00;-0.0016995959120907067;0
