Features;Individual Effect;Interaction Effect
hepatitis:0.00,age:65.00,copd:0.00;0.09603092165170035;-0.04569259209945724
cancer:0.00,hyperlipidemia:0.00,coronary.artery.disease:0.00;0.0448859136727513;0.005404739230327332
sex:male,cerebrovascular.disease:1.00;-0.10661143152121128;0.08687197215606546
chronic.kidney.disease:0.00;-0.01894542028325867;0
race:black;-0.014286343217621672;0
endstage.renal.disease:0.00;-0.013292000266068811;0
hypertension:1.00,diabetes:1.00;-0.04604683464668058;0.052992167142365355
chf:1.00,asthma:0.00;-0.004972710331453412;0.00850195816981307
dementia:0.00;-0.0014412311378587195;0
