Features;Individual Effect;Interaction Effect
chf:0.00,race:white,coronary.artery.disease:1.00;-0.13381567642587555;-0.1522538722627585
age:69.00;-0.05513937415412935;0
hyperlipidemia:0.00;-0.025862192872753265;0
hypertension:1.00;0.025415431672323723;0
diabetes:1.00;-0.01622596424694341;0
cancer:0.00;0.015786409501740203;0
cerebrovascular.disease:0.00,asthma:0.00;-0.012591132237978253;0.02653605954488853
copd:0.00;0.009932222145245168;0
endstage.renal.disease:0.00;-0.007434017904734134;0
hepatitis:0.00,chronic.kidney.disease:0.00;0.012554341410105807;-0.00642126089548873
dementia:0.00;-0.005123668132598087;0
sex:male;-0.0005825388219211775;0
