Features;Individual Effect;Interaction Effect
race:white,age:88.00,sex:male;-0.16065857337777978;-0.16715948805036085
asthma:0.00,hypertension:0.00,dementia:1.00;-0.09902600750247859;-0.08665900874947663
copd:0.00,coronary.artery.disease:0.00,chronic.kidney.disease:0.00;0.03692612842858356;-0.01270067951586798
diabetes:0.00;-0.010036130072251515;0
chf:0.00;0.009922260972961595;0
hyperlipidemia:0.00;-0.005032709097044613;0
cancer:0.00;0.0021005900981481904;0
hepatitis:0.00;0.0020140297104133953;0
endstage.renal.disease:0.00;0.0005664583729573236;0
cerebrovascular.disease:0.00;-0.0004370359539127497;0
