Features;Individual Effect;Interaction Effect
sex:male,age:80.00,hypertension:1.00;-0.16053646088243195;-0.22861825890956516
hyperlipidemia:0.00,hepatitis:0.00;-0.01586159505620577;-0.023648574600264143
chronic.kidney.disease:0.00,race:white,dementia:0.00;-0.01416647656446246;-0.023661510891906393
coronary.artery.disease:0.00;0.022347122899607746;0
chf:0.00;-0.020898855569581116;0
copd:0.00;-0.019488300333657907;0
diabetes:0.00;0.010221176484015992;0
endstage.renal.disease:0.00;-0.010113394421061829;0
asthma:0.00;0.00712606125051575;0
cancer:0.00;0.004973231652116487;0
cerebrovascular.disease:0.00;0.0038481104532795685;0
