Features;Individual Effect;Interaction Effect
age:68.00;-0.1380142018252353;0
coronary.artery.disease:1.00;-0.11676232231516007;0
chf:0.00;-0.0899982197666465;0
cancer:0.00;0.051392121828814266;0
copd:1.00;0.033494370198077925;0
diabetes:0.00;-0.031003731188743205;0
endstage.renal.disease:0.00;0.025440844809216413;0
chronic.kidney.disease:0.00;0.02524704396225192;0
race:white;-0.022863784365220033;0
cerebrovascular.disease:0.00;-0.02095590083428891;0
hyperlipidemia:1.00;0.017873633864444856;0
hepatitis:0.00;0.006554802833035134;0
asthma:0.00;-0.006239695308821057;0
sex:male;-0.0021153603925504316;0
hypertension:1.00;0.001547872592716099;0
dementia:0.00;-0.0006008751113514999;0
