Features;Individual Effect;Interaction Effect
endstage.renal.disease:0.00,age:86.00,hepatitis:0.00;-0.2012656808446593;-0.004309820216622379
race:white,sex:male,coronary.artery.disease:1.00;-0.18253127929441193;0.04093785599240657
dementia:1.00,hypertension:1.00,chf:1.00;-0.11287619086078704;0.05797354601608835
copd:0.00,diabetes:0.00,chronic.kidney.disease:0.00;-0.011985575190509912;-0.01935615540881154
cancer:0.00;0.008083393841707004;0
cerebrovascular.disease:0.00;0.00797669931396406;0
hyperlipidemia:0.00,asthma:0.00;0.0024198969558671957;-0.004538242474237689
