Features;Individual Effect;Interaction Effect
age:89.00;-0.2099746668363303;0
coronary.artery.disease:1.00,cancer:1.00;-0.23165215398910288;0.12568274972536664
sex:male,dementia:1.00;-0.15083418102007845;0.06752123359309717
endstage.renal.disease:1.00;-0.06514495797967768;0
asthma:0.00;-0.03632755015953523;0
race:white;-0.028671908036738747;0
chronic.kidney.disease:0.00;0.016023924256340243;0
diabetes:0.00;0.012282982141826711;0
hypertension:1.00;0.01052968505187658;0
copd:0.00;0.008163725333598975;0
cerebrovascular.disease:0.00;0.0064929104963172175;0
chf:1.00;0.005417332882737606;0
hepatitis:0.00;-0.002948965789200883;0
hyperlipidemia:1.00;-0.000970109290582697;0
