Features;Individual Effect;Interaction Effect
hypertension:1.00,age:45.00,race:hispanic;0.17054638150883705;0.18456748123894706
coronary.artery.disease:0.00;0.04857307543694887;0
sex:male,chf:0.00;-0.05137382051538697;0.00883987106643392
diabetes:1.00,endstage.renal.disease:0.00,copd:0.00;-0.054282591716467155;0.012110490247187883
cerebrovascular.disease:0.00,hepatitis:0.00;-0.0012922730383543302;0.011998640599704645
dementia:0.00,cancer:0.00;0.012129347300457227;-0.0017086103965267066
chronic.kidney.disease:0.00,asthma:0.00;-0.007394897733920214;0.0003235583491202551
hyperlipidemia:0.00;0.006315912338396878;0
