Features;Individual Effect;Interaction Effect
coronary.artery.disease:0.00;0.10055362945745078;0
race:white;-0.06332358542583134;0
diabetes:0.00,age:78.00,hypertension:0.00;-0.10860146463031817;0.05582786095734234
sex:male,dementia:0.00;-0.05737800214503186;0.026829920259783178
asthma:0.00;-0.02155510209064197;0
copd:0.00;0.020937470057115246;0
chf:0.00;-0.0196798491477948;0
endstage.renal.disease:0.00;0.01914212801952519;0
chronic.kidney.disease:0.00;-0.012219736922820773;0
cerebrovascular.disease:0.00;-0.010534912850603671;0
hyperlipidemia:0.00,hepatitis:0.00;0.0030611751858071745;0.0022178564109293364
cancer:0.00;-0.0046254483518023;0
