Features;Individual Effect;Interaction Effect
coronary.artery.disease:0.00,age:66.00,asthma:0.00;0.12705956539113106;0.058567727161965205
sex:female,cancer:0.00;0.04019314952029618;-0.009938067518815874
cerebrovascular.disease:0.00,race:black,dementia:0.00;0.03326229806858416;-0.01227186498289267
copd:0.00;0.020434576375298497;0
chf:0.00;0.011779795633706014;0
endstage.renal.disease:0.00,chronic.kidney.disease:0.00;-0.005718665916717769;0.013237158635238014
hepatitis:0.00,hypertension:1.00,diabetes:1.00;-0.025138324451052907;0.023638003922155093
hyperlipidemia:0.00;-0.001444910356993841;0
