Features;Individual Effect;Interaction Effect
race:white,hypertension:1.00,hyperlipidemia:1.00;-0.04038053781856776;0.16889117633933323
copd:1.00,age:84.00,asthma:1.00;-0.20320219782522783;0.3027406991142835
endstage.renal.disease:0.00,dementia:0.00;-0.00742618917858673;0.020867227176643542
sex:male,coronary.artery.disease:1.00,chf:1.00;-0.16417545631755237;0.17344334675092302
cerebrovascular.disease:0.00;-0.007161137386889532;0
cancer:0.00;0.006439838953168683;0
chronic.kidney.disease:0.00;-0.0024475370749754907;0
diabetes:0.00;0.001224739984938474;0
hepatitis:0.00;0.00037174476693870723;0
