Features;Individual Effect;Interaction Effect
hypertension:1.00,age:61.00,hyperlipidemia:1.00;0.04705261853569909;0.0714492722315839
race:white;0.04996906806653293;0
diabetes:1.00,chf:1.00;-0.05906304195815998;0.022920759761129977
copd:0.00;0.031168583249493224;0
cerebrovascular.disease:0.00;0.03048963586158858;0
sex:male,hepatitis:0.00;-0.046719345486331054;0.01919065397657182
coronary.artery.disease:0.00;0.02421105767506452;0
dementia:0.00;-0.019449712192585317;0
asthma:0.00;-0.013165744417619401;0
cancer:0.00;-0.010194760040301636;0
chronic.kidney.disease:0.00;-0.005510540413369789;0
endstage.renal.disease:0.00;-0.004854014802780205;0
