Features;Individual Effect;Interaction Effect
race:white,age:60.00,hypertension:1.00;0.03538945572955077;0.07692468720710029
hyperlipidemia:0.00,diabetes:1.00,chronic.kidney.disease:1.00;-0.07626153903630434;0.12497761602554885
cancer:0.00;-0.03414864723192793;0
chf:1.00;0.029536546781061837;0
sex:male,endstage.renal.disease:1.00;-0.05308933055355147;0.02944039799898618
dementia:0.00;-0.01396454188919626;0
copd:0.00;-0.007250911704434645;0
cerebrovascular.disease:0.00;0.00611694918932873;0
coronary.artery.disease:0.00;0.002750730005732305;0
hepatitis:0.00;-0.001272845899819408;0
asthma:0.00;-0.0008592299971621024;0
