Features;Individual Effect;Interaction Effect
coronary.artery.disease:1.00,age:78.00,race:other;-0.24136595709210462;-0.1735319870784287
sex:male;-0.04080993311434166;0
chronic.kidney.disease:0.00,hypertension:0.00,hyperlipidemia:0.00;-0.02480088046285156;-0.008806532977535919
cerebrovascular.disease:0.00,chf:0.00,cancer:0.00;0.002601754323930172;-0.03234534600723219
diabetes:0.00,dementia:0.00;0.006656937239113425;0.0058618270655591
copd:0.00;0.011932933953976724;0
asthma:0.00;-0.006132984131709623;0
hepatitis:0.00,endstage.renal.disease:0.00;-0.0034900710067258256;0.0020375232419861944
