Features;Individual Effect;Interaction Effect
chronic.kidney.disease:0.00,sex:female,hyperlipidemia:1.00;0.038057454008232905;0.07438563458122152
hypertension:1.00,copd:0.00;0.00019304542422882154;0.03390697737813167
diabetes:0.00,age:85.00,coronary.artery.disease:0.00;-0.08101187882723215;0.06237312429423309
hepatitis:0.00,endstage.renal.disease:0.00,dementia:0.00;0.003056678548398639;0.004159780900187874
cerebrovascular.disease:0.00;0.00704729627425298;0
asthma:0.00,race:black,chf:0.00;0.028414522620176297;-0.022463320750904577
cancer:0.00;0.004330997757987419;0
