Features;Individual Effect;Interaction Effect
diabetes:0.00,age:77.00,coronary.artery.disease:1.00;-0.22892466443541493;-0.13778058447221203
sex:male,cerebrovascular.disease:0.00;-0.04678858953721482;-0.01684069284567352
cancer:0.00;0.025598478220756865;0
chf:0.00;-0.017739173645972064;0
hyperlipidemia:0.00,endstage.renal.disease:1.00;-0.006949605880348986;-0.007536167552228596
asthma:0.00;0.009199219977032866;0
dementia:0.00;-0.008314762067565946;0
copd:0.00;-0.006752299466146795;0
chronic.kidney.disease:0.00;0.0062419540923579556;0
hepatitis:0.00;-0.005115307935179447;0
race:black,hypertension:1.00;0.020976815094917778;-0.01818047779846005
