Features;Individual Effect;Interaction Effect
hyperlipidemia:0.00,age:58.00,coronary.artery.disease:1.00;-0.07699523981754924;-0.11738296167546608
diabetes:1.00;-0.09837546618651746;0
sex:male;-0.09357006675190009;0
asthma:0.00,chf:0.00,endstage.renal.disease:0.00;-0.008629991695573103;-0.020513110196832163
cerebrovascular.disease:0.00;-0.011743527810862193;0
copd:0.00;0.011680469706950906;0
dementia:0.00;0.009578452321191998;0
hepatitis:0.00;-0.00862814444843206;0
chronic.kidney.disease:0.00;0.004768896598579382;0
race:black,hypertension:1.00;0.02416980303753058;-0.02770189941199349
cancer:0.00;-0.0021153543176124917;0
