Features;Individual Effect;Interaction Effect
age:73.00,cancer:0.00;-0.07306311816626565;-0.023165043878453334
hypertension:1.00;0.0349281687195898;0
coronary.artery.disease:0.00,race:black,chf:0.00;0.07295902159750622;-0.047449986893774845
cerebrovascular.disease:0.00;0.016822509813425205;0
chronic.kidney.disease:0.00;-0.016188354210125693;0
sex:female;0.012176604952880477;0
diabetes:1.00;-0.005111105314145347;0
endstage.renal.disease:0.00;-0.003691605007037339;0
hyperlipidemia:0.00,dementia:0.00;0.010127329060527157;-0.006730905742111039
hepatitis:0.00,asthma:0.00,copd:0.00;-0.021343998309057755;0.024477710852414625
