Features;Individual Effect;Interaction Effect
age:51.00,sex:female,copd:0.00;0.2137348331886929;0.013706622545134994
chronic.kidney.disease:0.00,hyperlipidemia:0.00,coronary.artery.disease:0.00;0.04041624930933718;0.0573059413893042
race:black,hypertension:0.00,diabetes:0.00;-0.004700581594236475;0.08519052664419931
dementia:0.00,cancer:0.00;0.003630726031203624;0.045261959667843334
chf:0.00;0.018299077613070657;0
asthma:0.00;0.008205106623027904;0
cerebrovascular.disease:0.00;0.005947717755064336;0
endstage.renal.disease:0.00;-0.002862131137896913;0
hepatitis:0.00;-0.002191917474448697;0
