Features;Individual Effect;Interaction Effect
chf:0.00,age:83.00,race:black;-0.07950549373683258;-0.1126182846590641
sex:male,hypertension:0.00;-0.056373980222510056;-0.033603355017368844
coronary.artery.disease:0.00;0.027358120948330567;0
asthma:0.00;-0.019208299973364797;0
hyperlipidemia:0.00;0.016463666213653385;0
diabetes:0.00,cerebrovascular.disease:0.00;-0.007685986123471711;0.023955444512852038
endstage.renal.disease:0.00;-0.008768207525632172;0
copd:0.00;-0.008188004754214747;0
chronic.kidney.disease:0.00,cancer:0.00;0.017500328453291303;-0.02529067068648921
hepatitis:0.00;0.000484285865605439;0
dementia:0.00;-6.032347183272321e-05;0
