Features;Individual Effect;Interaction Effect
cancer:0.00,race:black,hypertension:1.00;0.02903416093121193;-0.14917062412565874
diabetes:0.00;-0.060004665149709924;0
sex:female,age:50.00,endstage.renal.disease:1.00;0.1672878299990721;-0.22696205798452884
hyperlipidemia:0.00;-0.043794048178470005;0
coronary.artery.disease:0.00;0.043439967143000094;0
chronic.kidney.disease:0.00;-0.016494069006404877;0
dementia:0.00;0.015168261589136731;0
chf:0.00;-0.01329297415133111;0
asthma:0.00;-0.012206325669264866;0
hepatitis:0.00;0.008327613433180309;0
cerebrovascular.disease:0.00;-0.003621282864860579;0
copd:0.00;-0.0015290174622908208;0
