Features;Individual Effect;Interaction Effect
race:white,age:88.00,sex:male;-0.1411997573196549;-0.13367479314767322
dementia:1.00;-0.09396213214979363;0
endstage.renal.disease:0.00;-0.03579754802192941;0
cerebrovascular.disease:0.00;0.035006916745096796;0
coronary.artery.disease:0.00;0.02490078446197438;0
chronic.kidney.disease:0.00;0.023244824759264225;0
hypertension:1.00;0.021071995332657762;0
diabetes:0.00;-0.020677541609805054;0
hyperlipidemia:1.00;0.017981422791720714;0
hepatitis:0.00;0.015110886520826261;0
chf:0.00,copd:0.00;0.006702535528895437;-0.020951237754338183
cancer:0.00;0.007042972562746823;0
asthma:0.00;0.00385988112968293;0
