Features;Individual Effect;Interaction Effect
chronic.kidney.disease:1.00,age:77.00,hyperlipidemia:1.00;-0.13299712166609284;-0.18522620785395721
sex:male,race:black,hypertension:1.00;-0.00036802312574424345;-0.06539999797237753
chf:0.00,cerebrovascular.disease:0.00;0.0006871186687947839;-0.01874397499333246
cancer:0.00;0.014141360918313431;0
coronary.artery.disease:0.00,diabetes:1.00,copd:0.00;-0.0346561787413705;0.023352819072805217
hepatitis:0.00,endstage.renal.disease:0.00;0.0030770587866836285;-0.00972658612955496
asthma:0.00;-0.0028981418164955182;0
dementia:0.00;0.002498359673958339;0
