Features;Individual Effect;Interaction Effect
age:28.00,hypertension:0.00,diabetes:0.00;0.28312330192828683;0.055483428569574667
race:white,coronary.artery.disease:0.00;0.01442640791631189;0.043566367576875625
sex:female;0.021168989546107374;0
dementia:0.00;0.01574036580210641;0
cancer:0.00;0.014619786179491112;0
endstage.renal.disease:0.00,asthma:0.00;-0.004104421722186835;0.015614251332288637
chronic.kidney.disease:0.00;0.010452903473029868;0
hepatitis:0.00;0.010321874476240719;0
cerebrovascular.disease:0.00;0.008005947311801417;0
copd:0.00;0.007436613159052533;0
hyperlipidemia:0.00;-0.005165354813183448;0
chf:0.00;0.0024969665523122755;0
