Features;Individual Effect;Interaction Effect
sex:male,age:79.00,hypertension:1.00;-0.19264727963312578;-0.05794775866317259
chronic.kidney.disease:0.00,coronary.artery.disease:1.00,endstage.renal.disease:0.00;-0.1155355484198945;-0.04252648139270104
race:black;0.032148758705927004;0
chf:0.00;-0.022695870833591814;0
cancer:0.00;0.012032940364046625;0
hyperlipidemia:0.00;-0.01042967682257176;0
hepatitis:0.00;0.0035099355911094865;0
asthma:0.00;-0.0025500573674880275;0
diabetes:1.00;-0.0020719041863222973;0
dementia:0.00,cerebrovascular.disease:0.00,copd:0.00;-0.02425260535478979;0.02363267780688142
