Features;Individual Effect;Interaction Effect
sex:female,coronary.artery.disease:0.00,chf:0.00;0.07702456205704689;0.07096950286428177
diabetes:0.00,age:76.00,race:black;-0.10829501633514922;0.14399696725127958
hyperlipidemia:0.00;0.031047474102817177;0
hepatitis:0.00;0.015151080714616322;0
copd:0.00;0.012389088459544234;0
asthma:0.00;-0.010475327923566986;0
chronic.kidney.disease:0.00,hypertension:1.00,endstage.renal.disease:0.00;0.009105244704464721;-0.01811040455577419
cancer:0.00;0.004922797421219772;0
dementia:0.00;0.003748990261892427;0
cerebrovascular.disease:0.00;0.0031896817586947457;0
