Features;Individual Effect;Interaction Effect
asthma:0.00,age:68.00,race:asian;0.014318242132690173;0.0899061447424906
hypertension:1.00,sex:female,diabetes:1.00;-0.02174111687513197;0.1115861350429198
cancer:0.00,coronary.artery.disease:1.00,chf:1.00;-0.11877246835371891;0.0448392924358567
copd:0.00;-0.023263427942412963;0
hyperlipidemia:0.00;-0.02321834131093198;0
chronic.kidney.disease:0.00;0.01760010827035216;0
hepatitis:0.00;-0.0075541103329517;0
endstage.renal.disease:0.00;0.006968871990423211;0
cerebrovascular.disease:0.00;-0.00543510455313154;0
dementia:0.00;-0.00021814751681815438;0
