Features;Individual Effect;Interaction Effect
race:black,age:57.00,diabetes:1.00;0.057346445733011356;-0.16696864468306233
sex:male;-0.09298302757584;0
hypertension:0.00;-0.04143847141610904;0
coronary.artery.disease:0.00;0.0393205916940817;0
chronic.kidney.disease:0.00;0.019690061183857716;0
cerebrovascular.disease:0.00;-0.0176778868547737;0
copd:0.00;-0.017255390249069323;0
endstage.renal.disease:1.00;-0.011494467803561588;0
hyperlipidemia:0.00;-0.008792305058067813;0
chf:0.00;0.008648787918204462;0
hepatitis:0.00;-0.002646608838141256;0
dementia:0.00;0.0006469813770081101;0
asthma:0.00,cancer:0.00;0.002221800014409969;-0.0017403236651718675
