Features;Individual Effect;Interaction Effect
copd:0.00,age:49.00,hypertension:1.00;0.11795517405044575;0.11495531763414832
endstage.renal.disease:0.00,sex:female,diabetes:1.00;0.005656256507204471;0.07923781952360924
coronary.artery.disease:0.00;0.04586310767601467;0
hyperlipidemia:0.00;0.02677982306923188;0
chf:0.00;0.02003788384332559;0
chronic.kidney.disease:0.00;-0.019923661432010083;0
hepatitis:0.00,dementia:0.00;-0.006953614569372157;0.025467238202673048
cerebrovascular.disease:0.00;0.015913631637775733;0
race:black;-0.014029263400796558;0
cancer:0.00;0.010778157339382512;0
asthma:0.00;0.0024266668819096365;0
