Features;Individual Effect;Interaction Effect
sex:female,age:26.00,coronary.artery.disease:1.00;0.20755159540033752;0.042547160028785946
race:asian,dementia:0.00;0.0547482387831576;0.029109526879617986
chronic.kidney.disease:0.00;0.03763818621711139;0
hypertension:0.00;-0.03188962330368443;0
hepatitis:0.00;-0.0248914485435947;0
cerebrovascular.disease:0.00;-0.02383301923235185;0
hyperlipidemia:0.00;-0.021605440463777777;0
copd:0.00;0.018284876462706268;0
cancer:0.00;-0.014821901310536983;0
asthma:0.00;-0.012202050418995967;0
diabetes:1.00;-0.00801945164241302;0
chf:0.00;0.007851447658243884;0
endstage.renal.disease:0.00;-0.004412382144314586;0
