Features;Individual Effect;Interaction Effect
race:white,age:72.00,coronary.artery.disease:1.00;-0.17830113969789763;-0.16313885394120048
sex:male;-0.06207204653042314;0
diabetes:1.00;-0.048896428699444716;0
chf:0.00,hyperlipidemia:0.00,dementia:0.00;-0.021697360414272615;-0.024944711560717682
hypertension:1.00;-0.015206899043701538;0
hepatitis:0.00;-0.011212152968986422;0
asthma:0.00;-0.0083655861852652;0
copd:0.00;-0.00381917177928065;0
chronic.kidney.disease:0.00,cancer:0.00;0.014950598705098406;-0.013487025540089827
cerebrovascular.disease:0.00,endstage.renal.disease:0.00;0.00012199006537216839;-0.0010213803498412138
