Features;Individual Effect;Interaction Effect
race:black,age:65.00,chf:1.00;0.09696287328340239;-0.3067827403432768
hypertension:1.00;-0.08061635302404631;0
sex:female,coronary.artery.disease:0.00,copd:1.00;0.06383084530647698;-0.08869526833008716
diabetes:0.00,cerebrovascular.disease:0.00;0.014627668552734452;-0.032179412387091065
hyperlipidemia:0.00;-0.017144813211447632;0
endstage.renal.disease:0.00;-0.01692547430583366;0
asthma:0.00;-0.007908520553540466;0
hepatitis:0.00;0.006755594208436612;0
cancer:0.00;0.00674007191216279;0
dementia:0.00;-0.0031248592492967783;0
chronic.kidney.disease:0.00;-0.0017429185942164326;0
