Features;Individual Effect;Interaction Effect
diabetes:0.00,age:32.00,hypertension:0.00;0.3074247556600126;0.05083226594972201
cerebrovascular.disease:0.00,hyperlipidemia:0.00,coronary.artery.disease:0.00;0.0423203981996626;0.03525024302801777
chronic.kidney.disease:0.00;0.029139776351950766;0
race:asian;0.027174726090645803;0
cancer:0.00;0.018862541739925368;0
hepatitis:0.00;-0.012122907758432437;0
sex:male;-0.010905763754086195;0
dementia:0.00,endstage.renal.disease:0.00,copd:0.00;0.000889892113428381;0.009495127443909852
chf:0.00;0.010044532783587176;0
asthma:0.00;-0.0015914132691661406;0
