Features;Individual Effect;Interaction Effect
diabetes:0.00,age:37.00,race:other;0.24946040149701876;0.1464410168897845
cerebrovascular.disease:0.00,dementia:0.00;0.0008198107373470487;0.05956447158975654
sex:male;-0.05058085273560612;0
coronary.artery.disease:0.00;0.04336155130499225;0
chf:0.00;0.03992811738284437;0
hepatitis:0.00;0.02987126000674188;0
endstage.renal.disease:0.00;-0.026267538836637662;0
hyperlipidemia:0.00;0.020105930195640116;0
asthma:0.00;0.018009809562937035;0
chronic.kidney.disease:0.00;-0.014941265498365552;0
cancer:0.00;0.012484867208531463;0
copd:0.00;-0.011658564134867176;0
hypertension:0.00;0.010334746293066466;0
