Features;Individual Effect;Interaction Effect
diabetes:0.00,age:85.00,sex:female;-0.11183444425608458;-0.12937954443773797
hyperlipidemia:0.00,coronary.artery.disease:0.00,cancer:1.00;-0.07440941523363631;-0.01938577972024133
hypertension:0.00;-0.04505655826116352;0
cerebrovascular.disease:0.00,race:white,copd:0.00;0.011670984150476404;-0.04752113448967196
hepatitis:0.00,endstage.renal.disease:0.00;0.019305138845513548;0.0026937985813896073
asthma:0.00;-0.010588524230468004;0
dementia:0.00;0.006716485142465298;0
chronic.kidney.disease:0.00;-0.004256158714708545;0
chf:0.00;0.0022997644598495293;0
