Features;Individual Effect;Interaction Effect
race:white,age:70.00,sex:male;-0.04706354899529963;0.13674142401951608
hypertension:0.00,cerebrovascular.disease:1.00,copd:1.00;-0.12445831094005401;0.17414245319435578
coronary.artery.disease:0.00;0.0281280062130501;0
chf:0.00;0.021384720782157248;0
hepatitis:0.00,chronic.kidney.disease:0.00;-0.005323275180819764;-0.014888252434935363
diabetes:0.00;0.01713776427059096;0
hyperlipidemia:1.00;0.0166130967614225;0
asthma:0.00;0.013036921497216303;0
cancer:0.00;0.009493634984677448;0
dementia:0.00;-0.008975127925956745;0
endstage.renal.disease:0.00;-0.003759399889476059;0
