Features;Individual Effect;Interaction Effect
hypertension:1.00,age:75.00,chf:0.00;-0.17808819781461738;-0.06389179254376409
race:white,chronic.kidney.disease:0.00,copd:0.00;-0.01565207653720191;-0.022527640316668242
coronary.artery.disease:0.00,sex:female,cerebrovascular.disease:1.00;0.020052177854647912;-0.05673714105942873
dementia:0.00;-0.011610143978164723;0
diabetes:0.00,cancer:0.00;0.007811276307724602;-0.015342636975959879
asthma:0.00;0.005168397695591652;0
endstage.renal.disease:0.00;-0.004911097029743343;0
hyperlipidemia:0.00;0.003591376207920646;0
hepatitis:0.00;-0.003591287725572656;0
