Features;Individual Effect;Interaction Effect
hyperlipidemia:0.00,age:68.00,copd:1.00;-0.04797140779254783;-0.07706695762086863
race:other;-0.05751196227579705;0
hypertension:1.00,coronary.artery.disease:0.00,chronic.kidney.disease:1.00;0.011945938571871872;-0.0678581930313615
sex:male,diabetes:1.00;-0.08562591903859584;0.0342673581203399
hepatitis:0.00;0.033319069729654475;0
asthma:1.00;-0.009507150796723039;0
chf:0.00;-0.00834493921646269;0
dementia:0.00,cancer:0.00;0.01505076852629017;-0.023332728982344064
cerebrovascular.disease:0.00;0.001303199777617236;0
endstage.renal.disease:0.00;-0.0003819552150597545;0
