Features;Individual Effect;Interaction Effect
hyperlipidemia:0.00,age:99.00,coronary.artery.disease:0.00;-0.2063052500483315;-0.1677337255214088
race:black,hypertension:1.00;0.03088502528750292;-0.08174795071504949
diabetes:0.00;-0.02701951607421374;0
dementia:0.00,chf:0.00,hepatitis:0.00;-0.005756691800207214;-0.014296026509652057
sex:female,cancer:0.00;0.045593325765619586;-0.028306253942334547
asthma:0.00;0.008829332383527046;0
endstage.renal.disease:0.00;-0.008787100029150112;0
copd:0.00;0.0037725922490984484;0
chronic.kidney.disease:0.00;-0.0017735937155104742;0
cerebrovascular.disease:0.00;-0.0011258143560143041;0
