Features;Individual Effect;Interaction Effect
hyperlipidemia:0.00,age:21.00,race:white;0.2890753187954065;0.0012735722700759622
sex:female,hypertension:0.00,diabetes:0.00;0.03659449804752701;0.04759965575209703
coronary.artery.disease:0.00,hepatitis:0.00;0.05740444702018199;-0.005551365762524102
cancer:0.00;0.011306472600387748;0
endstage.renal.disease:0.00,dementia:0.00;0.009427037626471124;0.001012856121880068
cerebrovascular.disease:0.00;-0.006470889968365728;0
chf:0.00;0.005393802285612016;0
chronic.kidney.disease:0.00,copd:0.00;-0.007341730278826342;0.010997235744567298
asthma:0.00;0.001026762880537227;0
