Features;Individual Effect;Interaction Effect
asthma:0.00,age:76.00,race:white;-0.14304759939424683;-0.014769446668789349
hepatitis:0.00,sex:male,hypertension:0.00;-0.05421190402425741;-0.06769586839781014
chronic.kidney.disease:0.00,cancer:1.00;-0.1032034655811056;0.0019900592628304264
diabetes:0.00,coronary.artery.disease:0.00,chf:1.00;0.04960090245194615;-0.08170565722670395
dementia:0.00;0.017623490797648807;0
cerebrovascular.disease:0.00;0.01148978044118093;0
copd:0.00;-0.008042231745082257;0
endstage.renal.disease:0.00;0.003059203788723777;0
hyperlipidemia:0.00;0.00038337161141514293;0
