Features;Individual Effect;Interaction Effect
race:white,age:72.00,coronary.artery.disease:1.00;-0.1840917392837692;-0.1575462251159711
sex:female;0.054441182844782374;0
hypertension:0.00,diabetes:1.00,chronic.kidney.disease:0.00;-0.07417567996155539;0.02659713608550633
chf:0.00;-0.026882320173632013;0
endstage.renal.disease:0.00,cancer:0.00;-0.015393615260674287;0.0024114128023962657
hyperlipidemia:1.00;0.005656629915158251;0
cerebrovascular.disease:0.00,copd:0.00;0.015816529201072904;-0.020644085089941165
hepatitis:0.00,asthma:0.00;-0.0016689386921449056;-0.001579236246536747
dementia:0.00;0.002816743126566046;0
