Features;Individual Effect;Interaction Effect
chf:0.00,age:43.00,sex:female;0.23878260522221495;0.08119495094063883
cancer:0.00,hyperlipidemia:0.00,coronary.artery.disease:0.00;0.050100780301221004;0.03139280275547279
asthma:0.00;-0.03779128488353929;0
endstage.renal.disease:0.00;0.02086592657883713;0
copd:0.00;-0.019347531795432492;0
diabetes:0.00;-0.009477560486246376;0
race:white;0.0076917231284725435;0
cerebrovascular.disease:0.00;-0.006125175308446303;0
chronic.kidney.disease:0.00;-0.00603123045337018;0
hepatitis:0.00;0.005293577137293323;0
hypertension:1.00;-0.0026560884258026163;0
dementia:0.00;0.0022125079818078493;0
