Features;Individual Effect;Interaction Effect
age:76.00,coronary.artery.disease:1.00;-0.2663237130991105;-0.006487309548933395
chf:1.00;0.07882535525624662;0
race:white;-0.061840022611130405;0
sex:female,cancer:0.00;0.027941368778162556;-0.07569698233762534
hypertension:0.00,hepatitis:0.00;-0.029619685528641797;0.0653038183291596
diabetes:0.00,copd:0.00;0.02426017566082228;-0.005273347542120471
dementia:0.00;0.018458982446020664;0
cerebrovascular.disease:0.00;0.010904842190020315;0
asthma:0.00;0.008678973601146105;0
chronic.kidney.disease:0.00;-0.00774521975837494;0
endstage.renal.disease:0.00;-0.0018661373685861776;0
hyperlipidemia:0.00;-0.0008402931610360515;0
