Features;Individual Effect;Interaction Effect
coronary.artery.disease:0.00,age:91.00,hypertension:1.00;-0.12352619623694688;-0.17710642712810992
race:black,diabetes:1.00,chf:0.00;-0.030932362462061436;-0.05013257898481947
chronic.kidney.disease:1.00,hyperlipidemia:1.00,asthma:0.00;-0.028651477091712785;-0.015502980207176519
sex:male;-0.037435578663945895;0
dementia:0.00;-0.014883456710159376;0
copd:0.00;0.011224436740459927;0
cerebrovascular.disease:0.00,cancer:0.00;0.00030391230734583274;0.009064009072870895
endstage.renal.disease:0.00;-0.008567110965975067;0
hepatitis:0.00;0.006943977835988768;0
