Features;Individual Effect;Interaction Effect
hypertension:0.00,diabetes:0.00,hepatitis:0.00;-0.010898519065262291;0.11107985783008412
dementia:0.00,race:asian,asthma:0.00;0.026443051219844915;0.06850091590671749
coronary.artery.disease:0.00;0.08937866623122134;0
cancer:0.00,age:77.00,sex:male;-0.12795411979378202;0.09023488901853827
cerebrovascular.disease:0.00;-0.013473692478919115;0
chf:0.00;-0.008341611369578297;0
copd:0.00;0.007473369862413266;0
hyperlipidemia:0.00;-0.0068539597955898784;0
endstage.renal.disease:0.00;0.0067338254434670605;0
chronic.kidney.disease:0.00;0.0052927692394137416;0
