Features;Individual Effect;Interaction Effect
sex:male,age:77.00,chf:1.00;-0.1810528841813554;0.0819729617107572
coronary.artery.disease:1.00;-0.09538797436335239;0
diabetes:1.00;-0.06408778559411145;0
hyperlipidemia:1.00;-0.04341485234312914;0
hypertension:1.00,chronic.kidney.disease:0.00;-0.008771549598395656;0.0480088682572089
race:white;-0.021888144611241077;0
copd:0.00;-0.018380726877569604;0
asthma:0.00;0.01837854193716726;0
cancer:0.00;0.015796255401772697;0
endstage.renal.disease:0.00;0.013394944593168874;0
dementia:0.00;-0.010104118908968935;0
hepatitis:0.00;-0.004526281071532898;0
cerebrovascular.disease:0.00;-0.0037447548158985183;0
