Features;Individual Effect;Interaction Effect
hypertension:1.00,sex:female,diabetes:1.00;-0.028906097813311493;0.18199919729417266
coronary.artery.disease:1.00;-0.029481940206099514;0
hyperlipidemia:1.00,chf:0.00;-0.012724282136282405;0.03616325075075296
endstage.renal.disease:0.00;-0.01442401846350832;0
cerebrovascular.disease:0.00,copd:0.00;0.002682043738006734;0.011462027535205784
dementia:0.00,age:79.00,race:black;-0.07986092263636435;0.09102117114642055
chronic.kidney.disease:0.00;-0.010744088637929137;0
hepatitis:0.00;-0.007368180078060088;0
asthma:0.00;0.006515187176213433;0
cancer:0.00;0.001618717136200409;0
