Features;Individual Effect;Interaction Effect
coronary.artery.disease:0.00,race:black,cancer:1.00;-0.036179645676396144;-0.12253856185152631
sex:male;-0.11414194876503148;0
age:78.00,chf:0.00,hepatitis:0.00;-0.11535352039644758;0.031165436954304238
hypertension:0.00,chronic.kidney.disease:0.00;-0.023526333575039637;0.05551807945810526
cerebrovascular.disease:0.00;-0.02657028152099733;0
diabetes:0.00;0.023370259178575783;0
dementia:0.00;0.022457653984499084;0
asthma:0.00;-0.010522594346113509;0
endstage.renal.disease:0.00;-0.0017588395634445236;0
hyperlipidemia:0.00,copd:0.00;-0.0036561942282754556;0.003778694691453798
