Features;Individual Effect;Interaction Effect
race:black,age:93.00,hypertension:1.00;-0.17021809705263424;-0.2041844492782242
hyperlipidemia:0.00,hepatitis:0.00;-0.001558445141577769;-0.0412502147366114
cancer:0.00;0.018620463873430672;0
cerebrovascular.disease:0.00,diabetes:0.00,asthma:0.00;0.01067949420251546;0.007000060819642412
endstage.renal.disease:0.00;-0.01155670551286719;0
coronary.artery.disease:0.00;-0.00792064778050769;0
copd:0.00;-0.007460123620817133;0
sex:male;-0.005900948063733012;0
chf:0.00;-0.004930406705793734;0
chronic.kidney.disease:0.00;0.002005839742054566;0
dementia:0.00;-0.0007143372138896688;0
