Features;Individual Effect;Interaction Effect
diabetes:1.00,age:53.00,hypertension:1.00;0.13766495985124594;0.17650505681573042
coronary.artery.disease:0.00,copd:0.00;0.05035873995273954;0.007849848349176639
race:black,chf:0.00;0.016205834325686896;0.024895506153728986
hyperlipidemia:0.00,endstage.renal.disease:0.00;-0.006313438657865378;0.021182561028035545
cerebrovascular.disease:0.00;0.0073106759919207434;0
chronic.kidney.disease:0.00,asthma:0.00;-0.011160527248196717;0.01622502880397754
dementia:0.00;0.005035581175797485;0
hepatitis:0.00;-0.0037311729007025174;0
sex:male,cancer:0.00;-0.05172922853792017;0.05270083498830033
