Features;Individual Effect;Interaction Effect
age:53.00,hypertension:1.00,diabetes:1.00;0.11465136575253443;0.2723465675616465
race:white,dementia:0.00;-0.010999820605166466;0.026808327558491232
chf:0.00,hyperlipidemia:1.00,coronary.artery.disease:1.00;-0.15738603518721206;0.14533341893527552
asthma:0.00;0.008473614631869172;0
chronic.kidney.disease:0.00,copd:0.00;0.01652896559556072;-0.023498404125756267
hepatitis:0.00;-0.006757666184358441;0
cerebrovascular.disease:0.00;-0.003993716173314983;0
sex:male,cancer:0.00;-0.051145271148087756;0.05258551077528004
endstage.renal.disease:0.00;0.000812404295623223;0
