Features;Individual Effect;Interaction Effect
diabetes:1.00;-0.066444092259835;0
age:58.00,chf:0.00;0.06333657224789546;0.002971019653738083
sex:male;-0.03743438440085327;0
hyperlipidemia:0.00,coronary.artery.disease:0.00;0.05291629012478971;-0.016958477544762415
chronic.kidney.disease:0.00;-0.02334372122114224;0
hypertension:1.00,cerebrovascular.disease:0.00,endstage.renal.disease:0.00;-0.004592562607504291;0.026005033358778386
cancer:0.00;0.013674823948543934;0
race:black,copd:0.00;0.011291213719169413;-0.024769270532578876
hepatitis:0.00;0.01013700886049004;0
asthma:0.00;-0.009677474817243585;0
dementia:0.00;0.008398001127517478;0
