Features;Individual Effect;Interaction Effect
sex:male,chronic.kidney.disease:0.00;-0.042359866990154094;-0.048295072156690724
endstage.renal.disease:1.00;-0.0864069810074538;0
hypertension:1.00,age:65.00,race:black;0.10092432573372967;-0.16371230094095987
coronary.artery.disease:0.00;0.05941294897200643;0
diabetes:1.00;-0.04973152517449292;0
cancer:0.00;0.014876585357523727;0
hepatitis:0.00;0.013944163598071576;0
chf:0.00;0.012836690559926596;0
hyperlipidemia:0.00,asthma:0.00,dementia:0.00;-0.008739629031276563;0.01835930716814431
cerebrovascular.disease:0.00,copd:0.00;-0.003972855497561544;0.008388696116736608
