Features;Individual Effect;Interaction Effect
age:74.00;-0.21022784966318706;0
sex:female;0.14211961712053128;0
chf:0.00;-0.11511292672879365;0
cancer:0.00;0.10925307194604145;0
coronary.artery.disease:0.00;0.048957928227867875;0
chronic.kidney.disease:0.00;-0.027897034460553014;0
race:black;-0.020036409508827825;0
dementia:0.00;0.019564642537852707;0
hepatitis:0.00;-0.019023458690573133;0
copd:0.00;0.014011461898800865;0
diabetes:0.00;0.012864920233048105;0
hyperlipidemia:0.00;-0.005604042368224515;0
endstage.renal.disease:0.00;-0.0055854022109261;0
asthma:0.00;-0.0017744307174308955;0
hypertension:0.00;0.0016220583738109124;0
cerebrovascular.disease:0.00;-0.0005690839369132863;0
