Features;Individual Effect;Interaction Effect
hypertension:0.00,age:68.00,race:white;-0.042247595044838104;-0.16467951374825562
coronary.artery.disease:0.00;0.056241168084147225;0
sex:male,dementia:0.00;-0.038783679608907995;-0.01362111726771311
diabetes:0.00;0.026228050969067107;0
cancer:0.00;0.020473653501799135;0
endstage.renal.disease:0.00;-0.013606183712841037;0
chf:0.00;-0.010782044942378674;0
hepatitis:0.00;-0.009328056393078474;0
asthma:0.00;-0.008977713187969352;0
copd:0.00;0.0055020602165645385;0
cerebrovascular.disease:0.00,hyperlipidemia:0.00,chronic.kidney.disease:0.00;-0.012400137802733746;0.011751986157906416
