Features;Individual Effect;Interaction Effect
sex:male,age:41.00,chf:1.00;0.09092158237986137;0.13906744320215159
hyperlipidemia:1.00;-0.0414816925728115;0
race:black,hepatitis:0.00;0.03515466965865466;0.0009377295348721795
hypertension:1.00,diabetes:1.00,chronic.kidney.disease:1.00;-0.07299941126783105;0.10276658349135395
endstage.renal.disease:0.00;-0.010951962063122017;0
dementia:0.00,coronary.artery.disease:0.00,cerebrovascular.disease:0.00;0.04217060632242198;-0.032970992682679466
asthma:0.00;-0.006408175050279151;0
copd:0.00;-0.004094320114617186;0
cancer:0.00;-0.002670996368882562;0
