Features;Individual Effect;Interaction Effect
coronary.artery.disease:1.00,age:58.00,hyperlipidemia:1.00;-0.06605336852299398;0.21809759616812185
dementia:0.00,race:black,chf:0.00;0.0243864813485396;0.0224478383997607
sex:female,copd:0.00;0.04721463218060984;-0.01430437063499395
diabetes:0.00;0.031788607739915764;0
endstage.renal.disease:0.00,cancer:0.00;0.011873618337426617;0.008005601440892865
cerebrovascular.disease:0.00;0.010354153704629668;0
hepatitis:0.00;-0.009568091326789426;0
asthma:0.00;-0.003998141361751521;0
hypertension:1.00;-0.00014299901698390735;0
chronic.kidney.disease:0.00;-3.2155765933225555e-06;0
