Features;Individual Effect;Interaction Effect
race:white,sex:male,hypertension:0.00;-0.0734035917270775;-0.12141393699789438
age:73.00,cancer:0.00;-0.07243092581286725;-0.07118653722831861
copd:0.00;-0.03887243105325265;0
hepatitis:0.00;0.014542237597916511;0
hyperlipidemia:0.00;0.013624505849330715;0
endstage.renal.disease:0.00;0.011886231168111171;0
asthma:0.00;0.008870798205443741;0
diabetes:0.00,coronary.artery.disease:0.00,chf:1.00;0.03929654019410589;-0.030998493641920824
dementia:0.00;0.007162060238305734;0
chronic.kidney.disease:0.00;0.006514737765820722;0
cerebrovascular.disease:0.00;0.0004809314215127175;0
