Features;Individual Effect;Interaction Effect
age:89.00,hyperlipidemia:1.00,coronary.artery.disease:1.00;-0.3344848235393828;0.1270792443472808
sex:male,cerebrovascular.disease:0.00;-0.022832021261536384;0.06368881671991329
race:white,diabetes:1.00,chf:1.00;-0.06687185469531842;0.09577605570749237
hypertension:1.00;0.01825705896136308;0
hepatitis:0.00;-0.01254362741682722;0
endstage.renal.disease:0.00;-0.006702674509019027;0
copd:0.00;-0.005290783295716965;0
cancer:0.00;-0.003295998897392939;0
chronic.kidney.disease:0.00,asthma:0.00,dementia:0.00;-0.005157576147885368;0.004018802616238621
