Features;Individual Effect;Interaction Effect
age:75.00,chf:0.00;-0.1544687356884492;-0.08472273769543393
asthma:0.00,hypertension:0.00,diabetes:1.00;-0.05633305148219181;-0.041430775500755565
hepatitis:0.00,race:asian,sex:female;0.06146428966032591;0.015723853012206773
copd:0.00,hyperlipidemia:1.00,coronary.artery.disease:0.00;0.00615190307468938;-0.07759263861673654
cancer:0.00;0.020661855649549886;0
cerebrovascular.disease:0.00;0.016331542800897134;0
dementia:0.00;0.013277122130058047;0
chronic.kidney.disease:0.00;0.00983318887797191;0
endstage.renal.disease:0.00;0.00576820635190127;0
