Features;Individual Effect;Interaction Effect
race:white,age:70.00,sex:male;-0.02381772073695665;0.14667804022161815
dementia:0.00,cancer:0.00;0.016150301752051344;0.008423968191040992
cerebrovascular.disease:0.00;-0.023075253688989487;0
chf:0.00;0.014188657712429598;0
hyperlipidemia:1.00,coronary.artery.disease:1.00,copd:1.00;-0.1624762175448871;0.1721049895445799
endstage.renal.disease:0.00;-0.007605423628287769;0
hypertension:1.00;0.00727991378867157;0
chronic.kidney.disease:0.00;-0.003569841852748206;0
asthma:0.00;-0.002407228745022595;0
hepatitis:0.00;0.0015447920845292305;0
diabetes:0.00;0.0012974265392367845;0
