Features;Individual Effect;Interaction Effect
race:white,diabetes:1.00,chronic.kidney.disease:1.00;-0.08724152442836319;0.22682433689104128
age:75.00,coronary.artery.disease:1.00,chf:1.00;-0.288066955027176;0.25256969031468735
sex:male;-0.013907908449200776;0
hyperlipidemia:0.00,hepatitis:0.00;-0.0148366511177912;0.027240159578012676
cerebrovascular.disease:0.00;-0.00828452259330983;0
asthma:0.00,endstage.renal.disease:0.00,dementia:0.00;-0.006686726230645812;-0.0008445745911148349
copd:0.00;-0.006435123645147672;0
hypertension:1.00,cancer:0.00;0.0012112593353178491;-0.004670758325618533
