Features;Individual Effect;Interaction Effect
hypertension:0.00,race:other,coronary.artery.disease:1.00;-0.16901734559820653;-0.09314151041969415
age:39.00,sex:male,diabetes:1.00;0.0973676551339045;-0.16953863078757142
hyperlipidemia:0.00,chronic.kidney.disease:0.00;0.021276299781799457;-0.08204539651919156
chf:0.00,endstage.renal.disease:0.00;0.011520272319066271;-0.052230970820104944
dementia:0.00;0.010243859765035473;0
asthma:0.00,cerebrovascular.disease:0.00,hepatitis:0.00;0.011621474306562019;-0.019206139115365062
cancer:0.00;-0.006340159826519864;0
copd:0.00;-0.0015802773929421868;0
