Features;Individual Effect;Interaction Effect
sex:male,age:32.00,race:other;0.23390763386350844;0.10804758750694887
dementia:0.00,coronary.artery.disease:0.00,hepatitis:0.00;0.04907778167484733;0.0004704069689374507
diabetes:0.00;0.04574764280913629;0
hyperlipidemia:0.00;0.016344347210779365;0
cerebrovascular.disease:0.00;0.013608488635671954;0
asthma:0.00,hypertension:0.00,cancer:0.00;-0.012466528732882343;0.01932818422556775
endstage.renal.disease:0.00,copd:0.00;-0.007440846133559553;0.013498933322808368
chf:0.00;-0.00207203515465329;0
chronic.kidney.disease:0.00;-0.0010320376186646052;0
