Features;Individual Effect;Interaction Effect
diabetes:0.00,age:60.00,hypertension:1.00;0.07237848484912413;0.15419847781432863
coronary.artery.disease:0.00;0.1210342809112265;0
sex:male,asthma:1.00;-0.0394993155905734;-0.005750372491235035
hepatitis:0.00;-0.03452612415611639;0
dementia:0.00;0.02970362626254282;0
copd:0.00,cancer:0.00;0.0199129456049304;0.007648048501108756
race:black;0.02437948918649836;0
chf:0.00;0.01329082819242939;0
endstage.renal.disease:0.00;0.012594647383128085;0
hyperlipidemia:0.00;-0.005168810613117733;0
cerebrovascular.disease:0.00;0.0037267279608220252;0
chronic.kidney.disease:0.00;0.0004652297337463182;0
