Features;Individual Effect;Interaction Effect
coronary.artery.disease:0.00,sex:male,endstage.renal.disease:1.00;0.011764297459715967;0.03962917933033097
race:black;0.033179247881884325;0
age:72.00,hypertension:1.00,diabetes:1.00;-0.05398520431546949;0.07736957681208415
cerebrovascular.disease:0.00,hepatitis:0.00;0.0065795873341163436;0.008147065241611913
asthma:0.00,hyperlipidemia:0.00,cancer:0.00;0.0006250929150777296;0.013100311496753413
copd:0.00;0.010388818051486663;0
chf:0.00,chronic.kidney.disease:0.00;-0.0007539686687043634;-0.0016680586708142965
dementia:0.00;-0.0002945180993202748;0
