Features;Individual Effect;Interaction Effect
hypertension:1.00,age:66.00,asthma:1.00;0.08666892479071864;-0.28297164467520575
diabetes:0.00,coronary.artery.disease:0.00,chf:1.00;0.03226746644840729;-0.12629644491532188
cancer:0.00;-0.01498552597481215;0
sex:female;0.012962071653100718;0
copd:0.00;0.012311087995549176;0
hepatitis:0.00,endstage.renal.disease:0.00;0.0073891935065387715;-0.000771413360433789
hyperlipidemia:0.00;-0.006548686350323251;0
dementia:0.00;0.004730820517659804;0
cerebrovascular.disease:0.00;0.003965886413031899;0
chronic.kidney.disease:0.00;-0.0024948948154781304;0
race:white;0.0006074653281328752;0
