Features;Individual Effect;Interaction Effect
sex:male,age:35.00,hepatitis:1.00;0.1343803176241921;0.04235140778679394
endstage.renal.disease:1.00;0.06509752231041589;0
asthma:0.00;-0.04495111960560037;0
coronary.artery.disease:0.00;0.03456415708271951;0
chf:0.00;-0.022365440198336018;0
hyperlipidemia:0.00;0.01944196982941665;0
race:black;0.019327015843129694;0
cancer:0.00,hypertension:1.00,diabetes:1.00;-0.04052320028845058;0.02732440513088668
dementia:0.00;0.008986058783810298;0
copd:0.00;-0.003633820591671527;0
cerebrovascular.disease:0.00;-0.003007268165984074;0
chronic.kidney.disease:0.00;0.00015358705725185273;0
