Features;Individual Effect;Interaction Effect
asthma:0.00,age:59.00,chf:0.00;0.06139441110342536;0.023806385622326856
race:black,hypertension:0.00;0.013130301642683695;0.025430868286068574
hyperlipidemia:0.00,diabetes:1.00,copd:1.00;-0.06721766338336249;0.1053368680737703
dementia:0.00;-0.01924784782622358;0
cancer:0.00;-0.013948918234121546;0
sex:male,coronary.artery.disease:0.00;0.020814289437568467;-0.0079498829628285
endstage.renal.disease:0.00;-0.011825422360546251;0
cerebrovascular.disease:0.00;-0.009378269127089136;0
hepatitis:0.00;0.004642013863997721;0
chronic.kidney.disease:0.00;-0.0036305837301983026;0
