Features;Individual Effect;Interaction Effect
age:89.00,hypertension:0.00;-0.20765485686221002;0.07264561176105508
race:white;-0.08564514147818969;0
coronary.artery.disease:1.00;-0.06850010420297512;0
diabetes:1.00;-0.0671465477467033;0
sex:male,hyperlipidemia:0.00;-0.05615317320354851;0.004788167499770221
hepatitis:0.00;0.026301280235010792;0
chronic.kidney.disease:0.00;-0.025163532451359626;0
cancer:0.00;0.024863202217890137;0
cerebrovascular.disease:0.00;-0.017433791761546136;0
chf:0.00,dementia:0.00;-0.001181579391314913;-0.015098166418628791
asthma:0.00,copd:0.00;-0.01618900789255251;0.026379080208668797
endstage.renal.disease:0.00;-0.008949490378175624;0
