Features;Individual Effect;Interaction Effect
age:89.00;-0.17230791721258665;0
coronary.artery.disease:1.00;-0.09360281108480877;0
dementia:1.00;-0.06709167571073721;0
chronic.kidney.disease:0.00;0.05377487931411162;0
cancer:0.00,cerebrovascular.disease:1.00,endstage.renal.disease:0.00;-0.05425976438938257;0.004254160999329119
sex:female;0.02591395278374147;0
copd:0.00;-0.025623057992121785;0
hyperlipidemia:1.00;-0.021727502361544783;0
diabetes:0.00;-0.020008182134924883;0
asthma:0.00;-0.01739882089325839;0
race:white;0.012567587144596541;0
chf:1.00;-0.01036211074703803;0
hypertension:1.00;-0.005772185550501366;0
hepatitis:0.00;-0.005263477246109554;0
