Features;Individual Effect;Interaction Effect
coronary.artery.disease:0.00,age:86.00,race:black;-0.12086976185188725;-0.15569279803567854
copd:0.00,sex:male,hypertension:0.00;-0.08309926826540853;-0.08052991583638294
diabetes:0.00;0.022002856386190928;0
dementia:0.00;0.018020213798234104;0
endstage.renal.disease:0.00;-0.01588193810018257;0
hepatitis:0.00,chf:0.00,cerebrovascular.disease:0.00;0.018073628804025296;-0.03300124964484108
hyperlipidemia:1.00;-0.008827209077938918;0
asthma:0.00,cancer:0.00;0.01885982935679964;-0.025950834981752418
chronic.kidney.disease:0.00;-0.0022562223060690126;0
