Features;Individual Effect;Interaction Effect
coronary.artery.disease:0.00,diabetes:0.00,chronic.kidney.disease:0.00;0.04762952860357228;0.028046443861937012
sex:female;0.05526895412582719;0
cerebrovascular.disease:0.00;0.024232350439549202;0
hyperlipidemia:0.00,age:83.00,race:white;-0.12691070651343517;0.15031665836447403
chf:0.00,hypertension:1.00,dementia:1.00;-0.12914682781941672;0.14965377475311814
asthma:0.00;-0.015199944934094677;0
copd:0.00;0.009058556241937089;0
endstage.renal.disease:0.00;-0.0073593992827449065;0
cancer:0.00;0.006120078781296686;0
hepatitis:0.00;0.003480921065713129;0
