Features;Individual Effect;Interaction Effect
hyperlipidemia:0.00,age:57.00,coronary.artery.disease:1.00;-0.06655541300628859;-0.11788917877137584
endstage.renal.disease:1.00,race:black,hypertension:1.00;0.0462497491681384;-0.08282873923477575
sex:female;0.02275568040247589;0
cancer:0.00;-0.012147903395568555;0
diabetes:0.00,dementia:0.00;0.006752554326274642;-0.017417404161366362
hepatitis:0.00;-0.003225394117251576;0
chf:0.00,cerebrovascular.disease:0.00;-0.012334450747083392;0.015421580595907657
copd:0.00;0.0018670354607000228;0
chronic.kidney.disease:0.00,asthma:0.00;0.016189843547674165;-0.017008627148063855
