Features;Individual Effect;Interaction Effect
coronary.artery.disease:0.00,age:60.00,sex:female;0.16582471731029036;0.10349637888439961
chf:0.00;0.043480475030110266;0
copd:0.00,hypertension:1.00,diabetes:1.00;-0.032057690725301624;0.00266934757255129
cerebrovascular.disease:0.00;0.021682453481116016;0
asthma:0.00;0.02085718945250466;0
race:black;0.018819367938970266;0
dementia:0.00;0.013332028095067072;0
cancer:0.00;-0.009674376219214756;0
endstage.renal.disease:0.00,chronic.kidney.disease:0.00;0.005600701021899135;-0.01326428457093531
hyperlipidemia:0.00;-0.0026023392827472652;0
hepatitis:0.00;0.0024850009022938796;0
