Features;Individual Effect;Interaction Effect
diabetes:0.00,age:64.00,hyperlipidemia:1.00;0.03186201716892856;0.2101703071347566
cancer:0.00,coronary.artery.disease:0.00,chf:0.00;0.054967614032848666;0.05285553231076329
race:black,endstage.renal.disease:0.00;0.008455638557402945;0.008346760673856403
sex:male,hypertension:1.00;-0.04329179951269685;0.055500073283172774
chronic.kidney.disease:0.00;-0.011306485456498247;0
dementia:0.00;-0.008570256182015665;0
asthma:0.00;0.006510019997140716;0
copd:0.00;0.00597733741173085;0
cerebrovascular.disease:0.00;0.00409209659038913;0
hepatitis:0.00;0.0021003113343163182;0
