Features;Individual Effect;Interaction Effect
cancer:0.00,age:89.00,hypertension:1.00;-0.1979468822878241;-0.08095824481455549
sex:female,race:white,coronary.artery.disease:1.00;-0.10355787569719238;-0.09077451309187687
hyperlipidemia:1.00;0.04202349388144867;0
diabetes:1.00;0.01697089273997382;0
chronic.kidney.disease:0.00,copd:0.00;0.010451133036779692;-0.025030963103692783
chf:1.00;0.013000973508337468;0
asthma:0.00;0.012147610759662017;0
dementia:0.00;-0.011711216784901383;0
endstage.renal.disease:0.00;0.0034612645988623403;0
cerebrovascular.disease:0.00;-0.002440659042758808;0
hepatitis:0.00;0.0004825638359955142;0
