Features;Individual Effect;Interaction Effect
cancer:0.00,hyperlipidemia:0.00,coronary.artery.disease:0.00;0.04223822363321594;0.049088757609745834
race:white,hypertension:1.00;-0.023212922060084077;0.053451384776849395
endstage.renal.disease:0.00;-0.01810110290015978;0
age:79.00,sex:female;-0.09723584198003349;0.07917456224935163
chronic.kidney.disease:0.00;-0.015616491814794475;0
dementia:0.00,cerebrovascular.disease:1.00,asthma:0.00;-0.07293387062383433;0.06004078639225946
hepatitis:0.00;0.00966619858840691;0
chf:0.00;-0.008495758518844824;0
diabetes:0.00;0.00550896434467198;0
copd:0.00;-0.0016955465444272858;0
