Features;Individual Effect;Interaction Effect
age:84.00,coronary.artery.disease:1.00;-0.2953774690514914;0.031990333950413785
sex:male,dementia:1.00;-0.14819330313407547;0.08737519877907171
asthma:0.00;-0.04904885172686419;0
race:white;-0.04417029452874205;0
chronic.kidney.disease:0.00;-0.0303374981893205;0
cerebrovascular.disease:1.00,endstage.renal.disease:0.00;-0.06735934947580569;0.038757011824680596
chf:0.00;-0.02669179840833509;0
diabetes:0.00;0.02024727778172481;0
hyperlipidemia:1.00;-0.014521573788731493;0
copd:0.00;-0.01308476736533157;0
hypertension:1.00;0.012311218908001506;0
hepatitis:0.00;0.00448005533636853;0
cancer:0.00;0.0041221157306130865;0
