Features;Individual Effect;Interaction Effect
diabetes:0.00,race:asian,coronary.artery.disease:1.00;-0.1012056980047869;-0.10270374734948517
age:75.00;-0.1851114930851039;0
sex:male,cerebrovascular.disease:0.00;-0.022805081559081786;-0.03743131325180258
endstage.renal.disease:0.00;0.026484123228911437;0
chf:0.00;-0.02133442433508951;0
hypertension:0.00;0.02012268284738987;0
asthma:1.00;0.015813610130111372;0
hyperlipidemia:0.00,copd:1.00;-0.05004297268511271;0.06253376911302418
chronic.kidney.disease:0.00;-0.01241636247508654;0
hepatitis:0.00;0.011756177787772389;0
cancer:0.00;0.01008157378017677;0
dementia:0.00;-0.00979636934151918;0
