Features;Individual Effect;Interaction Effect
cancer:0.00,age:40.00,sex:female;0.23655862661014093;0.11764200789619006
hepatitis:0.00,coronary.artery.disease:0.00,chf:0.00;0.043322442019404606;0.024811212171299404
chronic.kidney.disease:0.00,cerebrovascular.disease:0.00,dementia:0.00;0.0003359986057921427;0.023231046969905404
hypertension:0.00,diabetes:0.00;0.004779074579713938;0.01623046511099671
hyperlipidemia:0.00;0.009118664439814638;0
race:white,asthma:0.00;-0.027925845145985173;0.020361245135664126
copd:0.00;0.004779283412357463;0
endstage.renal.disease:0.00;0.001022373677630417;0
