Features;Individual Effect;Interaction Effect
cancer:0.00,coronary.artery.disease:1.00,hepatitis:0.00;-0.13437251653919347;0.035957598734569635
diabetes:1.00;-0.07195725744873183;0
sex:male;-0.054852182217880074;0
hypertension:1.00;0.02774980341212952;0
cerebrovascular.disease:0.00;0.026874396415678427;0
race:white;0.021976490409524697;0
hyperlipidemia:1.00,age:65.00,chf:1.00;0.07473295927828971;-0.09236058040004003
asthma:0.00;-0.01020937901853814;0
endstage.renal.disease:0.00;-0.00762073880073897;0
copd:0.00;-0.004023655668823289;0
chronic.kidney.disease:0.00;0.003856036496040563;0
dementia:0.00;-2.7242318416453165e-05;0
