Features;Individual Effect;Interaction Effect
age:48.00;0.19923072547796006;0
sex:female,hyperlipidemia:0.00,coronary.artery.disease:0.00;0.08462964849838328;0.06747458652530688
chronic.kidney.disease:0.00,cancer:0.00;-0.01636319887966986;0.045563250375781475
hypertension:1.00,diabetes:1.00;-0.03394250173367863;0.057670185914134836
chf:0.00;0.01789665111330023;0
hepatitis:0.00;0.013492408933096403;0
cerebrovascular.disease:0.00;0.011146976722442246;0
copd:0.00;-0.005715879274032536;0
race:white;-0.0050527415595535835;0
dementia:0.00;0.0024078204781173684;0
endstage.renal.disease:0.00,asthma:0.00;0.005830814991263256;-0.0059715972783497655
