Features;Individual Effect;Interaction Effect
sex:male,age:60.00,diabetes:1.00;-0.021421908968659586;-0.28998760077101426
cerebrovascular.disease:0.00,hypertension:0.00,cancer:0.00;-0.00699058278667164;-0.0522085716410782
race:black,coronary.artery.disease:0.00;0.07927380756323366;-0.04652587436174431
hepatitis:0.00,hyperlipidemia:0.00,chronic.kidney.disease:0.00;-0.028699694963710387;0.001457099328454517
chf:0.00;-0.01488476101648194;0
copd:0.00;-0.0068648121753595165;0
endstage.renal.disease:0.00,dementia:0.00;-0.018361413539193294;0.02375095390376794
asthma:0.00;0.002258809008236079;0
