Features;Individual Effect;Interaction Effect
sex:female,coronary.artery.disease:0.00,endstage.renal.disease:0.00;0.06043399783450487;0.059892235091534615
race:white,diabetes:1.00,chf:1.00;-0.0651580282080803;0.13367286637271691
age:85.00,hyperlipidemia:1.00;-0.14837267005718519;0.10416067262663664
asthma:0.00;0.02699703696920425;0
hypertension:1.00,copd:0.00;-0.017182382612603516;0.03844831561770708
dementia:0.00;0.012815847341942944;0
hepatitis:0.00;0.009139880291805985;0
cancer:0.00;0.004986250056601953;0
cerebrovascular.disease:0.00;-0.0031212311716774513;0
chronic.kidney.disease:0.00;-0.002212794964804393;0
