Features;Individual Effect;Interaction Effect
diabetes:0.00,hypertension:0.00,dementia:1.00;-0.11636455971660431;-0.06762380363585957
cancer:0.00,age:82.00,chf:0.00;-0.12292803796629581;-0.01093960257567378
coronary.artery.disease:0.00,cerebrovascular.disease:0.00;0.047183188725372305;0.008934459722313215
asthma:0.00;0.027434196688631472;0
race:asian,endstage.renal.disease:0.00,chronic.kidney.disease:0.00;0.0319382228521341;-0.05647270810131104
hepatitis:0.00;0.013312052288246421;0
sex:female;0.00950679097979326;0
hyperlipidemia:0.00;-0.00656500318109908;0
copd:0.00;-0.0037217068806722937;0
