Features;Individual Effect;Interaction Effect
diabetes:0.00,race:white,coronary.artery.disease:1.00;-0.12479306310782068;-0.136523804980743
hyperlipidemia:0.00,age:82.00,hypertension:1.00;-0.13339588437478922;-0.04697402474370371
cancer:0.00;0.015120289458425508;0
copd:0.00;-0.013033956369420546;0
sex:female;0.010901341834404303;0
asthma:0.00;0.010362892254171113;0
cerebrovascular.disease:0.00,hepatitis:0.00;-0.008421126646347643;0.016148489075588163
dementia:0.00;0.0063034081786290524;0
chronic.kidney.disease:0.00,chf:1.00,endstage.renal.disease:1.00;0.0006056485253171928;0.0023214266272810063
