Features;Individual Effect;Interaction Effect
coronary.artery.disease:0.00,age:47.00,cancer:1.00;0.06884457304279301;-0.23516416282269803
hypertension:1.00,sex:female,diabetes:0.00;0.05548707909066675;-0.15707560985329946
race:asian,asthma:0.00;0.03962950188443537;-0.08041247110122633
hyperlipidemia:0.00;-0.040438058826606865;0
hepatitis:0.00;0.016257277227842197;0
endstage.renal.disease:0.00;-0.01362857009744798;0
chf:0.00;-0.009100562772550114;0
chronic.kidney.disease:0.00;0.007849473218939314;0
cerebrovascular.disease:0.00;-0.006928063365256632;0
copd:0.00,dementia:0.00;0.0007494063663914252;-0.0020365674127707546
