Features;Individual Effect;Interaction Effect
age:89.00;-0.15068018664236496;0
sex:male,coronary.artery.disease:1.00;-0.18180264913529653;0.03551695573862815
dementia:1.00;-0.14587952813668523;0
race:white,diabetes:0.00;-0.010957220242294174;-0.03966236275480643
hyperlipidemia:0.00;0.019434878848019848;0
cancer:0.00,hepatitis:0.00,copd:0.00;0.0017798849800387817;-0.018762076503348782
endstage.renal.disease:0.00;-0.013153391178178774;0
hypertension:0.00;-0.008826365927717364;0
chf:0.00;-0.00773586264396588;0
cerebrovascular.disease:0.00,chronic.kidney.disease:0.00;-0.012160150119606361;0.010660564190500214
asthma:0.00;0.0005397726283790406;0
