Features;Individual Effect;Interaction Effect
sex:female,hypertension:1.00,diabetes:1.00;-0.009827740894087111;0.1413914913951808
endstage.renal.disease:0.00,dementia:0.00;-0.004687799360887923;0.02579814228382557
race:black,age:89.00,coronary.artery.disease:1.00;-0.29593329972741045;0.2836489509019421
copd:0.00,hyperlipidemia:0.00,cerebrovascular.disease:0.00;-0.005207029158110665;0.01471355313453802
chf:0.00;0.008090080619636932;0
asthma:0.00;-0.007754980778341074;0
chronic.kidney.disease:0.00;-0.004503190190061315;0
cancer:0.00;0.00402374257682077;0
hepatitis:0.00;-0.00199762204207158;0
