Features;Individual Effect;Interaction Effect
diabetes:0.00,race:white,coronary.artery.disease:1.00;-0.1308582936142429;-0.1400302011626881
age:85.00,asthma:0.00;-0.14662409266562243;0.035049887738764385
dementia:0.00,sex:male,hypertension:0.00;-0.04216881988046017;-0.0028858866415004056
chf:0.00,chronic.kidney.disease:0.00;-0.0027231000928357174;-0.020077522545395195
cancer:0.00;-0.019684071430410982;0
endstage.renal.disease:1.00;-0.011259321882754358;0
copd:0.00;0.009281308630449257;0
hepatitis:0.00;0.009220288689794763;0
cerebrovascular.disease:0.00;0.006107249117303731;0
hyperlipidemia:0.00;-0.0054001358336162415;0
