Features;Individual Effect;Interaction Effect
age:84.00,chf:0.00;-0.18344846209521248;0.02114162338289413
hypertension:1.00,cancer:1.00;-0.11259745150204753;0.045577010536791265
diabetes:1.00,endstage.renal.disease:0.00;-0.05238732426082465;-0.014440247129271597
sex:male;-0.04989338033671625;0
race:other,coronary.artery.disease:0.00,hepatitis:0.00;0.04627988236092584;-0.010877841776149866
cerebrovascular.disease:0.00;0.00716491496454499;0
hyperlipidemia:0.00;-0.006550954837455103;0
dementia:0.00;0.004747987560932976;0
asthma:0.00,chronic.kidney.disease:0.00,copd:0.00;0.005415846369956179;-0.008372207365363385
