Features;Individual Effect;Interaction Effect
hypertension:1.00,age:54.00,sex:male;0.12854472842825726;0.12544962802370263
chf:1.00;-0.05374860788708459;0
coronary.artery.disease:0.00,chronic.kidney.disease:0.00;0.049702182438358555;0.000324747058889685
race:black;0.027452527810496962;0
diabetes:0.00,hyperlipidemia:0.00,endstage.renal.disease:0.00;0.006780744381258641;0.020417287189962392
cancer:0.00;0.02043281017583071;0
cerebrovascular.disease:0.00,asthma:0.00;0.007300116003975954;0.006759743632653057
hepatitis:0.00,dementia:0.00;0.01277007399369856;-0.0006160342844988287
copd:0.00;0.007843498390551316;0
