Features;Individual Effect;Interaction Effect
race:black,age:67.00,cerebrovascular.disease:1.00;-0.012772666470145022;-0.1496854084422034
sex:male,diabetes:1.00;-0.08731029673361324;0.0214708688408696
cancer:0.00;0.025496178673691222;0
hypertension:1.00;-0.024047544079534258;0
coronary.artery.disease:0.00,dementia:0.00;0.052253574443412276;-0.03396000434729268
hepatitis:0.00;0.013987328567516477;0
chronic.kidney.disease:0.00;-0.010711727334757323;0
endstage.renal.disease:0.00;0.008991991720254885;0
asthma:0.00;-0.004616615021397487;0
copd:0.00;-0.004241914201168661;0
hyperlipidemia:0.00;0.0035623619655244174;0
chf:0.00;-0.0024378908444374625;0
