Features;Individual Effect;Interaction Effect
cancer:0.00,age:49.00,hypertension:1.00;0.14678050469855564;0.07865353739398556
diabetes:0.00,sex:female,coronary.artery.disease:0.00;0.09013406573963878;-0.0019799299550758154
chf:0.00,chronic.kidney.disease:1.00;-0.03465097888153068;0.0027352802578361965
race:black,cerebrovascular.disease:0.00,asthma:0.00;0.04665435960263853;-0.02536340142762046
hyperlipidemia:0.00;0.014944326277606957;0
hepatitis:0.00;-0.012460242500302587;0
copd:0.00,dementia:0.00;-0.011578070736571022;0.019631609229132117
endstage.renal.disease:0.00;0.007305650738067125;0
