Features;Individual Effect;Interaction Effect
coronary.artery.disease:1.00;-0.13347563216671854;0
cancer:0.00,age:73.00,diabetes:1.00;-0.12777929522700904;0.07132991369873334
copd:1.00,sex:male,hepatitis:0.00;-0.04296788657683559;0.014336518128627629
hyperlipidemia:0.00;-0.027435634544815953;0
asthma:1.00;0.022270596312616388;0
hypertension:1.00;0.0221705401985696;0
cerebrovascular.disease:0.00;-0.016368040533734626;0
chronic.kidney.disease:0.00;-0.014097453101459968;0
dementia:0.00;0.012627269105004241;0
race:white;-0.011281980848302906;0
chf:0.00;-0.006520430107981063;0
endstage.renal.disease:0.00;0.00452880194384705;0
