Features;Individual Effect;Interaction Effect
age:44.00;0.2535573919956078;0
coronary.artery.disease:0.00,sex:female,hypertension:0.00;0.04597175864232428;0.0960793390811768
asthma:0.00,dementia:0.00;-0.008137092261614631;0.04998989834028862
hyperlipidemia:0.00;-0.025084104178234756;0
copd:0.00;0.013752646990889602;0
endstage.renal.disease:0.00;-0.013028462625370002;0
diabetes:0.00;0.01081133463699639;0
race:white;-0.008034409735610322;0
chf:0.00;-0.007952934248289393;0
chronic.kidney.disease:0.00;-0.0059101948714459646;0
hepatitis:0.00,cancer:0.00;0.006007203112129322;-0.002484019586550805
cerebrovascular.disease:0.00;0.0007360345493082152;0
