Features;Individual Effect;Interaction Effect
coronary.artery.disease:1.00;-0.1258116910155122;0
chf:1.00,hypertension:1.00,diabetes:1.00;-0.05616030512397485;0.17836227481442063
sex:male,age:89.00,hyperlipidemia:1.00;-0.22594650035684632;0.12669771545560224
cancer:0.00;0.021789335673503385;0
race:white;-0.018504522474489023;0
dementia:0.00;0.018298852700710487;0
endstage.renal.disease:0.00;-0.013765872780266392;0
copd:0.00;0.007323606763447656;0
hepatitis:0.00;-0.00628218126895428;0
cerebrovascular.disease:0.00,asthma:0.00;0.00024278534199073665;0.005757141696804698
chronic.kidney.disease:0.00;0.0002805479114181622;0
