Features;Individual Effect;Interaction Effect
coronary.artery.disease:0.00,age:86.00,race:black;-0.11822733075847108;-0.12071661993706215
chf:1.00;0.06214771690037571;0
diabetes:0.00;-0.057459200787655006;0
hypertension:0.00;-0.044734051499447675;0
cerebrovascular.disease:0.00;0.0296832275820874;0
chronic.kidney.disease:0.00;-0.021648089570164702;0
sex:female;0.020877157992148516;0
endstage.renal.disease:0.00;-0.007407929072811226;0
cancer:0.00;-0.007012485685160264;0
hepatitis:0.00;-0.006979956598576191;0
copd:0.00,dementia:0.00;0.004907785324035019;-0.01130102182395296
hyperlipidemia:0.00;-0.004911279932342059;0
asthma:0.00;-0.002419953082216597;0
