Features;Individual Effect;Interaction Effect
hyperlipidemia:0.00,age:89.00,hypertension:1.00;-0.20033751574750158;-0.053956619754839175
sex:female,race:white,coronary.artery.disease:1.00;-0.11373369200180294;-0.09180596147586151
copd:0.00,hepatitis:0.00,dementia:0.00;0.028864850969115063;-0.047997982479101683
chf:0.00;-0.014046227732600112;0
diabetes:1.00,cancer:0.00;-0.03363096675640087;0.024189259295429776
asthma:0.00;-0.007563402341140106;0
endstage.renal.disease:0.00;0.007035992043173685;0
chronic.kidney.disease:0.00;-0.0066019255961331305;0
cerebrovascular.disease:0.00;0.0015684061946073524;0
