Features;Individual Effect;Interaction Effect
diabetes:0.00,race:asian,coronary.artery.disease:1.00;-0.09374508349837812;-0.12896116880176825
age:34.00,hyperlipidemia:0.00;0.26333119335391364;-0.07840156684460467
sex:male,chf:0.00;-0.05142782919869726;-0.032493772570484344
hypertension:0.00;-0.05980551011597882;0
copd:0.00;0.02746879104063981;0
asthma:0.00;0.02303633075484038;0
cerebrovascular.disease:0.00;0.012372029708759742;0
hepatitis:0.00,endstage.renal.disease:0.00;0.01415444347960493;-0.022610990567288276
chronic.kidney.disease:0.00,dementia:0.00;0.0059809752444086595;0.002351801876785478
cancer:0.00;-0.007369809404845612;0
