Features;Individual Effect;Interaction Effect
diabetes:0.00,age:79.00,race:other;-0.14985623710294343;-0.1796321311157032
sex:female,copd:0.00;0.0296187707332336;0.023767640165297296
endstage.renal.disease:0.00,hyperlipidemia:0.00,chf:0.00;-0.019271549610697214;-0.022218391776094956
coronary.artery.disease:0.00;0.040659877343138084;0
hypertension:0.00,cerebrovascular.disease:0.00;-0.022824370389532445;-0.014908545655312626
hepatitis:0.00;0.009295559394294953;0
asthma:0.00;-0.006932302237052396;0
dementia:0.00;-0.004330318323536041;0
cancer:0.00;-0.00045195218276361526;0
chronic.kidney.disease:0.00;-0.0002514889056713619;0
