Features;Individual Effect;Interaction Effect
age:40.00,race:other;0.16706040527352994;0.09522004818454632
endstage.renal.disease:0.00,coronary.artery.disease:0.00,copd:0.00;0.02986812851836318;0.06807935859104766
sex:female,diabetes:1.00;-0.02583329221688812;0.08829520434606611
cancer:0.00;0.014810119037809173;0
hepatitis:0.00,hypertension:0.00,dementia:0.00;0.012300002320214887;-0.02636976063639427
hyperlipidemia:0.00;-0.009137752942489337;0
chf:0.00;0.007990635774186239;0
chronic.kidney.disease:0.00;0.0048723859675370365;0
cerebrovascular.disease:0.00;-0.004377025743483573;0
asthma:0.00;-0.003911933634445461;0
