Features;Individual Effect;Interaction Effect
sex:male,coronary.artery.disease:1.00,chf:1.00;-0.17238454292538907;0.2690448207691587
age:78.00;-0.06299453849509379;0
hypertension:1.00,hyperlipidemia:1.00;-0.01471703344869546;0.0742159544241913
race:white,dementia:0.00;-0.020995786912551884;0.060306918182084265
asthma:0.00;-0.03822060688108579;0
diabetes:0.00;0.019185046629654097;0
copd:0.00;-0.013719296088489968;0
chronic.kidney.disease:0.00;0.010464875024708314;0
cancer:0.00;-0.0047457104694629305;0
hepatitis:0.00,endstage.renal.disease:0.00;-0.005344391821531791;0.0015952039806497141
cerebrovascular.disease:0.00;-0.001150457175789852;0
