Features;Individual Effect;Interaction Effect
diabetes:0.00,age:33.00,race:white;0.2794297989867838;0.07279043601446078
sex:female;0.04766403829687916;0
coronary.artery.disease:0.00,chf:0.00,cerebrovascular.disease:0.00;0.03724846689403993;0.010179841260771177
copd:0.00;-0.021573858145198292;0
cancer:0.00;0.01659311320923277;0
hypertension:0.00;0.012511387475986513;0
hepatitis:0.00;0.012047961706096365;0
dementia:0.00;-0.009322010386611568;0
hyperlipidemia:0.00;0.007391860264851925;0
asthma:0.00;0.006965553792583026;0
endstage.renal.disease:0.00;-0.0008476109820092573;0
chronic.kidney.disease:0.00;0.000653530028031063;0
