Features;Individual Effect;Interaction Effect
hypertension:1.00,age:42.00,race:other;0.18891433142248537;0.1344899735219292
asthma:1.00;-0.04302007608013367;0
hyperlipidemia:1.00,chronic.kidney.disease:0.00;-0.010048758815648817;0.050240217985688965
hepatitis:0.00;0.029258514170581024;0
sex:male,coronary.artery.disease:1.00,chf:1.00;-0.15858700751635357;0.18005553133218635
diabetes:0.00;0.012432243617788845;0
endstage.renal.disease:0.00;-0.010729262957077924;0
cancer:0.00;-0.009094267660736514;0
dementia:0.00;-0.00712514352321773;0
cerebrovascular.disease:0.00;-0.002705572333297393;0
copd:0.00;-0.002050066387240833;0
