Features;Individual Effect;Interaction Effect
age:62.00;0.11988345740678313;0
race:white,coronary.artery.disease:1.00,chf:1.00;-0.16724403690608147;0.20740415743351723
chronic.kidney.disease:0.00;-0.031282775612077075;0
hyperlipidemia:0.00;0.030795087642841404;0
hepatitis:0.00;0.030290674862167556;0
sex:male;0.026975012674354683;0
hypertension:0.00;0.02566196124211485;0
diabetes:0.00;0.025621762315396313;0
endstage.renal.disease:0.00;-0.02133707416375949;0
copd:0.00;-0.007650855072753879;0
asthma:0.00,dementia:0.00;-0.02590672048225029;0.0209391923995949
cancer:0.00;-0.004032962811474337;0
cerebrovascular.disease:0.00;-0.0034071873348530592;0
