Features;Individual Effect;Interaction Effect
age:85.00;-0.18383600631517094;0
coronary.artery.disease:1.00;-0.10855015501683053;0
cancer:1.00;-0.04547056618271169;0
copd:0.00;0.029011568364870354;0
hepatitis:0.00;0.02304614490636052;0
sex:female;0.014622821800752826;0
hyperlipidemia:0.00;0.011158551603318297;0
chf:1.00;0.008350650040183951;0
hypertension:1.00,diabetes:1.00,chronic.kidney.disease:1.00;-0.07570112212886532;0.08241514060142466
endstage.renal.disease:0.00;0.005817612069938607;0
asthma:0.00;0.005205579379940341;0
cerebrovascular.disease:0.00,dementia:0.00;-0.00882129429079459;0.011268321181678418
race:white;0.00022302027301460137;0
