Features;Individual Effect;Interaction Effect
sex:male,race:white,hypertension:0.00;-0.08758416436032668;-0.07784457034375286
cerebrovascular.disease:0.00,coronary.artery.disease:0.00,hepatitis:1.00;-0.026251392958525688;-0.052174332022456624
chf:0.00,age:45.00,endstage.renal.disease:1.00;0.19816816463094333;-0.13950351347263235
copd:0.00;-0.016185819757147897;0
cancer:0.00;0.012416678743979849;0
diabetes:0.00;0.010060037424249185;0
hyperlipidemia:0.00;-0.00825894676290562;0
asthma:0.00;0.006661212529382022;0
chronic.kidney.disease:0.00;0.006098923000929029;0
dementia:0.00;-0.0031478678066218166;0
