Features;Individual Effect;Interaction Effect
asthma:0.00,coronary.artery.disease:0.00,chf:0.00;0.030891276288077307;0.07535324699824973
hyperlipidemia:0.00,hypertension:0.00,diabetes:0.00;-0.054728087281359805;0.1207486008395254
cerebrovascular.disease:0.00;0.02059344882403346;0
race:white,age:85.00,sex:male;-0.20017943007663658;0.1900506441309557
cancer:0.00;-0.007987062491163207;0
chronic.kidney.disease:0.00;-0.0069623983119888305;0
copd:0.00,dementia:0.00;-0.0067298768977303025;0.0047220036586783
hepatitis:0.00;0.0009080439522154773;0
endstage.renal.disease:0.00;-0.0008168560211191545;0
