Features;Individual Effect;Interaction Effect
age:84.00;-0.20629651064038232;0
race:white,coronary.artery.disease:1.00;-0.151992938641542;-0.015452440873292117
asthma:0.00;0.053283307026441885;0
hyperlipidemia:0.00;-0.041130371497474914;0
chf:1.00;0.040760918362260756;0
copd:0.00;-0.01954446811982355;0
endstage.renal.disease:0.00;-0.01865643044099123;0
diabetes:0.00;-0.0162819798610235;0
hepatitis:0.00,dementia:0.00;0.016829545473199592;-0.028622992052465296
chronic.kidney.disease:0.00;0.011433589487604593;0
cancer:0.00;-0.007557636101802037;0
sex:male;-0.006271223567073027;0
hypertension:1.00;0.006090383466981306;0
cerebrovascular.disease:0.00;0.0050707443412723145;0
