Features;Individual Effect;Interaction Effect
coronary.artery.disease:1.00;-0.21111290890268272;0
sex:male,race:other,hyperlipidemia:0.00;-0.07409719423568017;0.02109388727642187
hypertension:1.00,age:71.00,diabetes:0.00;-0.01629512046059889;-0.02848084825938576
chronic.kidney.disease:0.00;0.021167985054352148;0
asthma:0.00;-0.01532152979296209;0
hepatitis:0.00;0.011066194415082383;0
cancer:0.00;0.008098493732624102;0
chf:0.00;-0.007447876769372523;0
cerebrovascular.disease:0.00,dementia:0.00;0.0016655223084558468;0.005039768973755269
copd:0.00;-0.0029711683334490797;0
endstage.renal.disease:0.00;0.0019631339287025816;0
