Features;Individual Effect;Interaction Effect
diabetes:0.00,age:32.00,race:white;0.2908639942841337;0.04020824537183337
coronary.artery.disease:0.00;0.05461794053210164;0
dementia:0.00;0.02229743575361447;0
cancer:0.00;-0.01241135961280556;0
cerebrovascular.disease:0.00;0.009884899010597043;0
endstage.renal.disease:0.00,asthma:0.00;-0.00675983361829724;0.014873635249664684
hyperlipidemia:0.00;-0.007347182846814668;0
sex:female;0.007287272253884404;0
chf:0.00;0.007006102344598766;0
hypertension:0.00;0.005429885715805133;0
chronic.kidney.disease:0.00;0.0051155953246593;0
copd:0.00;0.004233504582619663;0
hepatitis:0.00;0.002391697057415529;0
