Features;Individual Effect;Interaction Effect
hypertension:1.00,coronary.artery.disease:0.00,hepatitis:1.00;-0.029901337310742238;-0.15059410238570065
hyperlipidemia:0.00,age:78.00,race:white;-0.11902737904596783;-0.0017868997705400291
diabetes:1.00;-0.026268446081829173;0
chronic.kidney.disease:0.00;0.012618958240012308;0
cancer:0.00;0.011983949651998897;0
dementia:0.00;0.005741872990050904;0
asthma:1.00,copd:0.00;-0.010603738641378646;0.005455742509499647
sex:female,chf:1.00;0.023297863321201207;-0.01907633005140058
cerebrovascular.disease:0.00;0.00275857353469848;0
endstage.renal.disease:0.00;-6.990744398406579e-05;0
