Features;Individual Effect;Interaction Effect
chf:0.00,hyperlipidemia:1.00,copd:1.00;-0.06210124049497623;0.15966400576144907
hepatitis:0.00,diabetes:0.00,coronary.artery.disease:0.00;0.05666190469398513;0.03117915539721461
sex:female,age:79.00,race:black;-0.08306491100012475;0.1693897716563879
asthma:0.00;-0.024414871342394416;0
endstage.renal.disease:0.00;-0.014894924690848708;0
dementia:0.00;-0.010030286963932739;0
cancer:0.00;-0.007454111834977663;0
cerebrovascular.disease:0.00;0.007112921254718671;0
chronic.kidney.disease:0.00;0.0020412036362886833;0
hypertension:1.00;0.0017480755963794512;0
