Features;Individual Effect;Interaction Effect
race:white,age:56.00,sex:male;0.12878854038345905;0.12613127602838697
copd:0.00,coronary.artery.disease:1.00,cerebrovascular.disease:0.00;-0.12102572808581663;0.002491483365298655
diabetes:0.00;0.03440052914915402;0
hyperlipidemia:0.00;-0.015378171569730668;0
dementia:0.00;0.014197933334474127;0
cancer:0.00;-0.00938160213749615;0
hypertension:0.00;0.008777107916515065;0
chronic.kidney.disease:0.00;-0.007110517012755289;0
endstage.renal.disease:0.00;-0.006844909490970079;0
chf:0.00;0.005981393036686024;0
hepatitis:0.00;0.005920954983761517;0
asthma:0.00;0.002728303895204132;0
