Features;Individual Effect;Interaction Effect
age:65.00,hypertension:0.00;0.060111866058659924;0.06640968943728426
race:white,sex:female;0.021749337598557905;0.08576837807284636
cerebrovascular.disease:0.00;0.015578358823208259;0
dementia:0.00;0.014323056756641379;0
copd:1.00,coronary.artery.disease:1.00,cancer:1.00;-0.2581894744301589;0.24531726410468355
asthma:0.00;0.012630955302138721;0
endstage.renal.disease:0.00;-0.010619615205098578;0
chf:0.00;-0.009401386116586877;0
diabetes:0.00;0.006644803106575547;0
hepatitis:0.00;0.006266690414106848;0
hyperlipidemia:0.00,chronic.kidney.disease:0.00;-0.01524954217852792;0.009876100292271983
