Features;Individual Effect;Interaction Effect
hyperlipidemia:0.00,age:75.00,diabetes:1.00;-0.21981871873079278;-0.09356036640033355
coronary.artery.disease:1.00;-0.06574587271020842;0
chf:0.00;-0.043044279618906015;0
chronic.kidney.disease:0.00;-0.030831975665712316;0
cancer:0.00;0.021732679273448588;0
sex:female,cerebrovascular.disease:0.00;0.037779357178650885;-0.018448679525583864
dementia:0.00;-0.018152841458336032;0
hepatitis:0.00,asthma:0.00;-0.009381319226643092;0.02156947079235154
endstage.renal.disease:0.00;0.00780440740860034;0
copd:0.00;0.004455019092723812;0
race:black,hypertension:1.00;0.028507229555457148;-0.026696567441809795
