Features;Individual Effect;Interaction Effect
race:black,sex:female,cerebrovascular.disease:1.00;-0.014391706839905982;-0.16867341801738642
age:83.00,hyperlipidemia:1.00,coronary.artery.disease:0.00;-0.07609385732504176;-0.043443786515915156
hypertension:1.00;-0.015079675966708478;0
dementia:0.00;0.014245394720692344;0
cancer:0.00;0.013427366696615373;0
chronic.kidney.disease:0.00;0.012087928427483078;0
copd:0.00,chf:1.00,endstage.renal.disease:0.00;-0.008857069529504047;0.018704052399165096
diabetes:1.00;-0.008859096989237883;0
hepatitis:0.00;-0.0024549741143120238;0
asthma:0.00;0.0017396772498676771;0
