Features;Individual Effect;Interaction Effect
hypertension:0.00,age:89.00,diabetes:1.00;-0.23970784301990244;0.1636738927772225
race:other,chf:1.00;-0.03249771042694605;0.10431303557560902
coronary.artery.disease:0.00;0.061713484509097936;0
sex:male,hyperlipidemia:0.00,chronic.kidney.disease:1.00;-0.07737881586894879;0.10531859485261526
hepatitis:0.00;-0.013512491520078971;0
endstage.renal.disease:0.00,cancer:0.00;0.017636776312621616;-0.005603035468909102
asthma:0.00,dementia:0.00;-0.007898181983167718;-0.0003421527873182107
cerebrovascular.disease:0.00,copd:0.00;-0.019338312585408635;0.019137121401970415
