Features;Individual Effect;Interaction Effect
diabetes:0.00,age:87.00,sex:male;-0.1468690542669887;0.08480481365178039
coronary.artery.disease:0.00,chronic.kidney.disease:0.00;0.06134949144634416;-0.005706421017693239
hyperlipidemia:0.00,copd:0.00;-0.012125229882980149;0.054085034504596646
hepatitis:0.00,race:black,hypertension:0.00;0.010785875217742436;0.01360709898888856
dementia:0.00;0.01741408927260593;0
cancer:0.00;-0.014859265564696023;0
endstage.renal.disease:0.00;-0.013885634797788442;0
cerebrovascular.disease:0.00;0.009482089357341395;0
asthma:0.00;0.005487301973495679;0
chf:0.00;-0.0051070140782628875;0
