Features;Individual Effect;Interaction Effect
age:33.00,coronary.artery.disease:1.00;0.1575125527739053;0.07744897055469868
race:black,hypertension:0.00,diabetes:0.00;-0.0069086619844345165;0.14324868188239495
sex:male;-0.03102664249402156;0
endstage.renal.disease:0.00,cerebrovascular.disease:0.00,dementia:0.00;0.01576286722165343;0.012369198114604615
hepatitis:0.00;0.016088737096691147;0
hyperlipidemia:0.00;-0.01194775117343283;0
chronic.kidney.disease:0.00,copd:0.00;-0.0033157210029712836;-0.004990446289117715
asthma:0.00;-0.007723024539645764;0
chf:0.00;0.004703935677880574;0
cancer:0.00;-0.00014506004182999674;0
