Features;Individual Effect;Interaction Effect
race:other,age:57.00,sex:male;0.02055012738714157;-0.19084884316271894
hypertension:0.00;-0.08380552772089347;0
coronary.artery.disease:0.00;0.03588444150279283;0
chf:0.00;-0.030689550523634455;0
hepatitis:0.00,diabetes:0.00,cerebrovascular.disease:0.00;0.0010034127349638489;0.020170364727630438
copd:0.00;0.01636892729055034;0
hyperlipidemia:0.00;-0.011690284129267044;0
asthma:0.00,endstage.renal.disease:0.00,dementia:0.00;-0.006630352073757173;0.015564679721800957
chronic.kidney.disease:0.00;-0.00822840263019016;0
cancer:0.00;0.007367283775127664;0
