Features;Individual Effect;Interaction Effect
race:white,age:53.00,coronary.artery.disease:1.00;0.03604282295627839;-0.2582548943913334
hypertension:0.00;-0.07986983432046418;0
hyperlipidemia:0.00;-0.03867961032661447;0
chf:0.00;-0.02378727263340749;0
asthma:0.00;0.018925170079132296;0
diabetes:0.00,copd:0.00;-0.0038740497020499642;-0.011361460614588096
chronic.kidney.disease:0.00,dementia:0.00;-0.012234293344029035;-0.0009507826033795796
endstage.renal.disease:0.00;0.01156564293155958;0
hepatitis:0.00;-0.004545381139625826;0
cancer:0.00;-0.002746015979491513;0
sex:male;-0.0007894633739085443;0
cerebrovascular.disease:0.00;0.000272570033333093;0
