Features;Individual Effect;Interaction Effect
age:71.00,race:white,coronary.artery.disease:1.00;-0.16001324136012418;-0.09052250711229182
diabetes:0.00,dementia:1.00;-0.08746973239517392;-0.015408778442667526
sex:male,hypertension:0.00;-0.06557250375698209;-0.0006291737684069876
chf:0.00;-0.027109754914924816;0
chronic.kidney.disease:0.00;-0.025373683901599286;0
hepatitis:0.00;-0.020797896797381418;0
cerebrovascular.disease:0.00,copd:0.00;-0.002943313444026985;-0.016617464756581834
asthma:0.00;0.018876630185319654;0
cancer:0.00;0.01799087442175129;0
endstage.renal.disease:0.00;-0.017753884440588227;0
hyperlipidemia:0.00;0.014585921011751917;0
