Features;Individual Effect;Interaction Effect
copd:0.00,age:89.00,sex:female;-0.14721570913989335;0.03773580997116745
cerebrovascular.disease:1.00,hepatitis:0.00,chronic.kidney.disease:0.00;-0.0662283205415638;-0.02192135541625985
coronary.artery.disease:0.00,dementia:1.00;-0.04657842847687005;0.09897036189971276
race:black;-0.0466586330965941;0
hypertension:1.00,hyperlipidemia:1.00;-0.0026136377912484576;-0.02042180506277619
chf:0.00;0.022135406548862313;0
endstage.renal.disease:0.00;0.016054618130261405;0
diabetes:1.00;0.015943273225397073;0
asthma:0.00,cancer:0.00;0.0048473990477294615;0.0015670020826126143
