Features;Individual Effect;Interaction Effect
coronary.artery.disease:0.00,age:89.00,hypertension:1.00;-0.12200724932438223;-0.15143664267459817
sex:female;-0.04291634428940458;0
race:white;-0.04195835484503291;0
cancer:0.00;0.01755833564284786;0
chf:0.00;0.01755441482365893;0
chronic.kidney.disease:0.00;0.013459287958391367;0
diabetes:0.00,hyperlipidemia:1.00,hepatitis:0.00;-0.006883145690271042;-0.004549260194601688
endstage.renal.disease:0.00,cerebrovascular.disease:0.00,asthma:0.00;-0.014736230211142454;0.010703691416167123
dementia:0.00;-0.0020532026492225477;0
copd:0.00;0.0019014670036826067;0
