Features;Individual Effect;Interaction Effect
age:27.00;0.2786372526999505;0
hypertension:0.00,race:black,hepatitis:0.00;0.011077087878447633;0.03969629654767694
coronary.artery.disease:0.00;0.04447964549167929;0
cerebrovascular.disease:0.00;0.026345103467343943;0
endstage.renal.disease:0.00,asthma:0.00;-0.008034948497698924;0.03244318677470779
copd:0.00;-0.022097973989242046;0
chronic.kidney.disease:0.00;0.02038950435810029;0
sex:female;0.01894855624600849;0
diabetes:0.00;0.017009148175261075;0
cancer:0.00;0.013141289817522248;0
chf:0.00,dementia:0.00;-0.016408267401833987;0.009027686023598686
hyperlipidemia:0.00;0.003301982699488405;0
