Features;Individual Effect;Interaction Effect
chf:0.00,age:63.00,sex:female;0.034841092871820356;0.12864569133906403
hypertension:1.00,diabetes:1.00;-0.0368976863921574;0.07639348797886321
asthma:1.00;0.0237317478655893;0
hepatitis:0.00;-0.01505689190463429;0
copd:0.00,race:black,coronary.artery.disease:1.00;-0.11524350728945626;0.12542481913159914
dementia:0.00;0.00963817122590276;0
cerebrovascular.disease:0.00;0.009410017344454291;0
cancer:0.00;-0.007405214096885465;0
chronic.kidney.disease:0.00;-0.004104599719989815;0
endstage.renal.disease:0.00;0.0008381460124275396;0
hyperlipidemia:0.00;-0.0005391761956747104;0
