Features;Individual Effect;Interaction Effect
race:white,age:88.00,sex:male;-0.160734679328202;-0.13192205674879298
hepatitis:0.00,coronary.artery.disease:0.00,chf:1.00;0.042708609576520895;-0.07969768188659435
hyperlipidemia:0.00,asthma:0.00;0.0074080803876315215;-0.030994196454890963
cerebrovascular.disease:0.00;0.015484125825384536;0
hypertension:1.00,diabetes:0.00;0.008822847107839427;-0.023333647401148454
chronic.kidney.disease:0.00;0.012700082640801844;0
dementia:0.00;0.012688345524324664;0
copd:0.00,endstage.renal.disease:0.00,cancer:0.00;-0.007475519748402659;0.014323001442298318
