Features;Individual Effect;Interaction Effect
age:63.00,sex:male,diabetes:1.00;-0.0903790885146038;-0.17138003070975982
race:black,hypertension:1.00;0.012055963876691604;-0.06886328395097571
chronic.kidney.disease:0.00;0.030794181998963683;0
coronary.artery.disease:0.00,cerebrovascular.disease:0.00;0.04775906850327405;-0.024993287831028336
chf:0.00;-0.02115585571929028;0
copd:0.00,cancer:0.00;0.012567439671321567;-0.030927545022107254
hyperlipidemia:0.00;0.01811798883671303;0
asthma:0.00;-0.014721529793347357;0
hepatitis:0.00;-0.011123983314381494;0
dementia:0.00;-0.0028460450812316206;0
endstage.renal.disease:0.00;0.0009369811881577046;0
