Features;Individual Effect;Interaction Effect
age:71.00,sex:female,dementia:1.00;-0.07580218791112214;-0.10337400789807363
endstage.renal.disease:0.00;-0.02423218975397085;0
cerebrovascular.disease:0.00;0.02322118052318091;0
chronic.kidney.disease:0.00;-0.014593971714204738;0
hepatitis:0.00;0.0134531921050631;0
hyperlipidemia:0.00;0.012620651435005237;0
asthma:0.00;0.007464723013690767;0
race:white,cancer:0.00;-0.044257005115101;0.03714173044435284
hypertension:1.00;-0.006574581962039819;0
copd:0.00,coronary.artery.disease:0.00,chf:1.00;0.010484837849065176;-0.014502048789382691
diabetes:1.00;-0.0020395802660537112;0
