Features;Individual Effect;Interaction Effect
chf:0.00,age:78.00,hypertension:1.00;-0.12050286112516323;-0.11944260074939433
coronary.artery.disease:1.00;-0.13554655419885328;0
race:white,sex:male;-0.049797998738307925;-0.07117431401351938
diabetes:1.00;-0.03092736328525897;0
chronic.kidney.disease:0.00;-0.030561764761913714;0
hyperlipidemia:0.00;-0.019020296289651982;0
dementia:0.00;0.016789638958945217;0
cerebrovascular.disease:0.00;0.010181342946845189;0
copd:0.00;0.008068043543178041;0
endstage.renal.disease:0.00;0.004317920812875256;0
asthma:0.00;-0.0023086130257276016;0
cancer:0.00;0.0009002650947810206;0
hepatitis:0.00;-0.0002115239752414691;0
