Features;Individual Effect;Interaction Effect
sex:male,age:89.00,coronary.artery.disease:1.00;-0.34749554330164667;0.21068020157016434
chronic.kidney.disease:0.00,race:white,chf:1.00;-0.05050616584903411;0.170204901282213
cerebrovascular.disease:0.00,diabetes:0.00,asthma:0.00;0.010569780071059132;0.044045961487656694
hypertension:1.00;0.04603036065462452;0
copd:0.00;-0.027181110045621373;0
hyperlipidemia:0.00;0.022211489325176165;0
dementia:0.00;-0.009959168596585244;0
hepatitis:0.00,endstage.renal.disease:0.00;-0.012068453819990999;0.004916472471925289
cancer:0.00;-0.006556100527113354;0
