Features;Individual Effect;Interaction Effect
age:89.00,race:white;-0.1974010709683654;0.013256960603268197
diabetes:0.00,coronary.artery.disease:1.00;-0.12216873303995385;-0.05444195442316438
hypertension:0.00,dementia:1.00;-0.12101423499796332;0.013047998939622676
asthma:0.00;-0.05682576886226661;0
chf:0.00;-0.0445433894263178;0
hyperlipidemia:0.00;0.022868408054907308;0
chronic.kidney.disease:0.00;0.019876436204251568;0
hepatitis:0.00;-0.01727737445714699;0
sex:female;0.013924209525510217;0
cerebrovascular.disease:0.00;0.008471063618687116;0
copd:0.00;0.0057931337798029815;0
cancer:0.00;0.0029183706165602126;0
endstage.renal.disease:0.00;0.0009540508593589292;0
