Features;Individual Effect;Interaction Effect
chronic.kidney.disease:0.00,age:63.00,diabetes:0.00;-0.006102693454598462;0.15849234945315022
hypertension:0.00,race:black,dementia:0.00;0.01299489168738388;0.1257133128451573
coronary.artery.disease:0.00,cerebrovascular.disease:0.00;0.04582946148937295;0.02595973961993106
sex:male;-0.026911210393946856;0
cancer:0.00;0.021946070669912505;0
chf:0.00,hepatitis:0.00;-0.014234953626557023;0.025005725019279577
hyperlipidemia:0.00;0.00486400095208378;0
endstage.renal.disease:0.00;0.0018999812420828696;0
copd:0.00;-0.0006319563665994204;0
asthma:0.00;-0.00044459891746084085;0
