Features;Individual Effect;Interaction Effect
age:89.00,dementia:1.00;-0.27459621109947613;0.04881460115293418
coronary.artery.disease:1.00;-0.13703670341311708;0
copd:0.00;-0.05581432330460889;0
sex:male,hyperlipidemia:1.00;-0.05551874255494871;0.010843823533428235
diabetes:1.00,chf:1.00;-0.0590195199589173;0.10231569510137418
hypertension:1.00;0.04224043749489887;0
race:white;-0.036226286025642235;0
endstage.renal.disease:0.00;0.035519387231320115;0
cancer:0.00;0.02499239984771595;0
chronic.kidney.disease:0.00;0.023743368978905548;0
cerebrovascular.disease:0.00;-0.01907377271362517;0
asthma:0.00;0.0028010017580221026;0
hepatitis:0.00;0.0005657481799640155;0
