Features;Individual Effect;Interaction Effect
race:black,hypertension:0.00,diabetes:0.00;0.022618985155190674;0.11334002987668193
coronary.artery.disease:0.00,asthma:0.00;0.0490964403805797;0.033180515151519666
sex:female;0.07073145117959503;0
hyperlipidemia:0.00,copd:0.00;-0.0227877197297347;0.06285832874566899
dementia:0.00;0.033200248284983976;0
chronic.kidney.disease:0.00,hepatitis:0.00,cancer:0.00;-0.0031133461156627185;0.011953082592718392
endstage.renal.disease:0.00;-0.007829166797997077;0
chf:0.00,cerebrovascular.disease:0.00;-0.006722921491208678;0.01305779598481882
age:69.00;-0.002481181494880608;0
