Features;Individual Effect;Interaction Effect
chf:0.00,age:78.00,hypertension:1.00;-0.11604331521682304;-0.15668761739050202
sex:male;-0.0888030657412161;0
race:black;0.043654107216434195;0
hepatitis:0.00,dementia:0.00;0.015297268589952062;0.02823482792177432
diabetes:0.00;-0.040039929784708696;0
coronary.artery.disease:0.00;0.02676630853063494;0
hyperlipidemia:0.00;-0.017427402251507747;0
cerebrovascular.disease:0.00;0.011576291014747137;0
copd:0.00;0.01076123633711927;0
endstage.renal.disease:0.00,chronic.kidney.disease:0.00;0.0024085701405256454;0.004188667561380019
asthma:0.00;-0.0034624662326471767;0
cancer:0.00;-0.0017552679428934903;0
