Features;Individual Effect;Interaction Effect
age:36.00,hypertension:0.00,diabetes:0.00;0.2424558667131751;0.09231278813817767
coronary.artery.disease:0.00,endstage.renal.disease:0.00;0.0514951986966099;0.02344764306735686
hyperlipidemia:0.00;0.011278537825924166;0
cancer:0.00;0.01050865245725232;0
chronic.kidney.disease:0.00,cerebrovascular.disease:0.00,copd:0.00;0.0021403326638912423;-0.0071157864603305435
hepatitis:0.00;0.004350979214494857;0
asthma:0.00;0.002474953155672654;0
race:asian,sex:male;-0.01440260379338365;0.012774502639348116
chf:0.00;-0.000360391809365479;0
dementia:0.00;3.1592470851257715e-05;0
