Features;Individual Effect;Interaction Effect
endstage.renal.disease:1.00,age:59.00,diabetes:0.00;0.10441373129630427;0.10462426246806916
coronary.artery.disease:0.00,chf:0.00;0.04844440689935525;0.04710960401786568
hypertension:0.00,dementia:0.00;-0.011915620587047315;0.02432527320540856
chronic.kidney.disease:0.00,cancer:0.00;0.001760325799082918;0.010628880957104465
cerebrovascular.disease:0.00,race:black,sex:male;-0.000930151354541664;0.006670319874396549
hyperlipidemia:0.00;-0.0014873926259121877;0
hepatitis:0.00,asthma:0.00,copd:0.00;-0.019015666170607792;0.019528568803452752
