Features;Individual Effect;Interaction Effect
diabetes:0.00,age:89.00,hypertension:1.00;-0.1825758288779985;-0.17317580552684075
race:white;-0.05342825924774454;0
coronary.artery.disease:0.00;0.03957905159062374;0
hyperlipidemia:0.00,cerebrovascular.disease:0.00;-0.007553724673320605;-0.02783036740926894
sex:male;-0.022392253650783206;0
chronic.kidney.disease:0.00,asthma:0.00;-0.0071297641820144975;-0.006056863508983417
endstage.renal.disease:0.00,hepatitis:0.00,cancer:0.00;0.016633457971589882;-0.028964555774142496
chf:0.00;-0.008631511132848334;0
dementia:0.00;0.00423827979977319;0
copd:0.00;0.0011946507139908372;0
