Features;Individual Effect;Interaction Effect
age:79.00,race:black;-0.10588364104616338;0.04280534598242469
coronary.artery.disease:0.00,cancer:0.00;0.04885144836605837;0.0030017604575132972
copd:0.00;-0.028566419562088746;0
asthma:0.00;-0.028168644080282995;0
hyperlipidemia:0.00,hypertension:1.00,diabetes:1.00;-0.047773176981692256;0.019682146392882478
sex:male;-0.021644886296609;0
chf:0.00;-0.01785202312796426;0
dementia:0.00;-0.0150670856709556;0
hepatitis:0.00;0.008482165482007673;0
chronic.kidney.disease:0.00;-0.005277658883319642;0
cerebrovascular.disease:0.00,endstage.renal.disease:0.00;0.003783188941659077;-0.005032486077484055
