Features;Individual Effect;Interaction Effect
endstage.renal.disease:0.00,age:54.00,hypertension:0.00;0.16105327347063347;0.019628159471362316
diabetes:1.00,chronic.kidney.disease:0.00;-0.03272255257744272;-0.07290983621385302
race:black;0.06251899660381757;0
sex:male;-0.05543717062390317;0
coronary.artery.disease:0.00;0.054809685175324;0
copd:0.00;-0.036427700300796506;0
asthma:0.00;-0.025476589287020342;0
hyperlipidemia:0.00;-0.02253243057491771;0
cerebrovascular.disease:0.00;0.021020520690656647;0
chf:0.00;0.015844274603026634;0
cancer:0.00;-0.009786558411990354;0
dementia:0.00;-0.00773222247185747;0
hepatitis:0.00;0.004370234677443317;0
