Features;Individual Effect;Interaction Effect
race:other,sex:female,diabetes:1.00;-0.019473049051615676;0.2279917572303135
age:75.00;-0.09797539110401401;0
hepatitis:0.00,coronary.artery.disease:0.00,endstage.renal.disease:0.00;0.0440356121205453;0.026261566533270386
hypertension:0.00,cerebrovascular.disease:0.00;-0.012240957416884135;0.0663138884084497
hyperlipidemia:0.00,asthma:0.00;-0.014667756957213233;0.03985010470121135
chf:0.00;-0.009628686344989992;0
dementia:0.00,cancer:0.00;0.015417059335154581;-0.007326892379716062
copd:0.00;0.006403898315328876;0
chronic.kidney.disease:0.00;-0.005997890859697878;0
