Features;Individual Effect;Interaction Effect
race:white,age:41.00,chf:1.00;0.14051643365358757;0.11435941065706784
sex:male;-0.03990214561491162;0
coronary.artery.disease:0.00;0.038325838535433365;0
hyperlipidemia:0.00,endstage.renal.disease:0.00,chronic.kidney.disease:0.00;-0.005919202172188109;0.04077479489174255
cancer:0.00,hypertension:0.00,diabetes:0.00;0.0004220098984210052;0.02830410304445455
dementia:0.00;0.017593656444348037;0
asthma:0.00;0.016730472875343277;0
cerebrovascular.disease:0.00;0.00823605220182222;0
hepatitis:0.00,copd:0.00;-0.015354829760227173;0.010751106831602159
