Features;Individual Effect;Interaction Effect
dementia:0.00,age:36.00,cerebrovascular.disease:0.00;0.2857902454659583;-0.031287886237429285
coronary.artery.disease:0.00,race:asian,chf:0.00;0.06950882799045977;0.09276976472986603
sex:male;-0.05652816149683448;0
hepatitis:0.00,hypertension:1.00,diabetes:1.00;-0.04292560692511482;0.002722500110946345
cancer:0.00;0.013723254201901326;0
hyperlipidemia:0.00,chronic.kidney.disease:0.00;-0.009646241802433342;0.0010889017820545424
endstage.renal.disease:0.00,asthma:0.00;0.0034817452015758477;-0.009153539230689525
copd:0.00;-0.005178595524140794;0
