Features;Individual Effect;Interaction Effect
race:black,age:92.00,hypertension:1.00;-0.1459871081803954;-0.2845190050559388
chronic.kidney.disease:0.00,chf:0.00,copd:0.00;-0.014491691261530049;-0.012142105278823478
hyperlipidemia:0.00;-0.01975872506653553;0
endstage.renal.disease:0.00;0.016202564610568133;0
cancer:0.00;0.016020789935294488;0
coronary.artery.disease:0.00;-0.012853477702131494;0
dementia:0.00;-0.010616443916445735;0
diabetes:0.00,sex:female,asthma:0.00;0.03451953506769634;-0.04059889095561621
hepatitis:0.00;0.004335551393071874;0
cerebrovascular.disease:0.00;-0.0023415563580700266;0
