Features;Individual Effect;Interaction Effect
hypertension:1.00,age:36.00,coronary.artery.disease:1.00;0.15123683222723616;0.09142284803852901
hepatitis:0.00;0.020972293471340817;0
cancer:0.00,hyperlipidemia:0.00,chf:0.00;-0.006580082515700525;-0.0072429928754792205
diabetes:0.00;0.012474728507831725;0
dementia:0.00;-0.008843806605187458;0
cerebrovascular.disease:0.00,asthma:0.00;-0.01878153401022542;0.027293645122304533
copd:0.00;0.005268674098445138;0
endstage.renal.disease:0.00,race:asian,sex:male;-0.015817224687254605;0.017402794276491742
chronic.kidney.disease:0.00;-0.000460993541730563;0
