Features;Individual Effect;Interaction Effect
cerebrovascular.disease:0.00,age:74.00,sex:male;-0.21103475787710402;-0.045177138280284745
race:asian,coronary.artery.disease:1.00;-0.0818209736506505;-0.023670426056783073
hypertension:0.00,hyperlipidemia:1.00;-0.03130290786676104;-0.022125332200450258
diabetes:1.00;0.017933916396769244;0
cancer:0.00;-0.01447319422260437;0
chf:0.00;-0.012862479317718944;0
copd:0.00;-0.009798190409018772;0
hepatitis:0.00,chronic.kidney.disease:0.00;-0.0024253160198824952;0.008538377362481996
endstage.renal.disease:0.00;0.004740505953194259;0
asthma:0.00;0.0009485889602201883;0
dementia:0.00;-9.180762709860846e-05;0
