Features;Individual Effect;Interaction Effect
diabetes:0.00,age:89.00,hypertension:1.00;-0.18898333606117484;-0.08691216161944115
race:white,coronary.artery.disease:1.00;-0.12111253507533698;0.009463776312818792
sex:female;-0.046787173186780814;0
cerebrovascular.disease:0.00;-0.024671869496986187;0
cancer:0.00;0.021491907984632214;0
dementia:0.00;0.01709804072489711;0
chf:1.00;0.014809206319423434;0
hyperlipidemia:0.00;-0.013914815178153142;0
hepatitis:0.00;-0.013604947365520936;0
endstage.renal.disease:0.00;-0.007871115700740363;0
asthma:1.00,copd:0.00;-0.0013609358232817836;-0.006151513072245856
chronic.kidney.disease:0.00;0.004554585843847651;0
