Features;Individual Effect;Interaction Effect
chronic.kidney.disease:0.00,age:65.00,asthma:0.00;0.09864498988983506;0.0394403176774889
hypertension:1.00,race:other,hyperlipidemia:1.00;-0.0243176688288973;0.10332883737304978
cerebrovascular.disease:0.00,coronary.artery.disease:0.00,chf:0.00;0.0532000203471229;0.017510586891147872
diabetes:0.00;0.05849495418164771;0
cancer:0.00;0.020323107426704956;0
dementia:0.00;0.013951062280472139;0
hepatitis:0.00;0.010890150717577443;0
copd:0.00;0.01029453882951991;0
sex:male;-0.004446721488336134;0
endstage.renal.disease:0.00;-0.0036362436152170205;0
