Features;Individual Effect;Interaction Effect
age:25.00,race:white;0.30527504205668143;-0.01784830136821214
diabetes:0.00,sex:female,hypertension:0.00;0.019855925704020727;0.055429031994874894
cerebrovascular.disease:0.00,coronary.artery.disease:0.00,chronic.kidney.disease:0.00;0.05581049952480788;0.0008801941397502261
hepatitis:0.00;0.017275867261203615;0
cancer:0.00;0.015971025970377667;0
dementia:0.00,chf:0.00,endstage.renal.disease:0.00;-0.004223632100103458;0.016246126890477268
asthma:0.00;0.002082085673341609;0
copd:0.00;-0.001830725725462605;0
hyperlipidemia:0.00;0.00010250315869186384;0
