Features;Individual Effect;Interaction Effect
hypertension:1.00,hyperlipidemia:1.00;-0.004903228098000367;0.08503200820142787
age:78.00,coronary.artery.disease:1.00,chf:1.00;-0.23399098234707855;0.1778834920567996
diabetes:1.00,dementia:0.00;-0.04470835933685979;0.0740179380600391
race:white,sex:female;0.00615700047326484;0.01160753016106248
endstage.renal.disease:0.00,copd:0.00;-0.01268555302878871;0.0016968903982189192
cerebrovascular.disease:0.00,cancer:0.00;0.012228651173055272;-0.021332229065130832
asthma:0.00;0.008989563111153641;0
chronic.kidney.disease:0.00;-0.0044868599565477015;0
hepatitis:0.00;-0.003189929491515471;0
