Features;Individual Effect;Interaction Effect
hypertension:0.00,age:68.00,race:white;-0.03286451907995325;-0.14003675581214786
sex:male;-0.0882965242493408;0
diabetes:0.00,coronary.artery.disease:0.00,cancer:1.00;-0.05212969149740532;-0.03421255449835986
hyperlipidemia:0.00;-0.02743558708798567;0
asthma:0.00,endstage.renal.disease:0.00,copd:0.00;0.0010324177968953352;-0.02043891782811726
chronic.kidney.disease:0.00;-0.015539785380748797;0
chf:0.00;-0.012556357156325155;0
hepatitis:0.00;0.011203703339384759;0
dementia:0.00;0.004121134488654032;0
cerebrovascular.disease:0.00;0.0019423397491092065;0
