Features;Individual Effect;Interaction Effect
coronary.artery.disease:0.00,age:89.00,hypertension:1.00;-0.14505283946055314;-0.1342516143443977
sex:female;-0.05507947426732163;0
race:white,hepatitis:0.00,chronic.kidney.disease:0.00;-0.003496556522902705;-0.031141551157114263
hyperlipidemia:1.00;0.024085185022803823;0
dementia:0.00,chf:0.00,asthma:0.00;-0.013384824814251739;-0.009561145748808026
endstage.renal.disease:0.00;0.01574034242945241;0
cerebrovascular.disease:0.00,cancer:0.00;-0.0035509653705319;0.016359575611800466
diabetes:0.00;-0.010099237992457117;0
copd:0.00;0.004756010443972912;0
