Features;Individual Effect;Interaction Effect
asthma:0.00,age:33.00,dementia:0.00;0.2917476578158633;0.0114878692100856
sex:female,hypertension:0.00,diabetes:0.00;0.01409503435027648;0.08642889520334807
coronary.artery.disease:0.00,copd:0.00;0.055523182271042026;0.006286797245359667
chronic.kidney.disease:0.00;0.019273478548606074;0
cerebrovascular.disease:0.00;0.013677926203736333;0
hepatitis:0.00;-0.011160527599056357;0
endstage.renal.disease:0.00;0.003638501367806239;0
hyperlipidemia:0.00;0.0034566055272417804;0
chf:0.00;-0.001371582073119798;0
race:white,cancer:0.00;-0.01877456073268613;0.01962508116269584
