Features;Individual Effect;Interaction Effect
age:89.00,hypertension:1.00;-0.18303012619989867;-0.021379351224496856
race:asian,chronic.kidney.disease:1.00;-0.0023503993817821645;-0.09533476474354417
sex:male,cancer:0.00;-0.026662606718562964;-0.06186680380151646
coronary.artery.disease:0.00;0.06573440290187774;0
diabetes:1.00;-0.03940966556421581;0
hepatitis:0.00;0.020700908037118437;0
chf:0.00;0.013693717113050043;0
copd:0.00;0.010927274707338338;0
cerebrovascular.disease:0.00,endstage.renal.disease:0.00;-0.002306270311505876;-0.004043799265149958
dementia:1.00;0.005837646073429938;0
hyperlipidemia:0.00;-0.003715759839961727;0
asthma:0.00;0.001732780316254734;0
