Features;Individual Effect;Interaction Effect
hyperlipidemia:1.00,age:76.00,race:white;-0.15025497665260945;-0.09546078364861665
diabetes:0.00,sex:female,cerebrovascular.disease:1.00;-0.015985757178456184;-0.05600979314674895
asthma:1.00;0.0427568605207386;0
coronary.artery.disease:0.00;0.03332104676434394;0
hepatitis:0.00;0.020562522591466684;0
copd:0.00;-0.018686941369995023;0
dementia:0.00,hypertension:1.00,endstage.renal.disease:0.00;-0.0026291711403112483;-0.014184771430537167
cancer:0.00;-0.013267176985021192;0
chf:0.00;-0.010218008706463569;0
chronic.kidney.disease:0.00;0.007144886882400635;0
