Features;Individual Effect;Interaction Effect
hypertension:1.00,age:84.00,race:black;-0.14397281144853274;-0.1550912116809181
chronic.kidney.disease:0.00;-0.0316923691550243;0
sex:female;0.028186098757750414;0
coronary.artery.disease:0.00;0.021939690023054473;0
diabetes:1.00;-0.018880731987051893;0
hyperlipidemia:1.00;0.018386799536919324;0
chf:0.00;-0.012333431979145073;0
copd:0.00,dementia:0.00;0.00871518740398125;0.00229706160546617
endstage.renal.disease:0.00;0.008777107786383265;0
hepatitis:0.00;0.007281904951465693;0
cerebrovascular.disease:0.00;-0.003922464690845541;0
asthma:0.00;0.0025405751230844487;0
cancer:0.00;0.002069863665228197;0
