Features;Individual Effect;Interaction Effect
sex:male,race:white,hypertension:0.00;-0.09155614255859901;-0.08472963850198878
coronary.artery.disease:0.00,age:53.00,cancer:1.00;0.12368021292496983;-0.26948479230962874
diabetes:0.00,chf:1.00;-0.014208727863757709;-0.029971285525240143
hepatitis:0.00,chronic.kidney.disease:0.00;0.007850047575671981;0.0006522988279016248
hyperlipidemia:0.00,dementia:0.00;-0.005966538064994253;0.01039916792549829
copd:0.00;-0.0022120581725746137;0
asthma:0.00;0.0018237703029680558;0
endstage.renal.disease:0.00;0.000958943976961335;0
cerebrovascular.disease:0.00;0.00010712324966032502;0
