Features;Individual Effect;Interaction Effect
race:black,age:71.00,diabetes:0.00;0.011392701130391703;-0.1597907506040716
hyperlipidemia:1.00;-0.04217135131558132;0
coronary.artery.disease:0.00;0.03432047640920167;0
hypertension:1.00,sex:female,asthma:0.00;0.03578573281521036;-0.0691222137625112
dementia:0.00;0.020839074159550778;0
cerebrovascular.disease:0.00,copd:0.00,cancer:0.00;0.008679103279712885;-0.005788138893784349
chronic.kidney.disease:0.00;0.0027452046323223666;0
hepatitis:0.00,endstage.renal.disease:0.00;0.003891560597780841;-0.002287393504335036
chf:0.00;0.0016007757439481024;0
