Features;Individual Effect;Interaction Effect
hypertension:0.00,dementia:1.00;-0.12027338391522252;-0.08128606033424018
race:black,age:73.00,sex:female;-0.008354258956090321;-0.1609127312858822
coronary.artery.disease:0.00;0.05226953143668771;0
diabetes:1.00;-0.04122621514231997;0
chf:0.00;-0.04017939438373837;0
hyperlipidemia:0.00;-0.02527870428435;0
cancer:0.00;0.018979486353772522;0
chronic.kidney.disease:0.00;-0.01646306185434125;0
copd:0.00;0.010246064641248026;0
hepatitis:0.00,endstage.renal.disease:0.00;0.009146297396929404;-0.006233455926735458
cerebrovascular.disease:0.00,asthma:0.00;0.014748557284917196;-0.012914647503396916
