Features;Individual Effect;Interaction Effect
age:74.00,diabetes:0.00;-0.14177931561995555;-0.07496181106907762
race:asian,coronary.artery.disease:1.00;-0.10403120771070795;0.008354408804837787
sex:male;-0.061521961336361015;0
hepatitis:0.00;-0.04646528904604924;0
cerebrovascular.disease:0.00;0.03327745442534854;0
chf:0.00,copd:0.00;-0.028494792557233972;0.0015589061994818118
cancer:0.00;0.024385153363498856;0
hyperlipidemia:0.00;0.013686320827754905;0
endstage.renal.disease:0.00;-0.012562677895827035;0
dementia:0.00;0.011149184642042554;0
hypertension:0.00;-0.010852006437835487;0
asthma:0.00;-0.008143351130964867;0
chronic.kidney.disease:0.00;0.005938960479768968;0
