Features;Individual Effect;Interaction Effect
hypertension:1.00,age:60.00,diabetes:0.00;0.09498564779483842;0.143498408196807
cancer:0.00,hyperlipidemia:0.00,coronary.artery.disease:0.00;0.05970804100538596;0.00998264690925578
sex:male;-0.04649528426198504;0
chf:0.00,chronic.kidney.disease:0.00;0.00254699535746572;0.02794284968463885
hepatitis:0.00;0.005222815654084549;0
cerebrovascular.disease:0.00;0.004120531196700375;0
dementia:0.00,race:black,asthma:0.00;0.0036280933917254288;-0.0059372280627384665
endstage.renal.disease:0.00;-0.0011326736382838778;0
copd:0.00;-0.0007836933730701809;0
