Features;Individual Effect;Interaction Effect
coronary.artery.disease:0.00,age:89.00,sex:male;-0.17538910279199293;-0.13918003577057875
race:white;-0.08748609022035737;0
diabetes:0.00,cancer:0.00;-0.0031106149235931024;0.03594034420450418
endstage.renal.disease:0.00;-0.023164978771541663;0
chronic.kidney.disease:0.00;-0.022012794956596252;0
dementia:0.00;0.017311027380513856;0
hyperlipidemia:0.00;-0.015956054304273964;0
hypertension:0.00;0.014743922641542964;0
cerebrovascular.disease:0.00;0.013130379922236039;0
asthma:0.00,hepatitis:0.00,copd:0.00;0.010590183187550117;-0.020435034250861267
chf:0.00;-0.007058804455391655;0
