Features;Individual Effect;Interaction Effect
age:54.00;0.22333153267740202;0
coronary.artery.disease:0.00,race:asian,chf:0.00;0.092215067646229;0.03242860624675124
hypertension:0.00;-0.026730897425561458;0
sex:male,diabetes:0.00;-0.042710570772482914;0.02340090379149178
chronic.kidney.disease:0.00,asthma:1.00;-0.010902186883496201;-0.003932599018543677
copd:0.00,hyperlipidemia:0.00,cerebrovascular.disease:0.00;-0.018207071263880655;0.03223290938804922
cancer:0.00;0.012655982620014352;0
endstage.renal.disease:0.00;0.009197265124381519;0
dementia:0.00;0.004857184634574678;0
hepatitis:0.00;0.0038537923836989376;0
