Features;Individual Effect;Interaction Effect
diabetes:0.00,age:89.00,race:white;-0.18740231719442063;-0.10492641918361484
sex:male;-0.0880115358132229;0
hypertension:0.00;0.02458623023227853;0
coronary.artery.disease:0.00,copd:0.00;0.044840305497488964;-0.028366997595166307
hyperlipidemia:0.00,hepatitis:0.00;-0.019220052005302524;0.00303489145531877
chf:0.00;-0.00790666938526408;0
endstage.renal.disease:0.00;-0.007676780452674198;0
cancer:0.00;-0.0020425616741041146;0
asthma:0.00,chronic.kidney.disease:0.00,dementia:0.00;-0.014936794398589082;0.016964449573263003
cerebrovascular.disease:0.00;-0.0006261170756305598;0
