Features;Individual Effect;Interaction Effect
age:74.00,diabetes:0.00;-0.14317859301249775;-0.09439851344877764
sex:male,cerebrovascular.disease:0.00;-0.04890439080620734;-0.024168456568939956
coronary.artery.disease:0.00;0.049408222054134324;0
endstage.renal.disease:0.00;-0.02942319874864508;0
asthma:0.00;-0.02879512408526435;0
chronic.kidney.disease:0.00;0.027704688783209294;0
hyperlipidemia:0.00;-0.018357013881949536;0
hypertension:1.00;0.015930534612718816;0
race:black;0.012360722022305275;0
copd:0.00,dementia:0.00;-0.007636225133644592;0.01596274427896462
hepatitis:0.00;0.0076831784325047045;0
chf:0.00;-0.005174005772212668;0
cancer:0.00;0.004899703937327141;0
