Features;Individual Effect;Interaction Effect
age:32.00,cerebrovascular.disease:0.00;0.31119971231697674;-0.006058147248270529
hypertension:1.00,sex:female,diabetes:1.00;-0.014565922943246878;0.09187118131592287
hyperlipidemia:0.00,coronary.artery.disease:0.00;0.04528457200304248;-0.004361101157610493
cancer:0.00;0.023745746466231614;0
dementia:0.00;-0.011397020563429137;0
asthma:0.00;0.009958136808417443;0
copd:0.00;0.009772194820377167;0
race:black;0.006970385715322054;0
chronic.kidney.disease:0.00,chf:0.00,endstage.renal.disease:0.00;0.0026400363507269597;0.002293524586310998
hepatitis:0.00;0.004319481781666662;0
