Features;Individual Effect;Interaction Effect
hepatitis:0.00,age:88.00,sex:male;-0.14875966043614625;-0.09271949869323776
hyperlipidemia:1.00,coronary.artery.disease:0.00;0.03679062348260853;-0.08105189404260173
diabetes:0.00,asthma:0.00;-0.0035127212812876563;0.036800689480462986
dementia:0.00,cerebrovascular.disease:0.00,chronic.kidney.disease:0.00;0.02096638961919073;-0.007701834411459295
cancer:0.00;0.01147622431712294;0
copd:0.00;0.007253201822563629;0
chf:0.00;-0.00407282593267624;0
endstage.renal.disease:0.00,race:black,hypertension:1.00;0.04075817135461213;-0.040941832884509095
