Features;Individual Effect;Interaction Effect
sex:male,age:39.00,chf:1.00;0.134849501141655;0.14923692897258706
cerebrovascular.disease:0.00,hypertension:0.00,diabetes:0.00;-0.01966037213621108;0.06347144040070817
coronary.artery.disease:0.00,chronic.kidney.disease:0.00,asthma:0.00;0.03551156074381756;-0.0013611761916362333
hyperlipidemia:0.00,endstage.renal.disease:0.00;0.011726049234960567;0.0055889031444724575
cancer:0.00;0.017032161701233665;0
dementia:0.00;0.015541989846423063;0
copd:0.00;-0.005768888514236917;0
race:white;-0.004726774640031493;0
hepatitis:0.00;-0.0012862454967897674;0
