Features;Individual Effect;Interaction Effect
race:other,age:50.00,hypertension:1.00;0.10282694649532098;0.18612973714038206
coronary.artery.disease:1.00;-0.1369655755392437;0
diabetes:0.00;0.029374844872480696;0
cancer:0.00;-0.017009382800864035;0
sex:male,chf:0.00,hepatitis:0.00;-0.07044052789874905;0.05800508977988762
hyperlipidemia:0.00;-0.007973981151509399;0
asthma:0.00;0.007451845391494665;0
endstage.renal.disease:0.00,chronic.kidney.disease:0.00;-0.018490948923743367;0.02227127063740844
cerebrovascular.disease:0.00,dementia:0.00;0.0004723435215564509;-0.0027820732956114896
copd:0.00;0.0008603838451524334;0
