Features;Individual Effect;Interaction Effect
age:69.00,coronary.artery.disease:1.00,chronic.kidney.disease:1.00;-0.19742339587799188;0.2854657927362372
diabetes:1.00,race:other,cerebrovascular.disease:1.00;-0.135887469040124;0.19932032549102152
sex:male,endstage.renal.disease:1.00,dementia:0.00;-0.041021186193885395;0.08945833313537009
hyperlipidemia:1.00;0.03442443276343922;0
hypertension:1.00;0.02113489902956791;0
chf:0.00,hepatitis:0.00;-0.001682773452972297;-0.004833097918449249
copd:0.00;-0.006070813795629612;0
asthma:0.00,cancer:0.00;-0.004813675732065814;0.009814795647405842
