Features;Individual Effect;Interaction Effect
chronic.kidney.disease:0.00,age:71.00,race:other;-0.010337250189530134;0.11138057403142215
coronary.artery.disease:1.00;-0.06677734901718006;0
hyperlipidemia:0.00,hypertension:0.00,diabetes:0.00;-0.03684278375074013;0.09878579654113968
copd:0.00;-0.03215559126093558;0
sex:male,dementia:0.00;-0.04501041573226184;0.06782564287986409
cerebrovascular.disease:0.00;-0.013448682423288807;0
cancer:0.00;0.011120088998185548;0
hepatitis:0.00;0.010117822582806855;0
chf:0.00;-0.008900780496668238;0
endstage.renal.disease:0.00,asthma:0.00;-0.0046130622344522365;0.011793448879865682
