Features;Individual Effect;Interaction Effect
hypertension:0.00,diabetes:0.00;-0.02159543059648239;0.16246926967722405
race:white,cancer:0.00;-0.02373531040376653;0.046867998358693486
asthma:0.00;-0.01986061469750848;0
hyperlipidemia:0.00;0.015212186920045577;0
chf:0.00;-0.012963570388069879;0
hepatitis:0.00;-0.012724482484883223;0
cerebrovascular.disease:0.00;-0.01185337139281703;0
endstage.renal.disease:0.00;0.0091539251999478;0
chronic.kidney.disease:0.00;-0.006929131664106547;0
copd:0.00,dementia:0.00;0.010866463683257499;-0.004122990426777188
sex:female,age:81.00,coronary.artery.disease:1.00;-0.24100636195439923;0.2399135267693354
