Features;Individual Effect;Interaction Effect
diabetes:0.00,age:89.00,race:white;-0.20762152668182865;-0.12275803099743232
dementia:1.00,coronary.artery.disease:0.00,chf:1.00;-0.06486556285888678;-0.044084202975231204
cerebrovascular.disease:0.00,copd:0.00,cancer:0.00;-0.007635982547041786;-0.018131393461335597
hypertension:1.00;-0.02006124662043074;0
chronic.kidney.disease:0.00;-0.018841489451192524;0
endstage.renal.disease:0.00;-0.016812095398391486;0
sex:female;0.015820524187944808;0
hepatitis:0.00;0.008475916203867256;0
hyperlipidemia:0.00;-0.005500523426358719;0
asthma:0.00;0.003651554256009888;0
