Features;Individual Effect;Interaction Effect
sex:female,race:white,coronary.artery.disease:1.00;-0.11156571787788733;-0.10246208565967518
age:82.00,hypertension:1.00;-0.10653175729102976;-0.0736079770532953
hyperlipidemia:1.00,dementia:0.00;-0.00892899037085837;0.06087182999438004
chronic.kidney.disease:0.00;0.024497715953308824;0
chf:0.00,asthma:0.00;0.0058107461010030725;-0.029151811828108422
copd:0.00;0.00982123333987708;0
diabetes:1.00,cerebrovascular.disease:0.00;-0.03603337457815442;0.02661717927343117
hepatitis:0.00;0.006291557825846645;0
endstage.renal.disease:0.00;0.001216624872813779;0
cancer:0.00;0.0011656295666647616;0
