Features;Individual Effect;Interaction Effect
age:70.00,hypertension:1.00,diabetes:1.00;-0.03612863597694538;0.14394716502779079
sex:male;-0.0741670903733353;0
chronic.kidney.disease:0.00,race:black,coronary.artery.disease:0.00;0.0741098021649782;-0.01298428665060107
hepatitis:0.00,cancer:0.00;-0.016549385442290232;0.043674072299355576
cerebrovascular.disease:0.00,asthma:0.00;0.0004322216785301869;0.02535889918303269
copd:0.00;0.017249432384602383;0
hyperlipidemia:0.00;0.008064946903432443;0
endstage.renal.disease:0.00;-0.0036048663293788176;0
chf:0.00;0.002528581113315588;0
dementia:0.00;0.0004064382298518722;0
