Features;Individual Effect;Interaction Effect
age:88.00,coronary.artery.disease:1.00,endstage.renal.disease:1.00;-0.23691887393016853;-0.09150469829534502
dementia:1.00;-0.07387361927563085;0
diabetes:0.00;-0.04427878324223298;0
sex:female;0.03652375089461584;0
copd:0.00;0.02675020743145206;0
asthma:0.00;-0.02484671129352833;0
hyperlipidemia:0.00;-0.023561966768230858;0
cancer:0.00;0.02207914959044776;0
cerebrovascular.disease:0.00;0.017813805003584482;0
chf:0.00;-0.015232461329337206;0
hepatitis:0.00;0.012112412720059376;0
race:black,hypertension:1.00;0.02909687515985271;-0.030897882259975248
chronic.kidney.disease:0.00;0.0003333474497789063;0
