Features;Individual Effect;Interaction Effect
coronary.artery.disease:0.00,age:72.00,cancer:1.00;-0.10180565390019863;-0.12661869009624457
diabetes:1.00,chronic.kidney.disease:0.00;-0.04842960481605385;-0.0014026359281008038
asthma:0.00,race:black,hypertension:1.00;0.02273164299408359;-0.06571908452159476
hepatitis:0.00;0.013662893775040668;0
hyperlipidemia:1.00,endstage.renal.disease:0.00;-0.03290648336560875;0.020516543432295177
copd:0.00;0.011137579727716354;0
sex:female,cerebrovascular.disease:0.00;0.03434276685639159;-0.039488734643617865
chf:0.00,dementia:0.00;-0.010765928868635255;0.010273580126632185
