Features;Individual Effect;Interaction Effect
sex:male,age:89.00,race:white;-0.2583053812578083;-0.1540772992340812
asthma:0.00,chf:0.00,copd:0.00;-0.022021719245800653;-0.011773258438438156
diabetes:0.00;0.028573753620678342;0
hyperlipidemia:0.00;-0.025073246591026943;0
cerebrovascular.disease:0.00;0.021928169851727256;0
cancer:0.00;0.01839355473535876;0
endstage.renal.disease:0.00;0.016134821688942848;0
chronic.kidney.disease:0.00;-0.012463280058701481;0
hypertension:0.00;-0.008012462960263906;0
coronary.artery.disease:0.00;0.005853451853128903;0
dementia:0.00;0.004130319501128361;0
hepatitis:0.00;-0.00011936058827936163;0
