Features;Individual Effect;Interaction Effect
age:66.00,coronary.artery.disease:1.00;-0.04587530635307874;-0.1367049516654813
sex:male,race:white,dementia:0.00;-0.0534393755976188;-0.017533894826719368
diabetes:1.00;-0.06901962211522372;0
hyperlipidemia:0.00;0.04037155431870042;0
chf:0.00;-0.03516788118110324;0
hypertension:1.00,copd:0.00;0.007348268774408084;0.01975217060291941
chronic.kidney.disease:0.00;-0.022258447125849373;0
cerebrovascular.disease:0.00;-0.01985856697996931;0
endstage.renal.disease:0.00;-0.011018959351113855;0
cancer:0.00;0.005695150025263586;0
asthma:0.00;0.003485919581038832;0
hepatitis:0.00;-0.0024452950992792793;0
