Features;Individual Effect;Interaction Effect
chf:0.00,race:white,coronary.artery.disease:1.00;-0.14327775957148803;-0.05403095065391092
asthma:0.00,age:73.00,hyperlipidemia:1.00;-0.08786621202834494;-0.037572352310170365
copd:0.00;-0.012451948648334071;0
cerebrovascular.disease:0.00;-0.010260212067275086;0
endstage.renal.disease:0.00;0.0056009042887806;0
diabetes:1.00,hepatitis:0.00,cancer:0.00;-0.020125658096166066;0.015501498982380263
dementia:0.00;-0.0030275537818046268;0
sex:female,hypertension:1.00;0.04038897416868703;-0.03845102881078391
chronic.kidney.disease:0.00;0.0015954021269431046;0
