Features;Individual Effect;Interaction Effect
hyperlipidemia:0.00,age:75.00,diabetes:1.00;-0.22452988958771364;-0.03715760809012664
dementia:0.00,race:black,hypertension:1.00;0.03860666560954007;-0.1121168202071135
chronic.kidney.disease:0.00,coronary.artery.disease:0.00,cancer:1.00;-0.05876143056634253;0.0016344490204564383
chf:0.00;-0.02513440635315603;0
asthma:0.00;-0.02286273572766806;0
endstage.renal.disease:0.00;0.02024334657915442;0
hepatitis:0.00,cerebrovascular.disease:0.00,copd:0.00;0.005323384009603971;-0.00248796774954943
sex:female;-0.0005536964779315024;0
