Features;Individual Effect;Interaction Effect
sex:male;-0.09725628213929953;0
hypertension:1.00,age:65.00,race:black;0.09748564288879669;-0.1890432320908916
coronary.artery.disease:0.00,dementia:0.00;0.058373243295801736;-0.0288736695221427
copd:0.00,hyperlipidemia:0.00,diabetes:0.00;0.0048890954631833905;-0.01925808418222027
chronic.kidney.disease:0.00;0.00977270103717255;0
cancer:0.00;0.006757991844465365;0
cerebrovascular.disease:0.00,chf:0.00,endstage.renal.disease:0.00;-0.015826177815825404;0.022420905331666994
hepatitis:0.00;0.006273874753877527;0
asthma:0.00;-0.0020929222768782136;0
