Features;Individual Effect;Interaction Effect
coronary.artery.disease:0.00;0.1072662756671138;0
race:white,hypertension:1.00;-0.023280511001371525;0.06944088614244334
hyperlipidemia:0.00;0.045764656260809125;0
cerebrovascular.disease:0.00,cancer:0.00;0.014483937135458924;0.0025169858601401217
endstage.renal.disease:0.00;-0.015999487087785334;0
chf:1.00,copd:0.00;0.002778403971727128;-0.009746634017302865
sex:female,age:89.00,diabetes:1.00;-0.18530242180549572;0.1877489883686529
asthma:0.00,dementia:0.00;-0.015766742943449152;0.015110882301536094
hepatitis:0.00,chronic.kidney.disease:0.00;-0.01856874472189951;0.019062007827770282
