Features;Individual Effect;Interaction Effect
chf:1.00,age:43.00,race:other;0.17419368525329504;0.09985631933459704
sex:female,coronary.artery.disease:0.00;0.09522692351835682;-0.004787035140746326
hyperlipidemia:0.00,endstage.renal.disease:0.00;-0.01604997552296106;0.04416545746703279
cerebrovascular.disease:0.00,hepatitis:0.00;0.0076926852884496855;0.014994023253211555
diabetes:0.00;0.01962456692292977;0
hypertension:0.00;0.017681326195875785;0
chronic.kidney.disease:0.00,asthma:0.00;-0.006264916126475173;0.019174911722758047
dementia:0.00;0.009515856468951665;0
cancer:0.00;-0.006472107161323737;0
copd:0.00;0.0006903458497780762;0
