Features;Individual Effect;Interaction Effect
hypertension:0.00,sex:female,coronary.artery.disease:0.00;0.0628312435381474;0.1552159250310492
diabetes:1.00;-0.0379798072241653;0
cerebrovascular.disease:0.00;0.023924883566228513;0
hyperlipidemia:0.00;0.020395846286325778;0
hepatitis:0.00,copd:0.00;-0.0061498915995316095;0.02599795283485865
chf:0.00;-0.01306040989126388;0
endstage.renal.disease:0.00;-0.0121421891241623;0
race:white,age:79.00,dementia:1.00;-0.2416604293126946;0.2486047166321893
chronic.kidney.disease:0.00;0.0008322121333257694;0
asthma:0.00;-0.0005627757576141743;0
cancer:0.00;-0.00035503891111607604;0
