Features;Individual Effect;Interaction Effect
chronic.kidney.disease:1.00;-0.11737324754748651;0
age:79.00,diabetes:1.00;-0.18004829818722495;0.0641519690747624
race:white,coronary.artery.disease:1.00;-0.1327467548302551;0.0509886801539399
cancer:0.00;0.047150845410266165;0
dementia:0.00;0.012137529404124225;0
hyperlipidemia:1.00,chf:1.00,asthma:1.00;-0.010233958664062182;0.02222403539518954
sex:female;0.0088207018085279;0
hypertension:1.00;-0.007682354644083761;0
hepatitis:0.00;-0.007486550117930679;0
endstage.renal.disease:0.00;-0.007233527697793757;0
cerebrovascular.disease:0.00;-0.0026213064149212123;0
copd:1.00;0.00138010959260388;0
