Features;Individual Effect;Interaction Effect
age:42.00,sex:female;0.21662749378305968;0.06244498881351862
race:black,hypertension:0.00,diabetes:0.00;0.0320567761003564;0.035140169577845604
coronary.artery.disease:0.00,hyperlipidemia:0.00,chf:0.00;0.0400634086589744;0.02618343389254832
dementia:0.00;0.021880792686989857;0
hepatitis:0.00,endstage.renal.disease:0.00,chronic.kidney.disease:0.00;0.013209509955553478;0.006626330191251313
asthma:0.00;0.015633692635709184;0
cancer:0.00;0.015529202078305077;0
cerebrovascular.disease:0.00;0.011023670610204496;0
copd:0.00;0.0036185140187727158;0
