Features;Individual Effect;Interaction Effect
hyperlipidemia:0.00;0.06464706403909216;0
sex:female,age:89.00,hypertension:0.00;-0.1950961175027725;0.1396169894803707
coronary.artery.disease:0.00;0.05333917260664094;0
race:white,diabetes:0.00;-0.011591931644454156;-0.03290172598421752
dementia:0.00;-0.027007533082430438;0
cerebrovascular.disease:0.00;0.02312046432198441;0
chf:0.00;0.017086091477389487;0
hepatitis:0.00;0.016788935479712733;0
asthma:0.00;0.016029476113950385;0
chronic.kidney.disease:0.00;-0.01602856176143376;0
cancer:0.00;0.006161477653998934;0
copd:0.00;0.0020446753776839823;0
endstage.renal.disease:0.00;0.0013478072305847938;0
