Features;Individual Effect;Interaction Effect
sex:male,race:white,hypertension:0.00;-0.0668117814474879;-0.13576200907230684
age:67.00,diabetes:1.00,coronary.artery.disease:0.00;0.0310154116372054;-0.06420032768630124
dementia:0.00;0.026990912527513854;0
endstage.renal.disease:0.00;0.019635955478425306;0
asthma:0.00;-0.018291653757924867;0
cerebrovascular.disease:0.00,cancer:0.00;0.01928916011672599;-0.003453589887307977
chf:0.00;-0.01402224449251653;0
hyperlipidemia:0.00;0.01081286218721204;0
copd:0.00;-0.007178273128357542;0
hepatitis:0.00;-0.005810480333639161;0
chronic.kidney.disease:0.00;0.002444529986499036;0
