Features;Individual Effect;Interaction Effect
age:83.00;-0.12516742251694532;0
race:black,cancer:1.00;-0.06283535809871871;-0.04458211642053156
coronary.artery.disease:1.00;-0.08976643967485344;0
copd:0.00;-0.04220567069510463;0
cerebrovascular.disease:0.00,dementia:0.00;0.008685307493042527;0.013151091928787436
endstage.renal.disease:0.00,chronic.kidney.disease:0.00;0.012656764574359824;-0.033864799128101086
diabetes:1.00;-0.020112518473189688;0
hepatitis:0.00;0.018815820564741625;0
hyperlipidemia:1.00;0.017723623736169578;0
sex:female,hypertension:1.00;0.03775959169250309;-0.045445930795993586
asthma:0.00;0.0043857651409081495;0
chf:1.00;0.0030860369618114676;0
