Features;Individual Effect;Interaction Effect
coronary.artery.disease:0.00;0.15903398388801468;0
race:white,age:66.00,sex:male;0.01185488174389604;0.13059598639683462
chf:0.00;0.04079126571718103;0
hypertension:0.00,diabetes:0.00;-0.012699479804627156;0.03915166234835829
copd:0.00;0.014465590704782358;0
cancer:0.00;0.0137277591041918;0
dementia:0.00;-0.007398703019863881;0
hyperlipidemia:0.00;-0.005248290353921128;0
endstage.renal.disease:0.00;-0.004446417283548873;0
cerebrovascular.disease:0.00,asthma:0.00;-0.01630388681346795;0.015726929341545876
hepatitis:0.00,chronic.kidney.disease:0.00;0.004320653550579756;-0.004765011822573051
