Features;Individual Effect;Interaction Effect
chf:0.00,age:89.00,hypertension:1.00;-0.18169337263489538;-0.09795356659330223
sex:male,hyperlipidemia:0.00;-0.053581419130823926;-0.009490160883326285
cancer:1.00;-0.03470778171755544;0
endstage.renal.disease:0.00;0.03370271693851677;0
chronic.kidney.disease:0.00;-0.03359091443714809;0
coronary.artery.disease:0.00;0.025143590524936935;0
cerebrovascular.disease:0.00;-0.024925701345845777;0
race:white,dementia:0.00;-0.004370092344048726;-0.013791850997984169
copd:0.00;-0.01642082808151854;0
asthma:0.00;0.01372030190934121;0
diabetes:0.00;-0.00270693643905862;0
hepatitis:0.00;1.0972010451835296e-05;0
