Features;Individual Effect;Interaction Effect
coronary.artery.disease:0.00;0.07353538255073531;0
race:asian,hypertension:1.00,dementia:1.00;-0.05798209384587383;0.12814063466934872
endstage.renal.disease:0.00,age:88.00,sex:female;-0.06742692518283738;0.10498947419933655
cancer:0.00;0.02113633097917559;0
chf:0.00;0.017689459835583343;0
asthma:0.00;-0.01660711411445672;0
cerebrovascular.disease:0.00;0.012899935992037277;0
diabetes:0.00,chronic.kidney.disease:0.00,copd:0.00;-0.021560320261614696;0.024257480855093654
hepatitis:0.00;0.00268312671250584;0
hyperlipidemia:0.00;0.0002662592394607666;0
