Features;Individual Effect;Interaction Effect
race:white,hyperlipidemia:1.00;-0.01812842196704001;-0.09097186195346652
coronary.artery.disease:0.00,age:59.00,chf:1.00;0.09911228563902041;-0.20028267144258127
diabetes:1.00,chronic.kidney.disease:0.00;-0.04587799655666602;-0.03365033137602619
sex:male,dementia:0.00;-0.029475780794486983;-0.04675704999001004
hypertension:1.00,cancer:0.00;0.002541972049890706;0.01892373555816313
hepatitis:0.00;0.02067363999552435;0
endstage.renal.disease:0.00;0.010193234204253571;0
asthma:0.00;0.007603625767773108;0
copd:0.00;-0.004593331791522246;0
cerebrovascular.disease:0.00;-0.0009719935679437494;0
