Features;Individual Effect;Interaction Effect
age:31.00;0.3022203848760464;0
coronary.artery.disease:0.00;0.09503498642051408;0
chronic.kidney.disease:0.00,hypertension:0.00,diabetes:0.00;-0.03347595301937989;0.11131592629413224
cancer:0.00;0.042690081939123575;0
sex:female;0.0384337211340009;0
endstage.renal.disease:0.00;-0.03551892642237647;0
dementia:0.00;0.027314320589900173;0
race:white;-0.021765882867831605;0
asthma:0.00;0.018628450384626797;0
cerebrovascular.disease:0.00;0.0177871647700175;0
chf:0.00;-0.010164612929568561;0
hepatitis:0.00;-0.005242720194596965;0
copd:0.00;0.004257808798086122;0
hyperlipidemia:0.00;-0.0015278835730111653;0
