Features;Individual Effect;Interaction Effect
coronary.artery.disease:0.00,age:89.00,hypertension:1.00;-0.13763739964056915;-0.18045627983999518
hyperlipidemia:0.00;-0.06321179162493337;0
race:white;-0.056897147626015776;0
sex:male,hepatitis:0.00;-0.04733921335457403;0.03204195058121268
diabetes:0.00;0.013299933480211544;0
endstage.renal.disease:0.00,copd:0.00;0.008278231956650672;-0.020666626399827415
cerebrovascular.disease:0.00;0.010238769045905746;0
dementia:0.00;-0.00728953252750128;0
chronic.kidney.disease:0.00,asthma:0.00;0.012197361905949777;-0.01941324975829293
cancer:0.00;0.003914742298476673;0
chf:0.00;0.002859579183822493;0
