Features;Individual Effect;Interaction Effect
coronary.artery.disease:0.00,sex:male,diabetes:1.00;-0.017041693665172164;-0.11560179107483678
hypertension:0.00;-0.08807423732984654;0
age:77.00;-0.060873840905445356;0
race:black;0.05779670591517532;0
endstage.renal.disease:0.00;0.03502808236573812;0
hepatitis:0.00;-0.03442773444387916;0
dementia:0.00;-0.03149061229930788;0
chronic.kidney.disease:0.00;-0.02816047359717108;0
chf:0.00;0.022010069921321384;0
hyperlipidemia:0.00,asthma:0.00;0.0017011924202067208;0.01183166937902519
copd:0.00;0.013158687721262328;0
cerebrovascular.disease:0.00;0.003348189602541786;0
cancer:0.00;-0.0011971008668577032;0
