Features;Individual Effect;Interaction Effect
age:63.00,sex:female,hypertension:0.00;0.024864233462439045;0.1365653329007165
diabetes:1.00,hyperlipidemia:1.00,coronary.artery.disease:1.00;-0.19537974963534577;0.28030743040511424
chronic.kidney.disease:0.00;-0.01846358373303681;0
chf:0.00,asthma:0.00;0.003942490355931083;-0.022114603443315447
race:white,hepatitis:0.00;-0.012642352478521968;0.02845295923025438
cerebrovascular.disease:0.00;-0.011544038067636448;0
dementia:0.00;-0.010710920828519705;0
cancer:0.00;-0.005906360475816996;0
copd:0.00;-0.005071242153383762;0
endstage.renal.disease:0.00;-0.004503608952343016;0
