Features;Individual Effect;Interaction Effect
cerebrovascular.disease:0.00,age:77.00,endstage.renal.disease:1.00;-0.09558474764713792;-0.091408144630521
sex:male;-0.05273270191417825;0
race:black,coronary.artery.disease:0.00,chronic.kidney.disease:1.00;0.055422048680717206;-0.084306574794437
chf:0.00;-0.022874441215442888;0
hypertension:1.00;0.017272631235600043;0
hepatitis:0.00,hyperlipidemia:0.00,cancer:0.00;0.005016639179270976;0.010789374655311594
diabetes:1.00,dementia:0.00;-0.05993544892945668;0.04471197131128929
copd:0.00;-0.0031975010421082025;0
asthma:0.00;-0.000898102339875289;0
