Features;Individual Effect;Interaction Effect
diabetes:0.00,age:89.00,race:white;-0.1662459623711392;-0.09273641874506366
sex:male,coronary.artery.disease:0.00;-0.004924085709343384;-0.04848875899280082
hyperlipidemia:0.00;-0.04728731882458006;0
hypertension:0.00,chronic.kidney.disease:0.00;-0.01875486777776514;0.04677284172530055
copd:1.00;0.027747337831629037;0
chf:0.00;-0.026461768831442092;0
cerebrovascular.disease:0.00,endstage.renal.disease:0.00;0.007714843971270091;0.004602441504071519
dementia:0.00;0.011536171025457394;0
hepatitis:0.00,asthma:0.00;0.0006983631008333768;-0.010320401749712334
cancer:0.00;-0.0031833606093474784;0
