Features;Individual Effect;Interaction Effect
endstage.renal.disease:0.00,age:89.00,cancer:1.00;-0.2777769485532579;0.07895775270440974
diabetes:0.00,hypertension:1.00,cerebrovascular.disease:1.00;-0.07323791820288922;-0.0033523823532555785
chronic.kidney.disease:0.00,sex:female,coronary.artery.disease:1.00;-0.0843098936783942;0.02042932432478889
race:white,asthma:0.00,dementia:1.00;-0.08713649298186865;0.02549850885639597
hepatitis:0.00;0.01799729663243744;0
copd:0.00,hyperlipidemia:1.00,chf:0.00;-0.015961684133037668;-0.000995812050021777
