Features;Individual Effect;Interaction Effect
dementia:0.00,age:27.00,race:white;0.29350554413216134;0.020608493553397444
hyperlipidemia:0.00,coronary.artery.disease:0.00,endstage.renal.disease:0.00;0.02872291665914417;0.038946195176479306
sex:female,cerebrovascular.disease:0.00;0.03953218421272786;0.01352646099353047
hypertension:0.00,diabetes:0.00;-0.01203245640155981;0.040340874525444596
cancer:0.00;0.02449172510498246;0
asthma:0.00;0.009671194527198574;0
hepatitis:0.00,chronic.kidney.disease:0.00;0.009689227892087926;-0.0008921642836555374
chf:0.00,copd:0.00;0.0033521558448539324;-0.005242898925935109
