Features;Individual Effect;Interaction Effect
hypertension:1.00,age:72.00,cancer:1.00;-0.11789431434351333;-0.11953816165927839
coronary.artery.disease:0.00,sex:male,diabetes:1.00;-0.031433610637905285;-0.05145753840306927
chf:0.00;-0.03099357013252818;0
hyperlipidemia:0.00;-0.03015761104174879;0
copd:0.00;-0.015052724755228848;0
cerebrovascular.disease:0.00;0.011907071769734955;0
race:black,chronic.kidney.disease:0.00;0.015015190487498997;-0.025398070354759834
endstage.renal.disease:0.00;0.008604473625198374;0
asthma:0.00;-0.008199869798305691;0
dementia:0.00;-0.007808301465299809;0
hepatitis:0.00;-0.0049090958741500185;0
