Features;Individual Effect;Interaction Effect
race:white,coronary.artery.disease:0.00,chf:0.00;-0.0016075284790509903;0.12917981223823988
chronic.kidney.disease:0.00;-0.024902335686073553;0
hypertension:1.00;0.02436892854486549;0
sex:female,age:89.00,dementia:1.00;-0.24525338963178728;0.26818024166098375
diabetes:1.00;0.022486739113098474;0
endstage.renal.disease:0.00,hepatitis:0.00,copd:0.00;0.007712726303747974;-0.02578041219027281
cerebrovascular.disease:1.00;-0.013916504863409594;0
hyperlipidemia:1.00,asthma:0.00;-0.01032062300782921;0.014891913760447953
cancer:0.00;0.0006256777241421575;0
