Features;Individual Effect;Interaction Effect
age:50.00,race:asian,coronary.artery.disease:1.00;0.03936756058303059;-0.2585391530265523
hypertension:0.00;-0.07019427679331049;0
chf:0.00;-0.0547787848828462;0
sex:male;-0.051629053100782946;0
cancer:0.00,hyperlipidemia:0.00,chronic.kidney.disease:0.00;-0.02152547381802583;-0.006481566475270446
cerebrovascular.disease:0.00;0.015483074589278965;0
asthma:0.00;0.014524676175125241;0
hepatitis:0.00;0.013257524501925314;0
diabetes:0.00,copd:0.00;0.007146632486676241;0.0013324629672898866
endstage.renal.disease:0.00,dementia:0.00;0.018012939686012808;-0.018578057493255383
