Features;Individual Effect;Interaction Effect
coronary.artery.disease:0.00;0.0772914890950709;0
sex:male;0.059764950228004;0
chf:0.00;0.0582324628320023;0
endstage.renal.disease:0.00;-0.05667562532045495;0
diabetes:0.00;0.050173491266558554;0
age:64.00;-0.04840434527848971;0
copd:0.00;0.04836957409536672;0
chronic.kidney.disease:0.00,asthma:0.00;0.0037372707242557812;-0.048074366918949785
race:black;0.03992510959415696;0
hyperlipidemia:0.00;-0.031977200731548125;0
hypertension:0.00;-0.030166857607663952;0
cerebrovascular.disease:0.00;0.029382152761952874;0
dementia:0.00;-0.02657279272971358;0
cancer:0.00;0.010957228240015136;0
hepatitis:0.00;0.006280408561030397;0
