Features;Individual Effect;Interaction Effect
age:46.00;0.16514282060362784;0
race:black,hypertension:0.00,diabetes:0.00;0.01541994979186112;0.10817367620846594
chronic.kidney.disease:0.00,coronary.artery.disease:0.00,dementia:0.00;0.04790728923917853;0.015466157536860509
endstage.renal.disease:1.00,sex:male,chf:0.00;-0.04779509513298542;0.07174391951099895
hyperlipidemia:0.00,cerebrovascular.disease:0.00;0.010913141614802946;0.005551124196846589
hepatitis:0.00;-0.015582244489859218;0
cancer:0.00;0.0028127372171243593;0
asthma:0.00;0.0021624160898373115;0
copd:0.00;0.0017161791893726581;0
