Features;Individual Effect;Interaction Effect
race:other,sex:male;-0.058674001928744945;-0.047016819966446605
coronary.artery.disease:0.00,diabetes:1.00,chronic.kidney.disease:0.00;0.003955158818945037;-0.09221836983067525
hyperlipidemia:1.00,age:56.00,chf:1.00;0.179849124764764;-0.2627043692801654
copd:0.00;0.02110646705848954;0
hypertension:1.00,dementia:0.00;-0.02187963770963064;0.008704713893763214
cerebrovascular.disease:0.00,endstage.renal.disease:0.00;0.02499228379615115;-0.0167261138058365
cancer:0.00;0.007079877468647532;0
asthma:0.00;0.00678024910261979;0
hepatitis:0.00;0.0010316457679125782;0
