Features;Individual Effect;Interaction Effect
age:27.00,hypertension:0.00,diabetes:0.00;0.2786812297994353;0.12891171268598572
coronary.artery.disease:0.00,hyperlipidemia:0.00,chronic.kidney.disease:0.00;0.024459962762550358;0.03797926985014649
sex:male;-0.0286346633589305;0
race:white;-0.022263312254346454;0
cerebrovascular.disease:0.00;-0.014757105462558411;0
endstage.renal.disease:0.00;0.01330256862020546;0
hepatitis:0.00;0.012301634613283922;0
chf:0.00,copd:0.00;-0.0028507002696196437;0.012301982852837026
dementia:0.00;0.007259396723271725;0
cancer:0.00;0.0043365340140659805;0
asthma:0.00;0.0005118095313566412;0
