Features;Individual Effect;Interaction Effect
copd:0.00,race:white,coronary.artery.disease:1.00;-0.14821627120691155;-0.10709490905645086
diabetes:0.00;-0.029085809544007316;0
hyperlipidemia:0.00;-0.02229078396478662;0
hepatitis:0.00;0.018718236767362936;0
sex:male,endstage.renal.disease:0.00;-0.055222866927308434;0.047071215221756266
asthma:1.00,age:53.00,chf:1.00;0.175520356373841;-0.18002837715269704
hypertension:1.00;-0.004358316979926746;0
cerebrovascular.disease:0.00,chronic.kidney.disease:0.00,cancer:0.00;0.015322545669023246;-0.011739335083289337
dementia:0.00;-0.0022786266408583895;0
