Features;Individual Effect;Interaction Effect
race:white,asthma:1.00,copd:1.00;-0.04168677811993304;0.23099181471640007
hypertension:1.00,age:87.00,dementia:1.00;-0.2364723715967177;0.1395299850548597
hyperlipidemia:1.00;0.07678628663627317;0
diabetes:0.00;-0.015414526561613889;0
hepatitis:0.00,cancer:0.00;0.005783413887465063;-0.02042075916887128
chronic.kidney.disease:0.00;-0.012688697226231026;0
cerebrovascular.disease:0.00,endstage.renal.disease:0.00;0.002438248933954501;-0.014469382781713265
sex:male,coronary.artery.disease:1.00,chf:1.00;-0.18692749634696748;0.18155499675374417
