Features;Individual Effect;Interaction Effect
hyperlipidemia:1.00,age:70.00,coronary.artery.disease:1.00;-0.10087384753989209;-0.095685672055972
hypertension:0.00;-0.059371280682589664;0
dementia:0.00;0.05523546780045729;0
race:other;-0.043369554990100576;0
hepatitis:0.00;0.04040184944290975;0
chf:1.00;-0.03466419794998249;0
chronic.kidney.disease:0.00;-0.030696431354710722;0
cancer:0.00;0.028427474798169962;0
sex:male,endstage.renal.disease:0.00;-0.04301344253878853;0.015057110321705588
cerebrovascular.disease:0.00;0.009266889526210721;0
copd:0.00;-0.008620886422026783;0
diabetes:0.00;0.0020239961629391484;0
asthma:0.00;-0.001101031528109784;0
