Features;Individual Effect;Interaction Effect
cancer:0.00,age:61.00,sex:female;0.11204919836355065;0.09304300034389928
coronary.artery.disease:0.00;0.059995827166635124;0
chf:0.00;0.03842608340717076;0
hyperlipidemia:0.00;-0.02557379212849524;0
race:white,hypertension:1.00,diabetes:1.00;-0.08004176983246902;0.10280490400984943
hepatitis:0.00;-0.021614728136312822;0
chronic.kidney.disease:0.00;0.015222371065121934;0
asthma:0.00;0.011746004024136586;0
copd:0.00;-0.011616138701388196;0
cerebrovascular.disease:0.00;-0.010398579520990756;0
endstage.renal.disease:0.00;-0.006452517521185447;0
dementia:0.00;0.0020646503973488772;0
