Features;Individual Effect;Interaction Effect
race:black,hypertension:0.00,dementia:1.00;-0.07321995080590732;-0.17040120788189894
diabetes:0.00,age:75.00,chf:0.00;-0.16955116777031537;-0.02714378152645966
coronary.artery.disease:0.00;0.047082863148023554;0
sex:female,copd:0.00;0.03358414083535377;-0.0018614391053889123
cerebrovascular.disease:0.00;0.020263560099297293;0
chronic.kidney.disease:0.00,asthma:0.00;-0.014272034774167497;-0.0003697408867262015
cancer:0.00;-0.0020752163163175533;0
hepatitis:0.00;0.0018722274639598122;0
endstage.renal.disease:0.00;0.001058194003748389;0
hyperlipidemia:0.00;-0.0010069523287014551;0
