Features;Individual Effect;Interaction Effect
asthma:0.00,age:89.00,coronary.artery.disease:1.00;-0.3027591994690087;0.07782783361602502
hypertension:0.00,diabetes:0.00;-0.02781564088537647;0.09854445750171179
cancer:0.00,race:white,chronic.kidney.disease:0.00;-0.020971035685896755;-0.02785557152488667
sex:female,copd:0.00;0.010208792956925006;0.029790722702343286
hyperlipidemia:0.00,chf:1.00,dementia:0.00;-0.004281916088173965;0.039446407233105524
endstage.renal.disease:0.00;-0.009172630346125194;0
hepatitis:0.00;0.004131303791636072;0
cerebrovascular.disease:0.00;-0.0034627440395645723;0
