Features;Individual Effect;Interaction Effect
age:72.00,endstage.renal.disease:1.00;-0.027469409166931524;-0.08957375083149584
sex:male,chronic.kidney.disease:0.00;-0.04114912446225705;-0.012283863800137476
diabetes:0.00;-0.03764953099788004;0
chf:1.00,hyperlipidemia:1.00,coronary.artery.disease:0.00;0.05539677037650536;-0.07799846646135841
cancer:0.00;0.009709066885582311;0
dementia:0.00;0.009616830848427392;0
race:white,cerebrovascular.disease:0.00;-0.009725422274738828;0.018152469863690034
asthma:0.00;-0.0072180559457378024;0
hypertension:1.00,copd:1.00;-0.028014203650226003;0.03387274432828606
hepatitis:0.00;0.0017240524646460545;0
