Features;Individual Effect;Interaction Effect
coronary.artery.disease:0.00,age:60.00,sex:female;0.1520577528295094;0.13645467305676867
race:black,hypertension:0.00,diabetes:0.00;0.02275255386017838;0.08981091357748844
dementia:0.00,chronic.kidney.disease:0.00,asthma:0.00;0.0037580718707623806;0.0220275743795646
hepatitis:0.00;0.018869393371776788;0
endstage.renal.disease:0.00;-0.013179730875348253;0
cancer:0.00;0.012275677255630085;0
copd:0.00;0.011565654100060711;0
chf:0.00;0.01040044654673783;0
hyperlipidemia:0.00;0.0051975790730671234;0
cerebrovascular.disease:0.00;-0.0006836442116592845;0
