Features;Individual Effect;Interaction Effect
hypertension:0.00,race:hispanic,diabetes:1.00;-0.08906464232925315;-0.12587294805842736
age:75.00;-0.18967632125712852;0
copd:0.00,hyperlipidemia:0.00,asthma:0.00;-0.02632425981144415;-0.009299399786255907
dementia:0.00,sex:male,coronary.artery.disease:0.00;-0.004071420258023761;-0.0312289089516063
chf:0.00;-0.017630919699910513;0
cerebrovascular.disease:0.00;-0.0161899141016979;0
cancer:0.00;0.00849272577172979;0
hepatitis:0.00;-0.0071535476694039105;0
chronic.kidney.disease:0.00;-0.0050742238042996435;0
endstage.renal.disease:0.00;-0.0029385178419782908;0
