Features;Individual Effect;Interaction Effect
hyperlipidemia:0.00,hypertension:0.00,coronary.artery.disease:1.00;-0.15102496449809738;-0.09277870402439903
race:white,age:42.00,sex:male;0.14002051143773153;-0.20632662950426134
chf:0.00;-0.04342367923614718;0
diabetes:0.00;0.031015211537566506;0
chronic.kidney.disease:0.00;0.022697692725061405;0
cerebrovascular.disease:0.00,endstage.renal.disease:0.00;-0.02123875754322857;0.010104424091363747
copd:0.00;-0.008454506403767017;0
cancer:0.00;0.0036126374175283124;0
asthma:0.00;-0.0010489109027941729;0
dementia:0.00;-0.0006231755300792688;0
hepatitis:0.00;-0.0005483108708707121;0
