Features;Individual Effect;Interaction Effect
hyperlipidemia:0.00,race:white,sex:female;0.02081168803074629;0.11246752006471622
age:62.00,coronary.artery.disease:1.00,cancer:1.00;-0.19646097669178617;0.3256391812572105
cerebrovascular.disease:0.00,hypertension:0.00,diabetes:0.00;-0.015200843794454737;0.07319169614028007
asthma:0.00;-0.009090484767361046;0
chf:0.00,endstage.renal.disease:0.00;0.011604994012405445;-0.018268942717774614
chronic.kidney.disease:0.00;-0.003810553631140245;0
dementia:0.00,hepatitis:0.00,copd:0.00;-0.011707944478900667;0.007915401126789894
