Features;Individual Effect;Interaction Effect
sex:female,age:60.00,diabetes:0.00;0.10267180720242441;0.14671330490790443
race:black,hypertension:0.00;-0.008147190012719796;0.06118625885306411
asthma:0.00,chf:1.00,chronic.kidney.disease:0.00;-0.02401511367734943;-0.028996672951111843
coronary.artery.disease:0.00;0.04656097087099999;0
dementia:0.00;0.017209226220781255;0
cerebrovascular.disease:0.00,endstage.renal.disease:0.00;0.01214177562703267;0.0003000102995134035
cancer:0.00;0.009761744920990412;0
hyperlipidemia:0.00;0.008953828312785761;0
hepatitis:0.00,copd:0.00;-0.024392647787787824;0.02554880319692248
