Features;Individual Effect;Interaction Effect
hypertension:1.00,age:89.00,race:white;-0.2156087748503268;-0.09888354611469874
dementia:1.00,coronary.artery.disease:0.00,chf:1.00;-0.06505991975281006;-0.026374082166896462
sex:male;-0.05809631308119936;0
diabetes:0.00;-0.04643873176194955;0
asthma:0.00;0.018865040217664435;0
hyperlipidemia:0.00;-0.018723562521037268;0
endstage.renal.disease:0.00;-0.01654674394553038;0
cerebrovascular.disease:0.00;-0.016497038956001492;0
hepatitis:0.00;0.011999365443626196;0
copd:0.00;0.010319332863573089;0
cancer:0.00;-0.006655568381704807;0
chronic.kidney.disease:0.00;-0.0037846831163767664;0
