Features;Individual Effect;Interaction Effect
coronary.artery.disease:0.00;0.0673911996856684;0
race:black,age:76.00,hypertension:0.00;-0.11987374335159684;0.18127782686231345
hyperlipidemia:0.00;0.048694411242285386;0
diabetes:0.00;0.04061263338075926;0
chf:0.00;0.03218327830067895;0
dementia:0.00,sex:male,asthma:0.00;-0.050033310275685916;0.026929063184809702
cerebrovascular.disease:0.00,copd:0.00;-0.001710524528693802;-0.020659749139994237
endstage.renal.disease:0.00;-0.009185425285022239;0
cancer:0.00;0.008720239108879887;0
hepatitis:0.00;0.006612613100413792;0
chronic.kidney.disease:0.00;0.0024478245582104895;0
