Features;Individual Effect;Interaction Effect
age:71.00,hypertension:1.00,diabetes:1.00;-0.05050111763417697;0.29128641246009856
coronary.artery.disease:0.00,chf:0.00;0.04688787184372434;0.06481495006692611
race:black;0.046232965424414275;0
cancer:0.00;0.023838741775853038;0
hyperlipidemia:0.00,asthma:0.00,dementia:0.00;-0.029669564565513507;0.04695320007607629
cerebrovascular.disease:0.00;0.016138200109249302;0
sex:male;-0.011319835993767402;0
endstage.renal.disease:0.00;0.007273166088718062;0
hepatitis:0.00,copd:0.00;0.003077943833825758;-0.0012150699242039764
chronic.kidney.disease:0.00;-1.494989384926565e-05;0
