Features;Individual Effect;Interaction Effect
chf:0.00,age:67.00,coronary.artery.disease:1.00;-0.09727889444233623;-0.17752837242360991
race:white,sex:male,hypertension:0.00;-0.06970697141193527;-0.1310010409799238
diabetes:0.00;-0.016232920679466856;0
hyperlipidemia:0.00;0.010652099027652387;0
dementia:0.00;0.01022652632938429;0
cancer:0.00,endstage.renal.disease:0.00,copd:0.00;0.026379827188973803;-0.03551783151399533
hepatitis:0.00,cerebrovascular.disease:0.00,asthma:0.00;0.00618716893546245;-0.008502063806688151
chronic.kidney.disease:0.00;-0.002112998575570131;0
