Features;Individual Effect;Interaction Effect
chronic.kidney.disease:0.00,sex:female,diabetes:1.00;-0.009278150578356903;0.14943914324352742
hypertension:1.00,age:81.00,hyperlipidemia:1.00;-0.16267371136234435;0.2505531659506465
race:black,chf:0.00,asthma:0.00;0.01796853358878292;0.05454963276232802
coronary.artery.disease:0.00;0.04265901766238249;0
dementia:0.00,cancer:0.00;0.02348516850539606;0.001596642809023309
endstage.renal.disease:0.00;-0.019725497883206152;0
copd:0.00;-0.014104539324688296;0
cerebrovascular.disease:0.00;0.008768493529165908;0
hepatitis:0.00;-0.004016931171747409;0
