Features;Individual Effect;Interaction Effect
hypertension:1.00,age:60.00,diabetes:0.00;0.06052583348414908;0.19569007194975674
chronic.kidney.disease:0.00,sex:female,coronary.artery.disease:0.00;0.07831833617916661;0.027321597816697116
race:black,chf:0.00;0.018016093483195994;0.03590948585220052
dementia:0.00,asthma:0.00,cancer:0.00;0.0022004186187856156;0.024427099273018876
hepatitis:0.00;0.019681085364282043;0
cerebrovascular.disease:0.00;0.009702967610775881;0
endstage.renal.disease:0.00;0.004323690862205583;0
copd:0.00;0.002811879264402871;0
hyperlipidemia:1.00;-0.0010366534158168781;0
