Features;Individual Effect;Interaction Effect
race:white,age:72.00,coronary.artery.disease:1.00;-0.1685669585171502;-0.21649104541894615
endstage.renal.disease:0.00,sex:male,hypertension:1.00;-0.06048141674846147;0.007459139226234729
hyperlipidemia:1.00,chronic.kidney.disease:0.00,copd:0.00;-0.019439144982645318;-0.022283717443230003
chf:0.00,dementia:0.00;-0.0002461932668186284;-0.02204635456089113
cancer:0.00;-0.015088550610612407;0
hepatitis:0.00;0.00863804068927053;0
cerebrovascular.disease:0.00;0.0028126746662616164;0
diabetes:0.00;0.0027453978459116815;0
asthma:0.00;0.00023606401348394424;0
