Features;Individual Effect;Interaction Effect
sex:male,age:89.00,race:white;-0.2493681921772809;-0.15146446625372195
hyperlipidemia:0.00;-0.03596991857817776;0
diabetes:0.00;0.028631793963448622;0
hepatitis:0.00;0.02015407800706675;0
endstage.renal.disease:0.00;-0.014289828814981344;0
dementia:0.00;0.011794059623291483;0
cerebrovascular.disease:0.00;0.011753090726066992;0
chf:0.00,cancer:0.00;-0.006581537761376377;-0.0032387505595727513
hypertension:0.00;0.005243312881049976;0
chronic.kidney.disease:0.00,coronary.artery.disease:0.00,asthma:0.00;0.051399380100931036;-0.04889124737419585
copd:0.00;-0.0020361056839242747;0
