Features;Individual Effect;Interaction Effect
hypertension:0.00,age:63.00,race:white;-0.02313550245523821;-0.1733609063802448
hyperlipidemia:0.00,chf:0.00;-0.02377261666613184;-0.051093268630383576
coronary.artery.disease:0.00;0.054314375517255015;0
sex:female,diabetes:0.00;0.03319723064505398;-0.0034730492337650895
chronic.kidney.disease:0.00,copd:0.00;-0.005899358226042262;-0.010970314565888772
endstage.renal.disease:0.00,cancer:0.00;0.019919093134688426;-0.030767431857415643
cerebrovascular.disease:0.00;-0.01001933959341672;0
dementia:0.00;-0.009449997465632434;0
hepatitis:0.00;-0.002518074855420889;0
asthma:0.00;0.00045903193219519467;0
