Features;Individual Effect;Interaction Effect
coronary.artery.disease:1.00,race:other,hyperlipidemia:0.00;-0.15180515693392943;-0.10526629754450906
diabetes:1.00,sex:male,hypertension:0.00;-0.10753479815790146;-0.07645311632577367
age:64.00;0.021513172076656695;0
cancer:0.00;0.019771973164902902;0
cerebrovascular.disease:0.00,asthma:0.00;0.0085620150379484;-0.018484027371345968
dementia:0.00;0.006340680824519919;0
chf:0.00;-0.006149870681440461;0
hepatitis:0.00,endstage.renal.disease:0.00,copd:0.00;0.0032291791711417384;-0.006951280042757031
chronic.kidney.disease:0.00;0.0033560760718760047;0
