Features;Individual Effect;Interaction Effect
hyperlipidemia:0.00,coronary.artery.disease:0.00;0.035470019737497305;0.034550260552006495
race:black,cerebrovascular.disease:0.00;0.03872762451507272;0.01490547917423067
diabetes:1.00,age:76.00,chf:1.00;-0.16827812009495152;0.22154079988621933
sex:male,hypertension:1.00;-0.051463257679530146;0.07576169206941163
copd:0.00,cancer:0.00;0.004068070352731823;0.019941064522681608
dementia:0.00;-0.005186723081021017;0
hepatitis:0.00;0.004513869208181255;0
endstage.renal.disease:0.00,asthma:0.00;-0.007111131920485292;0.010161793858028657
chronic.kidney.disease:0.00;-0.0002790316213855393;0
