Features;Individual Effect;Interaction Effect
diabetes:1.00,age:39.00,sex:female;0.17598887050595113;0.19715110578990314
copd:1.00;-0.054788312326404895;0
chronic.kidney.disease:0.00;0.047461218917210383;0
cerebrovascular.disease:0.00;-0.044290323213699384;0
coronary.artery.disease:0.00;0.03936087121525757;0
endstage.renal.disease:0.00;-0.028112797549706803;0
asthma:0.00,cancer:0.00;-0.021741503860636554;0.045748724380533054
hepatitis:0.00;0.020222815884544686;0
hyperlipidemia:0.00;0.015703047690961;0
chf:0.00;0.013810105838027102;0
hypertension:1.00;-0.012890738078760122;0
race:black;0.012839544154514326;0
dementia:0.00;5.952026394843296e-05;0
