Features;Individual Effect;Interaction Effect
age:74.00;-0.13784735561714198;0
coronary.artery.disease:0.00,sex:female,hypertension:1.00;0.08200689619594725;0.008249227141365514
hepatitis:0.00,race:black,hyperlipidemia:0.00;0.055280757712698254;-0.0697651887746393
asthma:0.00,cancer:0.00;-0.008801630835785779;-0.003541492669763214
copd:0.00,diabetes:0.00,chf:0.00;-0.011237913732686455;0.020524403253333816
cerebrovascular.disease:0.00;0.008950961864367578;0
dementia:0.00;-0.007653994662963192;0
endstage.renal.disease:0.00;0.0028846250798684834;0
chronic.kidney.disease:0.00;0.0010038098806927718;0
