Features;Individual Effect;Interaction Effect
cerebrovascular.disease:0.00,age:28.00,race:white;0.29213188576846616;0.019056740912265724
coronary.artery.disease:0.00,cancer:0.00;0.04659541149443314;0.027023474225568514
sex:female,hypertension:0.00,diabetes:0.00;0.016683234774852007;0.05654908305216427
dementia:0.00;0.00819955170334602;0
endstage.renal.disease:0.00,chronic.kidney.disease:0.00;0.029084210475680772;-0.03687703178792145
hyperlipidemia:0.00,hepatitis:0.00;-0.005144109610279113;0.012730766747514922
asthma:0.00,copd:0.00;-0.01487908728619769;0.009348648613790644
chf:0.00;0.0007471597537710379;0
