Features;Individual Effect;Interaction Effect
age:63.00,race:black,diabetes:1.00;-0.009662823304323886;-0.23187851796897868
sex:male;-0.14463765092213102;0
hypertension:1.00;-0.029143327353523638;0
cerebrovascular.disease:0.00;0.027812797387356855;0
asthma:0.00;0.027784461835570453;0
chf:0.00;0.024644688399913878;0
chronic.kidney.disease:0.00;-0.0206842830974675;0
hyperlipidemia:1.00;-0.01629868313732259;0
dementia:0.00,cancer:0.00;0.0034261283225397454;-0.019564617627566717
hepatitis:0.00;-0.014030942726015044;0
copd:0.00;0.011452922013315638;0
endstage.renal.disease:0.00;0.007839400163917362;0
coronary.artery.disease:0.00;-0.004912031357632997;0
