Features;Individual Effect;Interaction Effect
age:55.00,race:other,chf:1.00;0.12898456688065452;0.11117850936437557
hyperlipidemia:0.00,coronary.artery.disease:0.00,copd:0.00;0.04867693734434131;0.03861398396263667
chronic.kidney.disease:0.00,diabetes:0.00,asthma:0.00;-0.003119521330970265;0.048528745637609935
sex:male;-0.03933960857039662;0
dementia:0.00;0.024633062666821005;0
cancer:0.00;0.020423214289532685;0
endstage.renal.disease:0.00;0.013370906016871971;0
hepatitis:0.00;0.011528351132261184;0
hypertension:0.00;0.005223952955941719;0
cerebrovascular.disease:0.00;0.004240308821965168;0
