Features;Individual Effect;Interaction Effect
age:88.00;-0.18814269395929456;0
coronary.artery.disease:1.00,chf:1.00;-0.12885089426516666;0.07168696033900522
sex:male;-0.028979095878614556;0
hypertension:1.00;-0.026089255209194973;0
hepatitis:0.00;0.022625521776284425;0
chronic.kidney.disease:0.00,asthma:0.00;0.008176434968508062;-0.02695525286547546
hyperlipidemia:1.00;-0.01782249867222099;0
copd:1.00,cancer:1.00;-0.13518296514853156;0.1510169098435559
diabetes:0.00;-0.013514649335232325;0
dementia:0.00;0.008562176398581756;0
race:white;-0.004915266926816805;0
endstage.renal.disease:0.00;-0.001074274353183649;0
cerebrovascular.disease:0.00;-0.0003454122041669158;0
