Features;Individual Effect;Interaction Effect
hepatitis:0.00,age:89.00,cancer:1.00;-0.2893852429908465;0.08406170040432062
dementia:1.00,coronary.artery.disease:1.00,asthma:0.00;-0.21783360222230125;0.08336934949087105
copd:0.00,hyperlipidemia:1.00,cerebrovascular.disease:1.00;-0.07662929955682957;-0.004765628210905148
sex:female;0.03638833649607193;0
chronic.kidney.disease:0.00,hypertension:1.00,diabetes:0.00;0.027730596467897217;-0.05942224966330958
race:white;-0.005647786669774892;0
chf:0.00,endstage.renal.disease:0.00;-0.02568159483828636;0.029392020322979717
