Features;Individual Effect;Interaction Effect
age:82.00,hypertension:1.00;-0.12226730887833132;-0.08596864219995987
race:black,coronary.artery.disease:0.00;0.07652511740127144;-0.02794424943291779
diabetes:0.00;0.035807953477619246;0
endstage.renal.disease:0.00;-0.03383156320849998;0
chronic.kidney.disease:0.00;-0.022461141780358487;0
cerebrovascular.disease:0.00;-0.020116833468246158;0
chf:0.00;-0.018961253149423565;0
asthma:0.00;0.016666857495945445;0
hyperlipidemia:0.00;-0.01623583914634448;0
cancer:0.00;-0.015590980314640703;0
sex:male;-0.014295749858425227;0
dementia:0.00;-0.010075207372040412;0
hepatitis:0.00;-0.004989877976750934;0
copd:0.00;-0.003182462705077469;0
