Features;Individual Effect;Interaction Effect
copd:1.00,age:89.00,coronary.artery.disease:1.00;-0.33274114562334467;0.15385781332368023
cancer:1.00;-0.08040182110376606;0
chf:0.00;-0.0587513418146597;0
hyperlipidemia:1.00;0.046969706450671424;0
chronic.kidney.disease:0.00;0.02729154151395528;0
sex:male;-0.023225082760572627;0
cerebrovascular.disease:0.00;0.02286948928936648;0
diabetes:0.00;-0.016798294985389896;0
asthma:0.00;-0.016134474632345665;0
race:white;0.014975786322438076;0
hypertension:1.00,hepatitis:0.00;0.0022650475691428085;-0.01631688194698282
dementia:0.00;0.010309298099748624;0
endstage.renal.disease:0.00;-0.009556963235438597;0
