Features;Individual Effect;Interaction Effect
age:54.00,hypertension:1.00;0.18055541965702226;0.06286407155470441
race:black;0.05081686356548889;0
coronary.artery.disease:0.00,dementia:0.00;0.06267309363092421;-0.01387957492861086
hepatitis:0.00;0.03111787433313045;0
hyperlipidemia:0.00,cancer:0.00;0.004782455722264323;0.022554549164931784
copd:0.00;0.02008636508333302;0
sex:female,diabetes:1.00,chronic.kidney.disease:1.00;-0.0323636675483151;0.016275334883928107
cerebrovascular.disease:0.00;-0.01528848000476887;0
chf:0.00;-0.01037385822604582;0
asthma:0.00;-0.0013403624109484154;0
endstage.renal.disease:0.00;-0.0011432659023559513;0
