Features;Individual Effect;Interaction Effect
endstage.renal.disease:0.00,age:70.00,asthma:1.00;-0.017502714825384458;-0.08882751448428162
diabetes:1.00,chf:0.00;-0.05080390149894587;-0.004041445708438257
race:other;-0.029334490742298977;0
cancer:0.00,hepatitis:0.00,dementia:0.00;0.01742175627296172;0.006591809979224532
hyperlipidemia:1.00,coronary.artery.disease:0.00;0.03176830371822237;-0.05351366204745863
chronic.kidney.disease:0.00;0.012564527728511153;0
cerebrovascular.disease:0.00;0.010857992716061887;0
sex:female;0.006049635049873839;0
copd:0.00;0.0020677122831582306;0
hypertension:1.00;-0.0014759302682031284;0
