Features;Individual Effect;Interaction Effect
sex:male;-0.09134044489306309;0
age:57.00,race:black,hypertension:1.00;0.1054948894894183;-0.17405371104817252
diabetes:0.00,asthma:0.00;0.013753377589612481;0.03250586869895815
hyperlipidemia:0.00;-0.03329768158049416;0
coronary.artery.disease:0.00,copd:0.00;0.04216835457259693;-0.02107783401187928
chf:0.00;-0.013981846531878209;0
cerebrovascular.disease:0.00;0.01164221002118181;0
chronic.kidney.disease:0.00;0.01052561652850972;0
hepatitis:0.00;0.009503321162783927;0
dementia:0.00;-0.006287703362632123;0
endstage.renal.disease:0.00,cancer:0.00;-0.009407727426286594;0.012730967232994486
