Features;Individual Effect;Interaction Effect
sex:male,age:48.00,coronary.artery.disease:1.00;-0.0020574133050094146;0.22297771495269098
race:black;0.0957263081535611;0
diabetes:1.00;-0.0896112583583487;0
hyperlipidemia:0.00,dementia:0.00;-0.02354889185173048;-0.010448356619242496
endstage.renal.disease:0.00;0.030073883340528424;0
cerebrovascular.disease:0.00;-0.02625645379297508;0
cancer:0.00;-0.012431137013588483;0
chronic.kidney.disease:0.00;0.010187216489239412;0
asthma:0.00,copd:0.00;-0.01164988035424086;0.021137836426331356
chf:0.00;0.008156214344811069;0
hepatitis:0.00;0.007166939115449765;0
hypertension:0.00;-0.0013594253892968144;0
