Features;Individual Effect;Interaction Effect
diabetes:0.00,age:73.00,coronary.artery.disease:1.00;-0.20691917128640713;-0.10878520681100518
sex:male,hyperlipidemia:1.00,asthma:0.00;-0.065435642015025;-0.020087852550973437
race:white,copd:0.00;-0.01952169853361052;-0.023645874613267656
hypertension:1.00;0.021067483407134567;0
cerebrovascular.disease:0.00,dementia:1.00;-0.10002546196054324;0.08680373257481075
chronic.kidney.disease:0.00;0.008247005267151539;0
endstage.renal.disease:0.00,chf:0.00,cancer:0.00;-0.003092996202504139;-0.00011854909192055008
hepatitis:0.00;-0.002042937169361436;0
