Features;Individual Effect;Interaction Effect
diabetes:0.00,age:89.00,hypertension:1.00;-0.18825020029008327;-0.08912848354674757
coronary.artery.disease:0.00,chronic.kidney.disease:1.00,copd:1.00;-0.008916858345263345;-0.02568689485308185
cerebrovascular.disease:0.00;-0.032248562755378976;0
sex:female;-0.01968199282234591;0
hyperlipidemia:1.00;-0.017152179343837802;0
endstage.renal.disease:0.00,cancer:0.00;-0.005581609121388831;0.016108932711559387
race:white;-0.010062396277224467;0
dementia:0.00;-0.009884910426382405;0
asthma:0.00;-0.003923143688564213;0
chf:1.00;-0.002652851672011347;0
hepatitis:0.00;0.0005603422849964415;0
