Features;Individual Effect;Interaction Effect
race:black,hyperlipidemia:0.00;0.03227888901854303;0.037842158165804496
cerebrovascular.disease:0.00,coronary.artery.disease:0.00,chf:0.00;0.015529521994168571;0.04602136024604349
hypertension:0.00,age:84.00,sex:male;-0.22781778781203843;0.18149167169717684
diabetes:0.00;0.04221509154043698;0
asthma:0.00;0.012731100395767197;0
chronic.kidney.disease:0.00,dementia:0.00;0.0021130786018355163;0.008132152358029186
copd:0.00;-0.004729508893800775;0
hepatitis:0.00;0.0038309943978073677;0
endstage.renal.disease:0.00,cancer:0.00;0.005219586581600932;-0.00567304986159879
