Features;Individual Effect;Interaction Effect
endstage.renal.disease:1.00,age:59.00,hyperlipidemia:1.00;0.05535049000899672;0.1481602433885373
sex:male,coronary.artery.disease:1.00,chf:1.00;-0.16918983678430782;0.1319755872162639
cancer:0.00,race:black,hepatitis:0.00;0.05509308404975988;-0.03032886914402976
chronic.kidney.disease:0.00;-0.01392544670551906;0
hypertension:1.00,diabetes:1.00;-0.04011983772693367;0.03507196368290505
dementia:0.00,cerebrovascular.disease:0.00,asthma:0.00;0.017887091134178745;-0.013655530097893557
copd:0.00;-0.0014591588577484577;0
