Features;Individual Effect;Interaction Effect
race:black,age:70.00,hypertension:0.00;0.02607735671663569;-0.2317917080593914
coronary.artery.disease:0.00,diabetes:1.00,chronic.kidney.disease:0.00;0.00012052957237457251;-0.139233805155898
sex:female;0.061259455611635254;0
endstage.renal.disease:0.00,copd:0.00;0.00868405140680828;0.026774197208042402
chf:0.00;-0.029921599333045834;0
cerebrovascular.disease:0.00;0.0244623502655716;0
hyperlipidemia:0.00;-0.01920578035400812;0
dementia:0.00;0.009252471732606314;0
asthma:0.00;0.007089098533801418;0
hepatitis:0.00;0.0067134713368202995;0
cancer:0.00;-0.0052400643689547236;0
