Features;Individual Effect;Interaction Effect
race:white,age:70.00,sex:male;-0.05226542976077586;0.1800970250337422
endstage.renal.disease:0.00,hypertension:0.00,diabetes:0.00;-0.021167037742663375;0.08551564404324036
hyperlipidemia:0.00;0.03881529806909287;0
hepatitis:0.00,dementia:0.00;0.02363869999433188;0.0025846693120690593
cerebrovascular.disease:0.00,coronary.artery.disease:1.00,chf:1.00;-0.13324603399967416;0.11587321154853299
asthma:0.00,copd:0.00;0.0007549815771282775;0.009487708080455712
chronic.kidney.disease:0.00;-0.003971024931755315;0
cancer:0.00;0.0013317278945149773;0
