Features;Individual Effect;Interaction Effect
coronary.artery.disease:1.00,hypertension:0.00,endstage.renal.disease:0.00;-0.13347424344464098;0.001439150713298365
age:67.00;0.10592557677521602;0
race:white,sex:female,diabetes:1.00;-0.0349939531189537;0.12607109532514832
chronic.kidney.disease:0.00;-0.019415673288865287;0
chf:0.00;-0.01574643697217784;0
hepatitis:0.00,cancer:0.00;0.005649696972843675;-0.01835079435043177
copd:0.00;-0.009762542836116439;0
dementia:0.00;-0.008965699112630579;0
cerebrovascular.disease:0.00;-0.0028810632407629457;0
hyperlipidemia:0.00,asthma:0.00;-0.013494091434010924;0.013067013702900617
