Features;Individual Effect;Interaction Effect
coronary.artery.disease:1.00,chf:0.00;-0.12946236677223477;-0.02701760386356411
diabetes:0.00,cancer:1.00;-0.09936526367680076;0.0058232216170406165
sex:male;-0.08104046940242507;0
race:other;-0.04803988240095029;0
hyperlipidemia:1.00,chronic.kidney.disease:0.00;-0.009516660574837466;0.05282516629427146
dementia:0.00;-0.027957810129383746;0
asthma:0.00;0.02325969605853556;0
cerebrovascular.disease:0.00;0.021954190858300224;0
hypertension:1.00;0.020662332892716993;0
endstage.renal.disease:0.00;0.017628451712574416;0
age:63.00;-0.010778517260045375;0
hepatitis:0.00;0.00840386766139729;0
copd:0.00;0.001953384229017658;0
