Features;Individual Effect;Interaction Effect
age:89.00,race:white;-0.20020994930000113;-0.059938574539928346
dementia:1.00,sex:female,coronary.artery.disease:1.00;-0.16847101109284252;0.005076417193371208
hyperlipidemia:1.00,diabetes:1.00,chf:0.00;-0.05165723429774227;0.013979427332426214
copd:0.00,cancer:0.00;0.00033318743581189914;0.01070543426529355
hepatitis:0.00,hypertension:1.00,chronic.kidney.disease:0.00;-0.030028658882961023;0.03736302508253125
cerebrovascular.disease:0.00;0.0024600473541369176;0
asthma:0.00;0.0005454448286121225;0
endstage.renal.disease:0.00;0.00015234674401898296;0
