Features;Individual Effect;Interaction Effect
race:white,age:52.00,hyperlipidemia:0.00;0.1398813920318106;-0.018149219940987324
coronary.artery.disease:1.00,chf:1.00;-0.12521669432621668;0.03545935266999492
hypertension:0.00;0.032143003824023755;0
diabetes:0.00;0.030365150059501394;0
sex:female;0.026143756488158438;0
cerebrovascular.disease:0.00;0.02469101354395173;0
hepatitis:0.00,chronic.kidney.disease:0.00;0.012769328467166271;-0.03404071379554875
cancer:0.00;-0.01097074701053298;0
endstage.renal.disease:0.00;0.009213068085396483;0
dementia:0.00;-0.008972040008772494;0
asthma:0.00;0.007722448627095861;0
copd:0.00;-0.00028704000398148063;0
