Features;Individual Effect;Interaction Effect
diabetes:0.00,age:85.00,sex:female;-0.06691972696112464;-0.14222611370099839
hypertension:0.00,dementia:1.00;-0.10987421993051427;0.04227850653679942
race:other;-0.053884317762480774;0
coronary.artery.disease:0.00;0.0479157302620723;0
copd:0.00;-0.02988587182752281;0
cancer:0.00;0.01708445412832421;0
hyperlipidemia:0.00,chf:0.00;-0.0031207024284086726;-0.010293560515544104
asthma:0.00;0.009384600421272732;0
hepatitis:0.00;0.00579341659496858;0
cerebrovascular.disease:0.00;0.00421128198049909;0
chronic.kidney.disease:0.00;-0.0035847306787503983;0
endstage.renal.disease:0.00;0.0023475081020584996;0
