Features;Individual Effect;Interaction Effect
coronary.artery.disease:0.00;0.08827898479175762;0
sex:female,age:82.00,race:white;-0.1046860145346622;0.16278697483312682
diabetes:0.00;-0.03590988561216445;0
endstage.renal.disease:0.00;0.023121755262822136;0
hyperlipidemia:0.00;-0.017389289886134935;0
hepatitis:0.00;-0.017354751987595226;0
chronic.kidney.disease:0.00;-0.014709697091859458;0
copd:0.00;-0.014657404791726622;0
cerebrovascular.disease:0.00;0.013614751815021439;0
dementia:0.00;0.01010201443445119;0
asthma:0.00;0.00975752773246499;0
hypertension:1.00,chf:1.00;-0.002998360895758112;0.007421737780925267
cancer:0.00;-0.0016624443555305255;0
