Features;Individual Effect;Interaction Effect
age:51.00;0.19565344718515829;0
diabetes:1.00;-0.1112733534701601;0
hypertension:1.00;0.08825063016005714;0
chf:0.00;-0.07777779652376028;0
hyperlipidemia:0.00;0.07544985611725671;0
sex:male;-0.05792758468668611;0
asthma:0.00;-0.04771655741190945;0
dementia:0.00;0.03343258083958127;0
coronary.artery.disease:0.00;0.029170716953885106;0
hepatitis:0.00;-0.01533777097016495;0
cerebrovascular.disease:0.00;0.009677551408117782;0
copd:0.00;0.009242399443440618;0
endstage.renal.disease:0.00,chronic.kidney.disease:0.00;0.0014303656032330636;0.004417083896508002
race:black;0.0027537846417296542;0
cancer:0.00;-0.0014959658244339427;0
