Features;Individual Effect;Interaction Effect
diabetes:1.00,age:75.00,chf:0.00;-0.1993232163483713;-0.1393978249100687
sex:female,asthma:0.00;0.02001854747283393;-0.0747585711124614
copd:0.00,hyperlipidemia:0.00,cancer:0.00;-0.005952165159364364;-0.02382950060455547
coronary.artery.disease:0.00,race:black,hypertension:1.00;0.08043584848630392;-0.10526671904616638
chronic.kidney.disease:0.00;0.011887968383685624;0
cerebrovascular.disease:0.00;0.007194351925537798;0
endstage.renal.disease:0.00,dementia:0.00;-0.010660543500735087;0.01538440758242303
hepatitis:0.00;0.0045183129779793885;0
