Features;Individual Effect;Interaction Effect
chf:0.00,diabetes:0.00,coronary.artery.disease:0.00;0.03012903941302414;0.1355457162259523
hypertension:0.00,age:78.00,race:black;-0.07414987616567803;0.23023421893675156
sex:female,cancer:0.00;0.028398477236697417;0.03830385558446814
cerebrovascular.disease:0.00;0.026451479527374144;0
chronic.kidney.disease:0.00;0.02644461316108715;0
dementia:0.00;0.014402372989197207;0
hyperlipidemia:0.00;0.009411297735730125;0
asthma:0.00;-0.007399441385335256;0
endstage.renal.disease:0.00;-0.003786023226847797;0
hepatitis:0.00;0.0034593972377484974;0
copd:0.00;0.0008447020444318915;0
