Features;Individual Effect;Interaction Effect
age:50.00;0.1448089056048809;0
coronary.artery.disease:0.00;0.06911678105471787;0
dementia:0.00;0.030701633487691667;0
copd:0.00,sex:female,diabetes:1.00;-0.012809795706921201;0.04087738986666669
race:black,hepatitis:0.00,asthma:0.00;0.03288407223804224;-0.01058436393181588
cancer:0.00;0.019510847683082026;0
chronic.kidney.disease:0.00;-0.01749064277353278;0
cerebrovascular.disease:0.00;-0.01226421021164946;0
hypertension:0.00,endstage.renal.disease:1.00;-0.009084798792012405;-0.0016672165458071903
hyperlipidemia:0.00;-0.006627120974039016;0
chf:0.00;0.0016224841424536535;0
