Features;Individual Effect;Interaction Effect
dementia:0.00,age:61.00,sex:female;0.09427232226579252;0.14154890900355485
endstage.renal.disease:0.00,race:asian,coronary.artery.disease:0.00;0.07046201695264143;0.039248190349249604
hypertension:0.00,diabetes:0.00;-0.014208361911082767;0.06073716895278071
copd:0.00;0.018412716664376563;0
cancer:0.00;0.009254835581592957;0
cerebrovascular.disease:0.00;0.006802032576841362;0
hyperlipidemia:0.00;0.006793079182436163;0
asthma:0.00;-0.006205861927167454;0
hepatitis:0.00;-0.005157139361751342;0
chf:0.00;0.002957721626393378;0
chronic.kidney.disease:0.00;0.0007799647273955546;0
