Features;Individual Effect;Interaction Effect
asthma:0.00,age:78.00,hypertension:1.00;-0.11039913438458338;-0.10433134346255765
sex:female,dementia:0.00;0.038970638973653375;-0.08061300985383205
chf:0.00;-0.037680216869830835;0
coronary.artery.disease:0.00,race:black,diabetes:1.00;0.016319493688324083;-0.04734666269614438
cerebrovascular.disease:0.00,copd:0.00;0.017610234840204964;0.004418434748718281
endstage.renal.disease:0.00;0.01460790183026077;0
hyperlipidemia:0.00;0.013233080241353294;0
cancer:0.00;0.011514889157485459;0
hepatitis:0.00;0.01064024489021008;0
chronic.kidney.disease:0.00;0.0016758046570769652;0
