Features;Individual Effect;Interaction Effect
coronary.artery.disease:0.00,age:49.00,hyperlipidemia:1.00;0.16292213483802398;-0.3185639066586347
sex:male;-0.12482352488177184;0
diabetes:0.00,race:black,hypertension:1.00;0.013545662495823674;-0.11748609509815294
chronic.kidney.disease:0.00;-0.018910604957684082;0
endstage.renal.disease:0.00;0.018418799091917966;0
chf:0.00;-0.015593509895840046;0
dementia:0.00;-0.01146620343894538;0
copd:0.00;-0.01084105105216758;0
hepatitis:0.00;-0.008011443260240479;0
asthma:0.00;0.006809260085883388;0
cancer:0.00;0.0044895112512636885;0
cerebrovascular.disease:0.00;-0.0014899209141258467;0
