Features;Individual Effect;Interaction Effect
age:73.00,sex:female,cerebrovascular.disease:1.00;-0.11110312181382098;-0.10756666406502799
coronary.artery.disease:0.00,cancer:1.00;-0.058943774525429316;-0.037531297445396516
diabetes:0.00,dementia:1.00;-0.09014442172626763;0.01721947497075786
hypertension:1.00;-0.02147546710925197;0
endstage.renal.disease:0.00;0.017788438675317188;0
race:white,chf:0.00;-0.04460347748831617;0.03201655841149108
chronic.kidney.disease:0.00;-0.011526008336584997;0
hyperlipidemia:1.00,copd:0.00;0.0009059949477446816;0.0075327958872517045
hepatitis:0.00;-0.002374509378980816;0
asthma:0.00;0.0007583212642408299;0
