Features;Individual Effect;Interaction Effect
race:white,age:27.00,hyperlipidemia:0.00;0.29849046790528355;0.003905184701915365
sex:female,hypertension:0.00,diabetes:0.00;0.02192146850517407;0.046409065292915025
asthma:0.00,coronary.artery.disease:0.00,chronic.kidney.disease:0.00;0.07062875240999456;-0.002682025355749726
copd:0.00,cancer:0.00;-0.00655438440982592;0.017167499488695025
dementia:0.00;0.00925556666125242;0
cerebrovascular.disease:0.00;0.008822787815465805;0
chf:0.00;-0.008528113099128173;0
hepatitis:0.00;0.007074074109699943;0
endstage.renal.disease:0.00;0.005739433911775303;0
