Features;Individual Effect;Interaction Effect
cancer:1.00;-0.20539227700697626;0
age:89.00;-0.1443756815263705;0
dementia:1.00;-0.11564981109107725;0
coronary.artery.disease:0.00;0.046507625437373266;0
race:white,asthma:0.00;-0.011241862170627281;-0.02184596893448528
cerebrovascular.disease:0.00;-0.02721024416726963;0
hypertension:1.00;0.026992362940311373;0
sex:female;0.025578658292757343;0
copd:0.00;0.023416174814956163;0
diabetes:1.00;-0.018339281870648656;0
hyperlipidemia:0.00,chronic.kidney.disease:0.00;0.0014867626392035538;0.014853951089681884
hepatitis:0.00;0.015299835603775765;0
endstage.renal.disease:0.00;0.011465454720168257;0
chf:0.00;-0.0021879779273324667;0
