Features;Individual Effect;Interaction Effect
age:52.00,hypertension:1.00,diabetes:1.00;0.1411726537113076;0.1513437397512496
coronary.artery.disease:0.00,cerebrovascular.disease:0.00;0.05100291726480666;0.02032324494710748
sex:male;-0.056505731611968084;0
endstage.renal.disease:0.00;0.02732195509420299;0
copd:0.00;-0.022855806987014234;0
hepatitis:0.00,cancer:0.00;-0.005288306998674996;0.02110706289923408
race:black;0.01485653995308238;0
dementia:0.00;0.01109924818992598;0
asthma:0.00;-0.005852764645362142;0
chf:0.00;0.00431196045353255;0
hyperlipidemia:0.00;0.0013326365755431963;0
chronic.kidney.disease:0.00;0.0012511118316321304;0
