Features;Individual Effect;Interaction Effect
chf:0.00,age:77.00,race:white;-0.14963522794788298;-0.06919019071457858
coronary.artery.disease:0.00;0.08338379436307256;0
cancer:0.00,diabetes:0.00,asthma:0.00;0.015575592387827242;-0.05054680879557105
endstage.renal.disease:0.00,copd:0.00;-0.0026061758430658832;0.023429940064115688
dementia:0.00;0.0195374393405732;0
chronic.kidney.disease:0.00;0.014335993683548666;0
hypertension:0.00;0.010074033024880382;0
hyperlipidemia:0.00;0.008835410727784411;0
hepatitis:0.00;0.008370063419983432;0
cerebrovascular.disease:0.00;-0.004689628090718598;0
sex:female;0.003845632466250407;0
