Features;Individual Effect;Interaction Effect
race:black,age:76.00,sex:male;-0.13942598668995793;0.020890028145627376
coronary.artery.disease:0.00;0.07771645283912652;0
hypertension:1.00;-0.07730932829412174;0
hyperlipidemia:0.00;0.03567634004202523;0
cancer:0.00;0.029617060320586475;0
endstage.renal.disease:0.00,chronic.kidney.disease:0.00;0.0034992538628492165;-0.02352732475792978
diabetes:0.00;0.017962243560348316;0
copd:0.00;0.016474512913453643;0
chf:0.00,asthma:0.00;-0.011262607497195987;-0.0044928107075339375
hepatitis:0.00;0.012033359429040295;0
dementia:0.00;0.004577064630207078;0
cerebrovascular.disease:0.00;-0.003168786879665377;0
