Features;Individual Effect;Interaction Effect
diabetes:0.00,age:81.00,endstage.renal.disease:0.00;-0.13583352648594604;-0.00814642685215608
race:white,sex:male,hypertension:0.00;-0.0750757475614392;-0.0380412686046116
hyperlipidemia:1.00;-0.06926616451797157;0
coronary.artery.disease:0.00,cerebrovascular.disease:1.00;-0.025184746088180276;-0.026355410757892196
chf:0.00,copd:0.00;-0.0035377696642773238;-0.0170088962607749
asthma:0.00;0.02021449273643875;0
hepatitis:0.00;0.006508216769004108;0
chronic.kidney.disease:0.00;0.006339792860920668;0
cancer:0.00;0.004420065353870892;0
dementia:0.00;0.003637796423090152;0
