Features;Individual Effect;Interaction Effect
diabetes:0.00;0.05777348575074874;0
hypertension:1.00;-0.039712289579015146;0
coronary.artery.disease:0.00;0.03771022499303551;0
cerebrovascular.disease:0.00;0.021845550405172543;0
sex:female,age:91.00,race:black;-0.08527279872922561;0.06563149622930504
cancer:0.00;0.01303177955131067;0
chronic.kidney.disease:0.00;0.00989308701227204;0
chf:0.00;-0.008794895952153676;0
asthma:0.00;-0.006991094371823748;0
hyperlipidemia:0.00;-0.005655114192998047;0
hepatitis:0.00;0.005473154389973727;0
endstage.renal.disease:0.00,copd:0.00,dementia:0.00;-0.020297018938754796;0.02161396102837853
