Features;Individual Effect;Interaction Effect
race:white,coronary.artery.disease:1.00;-0.15465308595909372;-0.11124658119868125
age:89.00;-0.13439521484941142;0
hypertension:0.00,dementia:1.00;-0.10647945006149451;0.012735616162322855
sex:female,chf:0.00;0.04343042305395195;0.000896072873114509
diabetes:0.00;-0.027989014453678428;0
cancer:0.00;-0.02158856886322535;0
cerebrovascular.disease:0.00;0.020048733957120462;0
chronic.kidney.disease:0.00;0.019569992531299773;0
hyperlipidemia:0.00;-0.01684906865490088;0
asthma:0.00;-0.015620840598886755;0
hepatitis:0.00;0.005296608988438235;0
copd:0.00;0.0025678693432745446;0
endstage.renal.disease:0.00;-0.0024408726254435686;0
