Features;Individual Effect;Interaction Effect
diabetes:0.00,race:white,coronary.artery.disease:1.00;-0.1409942959778921;0.0005967591597588751
chf:1.00,age:65.00,asthma:1.00;0.07815793588746467;-0.14314662366194575
hyperlipidemia:0.00;-0.04075128440317931;0
hypertension:1.00,endstage.renal.disease:0.00;-0.004173449187368616;-0.017066457708401105
copd:0.00;-0.020415377957321693;0
cerebrovascular.disease:0.00;-0.0179183027880006;0
cancer:0.00;0.0072956338998199505;0
sex:female;-0.007125720775886517;0
hepatitis:0.00,dementia:0.00;-0.012353030352118877;0.007320818740195401
chronic.kidney.disease:0.00;-0.0004658812569438772;0
