Features;Individual Effect;Interaction Effect
hyperlipidemia:0.00,age:52.00,hypertension:1.00;0.16371717370193795;0.091016569300928
coronary.artery.disease:0.00;0.06664027072823057;0
race:black;0.03997216345122242;0
chronic.kidney.disease:0.00,cancer:0.00;-0.0031933174930824926;0.027563276522258515
copd:0.00;0.020267074780542592;0
cerebrovascular.disease:0.00;0.019060638524417486;0
sex:female;0.018855679988046103;0
dementia:0.00;0.01584303788447919;0
endstage.renal.disease:0.00,asthma:0.00;-0.0007240582768084369;0.014522974489922118
hepatitis:0.00;-0.007223786953099304;0
chf:0.00;0.00230427611705903;0
diabetes:0.00;0.002260038387192874;0
