Features;Individual Effect;Interaction Effect
cerebrovascular.disease:0.00,coronary.artery.disease:1.00,chf:1.00;-0.14984345766506102;0.19089992130179165
sex:female;0.030854241989136333;0
hyperlipidemia:0.00;0.011605372114416795;0
asthma:0.00,cancer:0.00;0.018042662864794834;-0.009447030560830731
diabetes:0.00;0.007879284974111125;0
dementia:0.00;-0.0037202156705606173;0
endstage.renal.disease:0.00;0.0035859047931697642;0
hypertension:1.00;0.0032323473278296905;0
hepatitis:0.00;0.0032093953459054313;0
chronic.kidney.disease:0.00;0.001468757803312448;0
copd:1.00,age:84.00,race:white;-0.2079357946458909;0.2086166351006202
