Features;Individual Effect;Interaction Effect
diabetes:0.00,age:89.00,hypertension:1.00;-0.1885165997492841;-0.11306918586104525
sex:female,race:white,coronary.artery.disease:1.00;-0.11791319626714536;-0.06548153384491628
dementia:0.00;0.010474310598916986;0
asthma:0.00;0.010301883769794545;0
cerebrovascular.disease:0.00;0.008823919643358862;0
endstage.renal.disease:0.00,chronic.kidney.disease:0.00;0.03652711042540413;-0.044796072824701494
hepatitis:0.00;-0.005917379220692853;0
hyperlipidemia:0.00,chf:1.00;-0.010968409092659615;0.006902849450224818
copd:0.00,cancer:0.00;0.012674397280705851;-0.01488402016364132
