Features;Individual Effect;Interaction Effect
cancer:0.00,age:26.00,race:white;0.30818174772268825;-0.0044088149501085305
sex:female,hypertension:0.00,diabetes:0.00;0.02161864728146312;0.036864327752923504
coronary.artery.disease:0.00;0.05362026933144608;0
hyperlipidemia:0.00,chronic.kidney.disease:0.00;0.00483688382928793;0.007884244941587765
cerebrovascular.disease:0.00;0.010237557915122375;0
copd:0.00;0.006046473587278334;0
endstage.renal.disease:0.00,dementia:0.00;0.00040599254573481236;0.0036551785662420067
chf:0.00,asthma:0.00;-0.0036367862400219497;0.006909296389822371
hepatitis:0.00;-0.00300838050784432;0
