Features;Individual Effect;Interaction Effect
coronary.artery.disease:0.00,age:89.00,hypertension:1.00;-0.14865856635212565;-0.1441267605433118
cerebrovascular.disease:1.00,hyperlipidemia:0.00,chf:0.00;-0.0649588990618995;-0.037032474758996584
race:white,sex:male;-0.06371490847236466;-0.01901296753330703
copd:0.00;0.013168960601472622;0
asthma:0.00;-0.008549004051702433;0
hepatitis:0.00;-0.006767695913384856;0
endstage.renal.disease:0.00;-0.004452895898742343;0
dementia:0.00;-0.004345328231359143;0
diabetes:0.00,cancer:0.00;0.001788857957284118;0.002523103154601164
chronic.kidney.disease:0.00;0.0029572983188788926;0
