Features;Individual Effect;Interaction Effect
diabetes:0.00,age:77.00,coronary.artery.disease:1.00;-0.24937547517043152;-0.0881057259429519
sex:female,endstage.renal.disease:0.00;0.03544672361939982;0.0038192170338993
hyperlipidemia:0.00;-0.009640363831230512;0
chf:0.00;-0.00771387063439713;0
race:black,hypertension:1.00,dementia:0.00;0.04076016095977808;-0.0483009876012022
hepatitis:0.00,chronic.kidney.disease:0.00,cancer:0.00;-0.004069453287086189;-0.0021938717121433547
asthma:0.00;0.004244642375516944;0
cerebrovascular.disease:0.00;0.0023129934300377478;0
copd:0.00;-0.0014169171632412159;0
