Features;Individual Effect;Interaction Effect
chf:0.00,age:67.00,coronary.artery.disease:1.00;-0.09620395363314538;-0.18404572280066395
race:white,sex:male,hypertension:0.00;-0.07840149694114451;-0.12373692621683724
diabetes:0.00;-0.030695703568234645;0
cerebrovascular.disease:0.00;-0.01733433131696307;0
asthma:0.00;0.012952754345301534;0
hyperlipidemia:0.00;0.010990644865569265;0
endstage.renal.disease:0.00;0.006490808863050403;0
hepatitis:0.00,chronic.kidney.disease:0.00;-0.007068902449792525;0.002526565723096806
dementia:0.00;-0.003961576931048198;0
copd:0.00,cancer:0.00;0.006673666557180935;-0.004369063204921059
