Features;Individual Effect;Interaction Effect
sex:male,age:64.00,hypertension:1.00;-0.04196110956708071;0.22156573716291458
chf:0.00,copd:0.00,cancer:0.00;0.007863358380005181;0.06758734260508685
race:black,diabetes:0.00;0.036279415335363385;0.0362865419436684
coronary.artery.disease:0.00;0.05966297242159556;0
dementia:0.00;-0.010515685617092815;0
chronic.kidney.disease:0.00;0.004629798330543951;0
hyperlipidemia:0.00,cerebrovascular.disease:0.00;-0.0013813900569565885;-0.002682282554974609
asthma:0.00;-0.003454217037887359;0
hepatitis:0.00;-0.0020412279104317504;0
endstage.renal.disease:0.00;-0.0017264526035243206;0
