Features;Individual Effect;Interaction Effect
diabetes:0.00,age:85.00,sex:female;-0.10272406110247312;-0.16082662071755283
cerebrovascular.disease:0.00,coronary.artery.disease:0.00,copd:1.00;0.018058611871611396;-0.041719061732531905
hyperlipidemia:0.00;-0.020492618832909357;0
chf:1.00,endstage.renal.disease:0.00,cancer:0.00;0.013491706744059195;-0.032240715091687
hypertension:1.00,asthma:0.00;-0.012263835663637646;-0.002443906771207996
race:white;0.013519948467624261;0
chronic.kidney.disease:0.00;0.006492841345682329;0
dementia:0.00;0.005417893388580071;0
hepatitis:0.00;-0.0021458165060012774;0
