Features;Individual Effect;Interaction Effect
diabetes:1.00,hepatitis:1.00;-0.13827360329061827;-0.001288392580954173
sex:male;-0.054497581578870066;0
coronary.artery.disease:1.00,cerebrovascular.disease:0.00;-0.13936721953630066;0.08978459622281187
age:63.00,race:white;-0.005813748639550531;-0.026419842992682956
endstage.renal.disease:0.00;0.025726989247247957;0
copd:0.00;0.02026537896156646;0
hypertension:1.00;0.01738874487901535;0
asthma:0.00,hyperlipidemia:1.00,chf:1.00;-0.010012151031335348;-0.003502061080209024
dementia:0.00;-0.009574420225406263;0
chronic.kidney.disease:0.00;0.0055142970415716225;0
cancer:0.00;-0.0010803017012064701;0
