Features;Individual Effect;Interaction Effect
age:83.00;-0.17475133394209505;0
coronary.artery.disease:1.00;-0.08590889889852611;0
sex:male,hyperlipidemia:1.00,diabetes:1.00;-0.09960725740616971;0.04421044823860213
chronic.kidney.disease:1.00;-0.048263810705417964;0
dementia:0.00;-0.02588389423006915;0
cerebrovascular.disease:0.00;0.02435275500164237;0
hypertension:1.00;0.02230557179710508;0
race:white,chf:0.00,hepatitis:0.00;0.0054757462127603684;-0.026001222061996065
cancer:0.00;0.014106724765930726;0
endstage.renal.disease:0.00;-0.01351044887790781;0
asthma:0.00;-0.013056999152771847;0
copd:0.00;-0.0095472827186816;0
