Features;Individual Effect;Interaction Effect
age:78.00,asthma:1.00,copd:1.00;-0.14822891286100898;0.2818255330375957
sex:female,dementia:0.00;0.04522592384319557;0.03023677854611874
hepatitis:0.00,hypertension:1.00,diabetes:1.00;-0.045185867863522966;0.07508570042663114
coronary.artery.disease:1.00,chf:1.00;-0.14811565754355493;0.12008377671396184
chronic.kidney.disease:0.00,race:white,hyperlipidemia:0.00;-0.03248760427498709;0.05408160164341334
cerebrovascular.disease:0.00;-0.014739852930735391;0
endstage.renal.disease:0.00;-0.01401509657938696;0
cancer:0.00;0.003955073507857433;0
