Features;Individual Effect;Interaction Effect
diabetes:0.00,age:60.00,hypertension:1.00;0.08365340209935745;0.14523839541041828
copd:0.00;0.027998900627286327;0
endstage.renal.disease:0.00;0.02571742939617417;0
chf:0.00;0.018768600620696074;0
chronic.kidney.disease:0.00;-0.012823692266176894;0
dementia:0.00;0.011237691625324557;0
cancer:0.00;-0.009409498718366587;0
asthma:0.00;0.007382533434633784;0
hepatitis:0.00;-0.005854661118165058;0
hyperlipidemia:0.00,cerebrovascular.disease:0.00;0.0026493073828585123;0.0015512030143135722
sex:female,race:black,coronary.artery.disease:1.00;-0.067141059775369;0.06531072426895465
