Features;Individual Effect;Interaction Effect
diabetes:0.00,age:89.00,hypertension:1.00;-0.18923830570509304;-0.08971949475743668
coronary.artery.disease:0.00,hyperlipidemia:1.00,chronic.kidney.disease:1.00;0.005203953152879026;-0.11925730469004361
cancer:1.00;-0.05212563864590841;0
race:white;-0.021051048568790226;0
dementia:0.00;-0.016389994851388617;0
copd:0.00;0.014967646275870314;0
asthma:0.00;0.00962072696329748;0
endstage.renal.disease:0.00;0.006373048157121058;0
sex:female,hepatitis:0.00;0.028348014734330577;-0.03361911655315897
chf:1.00,cerebrovascular.disease:0.00;-0.011000455091595196;0.005946062597639187
