Features;Individual Effect;Interaction Effect
sex:female,race:white,coronary.artery.disease:1.00;-0.11667119586640212;-0.004786584732391325
hypertension:0.00;-0.055935314053350615;0
cerebrovascular.disease:0.00,age:62.00,diabetes:1.00;-0.0045222980338425756;-0.04508073976297616
chronic.kidney.disease:0.00,asthma:1.00,copd:0.00;-0.011326842344923649;-0.02109202747837971
endstage.renal.disease:0.00;0.010930285773694088;0
hepatitis:0.00;0.01013686889756378;0
chf:0.00;-0.009509429295506508;0
dementia:0.00;0.008355085039018207;0
cancer:0.00;-0.007727042215665692;0
hyperlipidemia:0.00;0.00022592564930382086;0
