Features;Individual Effect;Interaction Effect
race:asian,coronary.artery.disease:0.00;0.08293411867777267;0.06675681330925565
hypertension:1.00,age:89.00,dementia:1.00;-0.27619063050692505;0.20594406033603407
diabetes:0.00;0.03652244496250508;0
sex:male,cerebrovascular.disease:1.00;-0.11814258840680936;0.10401221864533297
hepatitis:0.00;0.013644828550257424;0
cancer:0.00;-0.007132239235407116;0
hyperlipidemia:0.00;0.005454516130119629;0
chronic.kidney.disease:0.00;-0.004432005689464922;0
copd:0.00;-0.0036548942893382327;0
asthma:0.00,chf:0.00,endstage.renal.disease:0.00;-0.015115304676709518;0.013515787809488124
