Features;Individual Effect;Interaction Effect
copd:0.00,age:65.00,diabetes:0.00;0.08914241531979716;0.11169228798800518
sex:male,race:other,hypertension:1.00;-0.05614602125833068;0.13117999647492828
coronary.artery.disease:0.00;0.04572778951250664;0
cerebrovascular.disease:0.00,cancer:0.00;0.009100716916951801;0.017029031008103473
chf:0.00;0.020803781945813754;0
dementia:0.00;0.014112145212117132;0
endstage.renal.disease:0.00;-0.009821621382788623;0
hyperlipidemia:0.00,asthma:0.00;0.009056857205584912;-0.01688022249568813
chronic.kidney.disease:0.00;-0.0054620294452803544;0
hepatitis:0.00;0.0012511181553658476;0
