Features;Individual Effect;Interaction Effect
cancer:0.00,age:48.00,hyperlipidemia:0.00;0.20020948222348156;0.053763120501607364
race:black,hypertension:0.00,diabetes:0.00;0.027275169119918674;0.15061340436881546
coronary.artery.disease:0.00;0.03378702541569683;0
asthma:0.00,sex:male,cerebrovascular.disease:0.00;-0.023902713483589078;-0.0011567153754356158
chf:0.00,chronic.kidney.disease:0.00;0.011726568079677868;0.0002105062637504651
hepatitis:0.00;-0.005494531732293528;0
copd:0.00;-0.0025329493194598054;0
endstage.renal.disease:0.00;0.0018436867572045879;0
dementia:0.00;0.0011143413688031317;0
