Features;Individual Effect;Interaction Effect
diabetes:1.00,age:40.00,sex:male;0.09951802443617092;-0.23029587321043896
race:hispanic;-0.06957120460157022;0
coronary.artery.disease:0.00;0.039313904592910565;0
hyperlipidemia:0.00;-0.03388161210513996;0
hepatitis:0.00,endstage.renal.disease:0.00;0.007439760968488529;-0.03900450037818509
cerebrovascular.disease:0.00;-0.0255097997249429;0
chronic.kidney.disease:0.00;-0.017144726003010147;0
dementia:0.00;0.01697807278076654;0
chf:0.00;-0.012656176861146552;0
asthma:0.00;-0.008351987336684222;0
hypertension:1.00;-0.008140657668266757;0
copd:0.00,cancer:0.00;0.019042889475602398;-0.014223219939067895
