Features;Individual Effect;Interaction Effect
sex:male,age:45.00,race:other;0.12023266926438192;0.16898492352608946
coronary.artery.disease:1.00;-0.13415400257465962;0
diabetes:0.00;0.06714261007523142;0
hypertension:0.00;-0.040729348206710814;0
hepatitis:0.00;-0.019177086379127156;0
hyperlipidemia:0.00;-0.018239310381183635;0
endstage.renal.disease:0.00;0.011740874720060654;0
cerebrovascular.disease:0.00;0.0034988612522460633;0
chronic.kidney.disease:0.00,copd:0.00;-0.0060085120795417835;0.008533854519118747
cancer:0.00;0.0022604804688821263;0
chf:0.00,dementia:0.00;-0.008912195889196228;0.007387955135665909
asthma:0.00;9.628756179136562e-05;0
