Features;Individual Effect;Interaction Effect
coronary.artery.disease:0.00,cancer:0.00;0.03941078303792234;0.06799712460477925
hyperlipidemia:0.00;-0.06543190815490875;0
copd:0.00,sex:male,cerebrovascular.disease:0.00;-0.023453020896763932;-0.02840032633058375
endstage.renal.disease:0.00;0.0427961996260241;0
hypertension:1.00;0.0279354570008267;0
race:black;-0.02606801920002909;0
diabetes:1.00;-0.014109480543389138;0
chf:0.00;-0.012248925973774335;0
hepatitis:0.00;-0.010913179653361617;0
age:72.00;0.01040822516762362;0
dementia:0.00;0.010065884877600278;0
chronic.kidney.disease:0.00;0.0035162160172952446;0
asthma:0.00;0.0015784499590899307;0
