Features;Individual Effect;Interaction Effect
race:black,age:80.00,hypertension:1.00;-0.10416703186700305;-0.19616237958108906
sex:male,diabetes:1.00,copd:0.00;-0.08199847630002105;-0.05483589275565948
chf:0.00;-0.04287704258749281;0
coronary.artery.disease:0.00;0.029442872926313642;0
hyperlipidemia:0.00,asthma:0.00;-0.0012377404239098944;-0.016879342453952485
cerebrovascular.disease:0.00,dementia:0.00;0.008219101101394788;-0.019663915449139244
endstage.renal.disease:0.00,cancer:0.00;0.008159845128609455;-0.019308146602009454
chronic.kidney.disease:0.00;0.00429711845769877;0
hepatitis:0.00;-0.003076744287268833;0
