Features;Individual Effect;Interaction Effect
cancer:0.00,age:37.00,diabetes:0.00;0.2844690532945676;0.029359459748727834
coronary.artery.disease:0.00;0.04986069019248687;0
sex:female;0.044166757655018006;0
endstage.renal.disease:0.00,race:white,hypertension:1.00;-0.015670515012942032;0.04833306827741772
copd:0.00;0.025359646312707856;0
dementia:0.00;0.016711504622920793;0
cerebrovascular.disease:0.00,chronic.kidney.disease:0.00;0.028306040198245896;-0.013517888018894537
hyperlipidemia:0.00;-0.012518878396564709;0
asthma:0.00;0.007206601000488075;0
chf:0.00;0.005374078462849277;0
hepatitis:0.00;-0.0038753370617608113;0
