Features;Individual Effect;Interaction Effect
age:89.00,dementia:1.00;-0.28506879127501955;0.09676242695322881
asthma:0.00,sex:female,coronary.artery.disease:1.00;-0.09795146850634412;0.050353607888572835
copd:0.00;0.034486682414988645;0
race:black;-0.02966366386576098;0
cancer:0.00;0.027412994126617487;0
hypertension:1.00;0.026234134085574567;0
chronic.kidney.disease:0.00;-0.023149999430691893;0
cerebrovascular.disease:0.00;0.022248970194897476;0
hyperlipidemia:1.00;-0.022110087710278014;0
chf:1.00;-0.019821370921541768;0
diabetes:1.00;0.016513568699377888;0
hepatitis:0.00;0.008217805761504833;0
endstage.renal.disease:0.00;0.0017254120122791672;0
