Features;Individual Effect;Interaction Effect
hyperlipidemia:0.00,coronary.artery.disease:0.00,hepatitis:0.00;0.011983941177109658;0.038062198008284594
race:black;0.04746680349980143;0
chronic.kidney.disease:0.00,sex:female,diabetes:1.00;-0.014203069478084862;0.050101693339862384
endstage.renal.disease:1.00,dementia:0.00;0.010160922368363301;0.012063755489006331
copd:0.00;-0.013745253674819057;0
cerebrovascular.disease:0.00,asthma:0.00;0.022617899629663984;-0.01586041362192081
hypertension:1.00,age:75.00,chf:1.00;-0.1852992981701444;0.1824937545470571
cancer:0.00;0.0013479222380856923;0
