Features;Individual Effect;Interaction Effect
sex:male,age:65.00,race:white;-0.009106861728317872;0.18602011304332597
hepatitis:0.00,hyperlipidemia:0.00,coronary.artery.disease:0.00;0.019675420053625547;0.10075829859114786
hypertension:0.00,diabetes:0.00;-0.03796462344203544;0.08041046528782123
cerebrovascular.disease:0.00;0.01738310486788952;0
chf:0.00;0.014801029769575782;0
asthma:0.00,copd:0.00;0.002183092837599765;0.005165464698914223
dementia:0.00;0.005889103860629907;0
cancer:0.00;0.005212222319349119;0
endstage.renal.disease:0.00;0.0034554136241441435;0
chronic.kidney.disease:0.00;-0.0027870580653648475;0
