Features;Individual Effect;Interaction Effect
age:83.00,race:other;-0.1315426610645437;-0.014477566649229112
hypertension:0.00,dementia:1.00;-0.10370881268743065;-0.027033950287497138
sex:male;-0.05966481819968442;0
hepatitis:0.00;0.03400992266518309;0
chf:0.00;-0.03198957887343794;0
cerebrovascular.disease:0.00;0.02028612734131888;0
diabetes:1.00;-0.017745693693522878;0
endstage.renal.disease:0.00;-0.011408084066563719;0
cancer:0.00;-0.011398701638155484;0
coronary.artery.disease:0.00,copd:1.00;0.030750468279151955;-0.020867958166740176
chronic.kidney.disease:0.00;0.0098134039071559;0
hyperlipidemia:0.00;-0.009485597791763778;0
asthma:0.00;0.005651161879295048;0
