Features;Individual Effect;Interaction Effect
race:white,age:64.00,hypertension:1.00;0.0046898220388950085;0.23351522855229226
coronary.artery.disease:1.00,asthma:0.00,dementia:0.00;-0.1355186880939459;-0.010289220370270552
cancer:0.00;0.039409416275582455;0
diabetes:0.00;0.024793245645880653;0
hyperlipidemia:0.00;-0.02201168693945381;0
chronic.kidney.disease:0.00;-0.019675987388225003;0
cerebrovascular.disease:0.00;-0.019284599876886264;0
copd:0.00;0.009572986191536903;0
chf:0.00;0.0074800235553151885;0
endstage.renal.disease:0.00;0.007162692415193423;0
hepatitis:0.00;0.006951937791141699;0
sex:male;-0.004133488873938662;0
