Features;Individual Effect;Interaction Effect
age:78.00,cancer:0.00;-0.09163677209240473;-0.03382080238507218
coronary.artery.disease:1.00,asthma:0.00;-0.1399709811855993;0.017352499220373047
hypertension:1.00,diabetes:1.00,dementia:1.00;-0.15152095724881076;0.09438045545853693
cerebrovascular.disease:1.00;-0.03259050695648726;0
copd:1.00;0.030314516160180563;0
race:black;-0.020086180434161806;0
endstage.renal.disease:0.00;0.009656370917201191;0
chf:0.00;0.005373820839619195;0
hepatitis:0.00;0.0016325898281012233;0
chronic.kidney.disease:0.00;0.0008842355467948981;0
sex:male,hyperlipidemia:1.00;-0.05499924800782918;0.05509509180416923
