Features;Individual Effect;Interaction Effect
diabetes:0.00,sex:female,hypertension:0.00;0.02176909166877472;0.1129326342691383
hyperlipidemia:1.00;0.06084753134187584;0
chronic.kidney.disease:0.00,chf:0.00,cerebrovascular.disease:0.00;0.004034406143515912;0.0311266818949425
race:black,age:89.00,coronary.artery.disease:1.00;-0.29305220960021744;0.32008708960093457
copd:0.00;-0.012528245985952017;0
dementia:0.00;0.010174768363178642;0
asthma:0.00;-0.009373905191544758;0
cancer:0.00;0.009003095927294433;0
hepatitis:0.00;-0.004185925016823931;0
endstage.renal.disease:0.00;-0.001721712036687308;0
