Features;Individual Effect;Interaction Effect
age:78.00;-0.14281966439206192;0
cancer:0.00,hepatitis:0.00,dementia:1.00;-0.09677954825910756;0.01623405225037311
coronary.artery.disease:1.00,cerebrovascular.disease:0.00,copd:0.00;-0.11017953507702843;0.03711608511128514
diabetes:1.00;0.0347445435414923;0
asthma:0.00;0.030650059787778933;0
sex:male;-0.030436370320322197;0
endstage.renal.disease:1.00,race:asian,hyperlipidemia:1.00;0.03360623087025971;-0.05724733977599765
hypertension:1.00;0.022526989162775696;0
chf:1.00;0.0186879068071387;0
chronic.kidney.disease:1.00;-0.01287594712457643;0
