Features;Individual Effect;Interaction Effect
dementia:0.00,age:20.00,race:white;0.2803672655561621;0.034313261450165666
coronary.artery.disease:0.00,asthma:0.00;0.03793107913806415;0.025294865580599527
endstage.renal.disease:0.00,sex:female,hyperlipidemia:0.00;0.04042877693857061;-0.006672908227761544
cancer:0.00;0.02337449586959688;0
diabetes:0.00;0.022205403692114906;0
hepatitis:0.00;0.013303409665891976;0
chf:0.00;0.01247764541588605;0
chronic.kidney.disease:0.00;0.008677282021239172;0
cerebrovascular.disease:0.00;0.008020968033155287;0
copd:0.00;-0.007062031863763751;0
hypertension:0.00;0.0031247473171608716;0
