Features;Individual Effect;Interaction Effect
coronary.artery.disease:0.00,age:39.00,cancer:1.00;0.12869454247450524;-0.2406593152871761
race:white;-0.053419390226019985;0
diabetes:0.00,chronic.kidney.disease:0.00;0.0038929405911535264;-0.03318188914540872
chf:0.00;-0.02744260498429757;0
hypertension:0.00;-0.023578396239390842;0
hepatitis:0.00,copd:0.00;0.017819061545362724;-0.0035022869360635395
sex:female;-0.011440470889741011;0
hyperlipidemia:0.00;-0.010372095564502477;0
dementia:0.00;0.005770336813872349;0
asthma:0.00;0.004891525266025053;0
endstage.renal.disease:0.00;-0.004504721906782095;0
cerebrovascular.disease:0.00;-0.0011229315586220208;0
