Features;Individual Effect;Interaction Effect
age:66.00,sex:male,hypertension:1.00;0.031193037494191445;0.09064061857367982
coronary.artery.disease:0.00,asthma:0.00;0.023474291168680606;0.05831273567796072
hyperlipidemia:0.00;0.01682532787942477;0
chronic.kidney.disease:0.00,copd:0.00;-0.000992587786514454;0.013523673257763463
endstage.renal.disease:0.00;0.010989957033553283;0
cerebrovascular.disease:0.00,dementia:0.00;-0.013477365871174984;0.02004072838468078
race:black,chf:0.00;0.031092170490339296;-0.03752645694562283
cancer:0.00;-0.005204756391435902;0
hepatitis:0.00;0.004485372895542844;0
diabetes:0.00;-0.0028656521479385605;0
