Features;Individual Effect;Interaction Effect
race:white,age:41.00,sex:male;0.10186623868597355;-0.23877138975204926
hypertension:0.00,cancer:0.00;0.005063826008840477;-0.07922811250994652
chf:0.00;-0.04990280335818231;0
copd:0.00;-0.02283472749257708;0
chronic.kidney.disease:0.00;-0.016362006677868378;0
dementia:0.00;0.015495331659912223;0
coronary.artery.disease:0.00;0.015242260523070539;0
asthma:0.00;0.01134173996250984;0
cerebrovascular.disease:0.00;0.010027371315141819;0
hepatitis:0.00;-0.009462355687262843;0
hyperlipidemia:0.00,diabetes:0.00;0.004930977191807573;-0.013723434402324118
endstage.renal.disease:0.00;-0.007408518073496361;0
