Features;Individual Effect;Interaction Effect
coronary.artery.disease:1.00;-0.19582411448347883;0
age:80.00,sex:female,hypertension:1.00;-0.07823386058322129;-0.06315847735762761
race:black;0.06902360413461493;0
cerebrovascular.disease:0.00,hepatitis:0.00;-0.0051505879709705694;0.03448748122810312
copd:0.00;-0.016949669290844616;0
chronic.kidney.disease:0.00;0.01482121908992129;0
dementia:0.00;0.012488233709636597;0
asthma:0.00;-0.011822497015129732;0
diabetes:1.00;0.009159519158772531;0
chf:0.00;0.008623803061655118;0
cancer:0.00;0.005725286668906648;0
endstage.renal.disease:0.00;0.004294572468551921;0
hyperlipidemia:1.00;0.002406743220316629;0
