Features;Individual Effect;Interaction Effect
age:77.00,hyperlipidemia:1.00;-0.11458581636349313;-0.05183032140422264
race:white,dementia:1.00;-0.11315059050683357;0.01674147680618307
coronary.artery.disease:1.00;-0.0697331912870577;0
hypertension:1.00,chronic.kidney.disease:1.00;-0.02125851776666532;-0.04077115557949765
asthma:1.00,diabetes:1.00,cancer:0.00;-0.05532197773649283;0.09469815270475929
cerebrovascular.disease:0.00;0.02676458291344531;0
sex:female,hepatitis:0.00,copd:1.00;0.01229765762977475;0.0004080456864484494
endstage.renal.disease:0.00;0.0024348752246307857;0
chf:1.00;0.0001224829899563462;0
