Features;Individual Effect;Interaction Effect
coronary.artery.disease:0.00,chf:0.00;0.05117964987206858;0.028693229036887508
cerebrovascular.disease:0.00,race:black,hepatitis:0.00;0.049788194935606156;0.010379476725989746
sex:male;-0.04831402282741483;0
hyperlipidemia:0.00,endstage.renal.disease:0.00;0.005528805608489007;0.022510374189508735
age:77.00,hypertension:0.00,diabetes:0.00;-0.13079113517301066;0.11000053971908101
copd:0.00,dementia:0.00;-0.004142791945101143;0.02334556924775621
cancer:0.00;0.01735842773342252;0
chronic.kidney.disease:0.00;0.008391980662423859;0
asthma:0.00;-0.003371691317536833;0
