Features;Individual Effect;Interaction Effect
chf:0.00,coronary.artery.disease:0.00,hepatitis:0.00;0.07061820268194496;0.005018972889838019
race:white,age:74.00,sex:female;-0.13119920918723166;0.19544989978235086
hypertension:0.00,diabetes:0.00;-0.016525427797810417;0.07151637498391242
asthma:1.00,cerebrovascular.disease:1.00,dementia:1.00;-0.17945234111494457;0.1288676961887631
cancer:0.00;0.008109968125473366;0
hyperlipidemia:0.00,copd:0.00;-0.008986138728219852;0.01626952146089663
chronic.kidney.disease:0.00;0.005057318240862987;0
endstage.renal.disease:0.00;-0.0030752726705019964;0
