Features;Individual Effect;Interaction Effect
diabetes:0.00,age:37.00,race:other;0.26764559856384085;0.137918119985728
sex:male;-0.025702771430630243;0
coronary.artery.disease:0.00,dementia:0.00;0.04099396007493761;-0.021087568425653788
cerebrovascular.disease:0.00,chronic.kidney.disease:0.00;0.0157455274846523;0.002452777139762788
hypertension:0.00,hyperlipidemia:0.00,chf:1.00;-0.018961433854721266;0.025768269644968506
endstage.renal.disease:0.00,asthma:0.00,copd:0.00;-0.01377088314644248;0.02036205619926578
cancer:0.00;-0.00477409383150159;0
hepatitis:0.00;-0.0012762618387817948;0
