Features;Individual Effect;Interaction Effect
chronic.kidney.disease:0.00,hypertension:1.00,diabetes:1.00;-0.0421103371018009;0.10770403837842771
race:black;0.051256663283553154;0
asthma:0.00;-0.02693297194049744;0
sex:male;-0.021502630015440734;0
age:80.00,endstage.renal.disease:1.00;-0.11970405185675803;0.10040853017485196
cancer:0.00;0.01328610984876458;0
hepatitis:0.00;-0.005792870120439081;0
cerebrovascular.disease:0.00;-0.00426361797264591;0
copd:0.00;-0.0032694120635229328;0
dementia:0.00,hyperlipidemia:1.00,coronary.artery.disease:1.00;-0.14213783510135036;0.1433657820702377
chf:0.00;-0.0004172230277998887;0
