Features;Individual Effect;Interaction Effect
age:37.00,hypertension:0.00,diabetes:0.00;0.26619701238041626;0.10121426004653439
coronary.artery.disease:0.00;0.0694908357206672;0
sex:male;-0.02370814778526925;0
chronic.kidney.disease:0.00,dementia:0.00;-0.01272706834435533;0.02812391248105895
cancer:0.00,endstage.renal.disease:0.00,copd:0.00;-0.0019523854717315992;0.015927586409151213
cerebrovascular.disease:0.00;0.013519305539482957;0
race:white;-0.01103596392511628;0
chf:0.00;0.004068187436753648;0
asthma:0.00;0.0037113469596860744;0
hyperlipidemia:0.00,hepatitis:0.00;0.008892255118129744;-0.0063374539923505835
