Features;Individual Effect;Interaction Effect
diabetes:0.00,race:white,coronary.artery.disease:1.00;-0.1464123373776688;-0.12775065347311976
chf:0.00,age:81.00,hypertension:1.00;-0.1350320917572761;-0.07915914411916522
sex:female;0.05959558491312636;0
chronic.kidney.disease:0.00;0.026870015154490317;0
endstage.renal.disease:0.00,copd:0.00;-0.02113612573467749;-0.004000940586075124
hepatitis:0.00;0.01989207505011809;0
asthma:0.00;0.019380027979445987;0
cancer:0.00;0.015751961048940506;0
hyperlipidemia:1.00;0.013084587035232076;0
cerebrovascular.disease:0.00;0.007900098264359032;0
dementia:0.00;-0.0036510934547389212;0
