Features;Individual Effect;Interaction Effect
sex:male,age:79.00,hypertension:1.00;-0.16600712327559436;-0.1824160068044131
race:black,coronary.artery.disease:0.00;0.08271187126750346;-0.019204077927291063
diabetes:0.00,asthma:0.00;0.0034935842073412493;-0.04008519155788645
chf:0.00;-0.035859133095834494;0
cancer:0.00;0.029081760987861825;0
hyperlipidemia:0.00,cerebrovascular.disease:0.00;0.006617151408930599;-0.028107606613879038
copd:0.00;0.01685673984163334;0
chronic.kidney.disease:0.00;0.010131455216279155;0
dementia:0.00;0.008518993070852264;0
endstage.renal.disease:0.00;-0.005505106109102868;0
hepatitis:0.00;-0.00304849821747559;0
