Features;Individual Effect;Interaction Effect
sex:male,age:38.00,race:other;0.2245235613877815;0.08835693552118062
chronic.kidney.disease:0.00,hypertension:0.00,diabetes:0.00;0.017669594091189178;0.031505114315442256
dementia:0.00,coronary.artery.disease:0.00,endstage.renal.disease:0.00;0.04634532955262305;-0.0015097181692973402
cancer:0.00;0.013389473587778904;0
hyperlipidemia:0.00;0.00889927345111734;0
asthma:0.00,hepatitis:0.00,copd:0.00;-0.019494000203405193;0.015901478717513504
chf:0.00;0.0016209928890913716;0
cerebrovascular.disease:0.00;0.000686787706063674;0
