Features;Individual Effect;Interaction Effect
sex:male,age:80.00,hypertension:1.00;-0.1839732505510967;-0.19237677316444152
chf:0.00;-0.043204404446647346;0
hyperlipidemia:0.00;-0.04080440771000693;0
chronic.kidney.disease:0.00;-0.040366013006606506;0
endstage.renal.disease:0.00;0.027948971177614045;0
hepatitis:0.00;0.022717494546537022;0
coronary.artery.disease:0.00;0.017595303720483152;0
asthma:0.00;-0.016121566420780865;0
race:white;-0.015882562101044818;0
dementia:0.00;-0.01190384691906185;0
copd:0.00;-0.009370637761018069;0
diabetes:1.00,cerebrovascular.disease:0.00;-0.03772424535933394;0.042207121693469005
cancer:0.00;0.0032043989084715105;0
