Features;Individual Effect;Interaction Effect
hypertension:1.00,sex:female,diabetes:1.00;-0.01410755781572759;0.14704446483097927
age:70.00,dementia:0.00;0.006077959439135694;0.08434241598499961
hyperlipidemia:0.00;0.04097815782514028;0
coronary.artery.disease:0.00,chronic.kidney.disease:0.00;0.06124151807412792;-0.026577719057217536
race:black;0.03154654848751131;0
cerebrovascular.disease:0.00,asthma:0.00;-0.014767428993510245;0.03449358346508323
endstage.renal.disease:0.00,cancer:0.00;-0.005579735148139919;0.022558468865552402
copd:0.00;0.015563294004863372;0
hepatitis:0.00;-0.0072514058872659715;0
chf:0.00;0.00019396010800059454;0
