Features;Individual Effect;Interaction Effect
cancer:0.00,sex:male,diabetes:1.00;-0.08687132360712568;-0.13833196630678532
hypertension:1.00,age:65.00,race:black;0.11874788288491178;-0.20586694951290785
chronic.kidney.disease:0.00,hyperlipidemia:1.00,coronary.artery.disease:0.00;0.03799700056869859;-0.10274187801067095
asthma:0.00;0.027710073468406864;0
cerebrovascular.disease:0.00;0.022009769305225618;0
dementia:0.00;0.020670474686465858;0
hepatitis:0.00;0.014557871084893495;0
chf:0.00,copd:0.00;0.004045204489020238;0.001011151057794403
endstage.renal.disease:0.00;-0.0014041933706094648;0
