Features;Individual Effect;Interaction Effect
asthma:0.00,age:37.00,chronic.kidney.disease:0.00;0.267098679870606;0.013698708041597063
cancer:0.00,race:black,sex:female;0.052459395179806356;0.017905205474128258
dementia:0.00,hypertension:0.00,diabetes:0.00;0.00021239102383174835;0.0674984002113927
coronary.artery.disease:0.00;0.03632765788884784;0
copd:0.00;0.021661402629213226;0
chf:0.00;0.01712974085049343;0
hepatitis:0.00;0.014800383494456323;0
cerebrovascular.disease:0.00;0.00947509846993655;0
hyperlipidemia:0.00;-0.0034978368883683258;0
endstage.renal.disease:0.00;-0.0022895303505946485;0
