Features;Individual Effect;Interaction Effect
hypertension:0.00,age:65.00,coronary.artery.disease:1.00;-0.07123350233852493;-0.23544588525218701
chf:0.00;-0.08478076209019599;0
race:white;-0.047635272898484377;0
cerebrovascular.disease:0.00,copd:0.00;0.006472723463509689;-0.04351087985800074
chronic.kidney.disease:0.00;0.025904822656016013;0
sex:male,hepatitis:0.00;-0.04932482073412259;0.02465411047330622
asthma:0.00;-0.01124056934938103;0
dementia:0.00;0.007554992885949907;0
endstage.renal.disease:0.00;-0.007360373849048224;0
diabetes:0.00;-0.0017693682774535258;0
cancer:0.00;-0.0016358990474473097;0
hyperlipidemia:0.00;0.00047640085108963115;0
