Features;Individual Effect;Interaction Effect
sex:female,age:66.00,asthma:1.00;0.103427495309252;-0.30416600379623215
dementia:0.00,race:black,hypertension:1.00;0.021275665140238043;-0.14666367809725472
diabetes:1.00,copd:0.00;-0.045546440242881736;-0.006868657914580897
hyperlipidemia:0.00,coronary.artery.disease:0.00;0.021576431614019564;-0.048921104948613105
chronic.kidney.disease:0.00;0.017990577459997305;0
chf:0.00;-0.005740307647984553;0
cerebrovascular.disease:0.00;-0.0042673030626197705;0
hepatitis:0.00,endstage.renal.disease:0.00;-0.000860747619328861;-0.0019421815098586565
cancer:0.00;0.0012789363624239672;0
