Features;Individual Effect;Interaction Effect
hypertension:0.00,sex:male,diabetes:1.00;-0.09177802221162568;-0.1620734875269395
coronary.artery.disease:0.00,age:82.00,race:black;-0.049717027426998295;-0.1415494930851083
chf:0.00;-0.02252864455915196;0
dementia:0.00;0.017380268820725644;0
chronic.kidney.disease:0.00;0.01129474449757889;0
hyperlipidemia:1.00;-0.008808689245804418;0
hepatitis:0.00;0.006976201181183465;0
cancer:0.00,endstage.renal.disease:0.00,copd:0.00;0.0007390860314384629;-0.005031756121482947
cerebrovascular.disease:0.00;0.0017785386229579939;0
asthma:0.00;-0.0005786607618247022;0
