Features;Individual Effect;Interaction Effect
age:75.00;-0.15977269599316887;0
coronary.artery.disease:1.00,cancer:1.00;-0.22511942389403455;0.09847476841694039
cerebrovascular.disease:0.00,chronic.kidney.disease:1.00,asthma:1.00;-0.008845167948242083;-0.04340876528851974
sex:female;0.03224718311116465;0
hypertension:1.00;-0.024385104683050402;0
hepatitis:0.00;0.02114044663758494;0
diabetes:1.00,copd:1.00;-0.06902673020047317;0.05298146488730049
endstage.renal.disease:0.00;0.011583528419292229;0
chf:1.00;0.010937762651953812;0
dementia:0.00;0.008624968737256138;0
race:white,hyperlipidemia:0.00;-0.02983110715929871;0.03101727858788564
