Features;Individual Effect;Interaction Effect
hypertension:1.00,age:68.00,sex:male;-0.07753782786267394;0.24986401381364756
coronary.artery.disease:0.00;0.11415605091991338;0
copd:0.00,hyperlipidemia:0.00,asthma:0.00;-0.010701218769969212;0.058975874858367465
diabetes:1.00;-0.03870239551456808;0
race:black;0.023611379576915566;0
dementia:0.00;0.01711551933140173;0
cancer:0.00,hepatitis:0.00,endstage.renal.disease:0.00;0.013322656915619624;-0.0009291235521416072
chf:0.00;0.007526403251726772;0
cerebrovascular.disease:0.00;-0.0032346055981394874;0
chronic.kidney.disease:0.00;-0.0019760064950210578;0
