Features;Individual Effect;Interaction Effect
age:75.00;-0.19911215405835567;0
coronary.artery.disease:1.00;-0.15584623952643523;0
hepatitis:0.00;0.06671586403032388;0
chf:1.00;0.06614673768605477;0
diabetes:0.00;-0.06424979982897226;0
copd:0.00;0.045408145337779426;0
cancer:0.00;-0.027501203162723125;0
endstage.renal.disease:0.00;-0.02272108604480335;0
cerebrovascular.disease:0.00;-0.020325707166125532;0
race:white;-0.01965543556762537;0
asthma:0.00;-0.015162426254105153;0
sex:male;-0.01381362206335857;0
hyperlipidemia:1.00;-0.012736131921232898;0
chronic.kidney.disease:0.00;-0.011123051419008635;0
dementia:0.00;0.00790849698191044;0
hypertension:1.00;0.0005884103041392998;0
