Features;Individual Effect;Interaction Effect
asthma:0.00,age:81.00,cancer:0.00;-0.15248987450883816;-0.010500602076395305
sex:female;0.0902676874381182;0
diabetes:1.00;0.07080702497088669;0
hepatitis:0.00;-0.05850615861470019;0
dementia:0.00;-0.05098910221985086;0
hyperlipidemia:0.00;-0.04560820638142936;0
race:black;-0.030795693013172348;0
endstage.renal.disease:0.00;0.017586185949099387;0
hypertension:1.00;-0.01603712933102245;0
chronic.kidney.disease:0.00;-0.014017710796804314;0
coronary.artery.disease:0.00;0.010446000400209094;0
cerebrovascular.disease:0.00;-0.005999100947378183;0
chf:0.00;-0.004460241543828973;0
copd:0.00;0.0024334736733496957;0
