Features;Individual Effect;Interaction Effect
chf:0.00,race:white,coronary.artery.disease:1.00;-0.15487561985417903;-0.1838053994377194
hypertension:0.00,sex:male,cerebrovascular.disease:0.00;-0.0366090140612792;-0.05597344710184149
hyperlipidemia:0.00;-0.03861297818599041;0
hepatitis:0.00;0.014443496068551435;0
cancer:0.00;0.014352713833900466;0
age:65.00;0.013610774967977567;0
asthma:0.00,dementia:0.00;-0.0019761496176574633;-0.010955142354168137
copd:0.00;0.008854833749549283;0
chronic.kidney.disease:0.00;0.007850676792552969;0
endstage.renal.disease:0.00;0.0046356184294901945;0
diabetes:0.00;-0.0036276796517513143;0
