Features;Individual Effect;Interaction Effect
sex:male,age:75.00,race:white;-0.21532439069200143;-0.13468201445271444
chf:0.00;-0.05017374139815549;0
chronic.kidney.disease:0.00;0.03353049230413097;0
dementia:0.00;-0.03313679569071976;0
diabetes:0.00;0.0274463511587007;0
hypertension:0.00,endstage.renal.disease:0.00;0.014194949756824341;-0.039381953113932305
asthma:0.00;0.02516087412886281;0
coronary.artery.disease:0.00;0.02185070342461008;0
cancer:0.00;0.018036495411014583;0
hyperlipidemia:0.00;-0.014629559529693468;0
hepatitis:0.00;-0.009776175890068697;0
copd:0.00;0.006409637362387043;0
cerebrovascular.disease:0.00;0.005674492553922533;0
