Features;Individual Effect;Interaction Effect
hyperlipidemia:0.00,age:80.00,sex:male;-0.1617393203791444;-0.08575844966310459
chf:1.00,asthma:0.00;-0.0014111726354890664;0.0876012681085412
diabetes:0.00;-0.07170791496221637;0
coronary.artery.disease:1.00;-0.06929600357705071;0
cerebrovascular.disease:0.00;-0.040166463546399564;0
race:white;-0.0336191525488048;0
hypertension:1.00;-0.029025558657541042;0
endstage.renal.disease:0.00;0.023270332328744005;0
copd:0.00;0.017129154585533612;0
chronic.kidney.disease:0.00;0.013930271663551222;0
dementia:0.00;-0.009027680517312262;0
cancer:0.00;0.005284858631550454;0
hepatitis:0.00;0.0007461495859355897;0
