Features;Individual Effect;Interaction Effect
sex:male,hypertension:0.00,diabetes:1.00;-0.1228996702245605;-0.10430471080012399
dementia:0.00,age:76.00,race:white;-0.1454327029426593;-0.07163684214119342
cancer:0.00;0.02870973375646195;0
chronic.kidney.disease:0.00;-0.02140554923251764;0
copd:0.00;-0.01828834840954122;0
asthma:0.00;0.015832241127751154;0
coronary.artery.disease:0.00,chf:1.00;0.04737154495737561;-0.036118274681713
hyperlipidemia:0.00,cerebrovascular.disease:0.00;-0.007159717600328297;0.01416419315515935
hepatitis:0.00;0.003659693328469803;0
endstage.renal.disease:0.00;0.0015075112537710766;0
