Features;Individual Effect;Interaction Effect
sex:male,age:64.00,hypertension:1.00;0.007785915449569303;0.1474854196000015
diabetes:0.00,asthma:0.00;0.015078613877017921;0.07517086669316345
coronary.artery.disease:0.00;0.06693202037394008;0
chf:0.00;0.03315099655652983;0
race:black,cancer:0.00;0.03397062356177771;-0.014995126342420756
copd:0.00;-0.018460067675649956;0
hyperlipidemia:0.00;-0.01243396465602389;0
cerebrovascular.disease:0.00;0.009788247958516585;0
endstage.renal.disease:0.00;0.0035073431963294002;0
chronic.kidney.disease:0.00,dementia:0.00;-0.00931470799473777;0.012625720716512592
hepatitis:0.00;0.0006032235481297429;0
