Features;Individual Effect;Interaction Effect
sex:male,age:65.00,race:asian;0.0711751728212826;0.17501123018617507
hypertension:1.00;0.03962326547822646;0
copd:0.00;0.028705883359609035;0
chf:0.00;0.028284910816216896;0
chronic.kidney.disease:0.00,cerebrovascular.disease:0.00,asthma:0.00;0.017001108996218872;-0.012542165959894984
diabetes:1.00,hyperlipidemia:1.00,coronary.artery.disease:1.00;-0.1834494894110929;0.17912489001448614
endstage.renal.disease:0.00;0.003118570349247552;0
dementia:0.00;-0.0018983589067943507;0
cancer:0.00;0.0005193531017624667;0
hepatitis:0.00;-0.0003451635954444983;0
