Features;Individual Effect;Interaction Effect
hyperlipidemia:1.00,age:36.00,coronary.artery.disease:1.00;0.13332088258129376;0.14039530939872852
dementia:0.00,race:asian,endstage.renal.disease:1.00;0.057628044749191254;-0.009599572110374072
sex:female;0.04199035832500429;0
chf:0.00;0.011755982202118018;0
hypertension:1.00;0.008254175933220073;0
diabetes:0.00;0.007360975283120158;0
cancer:0.00;0.004701747316432577;0
chronic.kidney.disease:0.00,asthma:0.00;0.0024451925736480584;-0.006354095513762908
cerebrovascular.disease:0.00;-0.001299689848526131;0
hepatitis:0.00,copd:0.00;-0.02343076029619451;0.023946520604324523
